-- phpMyAdmin SQL Dump
-- version 4.7.1
-- https://www.phpmyadmin.net/
--
-- Host: localhost
-- Generation Time: Jun 26, 2017 at 12:48 AM
-- Server version: 10.1.22-MariaDB
-- PHP Version: 7.1.6

SET SQL_MODE = "NO_AUTO_VALUE_ON_ZERO";
SET AUTOCOMMIT = 0;
START TRANSACTION;
SET time_zone = "+00:00";


/*!40101 SET @OLD_CHARACTER_SET_CLIENT=@@CHARACTER_SET_CLIENT */;
/*!40101 SET @OLD_CHARACTER_SET_RESULTS=@@CHARACTER_SET_RESULTS */;
/*!40101 SET @OLD_COLLATION_CONNECTION=@@COLLATION_CONNECTION */;
/*!40101 SET NAMES utf8mb4 */;

--
-- Database: `dime_ark_core`
--

-- --------------------------------------------------------

--
-- Table structure for table `ark_config_error`
--

CREATE TABLE `ark_config_error` (
  `code` varchar(30) COLLATE utf8mb4_unicode_ci NOT NULL,
  `status` varchar(3) COLLATE utf8mb4_unicode_ci NOT NULL,
  `keyword` varchar(100) COLLATE utf8mb4_unicode_ci NOT NULL
) ENGINE=InnoDB DEFAULT CHARSET=utf8mb4 COLLATE=utf8mb4_unicode_ci;

-- --------------------------------------------------------

--
-- Table structure for table `ark_config_flash`
--

CREATE TABLE `ark_config_flash` (
  `id` int(11) NOT NULL,
  `active` tinyint(1) NOT NULL,
  `type` varchar(10) COLLATE utf8mb4_unicode_ci NOT NULL,
  `language` varchar(10) COLLATE utf8mb4_unicode_ci NOT NULL,
  `text` text COLLATE utf8mb4_unicode_ci NOT NULL
) ENGINE=InnoDB DEFAULT CHARSET=utf8mb4 COLLATE=utf8mb4_unicode_ci;

--
-- Dumping data for table `ark_config_flash`
--

INSERT INTO `ark_config_flash` (`id`, `active`, `type`, `language`, `text`) VALUES
(1, 0, 'info', 'en', 'This is a site Information flash message stored in the database.'),
(2, 0, 'warning', 'en', 'This is a site Warning flash message stored in the database.'),
(3, 0, 'danger', 'en', 'This is a site Danger flash message stored in the database.'),
(4, 0, 'success', 'en', 'This is a site Success flash message stored in the database.');

-- --------------------------------------------------------

--
-- Table structure for table `ark_datatype`
--

CREATE TABLE `ark_datatype` (
  `datatype` varchar(30) COLLATE utf8mb4_unicode_ci NOT NULL,
  `object` tinyint(1) NOT NULL DEFAULT '0',
  `compound` tinyint(1) NOT NULL DEFAULT '1',
  `storage_type` varchar(30) COLLATE utf8mb4_unicode_ci NOT NULL,
  `storage_size` int(11) DEFAULT NULL,
  `spanable` tinyint(1) NOT NULL DEFAULT '1',
  `value_name` varchar(30) COLLATE utf8mb4_unicode_ci DEFAULT NULL,
  `active_form_class` varchar(100) COLLATE utf8mb4_unicode_ci DEFAULT NULL,
  `readonly_form_class` varchar(100) COLLATE utf8mb4_unicode_ci DEFAULT NULL,
  `static_form_class` varchar(100) COLLATE utf8mb4_unicode_ci DEFAULT NULL,
  `parameter_name` varchar(30) COLLATE utf8mb4_unicode_ci DEFAULT NULL,
  `parameter_vocabulary` varchar(30) COLLATE utf8mb4_unicode_ci DEFAULT NULL,
  `parameter_form_class` varchar(100) COLLATE utf8mb4_unicode_ci DEFAULT NULL,
  `format_name` varchar(30) COLLATE utf8mb4_unicode_ci DEFAULT NULL,
  `format_vocabulary` varchar(30) COLLATE utf8mb4_unicode_ci DEFAULT NULL,
  `format_form_class` varchar(100) COLLATE utf8mb4_unicode_ci DEFAULT NULL,
  `model_table` varchar(50) COLLATE utf8mb4_unicode_ci NOT NULL,
  `model_class` varchar(100) COLLATE utf8mb4_unicode_ci NOT NULL,
  `data_table` varchar(50) COLLATE utf8mb4_unicode_ci NOT NULL,
  `data_class` varchar(100) COLLATE utf8mb4_unicode_ci NOT NULL,
  `form_type_class` varchar(100) COLLATE utf8mb4_unicode_ci DEFAULT NULL,
  `enabled` tinyint(1) NOT NULL DEFAULT '1',
  `deprecated` tinyint(1) NOT NULL DEFAULT '0',
  `keyword` varchar(100) COLLATE utf8mb4_unicode_ci DEFAULT NULL
) ENGINE=InnoDB DEFAULT CHARSET=utf8mb4 COLLATE=utf8mb4_unicode_ci ROW_FORMAT=COMPACT;

--
-- Dumping data for table `ark_datatype`
--

INSERT INTO `ark_datatype` (`datatype`, `object`, `compound`, `storage_type`, `storage_size`, `spanable`, `value_name`, `active_form_class`, `readonly_form_class`, `static_form_class`, `parameter_name`, `parameter_vocabulary`, `parameter_form_class`, `format_name`, `format_vocabulary`, `format_form_class`, `model_table`, `model_class`, `data_table`, `data_class`, `form_type_class`, `enabled`, `deprecated`, `keyword`) VALUES
('blob', 0, 1, 'blob', NULL, 0, 'blob', NULL, NULL, NULL, NULL, NULL, NULL, 'mediatype', 'mediatype', 'Symfony\\Component\\Form\\Extension\\Core\\Type\\ChoiceType', 'ark_format_blob', 'ARK\\Model\\Format\\BlobFormat', 'ark_fragment_blob', 'ARK\\Model\\Fragment\\BlobFragment', NULL, 0, 0, 'core.datatype.blob'),
('boolean', 0, 0, 'boolean', NULL, 0, NULL, 'Symfony\\Component\\Form\\Extension\\Core\\Type\\CheckboxType', NULL, 'ARK\\Form\\Type\\StaticType', NULL, NULL, NULL, NULL, NULL, NULL, 'ark_format_boolean', 'ARK\\Model\\Format\\BooleanFormat', 'ark_fragment_boolean', 'ARK\\Model\\Fragment\\BooleanFragment', 'ARK\\Form\\Type\\ScalarPropertyType', 1, 0, 'core.datatype.boolean'),
('date', 0, 0, 'date', NULL, 1, NULL, 'Symfony\\Component\\Form\\Extension\\Core\\Type\\DateType', NULL, 'ARK\\Form\\Type\\StaticType', NULL, NULL, NULL, NULL, NULL, NULL, 'ark_format_datetime', 'ARK\\Model\\Format\\DateFormat', 'ark_fragment_date', 'ARK\\Model\\Fragment\\DateFragment', 'ARK\\Form\\Type\\ScalarPropertyType', 1, 0, 'core.datatype.date'),
('datetime', 0, 0, 'datetime', NULL, 1, 'datetime', 'Symfony\\Component\\Form\\Extension\\Core\\Type\\DateTimeType', NULL, 'ARK\\Form\\Type\\StaticType', 'timezone', NULL, 'Symfony\\Component\\Form\\Extension\\Core\\Type\\ChoiceType', NULL, NULL, NULL, 'ark_format_datetime', 'ARK\\Model\\Format\\DateTimeFormat', 'ark_fragment_datetime', 'ARK\\Model\\Fragment\\DateTimeFragment', 'ARK\\Form\\Type\\ScalarPropertyType', 1, 0, 'core.datatype.datetime'),
('decimal', 0, 0, 'string', 200, 1, NULL, 'Symfony\\Component\\Form\\Extension\\Core\\Type\\NumberType', NULL, 'ARK\\Form\\Type\\StaticType', NULL, NULL, NULL, NULL, NULL, NULL, 'ark_format_decimal', 'ARK\\Model\\Format\\DecimalFormat', 'ark_fragment_decimal', 'ARK\\Model\\Fragment\\DecimalFragment', 'ARK\\Form\\Type\\ScalarPropertyType', 1, 0, 'core.datatype.decimal'),
('float', 0, 0, 'float', NULL, 1, NULL, 'Symfony\\Component\\Form\\Extension\\Core\\Type\\NumberType', NULL, 'ARK\\Form\\Type\\StaticType', NULL, NULL, NULL, NULL, NULL, NULL, 'ark_format_float', 'ARK\\Model\\Format\\FloatFormat', 'ark_fragment_float', 'ARK\\Model\\Fragment\\FloatFragment', 'ARK\\Form\\Type\\ScalarPropertyType', 1, 0, 'core.datatype.float'),
('integer', 0, 0, 'integer', NULL, 1, NULL, 'Symfony\\Component\\Form\\Extension\\Core\\Type\\IntegerType', NULL, 'ARK\\Form\\Type\\StaticType', NULL, NULL, NULL, NULL, NULL, NULL, 'ark_format_integer', 'ARK\\Model\\Format\\IntegerFormat', 'ark_fragment_integer', 'ARK\\Model\\Fragment\\IntegerFragment', 'ARK\\Form\\Type\\ScalarPropertyType', 1, 0, 'core.datatype.integer'),
('item', 0, 1, 'string', 30, 1, 'item', NULL, NULL, 'ARK\\Form\\Type\\StaticType', 'module', NULL, 'Symfony\\Component\\Form\\Extension\\Core\\Type\\ChoiceType', NULL, NULL, NULL, 'ark_format_item', 'ARK\\Model\\Format\\ItemFormat', 'ark_fragment_item', 'ARK\\Model\\Fragment\\ItemFragment', 'ARK\\Form\\Type\\ItemPropertyType', 1, 0, 'core.datatype.item'),
('object', 1, 0, 'integer', 0, 0, NULL, NULL, NULL, 'ARK\\Form\\Type\\StaticType', NULL, NULL, NULL, NULL, NULL, NULL, 'ark_format_object', 'ARK\\Model\\Format\\ObjectFormat', 'ark_fragment_object', 'ARK\\Model\\Fragment\\ObjectFragment', 'ARK\\Form\\Type\\ObjectType', 1, 0, 'core.datatype.object'),
('spatial', 0, 1, 'string', 1431655765, 0, 'geometry', 'Symfony\\Component\\Form\\Extension\\Core\\Type\\TextType', NULL, 'ARK\\Form\\Type\\StaticType', 'srid', 'spatial.crs', 'Symfony\\Component\\Form\\Extension\\Core\\Type\\ChoiceType', 'format', 'spatial.format', 'Symfony\\Component\\Form\\Extension\\Core\\Type\\ChoiceType', 'ark_format_spatial', 'ARK\\Model\\Format\\SpatialFormat', 'ark_fragment_spatial', 'ARK\\Model\\Fragment\\SpatialFragment', 'ARK\\Form\\Type\\WktPropertyType', 1, 0, 'core.datatype.spatial'),
('string', 0, 0, 'string', 4000, 1, NULL, 'Symfony\\Component\\Form\\Extension\\Core\\Type\\TextType', NULL, 'ARK\\Form\\Type\\StaticType', NULL, NULL, NULL, NULL, NULL, NULL, 'ark_format_string', 'ARK\\Model\\Format\\StringFormat', 'ark_fragment_string', 'ARK\\Model\\Fragment\\StringFragment', 'ARK\\Form\\Type\\ScalarPropertyType', 1, 0, 'core.datatype.string'),
('text', 0, 1, 'string', 1431655765, 0, 'content', 'Symfony\\Component\\Form\\Extension\\Core\\Type\\TextareaType', NULL, 'ARK\\Form\\Type\\StaticType', 'language', 'language', NULL, 'mediatype', 'mediatype', NULL, 'ark_format_text', 'ARK\\Model\\Format\\TextFormat', 'ark_fragment_text', 'ARK\\Model\\Fragment\\TextFragment', 'ARK\\Form\\Type\\LocalTextPropertyType', 1, 0, 'core.datatype.text'),
('time', 0, 0, 'time', NULL, 1, NULL, 'Symfony\\Component\\Form\\Extension\\Core\\Type\\TimeType', NULL, 'ARK\\Form\\Type\\StaticType', NULL, NULL, NULL, NULL, NULL, NULL, 'ark_format_datetime', 'ARK\\Model\\Format\\TimeFormat', 'ark_fragment_time', 'ARK\\Model\\Fragment\\TimeFragment', 'ARK\\Form\\Type\\ScalarPropertyType', 0, 0, 'core.datatype.time');

-- --------------------------------------------------------

--
-- Table structure for table `ark_format`
--

CREATE TABLE `ark_format` (
  `format` varchar(30) COLLATE utf8mb4_unicode_ci NOT NULL,
  `datatype` varchar(10) COLLATE utf8mb4_unicode_ci NOT NULL,
  `entity` varchar(100) COLLATE utf8mb4_unicode_ci DEFAULT NULL,
  `value_name` varchar(30) COLLATE utf8mb4_unicode_ci DEFAULT NULL,
  `active_form_class` varchar(100) COLLATE utf8mb4_unicode_ci DEFAULT NULL,
  `readonly_form_class` varchar(100) COLLATE utf8mb4_unicode_ci DEFAULT NULL,
  `static_form_class` varchar(100) COLLATE utf8mb4_unicode_ci DEFAULT NULL,
  `parameter_name` varchar(30) COLLATE utf8mb4_unicode_ci DEFAULT NULL,
  `parameter_vocabulary` varchar(30) COLLATE utf8mb4_unicode_ci DEFAULT NULL,
  `parameter_form_class` varchar(100) COLLATE utf8mb4_unicode_ci DEFAULT NULL,
  `format_name` varchar(30) COLLATE utf8mb4_unicode_ci DEFAULT NULL,
  `format_vocabulary` varchar(30) COLLATE utf8mb4_unicode_ci DEFAULT NULL,
  `format_form_class` varchar(100) COLLATE utf8mb4_unicode_ci DEFAULT NULL,
  `form_type_class` varchar(100) COLLATE utf8mb4_unicode_ci DEFAULT NULL,
  `object` tinyint(1) NOT NULL DEFAULT '0',
  `array` tinyint(1) NOT NULL DEFAULT '0',
  `span` tinyint(1) NOT NULL DEFAULT '0',
  `multiple` tinyint(1) NOT NULL DEFAULT '0',
  `sortable` tinyint(1) NOT NULL DEFAULT '1',
  `searchable` tinyint(1) NOT NULL DEFAULT '1',
  `enabled` tinyint(1) NOT NULL DEFAULT '1',
  `deprecated` tinyint(1) NOT NULL DEFAULT '0',
  `keyword` varchar(100) COLLATE utf8mb4_unicode_ci DEFAULT NULL
) ENGINE=InnoDB DEFAULT CHARSET=utf8mb4 COLLATE=utf8mb4_unicode_ci;

--
-- Dumping data for table `ark_format`
--

INSERT INTO `ark_format` (`format`, `datatype`, `entity`, `value_name`, `active_form_class`, `readonly_form_class`, `static_form_class`, `parameter_name`, `parameter_vocabulary`, `parameter_form_class`, `format_name`, `format_vocabulary`, `format_form_class`, `form_type_class`, `object`, `array`, `span`, `multiple`, `sortable`, `searchable`, `enabled`, `deprecated`, `keyword`) VALUES
('actor', 'item', 'ARK\\Actor\\Actor', NULL, 'ARK\\Form\\Type\\ActorChoiceType', 'Symfony\\Component\\Form\\Extension\\Core\\Type\\TextType', NULL, NULL, NULL, NULL, NULL, NULL, NULL, NULL, 0, 0, 0, 0, 0, 0, 1, 0, 'core.actor'),
('address', 'object', NULL, NULL, NULL, NULL, NULL, NULL, NULL, NULL, NULL, NULL, NULL, NULL, 1, 0, 0, 0, 0, 1, 1, 0, 'format.address'),
('blob', 'blob', NULL, NULL, NULL, NULL, NULL, NULL, NULL, NULL, NULL, NULL, NULL, NULL, 0, 0, 0, 0, 0, 0, 1, 0, 'format.blob'),
('boolean', 'boolean', NULL, NULL, NULL, NULL, NULL, NULL, NULL, NULL, NULL, NULL, NULL, NULL, 0, 0, 0, 0, 1, 1, 1, 0, 'format.boolean'),
('classification', 'object', NULL, NULL, 'ARK\\Form\\Type\\TermChoiceType', NULL, NULL, NULL, NULL, NULL, NULL, NULL, NULL, NULL, 1, 0, 0, 0, 0, 1, 1, 0, 'dime.find.classification'),
('color', 'string', NULL, NULL, NULL, NULL, NULL, NULL, NULL, NULL, NULL, NULL, NULL, NULL, 0, 0, 0, 0, 1, 1, 1, 0, 'format.colour'),
('date', 'date', NULL, NULL, NULL, NULL, NULL, NULL, NULL, NULL, NULL, NULL, NULL, NULL, 0, 0, 0, 0, 1, 1, 1, 0, 'format.date'),
('datetime', 'datetime', NULL, NULL, NULL, NULL, NULL, NULL, NULL, NULL, NULL, NULL, NULL, NULL, 0, 0, 0, 0, 1, 1, 1, 0, 'format.datetime'),
('dating', 'object', NULL, NULL, 'Symfony\\Component\\Form\\Extension\\Core\\Type\\IntegerType', NULL, NULL, NULL, NULL, NULL, NULL, NULL, NULL, NULL, 1, 0, 0, 0, 0, 1, 1, 0, 'format.dating'),
('decimal', 'decimal', NULL, NULL, NULL, NULL, NULL, NULL, NULL, NULL, NULL, NULL, NULL, NULL, 0, 0, 0, 0, 1, 1, 1, 0, 'format.decimal'),
('description', 'object', NULL, NULL, 'Symfony\\Component\\Form\\Extension\\Core\\Type\\TextareaType', NULL, NULL, NULL, NULL, NULL, NULL, NULL, NULL, NULL, 1, 0, 0, 0, 0, 1, 1, 0, 'format.address'),
('dispatch', 'object', NULL, NULL, NULL, NULL, NULL, NULL, NULL, NULL, NULL, NULL, NULL, NULL, 1, 0, 0, 0, 0, 1, 1, 0, 'format.recipient'),
('distance', 'decimal', NULL, NULL, NULL, NULL, NULL, 'unit', 'distance', 'Symfony\\Component\\Form\\Extension\\Core\\Type\\ChoiceType', NULL, NULL, NULL, NULL, 0, 0, 0, 0, 1, 1, 1, 0, 'format.distance'),
('email', 'string', NULL, NULL, NULL, NULL, NULL, NULL, NULL, NULL, NULL, NULL, NULL, NULL, 0, 0, 0, 0, 1, 1, 1, 0, 'format.email'),
('event', 'item', 'ARK\\Workflow\\Event', NULL, NULL, NULL, NULL, NULL, NULL, NULL, NULL, NULL, NULL, NULL, 1, 0, 0, 0, 0, 1, 1, 0, 'format.event'),
('file', 'item', 'ARK\\File\\File', NULL, 'Symfony\\Component\\Form\\Extension\\Core\\Type\\FileType', NULL, NULL, NULL, NULL, NULL, NULL, NULL, NULL, NULL, 0, 0, 0, 0, 0, 0, 1, 0, 'format.file'),
('float', 'float', NULL, NULL, NULL, NULL, NULL, NULL, NULL, NULL, NULL, NULL, NULL, NULL, 0, 0, 0, 0, 1, 1, 1, 0, 'format.float'),
('html', 'text', NULL, NULL, NULL, NULL, NULL, NULL, NULL, NULL, NULL, NULL, NULL, NULL, 1, 0, 0, 0, 1, 1, 1, 0, 'format.html'),
('identifier', 'string', NULL, NULL, NULL, NULL, NULL, NULL, NULL, NULL, NULL, NULL, NULL, NULL, 0, 0, 0, 0, 1, 1, 1, 0, 'format.identifier'),
('image', 'item', 'ARK\\File\\Image', NULL, 'Symfony\\Component\\Form\\Extension\\Core\\Type\\FileType', NULL, 'ARK\\Form\\Type\\ImageCollectionType', NULL, NULL, NULL, NULL, NULL, NULL, 'ARK\\Form\\Type\\FilePropertyType', 0, 0, 0, 0, 0, 0, 1, 0, 'format.image'),
('integer', 'integer', NULL, NULL, NULL, NULL, NULL, NULL, NULL, NULL, NULL, NULL, NULL, NULL, 0, 0, 0, 0, 1, 1, 1, 0, 'format.integer'),
('item', 'item', NULL, NULL, NULL, NULL, NULL, NULL, NULL, NULL, NULL, NULL, NULL, NULL, 0, 0, 0, 0, 0, 0, 1, 0, 'format.item'),
('key', 'string', NULL, NULL, NULL, NULL, NULL, NULL, NULL, NULL, NULL, NULL, NULL, NULL, 0, 0, 0, 0, 1, 1, 1, 0, 'format.key'),
('markdown', 'text', NULL, NULL, NULL, NULL, NULL, NULL, NULL, NULL, NULL, NULL, NULL, NULL, 1, 0, 0, 0, 1, 1, 1, 0, 'format.markdown'),
('mass', 'decimal', NULL, NULL, NULL, NULL, NULL, 'unit', 'mass', 'Symfony\\Component\\Form\\Extension\\Core\\Type\\ChoiceType', NULL, NULL, NULL, NULL, 0, 0, 0, 0, 1, 1, 1, 0, 'format.mass'),
('message', 'item', 'ARK\\Message\\Message', NULL, NULL, NULL, NULL, NULL, NULL, NULL, NULL, NULL, NULL, NULL, 0, 0, 0, 0, 0, 0, 1, 0, 'core.actor.format'),
('module', 'string', NULL, NULL, NULL, NULL, NULL, NULL, NULL, NULL, NULL, NULL, NULL, NULL, 0, 0, 0, 0, 0, 0, 1, 0, 'format.module'),
('money', 'decimal', NULL, NULL, NULL, NULL, NULL, NULL, NULL, NULL, NULL, NULL, NULL, NULL, 0, 0, 0, 0, 1, 1, 1, 0, 'format.money'),
('museum', 'item', 'ARK\\Actor\\Museum', NULL, 'ARK\\Form\\Type\\ActorChoiceType', 'Symfony\\Component\\Form\\Extension\\Core\\Type\\TextType', NULL, NULL, NULL, NULL, NULL, NULL, NULL, NULL, 0, 0, 0, 0, 0, 0, 1, 0, 'core.actor.type.museum'),
('ordinaldate', 'string', NULL, NULL, NULL, NULL, NULL, NULL, NULL, NULL, NULL, NULL, NULL, NULL, 0, 0, 0, 0, 1, 1, 1, 0, 'format.ordinaldate'),
('password', 'string', NULL, NULL, NULL, NULL, NULL, NULL, NULL, NULL, NULL, NULL, NULL, NULL, 0, 0, 0, 0, 1, 1, 1, 0, 'format.password'),
('percent', 'float', NULL, NULL, NULL, NULL, NULL, NULL, NULL, NULL, NULL, NULL, NULL, NULL, 0, 0, 0, 0, 1, 1, 1, 0, 'format.percent'),
('person', 'item', 'ARK\\Actor\\Person', NULL, 'ARK\\Form\\Type\\ActorChoiceType', 'Symfony\\Component\\Form\\Extension\\Core\\Type\\TextType', NULL, NULL, NULL, NULL, NULL, NULL, NULL, NULL, 0, 0, 0, 0, 0, 0, 1, 0, 'core.actor.type.person'),
('plaintext', 'text', NULL, NULL, NULL, NULL, NULL, NULL, NULL, NULL, NULL, NULL, NULL, NULL, 1, 0, 0, 0, 1, 1, 1, 0, 'format.localtext'),
('richtext', 'text', NULL, NULL, NULL, NULL, NULL, NULL, NULL, NULL, NULL, NULL, NULL, NULL, 1, 0, 0, 0, 1, 1, 1, 0, 'format.richtext'),
('shorttext', 'text', NULL, NULL, 'Symfony\\Component\\Form\\Extension\\Core\\Type\\TextType', NULL, NULL, NULL, NULL, NULL, NULL, NULL, NULL, NULL, 1, 0, 0, 0, 1, 1, 1, 0, 'format.shortlocaltext'),
('spatial', 'spatial', NULL, NULL, NULL, NULL, NULL, NULL, NULL, NULL, NULL, NULL, NULL, NULL, 0, 0, 0, 0, 1, 1, 1, 0, 'format.geometry'),
('string', 'string', NULL, NULL, NULL, NULL, NULL, NULL, NULL, NULL, NULL, NULL, NULL, NULL, 0, 0, 0, 0, 1, 1, 1, 0, 'format.string'),
('telephone', 'string', NULL, NULL, NULL, NULL, NULL, NULL, NULL, NULL, NULL, NULL, NULL, NULL, 0, 0, 0, 0, 1, 1, 1, 0, 'format.telephone'),
('term', 'string', 'ARK\\Vocabulary\\Term', 'term', 'ARK\\Form\\Type\\TermChoiceType', NULL, NULL, 'concept', NULL, 'ARK\\Form\\Type\\TermChoiceType', NULL, NULL, NULL, 'ARK\\Form\\Type\\VocabularyPropertyType', 0, 0, 0, 0, 1, 1, 1, 0, 'format.identifier'),
('time', 'time', NULL, NULL, NULL, NULL, NULL, NULL, NULL, NULL, NULL, NULL, NULL, NULL, 0, 0, 0, 0, 1, 1, 1, 0, 'format.time'),
('url', 'text', NULL, NULL, 'Symfony\\Component\\Form\\Extension\\Core\\Type\\TextType', NULL, NULL, NULL, NULL, NULL, NULL, NULL, NULL, NULL, 0, 0, 0, 0, 1, 1, 1, 0, 'format.url'),
('version', 'object', 'ARK\\File\\FileVersion', NULL, NULL, NULL, NULL, NULL, NULL, NULL, NULL, NULL, NULL, 'ARK\\Form\\Type\\FilePropertyType', 1, 0, 0, 0, 0, 1, 1, 0, 'format.fileversion'),
('weekdate', 'string', NULL, NULL, NULL, NULL, NULL, NULL, NULL, NULL, NULL, NULL, NULL, NULL, 0, 0, 0, 0, 1, 1, 1, 0, 'format.weekdate'),
('wkt', 'spatial', NULL, NULL, NULL, NULL, NULL, NULL, NULL, NULL, NULL, NULL, NULL, NULL, 0, 0, 0, 0, 0, 1, 1, 0, 'format.wkt'),
('year', 'integer', NULL, NULL, NULL, NULL, NULL, NULL, NULL, NULL, NULL, NULL, NULL, NULL, 0, 0, 0, 0, 1, 1, 1, 0, 'format.year'),
('yearmonth', 'string', NULL, NULL, NULL, NULL, NULL, NULL, NULL, NULL, NULL, NULL, NULL, NULL, 0, 0, 0, 0, 1, 1, 1, 0, 'format.yearmonth'),
('yearspan', 'integer', NULL, NULL, NULL, NULL, NULL, NULL, NULL, NULL, NULL, NULL, NULL, NULL, 0, 0, 1, 0, 1, 1, 1, 0, 'format.yearspan'),
('yearweek', 'string', NULL, NULL, NULL, NULL, NULL, NULL, NULL, NULL, NULL, NULL, NULL, NULL, 0, 0, 0, 0, 1, 1, 1, 0, 'format.yearweek');

-- --------------------------------------------------------

--
-- Table structure for table `ark_format_attribute`
--

CREATE TABLE `ark_format_attribute` (
  `parent` varchar(30) COLLATE utf8mb4_unicode_ci NOT NULL,
  `attribute` varchar(30) COLLATE utf8mb4_unicode_ci NOT NULL,
  `sequence` int(11) NOT NULL,
  `format` varchar(30) COLLATE utf8mb4_unicode_ci NOT NULL,
  `vocabulary` varchar(30) COLLATE utf8mb4_unicode_ci DEFAULT NULL,
  `root` tinyint(1) NOT NULL DEFAULT '0',
  `span` tinyint(1) NOT NULL DEFAULT '0',
  `minimum` int(11) NOT NULL DEFAULT '0',
  `maximum` int(11) NOT NULL DEFAULT '1',
  `unique_values` int(11) NOT NULL DEFAULT '1',
  `additional_values` int(11) NOT NULL DEFAULT '0',
  `enabled` tinyint(1) NOT NULL DEFAULT '1',
  `deprecated` tinyint(1) NOT NULL DEFAULT '0',
  `keyword` varchar(100) COLLATE utf8mb4_unicode_ci DEFAULT NULL
) ENGINE=InnoDB DEFAULT CHARSET=utf8mb4 COLLATE=utf8mb4_unicode_ci ROW_FORMAT=COMPACT;

--
-- Dumping data for table `ark_format_attribute`
--

INSERT INTO `ark_format_attribute` (`parent`, `attribute`, `sequence`, `format`, `vocabulary`, `root`, `span`, `minimum`, `maximum`, `unique_values`, `additional_values`, `enabled`, `deprecated`, `keyword`) VALUES
('address', 'city', 2, 'string', NULL, 0, 0, 1, 1, 1, 0, 1, 0, 'format.address.city'),
('address', 'country', 6, 'term', 'country', 0, 0, 1, 1, 1, 0, 1, 0, 'format.address.country'),
('address', 'postcode', 4, 'string', NULL, 1, 0, 1, 1, 1, 0, 1, 0, NULL),
('address', 'street', 0, 'string', NULL, 1, 0, 1, 1, 1, 0, 1, 0, 'format.address.street'),
('classification', 'event', 2, 'event', 'core.event.type', 0, 0, 1, 1, 1, 0, 1, 0, 'format.classification.classified'),
('classification', 'subtype', 0, 'term', 'dime.find.subtype', 1, 0, 1, 1, 1, 0, 1, 0, 'format.classification.class'),
('dating', 'entered', 0, 'identifier', NULL, 0, 0, 1, 1, 1, 0, 1, 0, 'format.dating.type'),
('dating', 'event', 6, 'event', NULL, 0, 0, 1, 1, 1, 0, 1, 0, 'format.dating.dated'),
('dating', 'period', 4, 'term', 'dime.period', 0, 1, 1, 1, 1, 0, 1, 0, 'format.dating.period'),
('dating', 'year', 2, 'integer', NULL, 1, 1, 1, 1, 1, 0, 1, 0, 'format.dating.year'),
('description', 'event', 2, 'event', NULL, 1, 0, 1, 1, 1, 0, 1, 0, 'format.description.described'),
('description', 'text', 0, 'plaintext', NULL, 0, 0, 1, 1, 1, 0, 1, 0, 'format.description.text'),
('dispatch', 'read', 4, 'datetime', NULL, 0, 0, 1, 1, 1, 0, 1, 0, 'format.recipient.read_on'),
('dispatch', 'recipient', 2, 'actor', NULL, 1, 0, 1, 1, 1, 0, 1, 0, 'format.recipient.sent_to'),
('dispatch', 'status', 0, 'term', 'core.message.recipient.status', 0, 0, 1, 1, 1, 0, 1, 0, 'format.recipient.status'),
('version', 'created', 10, 'datetime', NULL, 1, 0, 1, 1, 1, 0, 1, 0, 'format.fileversion.created'),
('version', 'creator', 12, 'string', NULL, 1, 0, 1, 1, 1, 0, 1, 0, 'format.fileversion.creator'),
('version', 'expires', 18, 'datetime', NULL, 1, 0, 1, 1, 1, 0, 1, 0, 'format.fileversion.expires'),
('version', 'extension', 4, 'string', NULL, 1, 0, 1, 1, 1, 0, 1, 0, NULL),
('version', 'modified', 14, 'datetime', NULL, 1, 0, 1, 1, 1, 0, 1, 0, 'format.fileversion.modified'),
('version', 'modifier', 16, 'string', NULL, 1, 0, 1, 1, 1, 0, 1, 0, 'format.fileversion.modifier'),
('version', 'name', 2, 'string', NULL, 1, 0, 1, 1, 1, 0, 1, 0, 'format.fileversion.name'),
('version', 'path', 0, 'string', NULL, 1, 0, 1, 1, 1, 0, 1, 0, NULL),
('version', 'sequence', 6, 'integer', NULL, 1, 0, 1, 1, 1, 0, 1, 0, 'format.fileversion.sequence'),
('version', 'version', 8, 'string', NULL, 1, 0, 1, 1, 1, 0, 1, 0, 'format.fileversion.string');

-- --------------------------------------------------------

--
-- Table structure for table `ark_format_blob`
--

CREATE TABLE `ark_format_blob` (
  `format` varchar(30) COLLATE utf8mb4_unicode_ci NOT NULL,
  `preset` blob
) ENGINE=InnoDB DEFAULT CHARSET=utf8mb4 COLLATE=utf8mb4_unicode_ci;

--
-- Dumping data for table `ark_format_blob`
--

INSERT INTO `ark_format_blob` (`format`, `preset`) VALUES
('blob', NULL);

-- --------------------------------------------------------

--
-- Table structure for table `ark_format_boolean`
--

CREATE TABLE `ark_format_boolean` (
  `format` varchar(30) COLLATE utf8mb4_unicode_ci NOT NULL,
  `preset` tinyint(1) DEFAULT NULL
) ENGINE=InnoDB DEFAULT CHARSET=utf8mb4 COLLATE=utf8mb4_unicode_ci;

--
-- Dumping data for table `ark_format_boolean`
--

INSERT INTO `ark_format_boolean` (`format`, `preset`) VALUES
('boolean', NULL);

-- --------------------------------------------------------

--
-- Table structure for table `ark_format_date`
--

CREATE TABLE `ark_format_date` (
  `format` varchar(30) COLLATE utf8mb4_unicode_ci NOT NULL,
  `pattern` varchar(255) COLLATE utf8mb4_unicode_ci NOT NULL,
  `unicode` varchar(50) COLLATE utf8mb4_unicode_ci NOT NULL,
  `preset` date DEFAULT NULL
) ENGINE=InnoDB DEFAULT CHARSET=utf8mb4 COLLATE=utf8mb4_unicode_ci;

--
-- Dumping data for table `ark_format_date`
--

INSERT INTO `ark_format_date` (`format`, `pattern`, `unicode`, `preset`) VALUES
('date', '^([0-9]{4})(-)(1[0-2]|0[1-9])\\\\2(3[01]|0[1-9]|[12][0-9])$', '', NULL),
('ordinaldate', '^([0-9]{4})-(36[0-6]|3[0-5][0-9]|[12][0-9]{2}|0[1-9][0-9]|00[1-9])$', '', NULL),
('weekdate', '^([0-9]{4})-W(5[0-3]|[1-4][0-9]|0[1-9])-([1-7])$', '', NULL);

-- --------------------------------------------------------

--
-- Table structure for table `ark_format_datetime`
--

CREATE TABLE `ark_format_datetime` (
  `format` varchar(30) COLLATE utf8mb4_unicode_ci NOT NULL,
  `pattern` varchar(255) COLLATE utf8mb4_unicode_ci NOT NULL,
  `unicode` varchar(50) COLLATE utf8mb4_unicode_ci NOT NULL,
  `preset` datetime DEFAULT NULL
) ENGINE=InnoDB DEFAULT CHARSET=utf8mb4 COLLATE=utf8mb4_unicode_ci;

--
-- Dumping data for table `ark_format_datetime`
--

INSERT INTO `ark_format_datetime` (`format`, `pattern`, `unicode`, `preset`) VALUES
('datetime', '^([0-9]{4})-(1[0-2]|0[1-9])-(3[01]|0[1-9]|[12][0-9])T(2[0-3]|[01][0-9]):([0-5][0-9]):([0-5][0-9])$', '', NULL);

-- --------------------------------------------------------

--
-- Table structure for table `ark_format_decimal`
--

CREATE TABLE `ark_format_decimal` (
  `format` varchar(30) COLLATE utf8mb4_unicode_ci NOT NULL,
  `prec` int(11) NOT NULL DEFAULT '200',
  `scale` int(11) NOT NULL DEFAULT '0',
  `minimum` varchar(200) COLLATE utf8mb4_unicode_ci DEFAULT NULL,
  `exclusive_minimum` tinyint(1) NOT NULL DEFAULT '0',
  `maximum` varchar(200) COLLATE utf8mb4_unicode_ci DEFAULT NULL,
  `exclusive_maximum` tinyint(1) NOT NULL DEFAULT '0',
  `multiple_of` varchar(200) COLLATE utf8mb4_unicode_ci DEFAULT NULL,
  `preset` varchar(200) COLLATE utf8mb4_unicode_ci DEFAULT NULL
) ENGINE=InnoDB DEFAULT CHARSET=utf8mb4 COLLATE=utf8mb4_unicode_ci;

--
-- Dumping data for table `ark_format_decimal`
--

INSERT INTO `ark_format_decimal` (`format`, `prec`, `scale`, `minimum`, `exclusive_minimum`, `maximum`, `exclusive_maximum`, `multiple_of`, `preset`) VALUES
('decimal', 100, 100, NULL, 0, NULL, 0, '', NULL),
('mass', 100, 100, NULL, 0, NULL, 0, '', NULL),
('money', 198, 2, NULL, 0, NULL, 0, '0.01', NULL);

-- --------------------------------------------------------

--
-- Table structure for table `ark_format_float`
--

CREATE TABLE `ark_format_float` (
  `format` varchar(30) COLLATE utf8mb4_unicode_ci NOT NULL,
  `minimum` double DEFAULT NULL,
  `exclusive_minimum` tinyint(1) NOT NULL DEFAULT '0',
  `maximum` double DEFAULT NULL,
  `exclusive_maximum` tinyint(1) NOT NULL DEFAULT '0',
  `multiple_of` double DEFAULT NULL,
  `preset` double DEFAULT NULL
) ENGINE=InnoDB DEFAULT CHARSET=utf8mb4 COLLATE=utf8mb4_unicode_ci;

--
-- Dumping data for table `ark_format_float`
--

INSERT INTO `ark_format_float` (`format`, `minimum`, `exclusive_minimum`, `maximum`, `exclusive_maximum`, `multiple_of`, `preset`) VALUES
('float', NULL, 0, NULL, 0, NULL, NULL),
('percent', 0, 0, 100, 0, NULL, NULL);

-- --------------------------------------------------------

--
-- Table structure for table `ark_format_integer`
--

CREATE TABLE `ark_format_integer` (
  `format` varchar(30) COLLATE utf8mb4_unicode_ci NOT NULL,
  `minimum` int(11) DEFAULT NULL,
  `exclusive_minimum` tinyint(1) NOT NULL DEFAULT '0',
  `maximum` int(11) DEFAULT NULL,
  `exclusive_maximum` tinyint(1) NOT NULL DEFAULT '0',
  `multiple_of` int(11) DEFAULT '1',
  `preset` int(11) DEFAULT NULL
) ENGINE=InnoDB DEFAULT CHARSET=utf8mb4 COLLATE=utf8mb4_unicode_ci;

--
-- Dumping data for table `ark_format_integer`
--

INSERT INTO `ark_format_integer` (`format`, `minimum`, `exclusive_minimum`, `maximum`, `exclusive_maximum`, `multiple_of`, `preset`) VALUES
('integer', -2147483648, 0, 2147483647, 0, 1, NULL);

-- --------------------------------------------------------

--
-- Table structure for table `ark_format_item`
--

CREATE TABLE `ark_format_item` (
  `format` varchar(30) COLLATE utf8mb4_unicode_ci NOT NULL,
  `module` varchar(30) COLLATE utf8mb4_unicode_ci DEFAULT NULL,
  `preset` varchar(30) COLLATE utf8mb4_unicode_ci DEFAULT NULL
) ENGINE=InnoDB DEFAULT CHARSET=utf8mb4 COLLATE=utf8mb4_unicode_ci;

--
-- Dumping data for table `ark_format_item`
--

INSERT INTO `ark_format_item` (`format`, `module`, `preset`) VALUES
('actor', 'actor', NULL),
('event', 'event', NULL),
('file', 'file', NULL),
('item', NULL, NULL),
('museum', 'actor', NULL),
('person', 'actor', NULL);

-- --------------------------------------------------------

--
-- Table structure for table `ark_format_object`
--

CREATE TABLE `ark_format_object` (
  `format` varchar(30) COLLATE utf8mb4_unicode_ci NOT NULL
) ENGINE=InnoDB DEFAULT CHARSET=utf8mb4 COLLATE=utf8mb4_unicode_ci;

--
-- Dumping data for table `ark_format_object`
--

INSERT INTO `ark_format_object` (`format`) VALUES
('address'),
('dispatch'),
('distance'),
('mass'),
('version');

-- --------------------------------------------------------

--
-- Table structure for table `ark_format_spatial`
--

CREATE TABLE `ark_format_spatial` (
  `format` varchar(30) COLLATE utf8mb4_unicode_ci NOT NULL,
  `preset` longtext COLLATE utf8mb4_unicode_ci
) ENGINE=InnoDB DEFAULT CHARSET=utf8mb4 COLLATE=utf8mb4_unicode_ci ROW_FORMAT=COMPACT;

--
-- Dumping data for table `ark_format_spatial`
--

INSERT INTO `ark_format_spatial` (`format`, `preset`) VALUES
('spatial', NULL),
('wkt', NULL);

-- --------------------------------------------------------

--
-- Table structure for table `ark_format_string`
--

CREATE TABLE `ark_format_string` (
  `format` varchar(30) COLLATE utf8mb4_unicode_ci NOT NULL,
  `pattern` varchar(255) COLLATE utf8mb4_unicode_ci NOT NULL,
  `min_length` int(11) NOT NULL,
  `max_length` int(11) NOT NULL,
  `default_size` int(11) NOT NULL,
  `preset` varchar(4000) COLLATE utf8mb4_unicode_ci DEFAULT NULL
) ENGINE=InnoDB DEFAULT CHARSET=utf8mb4 COLLATE=utf8mb4_unicode_ci;

--
-- Dumping data for table `ark_format_string`
--

INSERT INTO `ark_format_string` (`format`, `pattern`, `min_length`, `max_length`, `default_size`, `preset`) VALUES
('color', '^#([A-Fa-f0-9]{6}|[A-Fa-f0-9]{3})$', 4, 7, 10, NULL),
('email', '^(?!^.{254})(([^@]+)@([^@]+))$', 3, 254, 30, NULL),
('identifier', '^(\\w{1,30})$', 1, 30, 30, NULL),
('key', '^(\\w{1,50})$', 1, 50, 50, NULL),
('module', '^(\\w{1,3})$', 3, 3, 3, NULL),
('telephone', '^([0-9+\\(\\)#\\.\\s\\/x-]+)$', 1, 30, 30, NULL),
('yearmonth', '^([0-9]{4})-(1[0-2]|0[1-9])$', 6, 7, 7, NULL),
('yearweek', '^([0-9]{4})-W(5[0-3]|[1-4][0-9]|0[1-9])$', 7, 8, 8, NULL);

-- --------------------------------------------------------

--
-- Table structure for table `ark_format_text`
--

CREATE TABLE `ark_format_text` (
  `format` varchar(30) COLLATE utf8mb4_unicode_ci NOT NULL,
  `mediatype` varchar(30) COLLATE utf8mb4_unicode_ci NOT NULL,
  `min_length` int(11) NOT NULL,
  `max_length` int(11) NOT NULL,
  `default_size` int(11) NOT NULL,
  `preset` longtext COLLATE utf8mb4_unicode_ci
) ENGINE=InnoDB DEFAULT CHARSET=utf8mb4 COLLATE=utf8mb4_unicode_ci;

--
-- Dumping data for table `ark_format_text`
--

INSERT INTO `ark_format_text` (`format`, `mediatype`, `min_length`, `max_length`, `default_size`, `preset`) VALUES
('html', 'text/html', 1, 1431655765, 30, NULL),
('markdown', 'text/markdown', 1, 1431655765, 30, NULL),
('plaintext', 'text/plain', 1, 1431655765, 30, NULL),
('richtext', 'text/richtext', 1, 1431655765, 30, NULL),
('shorttext', 'text/plain', 1, 100, 30, NULL),
('url', 'text/url', 1, 2083, 50, NULL);

-- --------------------------------------------------------

--
-- Table structure for table `ark_format_time`
--

CREATE TABLE `ark_format_time` (
  `format` varchar(30) COLLATE utf8mb4_unicode_ci NOT NULL,
  `pattern` varchar(255) COLLATE utf8mb4_unicode_ci NOT NULL,
  `unicode` varchar(50) COLLATE utf8mb4_unicode_ci NOT NULL,
  `preset` time DEFAULT NULL
) ENGINE=InnoDB DEFAULT CHARSET=utf8mb4 COLLATE=utf8mb4_unicode_ci;

--
-- Dumping data for table `ark_format_time`
--

INSERT INTO `ark_format_time` (`format`, `pattern`, `unicode`, `preset`) VALUES
('time', '^(2[0-3]|[01][0-9]):([0-5][0-9])$', '', NULL);

-- --------------------------------------------------------

--
-- Table structure for table `ark_instance`
--

CREATE TABLE `ark_instance` (
  `instance` varchar(30) COLLATE utf8mb4_unicode_ci NOT NULL,
  `enabled` tinyint(1) NOT NULL DEFAULT '1',
  `deprecated` tinyint(1) NOT NULL DEFAULT '0'
) ENGINE=InnoDB DEFAULT CHARSET=utf8mb4 COLLATE=utf8mb4_unicode_ci;

--
-- Dumping data for table `ark_instance`
--

INSERT INTO `ark_instance` (`instance`, `enabled`, `deprecated`) VALUES
('dime', 1, 0);

-- --------------------------------------------------------

--
-- Table structure for table `ark_instance_schema`
--

CREATE TABLE `ark_instance_schema` (
  `instance` varchar(30) COLLATE utf8mb4_unicode_ci NOT NULL,
  `schma` varchar(30) COLLATE utf8mb4_unicode_ci NOT NULL,
  `enabled` tinyint(1) NOT NULL DEFAULT '1',
  `deprecated` tinyint(1) NOT NULL DEFAULT '0'
) ENGINE=InnoDB DEFAULT CHARSET=utf8mb4 COLLATE=utf8mb4_unicode_ci;

--
-- Dumping data for table `ark_instance_schema`
--

INSERT INTO `ark_instance_schema` (`instance`, `schma`, `enabled`, `deprecated`) VALUES
('dime', 'core.actor', 1, 0),
('dime', 'core.file', 1, 0),
('dime', 'core.message', 1, 0),
('dime', 'core.page', 1, 0),
('dime', 'dime.find', 1, 0);

-- --------------------------------------------------------

--
-- Table structure for table `ark_map`
--

CREATE TABLE `ark_map` (
  `map` varchar(30) COLLATE utf8mb4_unicode_ci NOT NULL,
  `draggable` tinyint(1) NOT NULL DEFAULT '1',
  `zoomable` tinyint(1) NOT NULL DEFAULT '1',
  `clickable` tinyint(1) NOT NULL DEFAULT '1',
  `options` varchar(4000) COLLATE utf8mb4_unicode_ci NOT NULL,
  `keyword` varchar(100) COLLATE utf8mb4_unicode_ci DEFAULT NULL
) ENGINE=InnoDB DEFAULT CHARSET=utf8mb4 COLLATE=utf8mb4_unicode_ci;

--
-- Dumping data for table `ark_map`
--

INSERT INTO `ark_map` (`map`, `draggable`, `zoomable`, `clickable`, `options`, `keyword`) VALUES
('dime_map_public', 1, 1, 1, '', 'dime.map.public'),
('dime_map_user', 1, 1, 1, '', 'dime.map.user');

-- --------------------------------------------------------

--
-- Table structure for table `ark_map_layer`
--

CREATE TABLE `ark_map_layer` (
  `source` varchar(30) COLLATE utf8mb4_unicode_ci NOT NULL,
  `layer` varchar(30) COLLATE utf8mb4_unicode_ci NOT NULL,
  `source_name` varchar(50) COLLATE utf8mb4_unicode_ci NOT NULL,
  `url` varchar(2000) COLLATE utf8mb4_unicode_ci NOT NULL,
  `options` varchar(4000) COLLATE utf8mb4_unicode_ci NOT NULL,
  `parameters` varchar(4000) COLLATE utf8mb4_unicode_ci NOT NULL,
  `keyword` varchar(100) COLLATE utf8mb4_unicode_ci DEFAULT NULL
) ENGINE=InnoDB DEFAULT CHARSET=utf8mb4 COLLATE=utf8mb4_unicode_ci;

--
-- Dumping data for table `ark_map_layer`
--

INSERT INTO `ark_map_layer` (`source`, `layer`, `source_name`, `url`, `options`, `parameters`, `keyword`) VALUES
('bing', 'aerial', 'Aerial', '', '', '', 'map.layer.bing.aerial'),
('bing', 'aerialwithlabels', 'AerialWithLabels', '', '', '', 'map.layer.bing.aerialwithlabels'),
('bing', 'road', 'Road', '', '', '', 'map.layer.bing.road'),
('kortforsyningen', 'foraar', 'orto_foraar', 'http://kortforsyningen.kms.dk/service?servicename=orto_foraar&service=WMS&layers=orto_foraar', '', '{\"LAYERS\": \"orto_foraar\", \"VERSION\": \"1.1.1\", \"FORMAT\": \"image/png\", \"TILED\": true,\"TRANSPARENT\":\"TRUE\"}', 'dime.map.layer.foraar'),
('kortforsyningen', 'skaermkort', 'topo_skaermkort', 'http://kortforsyningen.kms.dk/service?servicename=topo_skaermkort&service=WMS&layers=topo_skaermkort', '', '{\"LAYERS\": \"topo_skaermkort\", \"VERSION\": \"1.1.1\", \"FORMAT\": \"image/png\", \"TILED\": true,\"TRANSPARENT\":\"TRUE\" }', 'dime.map.layer.skaermkort');

-- --------------------------------------------------------

--
-- Table structure for table `ark_map_legend`
--

CREATE TABLE `ark_map_legend` (
  `map` varchar(30) COLLATE utf8mb4_unicode_ci NOT NULL,
  `source` varchar(30) COLLATE utf8mb4_unicode_ci NOT NULL,
  `layer` varchar(30) COLLATE utf8mb4_unicode_ci NOT NULL,
  `seq` int(11) NOT NULL,
  `is_default` tinyint(1) NOT NULL DEFAULT '0',
  `enabled` tinyint(1) NOT NULL DEFAULT '1',
  `visible` tinyint(1) NOT NULL DEFAULT '0',
  `options` varchar(4000) COLLATE utf8mb4_unicode_ci NOT NULL,
  `keyword` varchar(100) COLLATE utf8mb4_unicode_ci DEFAULT NULL
) ENGINE=InnoDB DEFAULT CHARSET=utf8mb4 COLLATE=utf8mb4_unicode_ci;

--
-- Dumping data for table `ark_map_legend`
--

INSERT INTO `ark_map_legend` (`map`, `source`, `layer`, `seq`, `is_default`, `enabled`, `visible`, `options`, `keyword`) VALUES
('dime_map_public', 'bing', 'aerial', 2, 0, 1, 0, '', NULL),
('dime_map_public', 'bing', 'aerialwithlabels', 1, 1, 1, 1, '', NULL),
('dime_map_public', 'bing', 'road', 3, 0, 1, 0, '', NULL),
('dime_map_public', 'kortforsyningen', 'foraar', 4, 0, 1, 0, '', NULL),
('dime_map_public', 'kortforsyningen', 'skaermkort', 5, 0, 1, 0, '', NULL),
('dime_map_user', 'bing', 'aerial', 2, 0, 1, 0, '', NULL),
('dime_map_user', 'bing', 'aerialwithlabels', 1, 1, 1, 1, '', NULL),
('dime_map_user', 'bing', 'road', 3, 0, 1, 0, '', NULL),
('dime_map_user', 'kortforsyningen', 'foraar', 4, 0, 1, 0, '', NULL),
('dime_map_user', 'kortforsyningen', 'skaermkort', 5, 0, 1, 0, '', NULL);

-- --------------------------------------------------------

--
-- Table structure for table `ark_map_source`
--

CREATE TABLE `ark_map_source` (
  `source` varchar(30) COLLATE utf8mb4_unicode_ci NOT NULL,
  `type` varchar(30) COLLATE utf8mb4_unicode_ci NOT NULL,
  `subtype` varchar(30) COLLATE utf8mb4_unicode_ci NOT NULL,
  `format` varchar(30) COLLATE utf8mb4_unicode_ci NOT NULL,
  `view_class` varchar(100) COLLATE utf8mb4_unicode_ci NOT NULL,
  `ticket` varchar(100) COLLATE utf8mb4_unicode_ci NOT NULL,
  `ticket_expiry` timestamp NULL DEFAULT NULL,
  `options` varchar(4000) COLLATE utf8mb4_unicode_ci NOT NULL,
  `keyword` varchar(100) COLLATE utf8mb4_unicode_ci DEFAULT NULL
) ENGINE=InnoDB DEFAULT CHARSET=utf8mb4 COLLATE=utf8mb4_unicode_ci;

--
-- Dumping data for table `ark_map_source`
--

INSERT INTO `ark_map_source` (`source`, `type`, `subtype`, `format`, `view_class`, `ticket`, `ticket_expiry`, `options`, `keyword`) VALUES
('bing', 'raster', 'tile', 'bing', 'BingMaps', 'Ak5AqjsEQ44KtAl7jHhrjGuzNshN1fZv3MOx2MUi0p4zFmq6XeWLKmyqeP2UgJK3', NULL, '', 'map.source.bing'),
('kortforsyningen', 'raster', 'tile', 'wms', 'TileWMS', '', NULL, '', 'map.source.kfs');

-- --------------------------------------------------------

--
-- Table structure for table `ark_module`
--

CREATE TABLE `ark_module` (
  `module` varchar(30) COLLATE utf8mb4_unicode_ci NOT NULL,
  `resource` varchar(30) COLLATE utf8mb4_unicode_ci NOT NULL,
  `project` varchar(30) COLLATE utf8mb4_unicode_ci NOT NULL,
  `namespace` varchar(100) COLLATE utf8mb4_unicode_ci NOT NULL,
  `entity` varchar(30) COLLATE utf8mb4_unicode_ci NOT NULL,
  `classname` varchar(100) COLLATE utf8mb4_unicode_ci NOT NULL,
  `tbl` varchar(50) COLLATE utf8mb4_unicode_ci NOT NULL,
  `core` tinyint(1) NOT NULL DEFAULT '0',
  `enabled` tinyint(1) NOT NULL DEFAULT '1',
  `deprecated` tinyint(1) NOT NULL DEFAULT '0',
  `keyword` varchar(100) COLLATE utf8mb4_unicode_ci DEFAULT NULL
) ENGINE=InnoDB DEFAULT CHARSET=utf8mb4 COLLATE=utf8mb4_unicode_ci;

--
-- Dumping data for table `ark_module`
--

INSERT INTO `ark_module` (`module`, `resource`, `project`, `namespace`, `entity`, `classname`, `tbl`, `core`, `enabled`, `deprecated`, `keyword`) VALUES
('actor', 'actors', 'ARK', 'ARK\\Actor', 'Actor', 'ARK\\Actor\\Actor', 'ark_item_actor', 1, 1, 0, 'core.actor'),
('event', 'events', 'ARK', 'ARK\\Workflow', 'Event', 'ARK\\Workflow\\Event', 'ark_item_event', 1, 1, 0, 'core.event'),
('file', 'files', 'ARK', 'ARK\\File', 'File', 'ARK\\File\\File', 'ark_item_file', 1, 1, 0, 'core.file'),
('find', 'finds', 'DIME', 'DIME\\Entity', 'Find', 'DIME\\Entity\\Find', 'ark_item_find', 0, 1, 0, 'dime.find'),
('message', 'messages', 'ARK', 'ARK\\Message', 'Message', 'ARK\\Message\\Message', 'ark_item_message', 1, 1, 0, 'core.message'),
('page', 'page', 'ARK', 'ARK\\Entity', 'Page', 'ARK\\Entity\\Page', 'ark_item_page', 1, 1, 0, 'core.page');

-- --------------------------------------------------------

--
-- Table structure for table `ark_route`
--

CREATE TABLE `ark_route` (
  `route` varchar(30) COLLATE utf8mb4_unicode_ci NOT NULL,
  `path` varchar(50) COLLATE utf8mb4_unicode_ci NOT NULL,
  `can_get` tinyint(1) NOT NULL DEFAULT '1',
  `can_post` tinyint(1) NOT NULL DEFAULT '0',
  `controller` varchar(50) COLLATE utf8mb4_unicode_ci NOT NULL,
  `page` varchar(30) COLLATE utf8mb4_unicode_ci DEFAULT NULL
) ENGINE=InnoDB DEFAULT CHARSET=utf8mb4 COLLATE=utf8mb4_unicode_ci;

--
-- Dumping data for table `ark_route`
--

INSERT INTO `ark_route` (`route`, `path`, `can_get`, `can_post`, `controller`, `page`) VALUES
('find.list', '/fund', 1, 0, 'DIME\\Controller\\FindListController', 'dime_page_find_list'),
('find.view', '/fund/{itemSlug}', 1, 1, 'DIME\\Controller\\FindViewController', 'dime_page_find'),
('front', '/', 1, 0, 'DIME\\Controller\\FrontPageController', 'dime_page_front'),
('user.check', '/users/check', 1, 1, 'DIME\\Controller\\UserCheckController', NULL),
('user.login', '/users/login', 1, 1, 'DIME\\Controller\\UserLoginController', NULL),
('user.register', '/users/register', 1, 1, 'DIME\\Contoller\\UserRegisterController', 'core_page_user_register');

-- --------------------------------------------------------

--
-- Table structure for table `ark_schema`
--

CREATE TABLE `ark_schema` (
  `schma` varchar(30) COLLATE utf8mb4_unicode_ci NOT NULL,
  `module` varchar(30) COLLATE utf8mb4_unicode_ci NOT NULL,
  `generator` varchar(30) COLLATE utf8mb4_unicode_ci NOT NULL,
  `sequence` varchar(30) COLLATE utf8mb4_unicode_ci DEFAULT NULL,
  `type` varchar(30) COLLATE utf8mb4_unicode_ci DEFAULT NULL,
  `vocabulary` varchar(30) COLLATE utf8mb4_unicode_ci DEFAULT NULL,
  `visibility` varchar(30) COLLATE utf8mb4_unicode_ci NOT NULL DEFAULT 'restricted',
  `new` varchar(30) COLLATE utf8mb4_unicode_ci DEFAULT NULL,
  `view` varchar(30) COLLATE utf8mb4_unicode_ci DEFAULT NULL,
  `edit` varchar(30) COLLATE utf8mb4_unicode_ci DEFAULT NULL,
  `remove` varchar(30) COLLATE utf8mb4_unicode_ci DEFAULT NULL,
  `entities` tinyint(1) NOT NULL DEFAULT '0',
  `enabled` tinyint(1) NOT NULL DEFAULT '1',
  `deprecated` tinyint(1) NOT NULL DEFAULT '0',
  `keyword` varchar(100) COLLATE utf8mb4_unicode_ci DEFAULT NULL
) ENGINE=InnoDB DEFAULT CHARSET=utf8mb4 COLLATE=utf8mb4_unicode_ci;

--
-- Dumping data for table `ark_schema`
--

INSERT INTO `ark_schema` (`schma`, `module`, `generator`, `sequence`, `type`, `vocabulary`, `visibility`, `new`, `view`, `edit`, `remove`, `entities`, `enabled`, `deprecated`, `keyword`) VALUES
('core.actor', 'actor', 'assigned', NULL, 'type', 'core.actor.type', 'restricted', 'core.actor.create', 'core.actor.read', 'core.actor.update', 'core.actor.delete', 1, 1, 0, 'core.actor'),
('core.event', 'event', 'sequence', 'id', 'type', 'core.event.type', 'restricted', 'core.event.create', 'core.event.read', 'core.event.update', 'core.event.delete', 0, 1, 0, 'core.event'),
('core.file', 'file', 'sequence', 'id', 'type', 'core.file.type', 'restricted', 'core.file.create', 'core.event.read', 'core.file.update', 'core.file.delete', 1, 1, 0, 'core.file'),
('core.message', 'message', 'sequence', 'id', 'type', 'core.message.type', 'private', 'core.message.create', 'core.message.read', 'core.message.update', 'core.message.delete', 1, 1, 0, 'core.message'),
('core.page', 'page', 'assigned', NULL, NULL, NULL, 'public', 'core.page.create', NULL, 'core.page.update', 'core.page.delete', 0, 1, 0, 'core.page'),
('dime.find', 'find', 'sequence', 'id', 'type', 'dime.find.type', 'restricted', 'dime.find.create', 'dime.find.read', 'dime.find.update', 'dime.find.delete', 0, 1, 0, 'dime.find');

-- --------------------------------------------------------

--
-- Table structure for table `ark_schema_association`
--

CREATE TABLE `ark_schema_association` (
  `schma` varchar(30) COLLATE utf8mb4_unicode_ci NOT NULL,
  `type` varchar(30) COLLATE utf8mb4_unicode_ci NOT NULL,
  `association` varchar(30) COLLATE utf8mb4_unicode_ci NOT NULL,
  `module1` varchar(30) COLLATE utf8mb4_unicode_ci NOT NULL,
  `schema1` varchar(30) COLLATE utf8mb4_unicode_ci NOT NULL,
  `degree` int(11) NOT NULL,
  `inverse` varchar(30) COLLATE utf8mb4_unicode_ci NOT NULL,
  `module2` varchar(30) COLLATE utf8mb4_unicode_ci NOT NULL,
  `schema2` varchar(30) COLLATE utf8mb4_unicode_ci NOT NULL,
  `inverse_degree` int(11) NOT NULL,
  `bidirectional` tinyint(1) NOT NULL DEFAULT '0',
  `enabled` tinyint(1) NOT NULL DEFAULT '1',
  `deprecated` tinyint(1) NOT NULL DEFAULT '0',
  `keyword` varchar(100) COLLATE utf8mb4_unicode_ci DEFAULT NULL
) ENGINE=InnoDB DEFAULT CHARSET=utf8mb4 COLLATE=utf8mb4_unicode_ci;

-- --------------------------------------------------------

--
-- Table structure for table `ark_schema_attribute`
--

CREATE TABLE `ark_schema_attribute` (
  `schma` varchar(30) COLLATE utf8mb4_unicode_ci NOT NULL,
  `type` varchar(30) COLLATE utf8mb4_unicode_ci NOT NULL,
  `attribute` varchar(30) COLLATE utf8mb4_unicode_ci NOT NULL,
  `format` varchar(30) COLLATE utf8mb4_unicode_ci NOT NULL,
  `vocabulary` varchar(30) COLLATE utf8mb4_unicode_ci DEFAULT NULL,
  `visibility` varchar(30) COLLATE utf8mb4_unicode_ci NOT NULL DEFAULT 'public',
  `view` varchar(30) COLLATE utf8mb4_unicode_ci DEFAULT NULL,
  `edit` varchar(30) COLLATE utf8mb4_unicode_ci DEFAULT NULL,
  `span` tinyint(1) NOT NULL DEFAULT '0',
  `minimum` int(11) NOT NULL DEFAULT '0',
  `maximum` int(11) NOT NULL DEFAULT '1',
  `unique_values` int(11) NOT NULL DEFAULT '1',
  `additional_values` int(11) NOT NULL DEFAULT '0',
  `enabled` tinyint(1) NOT NULL DEFAULT '1',
  `deprecated` tinyint(1) NOT NULL DEFAULT '0',
  `keyword` varchar(100) COLLATE utf8mb4_unicode_ci DEFAULT NULL
) ENGINE=InnoDB DEFAULT CHARSET=utf8mb4 COLLATE=utf8mb4_unicode_ci ROW_FORMAT=COMPACT;

--
-- Dumping data for table `ark_schema_attribute`
--

INSERT INTO `ark_schema_attribute` (`schma`, `type`, `attribute`, `format`, `vocabulary`, `visibility`, `view`, `edit`, `span`, `minimum`, `maximum`, `unique_values`, `additional_values`, `enabled`, `deprecated`, `keyword`) VALUES
('core.actor', 'actor', 'address', 'address', NULL, 'public', NULL, NULL, 0, 1, 1, 1, 0, 1, 0, 'core.actor.address'),
('core.actor', 'actor', 'avatar', 'image', NULL, 'public', NULL, NULL, 0, 0, 1, 1, 0, 1, 0, 'core.actor.avatar'),
('core.actor', 'actor', 'biography', 'plaintext', NULL, 'public', NULL, NULL, 0, 1, 1, 1, 0, 1, 0, 'core.actor.biography'),
('core.actor', 'actor', 'email', 'email', NULL, 'restricted', 'core.actor.read', 'core.actor.update', 0, 1, 1, 1, 0, 1, 0, 'core.actor.email'),
('core.actor', 'actor', 'fullname', 'shorttext', NULL, 'public', NULL, NULL, 0, 1, 1, 1, 0, 1, 0, 'core.actor.fullname'),
('core.actor', 'actor', 'id', 'identifier', NULL, 'restricted', 'core.actor.read', 'core.actor.update', 0, 1, 1, 1, 0, 1, 0, 'core.actor.id'),
('core.actor', 'actor', 'initials', 'shorttext', NULL, 'public', NULL, NULL, 0, 1, 1, 1, 0, 1, 0, 'core.actor.initials'),
('core.actor', 'actor', 'license', 'term', 'core.license', 'restricted', 'core.actor.read', 'core.actor.update', 0, 1, 1, 1, 0, 1, 0, 'core.actor.license'),
('core.actor', 'actor', 'privacy', 'term', 'core.visibility', 'restricted', 'core.actor.read', 'core.actor.update', 0, 1, 1, 1, 0, 1, 0, 'core.actor.visibility'),
('core.actor', 'actor', 'shortname', 'shorttext', NULL, 'public', NULL, NULL, 0, 1, 1, 1, 0, 1, 0, 'core.actor.shortname'),
('core.actor', 'actor', 'telephone', 'telephone', NULL, 'restricted', 'core.actor.read', 'core.actor.update', 0, 1, 1, 1, 0, 1, 0, 'core.actor.telephone'),
('core.actor', 'actor', 'type', 'term', 'core.actor.type', 'restricted', 'core.actor.read', 'core.actor.update', 0, 1, 1, 1, 0, 1, 0, 'core.actor.type'),
('core.actor', 'museum', 'municipality', 'term', 'dime.denmark.municipality', 'public', NULL, NULL, 0, 0, 0, 1, 0, 1, 0, 'dime.actor.municipality'),
('core.actor', 'museum', 'participating', 'boolean', NULL, 'public', NULL, NULL, 0, 1, 1, 1, 0, 1, 0, 'dime.actor.participating'),
('core.actor', 'person', 'museum', 'museum', NULL, 'public', NULL, NULL, 0, 1, 1, 1, 0, 1, 0, 'dime.user.actor.museum'),
('core.actor', 'person', 'terms', 'term', 'dime.user.terms', 'restricted', 'core.actor.read', 'core.actor.update', 0, 1, 1, 1, 0, 1, 0, 'dime.user.terms'),
('core.event', 'event', 'agents', 'actor', NULL, 'public', NULL, NULL, 0, 1, 0, 1, 0, 1, 0, 'core.event.agent'),
('core.event', 'event', 'id', 'identifier', NULL, 'public', NULL, NULL, 0, 1, 1, 1, 0, 1, 0, 'core.event.id'),
('core.event', 'event', 'occurred', 'datetime', NULL, 'public', NULL, NULL, 0, 1, 1, 1, 0, 1, 0, 'core.event.occurred'),
('core.event', 'event', 'subject', 'item', NULL, 'public', NULL, NULL, 0, 1, 1, 1, 0, 1, 0, 'core.event.subject'),
('core.event', 'event', 'type', 'term', 'core.event.type', 'public', NULL, NULL, 0, 1, 1, 1, 0, 1, 0, 'core.event.type'),
('core.file', 'file', 'copyright', 'actor', NULL, 'public', NULL, NULL, 0, 1, 1, 1, 0, 1, 0, 'core.file.copyright'),
('core.file', 'file', 'description', 'plaintext', NULL, 'public', NULL, NULL, 0, 0, 1, 1, 0, 1, 0, 'core.file.description'),
('core.file', 'file', 'id', 'identifier', NULL, 'public', NULL, NULL, 0, 1, 1, 1, 0, 1, 0, 'core.file.id'),
('core.file', 'file', 'license', 'term', 'core.license', 'public', NULL, NULL, 0, 1, 1, 1, 0, 1, 0, 'core.file.status'),
('core.file', 'file', 'mediatype', 'term', 'mediatype', 'public', NULL, NULL, 0, 1, 1, 1, 0, 1, 0, 'core.file.mediatype'),
('core.file', 'file', 'status', 'term', 'core.file.status', 'public', NULL, NULL, 0, 1, 1, 1, 0, 1, 0, 'core.file.status'),
('core.file', 'file', 'title', 'shorttext', NULL, 'public', NULL, NULL, 0, 1, 1, 1, 0, 1, 0, 'core.file.title'),
('core.file', 'file', 'type', 'term', 'core.file.type', 'public', NULL, NULL, 0, 1, 1, 1, 0, 1, 0, 'core.file.type'),
('core.file', 'file', 'versions', 'version', NULL, 'public', NULL, NULL, 0, 1, 0, 1, 0, 1, 0, 'core.file.versions'),
('core.message', 'mail', 'attachments', 'file', NULL, 'public', NULL, NULL, 0, 0, 0, 1, 0, 1, 0, 'core.message.mail.attachments'),
('core.message', 'mail', 'body', 'plaintext', NULL, 'public', NULL, NULL, 0, 1, 1, 1, 0, 1, 0, 'core.message.mail.body'),
('core.message', 'mail', 'subject', 'shorttext', NULL, 'public', NULL, NULL, 0, 1, 1, 1, 0, 1, 0, 'core.message.mail.subject'),
('core.message', 'message', 'id', 'identifier', NULL, 'public', NULL, NULL, 0, 1, 1, 1, 0, 1, 0, 'core.message.id'),
('core.message', 'message', 'recipients', 'dispatch', NULL, 'public', NULL, NULL, 0, 1, 0, 1, 0, 1, 0, 'core.message.recipients'),
('core.message', 'message', 'sender', 'actor', NULL, 'public', NULL, NULL, 0, 1, 1, 1, 0, 1, 0, 'core.message.sender'),
('core.message', 'message', 'sent', 'datetime', NULL, 'public', NULL, NULL, 0, 1, 1, 1, 0, 1, 0, 'core.message.sent_at'),
('core.message', 'message', 'type', 'term', 'core.message.type', 'public', NULL, NULL, 0, 1, 1, 1, 0, 1, 0, 'core.message.type'),
('core.message', 'notification', 'event', 'event', NULL, 'public', NULL, NULL, 0, 1, 1, 1, 0, 1, 0, 'core.message.notification.event'),
('core.page', 'page', 'content', 'html', NULL, 'public', NULL, NULL, 0, 1, 1, 1, 0, 1, 0, 'property.content'),
('core.page', 'page', 'id', 'identifier', NULL, 'public', NULL, NULL, 0, 1, 1, 1, 0, 1, 0, 'core.page.id'),
('dime.find', 'coin', 'mint', 'shorttext', NULL, 'public', NULL, NULL, 0, 0, 1, 1, 0, 1, 0, 'dime.find.mint'),
('dime.find', 'find', 'case', 'identifier', NULL, 'public', NULL, NULL, 0, 0, 1, 1, 0, 1, 0, 'dime.find.case'),
('dime.find', 'find', 'classification', 'classification', NULL, 'public', NULL, NULL, 0, 0, 1, 1, 0, 1, 0, 'dime.find.classification'),
('dime.find', 'find', 'condition', 'term', 'dime.find.condition', 'public', NULL, NULL, 0, 0, 1, 1, 0, 1, 0, 'dime.find.condition'),
('dime.find', 'find', 'custodian', 'actor', NULL, 'restricted', 'dime.find.read.custody', 'dime.find.update.custody', 0, 1, 1, 1, 0, 1, 0, 'dime.find.custodian'),
('dime.find', 'find', 'custody', 'term', 'dime.find.custody', 'restricted', 'dime.find.read.custody', 'dime.find.update.custody', 0, 1, 1, 1, 0, 1, 0, 'dime.find.custody'),
('dime.find', 'find', 'dating', 'dating', NULL, 'public', NULL, NULL, 0, 0, 1, 1, 0, 1, 0, 'dime.find.dating'),
('dime.find', 'find', 'description', 'description', NULL, 'public', NULL, NULL, 0, 0, 1, 1, 0, 1, 0, 'dime.find.description'),
('dime.find', 'find', 'finddate', 'date', NULL, 'restricted', 'dime.find.read.finddate', 'dime.find.update.finddate', 0, 0, 1, 1, 0, 1, 0, 'dime.find.finddate'),
('dime.find', 'find', 'finder', 'person', NULL, 'restricted', 'dime.find.read.finder', 'dime.find.update.finder', 0, 1, 1, 1, 0, 1, 0, 'dime.find.finder'),
('dime.find', 'find', 'finder_id', 'identifier', NULL, 'restricted', 'dime.find.read.finder', 'dime.find.update.finder', 0, 0, 1, 1, 0, 1, 0, 'dime.find.finder_id'),
('dime.find', 'find', 'finder_place', 'identifier', NULL, 'restricted', 'dime.find.read.finder', 'dime.find.update.finder', 0, 0, 1, 1, 0, 1, 0, 'dime.find.finder_place'),
('dime.find', 'find', 'id', 'identifier', NULL, 'public', NULL, NULL, 0, 1, 1, 1, 0, 1, 0, 'dime.find.id'),
('dime.find', 'find', 'image', 'image', NULL, 'public', NULL, NULL, 0, 0, 0, 1, 1, 1, 0, 'dime.find.images'),
('dime.find', 'find', 'length', 'distance', NULL, 'public', NULL, NULL, 0, 0, 1, 1, 0, 1, 0, 'dime.find.length'),
('dime.find', 'find', 'location', 'spatial', NULL, 'restricted', 'dime.find.read.location', 'dime.find.update.location', 0, 1, 1, 1, 0, 1, 0, 'dime.find.location'),
('dime.find', 'find', 'material', 'term', 'dime.material', 'public', NULL, NULL, 0, 1, 1, 1, 0, 1, 0, 'dime.find.material'),
('dime.find', 'find', 'municipality', 'term', 'dime.denmark.municipality', 'public', NULL, NULL, 0, 1, 1, 1, 0, 1, 0, 'dime.find.municipality'),
('dime.find', 'find', 'museum', 'museum', NULL, 'public', NULL, NULL, 0, 1, 1, 1, 0, 1, 0, 'core.actor.type.museum'),
('dime.find', 'find', 'museum_id', 'identifier', NULL, 'restricted', 'dime.find.read', 'dime.find.update.museum_id', 0, 0, 1, 1, 0, 1, 0, 'dime.find.museum_id'),
('dime.find', 'find', 'owner', 'actor', NULL, 'restricted', 'dime.find.read.owner', 'dime.find.update.owner', 0, 1, 1, 1, 0, 1, 0, 'dime.find.owner'),
('dime.find', 'find', 'process', 'term', 'dime.find.process', 'public', NULL, NULL, 0, 1, 1, 1, 0, 1, 0, 'dime.find.process'),
('dime.find', 'find', 'recipient', 'actor', NULL, 'restricted', 'dime.find.read.custody', 'dime.find.update.custody', 0, 0, 1, 1, 0, 1, 0, 'dime.find.recipient'),
('dime.find', 'find', 'recorder', 'actor', NULL, 'restricted', 'dime.find.read.finder', 'dime.find.update.finder', 0, 1, 1, 1, 0, 1, 0, 'dime.find.recorder'),
('dime.find', 'find', 'secondary', 'term', 'dime.find.secondary', 'public', NULL, NULL, 0, 0, 0, 1, 0, 1, 0, 'dime.find.material.secondary'),
('dime.find', 'find', 'treasure', 'term', 'dime.treasure', 'public', NULL, NULL, 0, 1, 1, 1, 0, 1, 0, 'dime.find.treasure'),
('dime.find', 'find', 'type', 'term', 'dime.find.type', 'public', NULL, NULL, 0, 1, 1, 1, 0, 1, 0, 'dime.find.type'),
('dime.find', 'find', 'visibility', 'term', 'core.visibility', 'public', NULL, NULL, 0, 1, 1, 1, 0, 1, 0, 'dime.find.visibility'),
('dime.find', 'find', 'weight', 'mass', NULL, 'public', NULL, NULL, 0, 0, 1, 1, 0, 1, 0, 'dime.find.weight');

-- --------------------------------------------------------

--
-- Table structure for table `ark_schema_item`
--

CREATE TABLE `ark_schema_item` (
  `attribute` varchar(30) COLLATE utf8mb4_unicode_ci NOT NULL,
  `format` varchar(30) COLLATE utf8mb4_unicode_ci NOT NULL,
  `vocabulary` varchar(30) COLLATE utf8mb4_unicode_ci DEFAULT NULL,
  `minimum` int(11) NOT NULL DEFAULT '0',
  `maximum` int(11) NOT NULL DEFAULT '1',
  `unique_values` int(11) NOT NULL DEFAULT '1',
  `additional_values` int(11) NOT NULL DEFAULT '0',
  `enabled` tinyint(1) NOT NULL DEFAULT '1',
  `deprecated` tinyint(1) NOT NULL DEFAULT '0',
  `keyword` varchar(100) COLLATE utf8mb4_unicode_ci DEFAULT NULL
) ENGINE=InnoDB DEFAULT CHARSET=utf8mb4 COLLATE=utf8mb4_unicode_ci ROW_FORMAT=COMPACT;

--
-- Dumping data for table `ark_schema_item`
--

INSERT INTO `ark_schema_item` (`attribute`, `format`, `vocabulary`, `minimum`, `maximum`, `unique_values`, `additional_values`, `enabled`, `deprecated`, `keyword`) VALUES
('id', 'identifier', NULL, 1, 1, 1, 0, 1, 0, 'core.item.id'),
('index', 'identifier', NULL, 1, 1, 1, 0, 1, 0, 'core.item.index'),
('label', 'identifier', NULL, 1, 1, 1, 0, 1, 0, 'core.item.label'),
('module', 'identifier', NULL, 1, 1, 1, 0, 1, 0, 'core.item.module'),
('schema', 'identifier', NULL, 1, 1, 1, 0, 1, 0, 'core.item.module'),
('status', 'identifier', 'core.item.status', 1, 1, 1, 0, 1, 0, 'core.item.status'),
('type', 'identifier', NULL, 1, 1, 1, 0, 1, 0, 'core.item.type');

-- --------------------------------------------------------

--
-- Table structure for table `ark_translation`
--

CREATE TABLE `ark_translation` (
  `keyword` varchar(100) COLLATE utf8mb4_unicode_ci NOT NULL,
  `domain` varchar(30) COLLATE utf8mb4_unicode_ci NOT NULL,
  `is_plural` tinyint(1) NOT NULL DEFAULT '0',
  `has_parameters` tinyint(1) NOT NULL DEFAULT '0'
) ENGINE=InnoDB DEFAULT CHARSET=utf8mb4 COLLATE=utf8mb4_unicode_ci;

--
-- Dumping data for table `ark_translation`
--

INSERT INTO `ark_translation` (`keyword`, `domain`, `is_plural`, `has_parameters`) VALUES
('core.action.select', 'dime', 0, 0),
('core.action.view', 'core', 0, 0),
('core.actor', 'core', 0, 0),
('core.actor.address', 'core', 0, 0),
('core.actor.avatar', 'core', 0, 0),
('core.actor.biography', 'core', 0, 0),
('core.actor.email', 'core', 0, 0),
('core.actor.event', 'vocabulary', 0, 0),
('core.actor.event.activated', 'vocabulary', 0, 0),
('core.actor.event.approved', 'vocabulary', 0, 0),
('core.actor.event.cancelled', 'vocabulary', 0, 0),
('core.actor.event.registered', 'vocabulary', 0, 0),
('core.actor.event.restored', 'vocabulary', 0, 0),
('core.actor.event.suspended', 'vocabulary', 0, 0),
('core.actor.format', 'core', 0, 0),
('core.actor.fullname', 'core', 0, 0),
('core.actor.id', 'core', 0, 0),
('core.actor.initials', 'core', 0, 0),
('core.actor.institution', 'core', 0, 0),
('core.actor.license', 'core', 0, 0),
('core.actor.module', 'core', 0, 0),
('core.actor.person', 'core', 0, 0),
('core.actor.schema', 'core', 0, 0),
('core.actor.shortname', 'core', 0, 0),
('core.actor.telephone', 'core', 0, 0),
('core.actor.type', 'vocabulary', 0, 0),
('core.actor.type.institution', 'vocabulary', 0, 0),
('core.actor.type.museum', 'vocabulary', 0, 0),
('core.actor.type.person', 'vocabulary', 0, 0),
('core.actor.visibility', 'core', 0, 0),
('core.admin', 'dime', 0, 0),
('core.button.apply', 'dime', 0, 0),
('core.button.change', 'dime', 0, 0),
('core.button.clone', 'dime', 0, 0),
('core.button.save', 'core', 0, 0),
('core.button.search', 'core', 0, 0),
('core.button.send', 'core', 0, 0),
('core.datatype.blob', 'vocabulary', 0, 0),
('core.datatype.boolean', 'vocabulary', 0, 0),
('core.datatype.date', 'vocabulary', 0, 0),
('core.datatype.datetime', 'vocabulary', 0, 0),
('core.datatype.decimal', 'vocabulary', 0, 0),
('core.datatype.float', 'vocabulary', 0, 0),
('core.datatype.integer', 'vocabulary', 0, 0),
('core.datatype.item', 'vocabulary', 0, 0),
('core.datatype.object', 'vocabulary', 0, 0),
('core.datatype.spatial', 'vocabulary', 0, 0),
('core.datatype.string', 'vocabulary', 0, 0),
('core.datatype.text', 'vocabulary', 0, 0),
('core.datatype.time', 'vocabulary', 0, 0),
('core.event', 'core', 0, 0),
('core.event.agent', 'core', 0, 0),
('core.event.id', 'core', 0, 0),
('core.event.occurred', 'core', 0, 0),
('core.event.subject', 'core', 0, 0),
('core.event.type', 'core', 0, 0),
('core.event.type.viewed', 'core', 0, 0),
('core.events', 'core', 0, 0),
('core.file', 'core', 0, 0),
('core.file.copyright', 'core', 0, 0),
('core.file.description', 'core', 0, 0),
('core.file.id', 'core', 0, 0),
('core.file.mediatype', 'core', 0, 0),
('core.file.status', 'core', 0, 0),
('core.file.status.checkedin', 'vocabulary', 0, 0),
('core.file.status.checkedout', 'vocabulary', 0, 0),
('core.file.status.expired', 'vocabulary', 0, 0),
('core.file.status.locked', 'vocabulary', 0, 0),
('core.file.status.new', 'vocabulary', 0, 0),
('core.file.title', 'core', 0, 0),
('core.file.type', 'core', 0, 0),
('core.file.type.audio', 'vocabulary', 0, 0),
('core.file.type.document', 'vocabulary', 0, 0),
('core.file.type.image', 'vocabulary', 0, 0),
('core.file.type.other', 'vocabulary', 0, 0),
('core.file.type.text', 'vocabulary', 0, 0),
('core.file.type.video', 'vocabulary', 0, 0),
('core.file.versions', 'core', 0, 0),
('core.form.mode', 'core', 0, 0),
('core.form.mode.active', 'vocabulary', 0, 0),
('core.form.mode.disabled', 'vocabulary', 0, 0),
('core.form.mode.excluded', 'vocabulary', 0, 0),
('core.form.mode.hidden', 'vocabulary', 0, 0),
('core.form.mode.readonly', 'vocabulary', 0, 0),
('core.form.mode.static', 'vocabulary', 0, 0),
('core.item.status', 'core', 0, 0),
('core.item.status.allocated', 'vocabulary', 0, 0),
('core.item.status.deleted', 'vocabulary', 0, 0),
('core.item.status.registered', 'vocabulary', 0, 0),
('core.item.status.void', 'vocabulary', 0, 0),
('core.license.cc0', 'vocabulary', 0, 0),
('core.license.ccbyncsa', 'vocabulary', 0, 0),
('core.license.ccbysa', 'vocabulary', 0, 0),
('core.message', 'core', 0, 0),
('core.message.allmessages', 'core', 0, 0),
('core.message.id', 'core', 0, 0),
('core.message.mail.attachments', 'core', 0, 0),
('core.message.mail.body', 'core', 0, 0),
('core.message.mail.subject', 'core', 0, 0),
('core.message.messages', 'core', 0, 0),
('core.message.messages.new', 'core', 0, 0),
('core.message.newmessages', 'dime', 0, 0),
('core.message.notification.body', 'core', 0, 0),
('core.message.notification.event', 'core', 0, 0),
('core.message.notshown', 'dime', 0, 0),
('core.message.recipient.status', 'vocabulary', 0, 0),
('core.message.recipient.status.discarded', 'vocabulary', 0, 0),
('core.message.recipient.status.read', 'vocabulary', 0, 0),
('core.message.recipient.status.unread', 'vocabulary', 0, 0),
('core.message.recipients', 'core', 0, 0),
('core.message.sender', 'core', 0, 0),
('core.message.sent_at', 'core', 0, 0),
('core.message.status', 'vocabulary', 0, 0),
('core.message.status.draft', 'vocabulary', 0, 0),
('core.message.status.read', 'vocabulary', 0, 0),
('core.message.status.sent', 'vocabulary', 0, 0),
('core.message.type', 'vocabulary', 0, 0),
('core.message.type.mail', 'vocabulary', 0, 0),
('core.message.type.notification', 'vocabulary', 0, 0),
('core.page', 'core', 0, 0),
('core.page.id', 'core', 0, 0),
('core.user', 'core', 0, 0),
('core.user.agree', 'core', 0, 0),
('core.user.email', 'core', 0, 0),
('core.user.email.repeat', 'core', 0, 0),
('core.user.login', 'core', 0, 0),
('core.user.password', 'core', 0, 0),
('core.user.password.change', 'dime', 0, 0),
('core.user.password.change.success', 'dime', 0, 0),
('core.user.password.current', 'dime', 0, 0),
('core.user.password.new', 'dime', 0, 0),
('core.user.password.repeat', 'core', 0, 0),
('core.user.password.set', 'dime', 0, 0),
('core.user.register', 'core', 0, 0),
('core.user.register.existing', 'core', 0, 0),
('core.user.register.heading', 'core', 0, 0),
('core.user.register.loggedin', 'core', 0, 0),
('core.user.register.login', 'core', 0, 0),
('core.user.register.logout', 'core', 0, 0),
('core.user.reset', 'dime', 0, 0),
('core.user.reset.heading', 'dime', 0, 0),
('core.user.reset.notregistered', 'dime', 0, 0),
('core.user.reset.register', 'dime', 0, 0),
('core.user.reset.reset', 'dime', 0, 0),
('core.user.username', 'core', 0, 0),
('core.users', 'dime', 0, 0),
('core.visibility', 'vocabulary', 0, 0),
('core.visibility.private', 'vocabulary', 0, 0),
('core.visibility.public', 'vocabulary', 0, 0),
('core.visibility.restricted', 'vocabulary', 0, 0),
('core.widget.comments', 'core', 0, 0),
('core.widget.send', 'core', 0, 0),
('core.widget.submit', 'core', 0, 0),
('core.workflow.action', 'dime', 0, 0),
('core.workflow.role', 'core', 0, 0),
('country.afghanistan', 'vocabulary', 0, 0),
('country.alandislands', 'vocabulary', 0, 0),
('country.albania', 'vocabulary', 0, 0),
('country.algeria', 'vocabulary', 0, 0),
('country.americansamoa', 'vocabulary', 0, 0),
('country.andorra', 'vocabulary', 0, 0),
('country.angola', 'vocabulary', 0, 0),
('country.anguilla', 'vocabulary', 0, 0),
('country.antarctica', 'vocabulary', 0, 0),
('country.antigua', 'vocabulary', 0, 0),
('country.argentina', 'vocabulary', 0, 0),
('country.armenia', 'vocabulary', 0, 0),
('country.aruba', 'vocabulary', 0, 0),
('country.australia', 'vocabulary', 0, 0),
('country.austria', 'vocabulary', 0, 0),
('country.azerbaijan', 'vocabulary', 0, 0),
('country.bahamas', 'vocabulary', 0, 0),
('country.bahrain', 'vocabulary', 0, 0),
('country.bangladesh', 'vocabulary', 0, 0),
('country.barbados', 'vocabulary', 0, 0),
('country.belarus', 'vocabulary', 0, 0),
('country.belgium', 'vocabulary', 0, 0),
('country.belize', 'vocabulary', 0, 0),
('country.benin', 'vocabulary', 0, 0),
('country.bermuda', 'vocabulary', 0, 0),
('country.bhutan', 'vocabulary', 0, 0),
('country.bolivia', 'vocabulary', 0, 0),
('country.bonaire', 'vocabulary', 0, 0),
('country.bosniaherzegovina', 'vocabulary', 0, 0),
('country.botswana', 'vocabulary', 0, 0),
('country.brazil', 'vocabulary', 0, 0),
('country.britishvirginislands', 'vocabulary', 0, 0),
('country.brunei', 'vocabulary', 0, 0),
('country.bulgaria', 'vocabulary', 0, 0),
('country.burkinafaso', 'vocabulary', 0, 0),
('country.burundi', 'vocabulary', 0, 0),
('country.caboverde', 'vocabulary', 0, 0),
('country.cambodia', 'vocabulary', 0, 0),
('country.cameroon', 'vocabulary', 0, 0),
('country.canada', 'vocabulary', 0, 0),
('country.caymanislands', 'vocabulary', 0, 0),
('country.centralafricanrepublic', 'vocabulary', 0, 0),
('country.chad', 'vocabulary', 0, 0),
('country.chile', 'vocabulary', 0, 0),
('country.china', 'vocabulary', 0, 0),
('country.christmasisland', 'vocabulary', 0, 0),
('country.cocosislands', 'vocabulary', 0, 0),
('country.colombia', 'vocabulary', 0, 0),
('country.comoros', 'vocabulary', 0, 0),
('country.congo', 'vocabulary', 0, 0),
('country.cookislands', 'vocabulary', 0, 0),
('country.costarica', 'vocabulary', 0, 0),
('country.cotedivoire', 'vocabulary', 0, 0),
('country.croatia', 'vocabulary', 0, 0),
('country.cuba', 'vocabulary', 0, 0),
('country.curacao', 'vocabulary', 0, 0),
('country.cyprus', 'vocabulary', 0, 0),
('country.czechrepublic', 'vocabulary', 0, 0),
('country.democraticrepubliccongo', 'vocabulary', 0, 0),
('country.denmark', 'vocabulary', 0, 0),
('country.djibouti', 'vocabulary', 0, 0),
('country.dominica', 'vocabulary', 0, 0),
('country.dominicanrepublic', 'vocabulary', 0, 0),
('country.ecuador', 'vocabulary', 0, 0),
('country.egypt', 'vocabulary', 0, 0),
('country.elsalvador', 'vocabulary', 0, 0),
('country.equatorialguinea', 'vocabulary', 0, 0),
('country.eritrea', 'vocabulary', 0, 0),
('country.estonia', 'vocabulary', 0, 0),
('country.ethiopia', 'vocabulary', 0, 0),
('country.falklandislands', 'vocabulary', 0, 0),
('country.faroeislands', 'vocabulary', 0, 0),
('country.fiji', 'vocabulary', 0, 0),
('country.finland', 'vocabulary', 0, 0),
('country.france', 'vocabulary', 0, 0),
('country.frenchguiana', 'vocabulary', 0, 0),
('country.frenchpolynesia', 'vocabulary', 0, 0),
('country.gabon', 'vocabulary', 0, 0),
('country.gambia', 'vocabulary', 0, 0),
('country.georgia', 'vocabulary', 0, 0),
('country.germany', 'vocabulary', 0, 0),
('country.ghana', 'vocabulary', 0, 0),
('country.gibraltar', 'vocabulary', 0, 0),
('country.greece', 'vocabulary', 0, 0),
('country.greenland', 'vocabulary', 0, 0),
('country.grenada', 'vocabulary', 0, 0),
('country.guadeloupe', 'vocabulary', 0, 0),
('country.guam', 'vocabulary', 0, 0),
('country.guatemala', 'vocabulary', 0, 0),
('country.guernsey', 'vocabulary', 0, 0),
('country.guinea', 'vocabulary', 0, 0),
('country.guinea-bissau', 'vocabulary', 0, 0),
('country.guyana', 'vocabulary', 0, 0),
('country.haiti', 'vocabulary', 0, 0),
('country.honduras', 'vocabulary', 0, 0),
('country.hongkong', 'vocabulary', 0, 0),
('country.hungary', 'vocabulary', 0, 0),
('country.iceland', 'vocabulary', 0, 0),
('country.india', 'vocabulary', 0, 0),
('country.indonesia', 'vocabulary', 0, 0),
('country.iran', 'vocabulary', 0, 0),
('country.iraq', 'vocabulary', 0, 0),
('country.ireland', 'vocabulary', 0, 0),
('country.isleofman', 'vocabulary', 0, 0),
('country.israel', 'vocabulary', 0, 0),
('country.italy', 'vocabulary', 0, 0),
('country.jamaica', 'vocabulary', 0, 0),
('country.japan', 'vocabulary', 0, 0),
('country.jersey', 'vocabulary', 0, 0),
('country.jordan', 'vocabulary', 0, 0),
('country.kazakhstan', 'vocabulary', 0, 0),
('country.kenya', 'vocabulary', 0, 0),
('country.kiribati', 'vocabulary', 0, 0),
('country.kuwait', 'vocabulary', 0, 0),
('country.kyrgyzstan', 'vocabulary', 0, 0),
('country.lao', 'vocabulary', 0, 0),
('country.latvia', 'vocabulary', 0, 0),
('country.lebanon', 'vocabulary', 0, 0),
('country.lesotho', 'vocabulary', 0, 0),
('country.liberia', 'vocabulary', 0, 0),
('country.libya', 'vocabulary', 0, 0),
('country.liechtenstein', 'vocabulary', 0, 0),
('country.lithuania', 'vocabulary', 0, 0),
('country.luxembourg', 'vocabulary', 0, 0),
('country.macao', 'vocabulary', 0, 0),
('country.macedonia', 'vocabulary', 0, 0),
('country.madagascar', 'vocabulary', 0, 0),
('country.malawi', 'vocabulary', 0, 0),
('country.malaysia', 'vocabulary', 0, 0),
('country.maldives', 'vocabulary', 0, 0),
('country.mali', 'vocabulary', 0, 0),
('country.malta', 'vocabulary', 0, 0),
('country.marshallislands', 'vocabulary', 0, 0),
('country.martinique', 'vocabulary', 0, 0),
('country.mauritania', 'vocabulary', 0, 0),
('country.mauritius', 'vocabulary', 0, 0),
('country.mayotte', 'vocabulary', 0, 0),
('country.mexico', 'vocabulary', 0, 0),
('country.micronesia', 'vocabulary', 0, 0),
('country.moldova', 'vocabulary', 0, 0),
('country.monaco', 'vocabulary', 0, 0),
('country.mongolia', 'vocabulary', 0, 0),
('country.montenegro', 'vocabulary', 0, 0),
('country.montserrat', 'vocabulary', 0, 0),
('country.morocco', 'vocabulary', 0, 0),
('country.mozambique', 'vocabulary', 0, 0),
('country.myanmar', 'vocabulary', 0, 0),
('country.namibia', 'vocabulary', 0, 0),
('country.nauru', 'vocabulary', 0, 0),
('country.nepal', 'vocabulary', 0, 0),
('country.netherlands', 'vocabulary', 0, 0),
('country.newcaledonia', 'vocabulary', 0, 0),
('country.newzealand', 'vocabulary', 0, 0),
('country.nicaragua', 'vocabulary', 0, 0),
('country.niger', 'vocabulary', 0, 0),
('country.nigeria', 'vocabulary', 0, 0),
('country.niue', 'vocabulary', 0, 0),
('country.norfolkisland', 'vocabulary', 0, 0),
('country.northernmarianaislands', 'vocabulary', 0, 0),
('country.northkorea', 'vocabulary', 0, 0),
('country.norway', 'vocabulary', 0, 0),
('country.oman', 'vocabulary', 0, 0),
('country.pakistan', 'vocabulary', 0, 0),
('country.palau', 'vocabulary', 0, 0),
('country.palestine', 'vocabulary', 0, 0),
('country.panama', 'vocabulary', 0, 0),
('country.papuanewguinea', 'vocabulary', 0, 0),
('country.paraguay', 'vocabulary', 0, 0),
('country.peru', 'vocabulary', 0, 0),
('country.philippines', 'vocabulary', 0, 0),
('country.pitcairn', 'vocabulary', 0, 0),
('country.poland', 'vocabulary', 0, 0),
('country.portugal', 'vocabulary', 0, 0),
('country.puertorico', 'vocabulary', 0, 0),
('country.qatar', 'vocabulary', 0, 0),
('country.reunion', 'vocabulary', 0, 0),
('country.romania', 'vocabulary', 0, 0),
('country.russia', 'vocabulary', 0, 0),
('country.rwanda', 'vocabulary', 0, 0),
('country.saintbarthelemy', 'vocabulary', 0, 0),
('country.sainthelena', 'vocabulary', 0, 0),
('country.saintkitts', 'vocabulary', 0, 0),
('country.saintlucia', 'vocabulary', 0, 0),
('country.saintmartin', 'vocabulary', 0, 0),
('country.saintpierremiquelon', 'vocabulary', 0, 0),
('country.saintvincent', 'vocabulary', 0, 0),
('country.samoa', 'vocabulary', 0, 0),
('country.sanmarino', 'vocabulary', 0, 0),
('country.saotome', 'vocabulary', 0, 0),
('country.saudiarabia', 'vocabulary', 0, 0),
('country.senegal', 'vocabulary', 0, 0),
('country.serbia', 'vocabulary', 0, 0),
('country.seychelles', 'vocabulary', 0, 0),
('country.sierraleone', 'vocabulary', 0, 0),
('country.singapore', 'vocabulary', 0, 0),
('country.sintmaarten', 'vocabulary', 0, 0),
('country.slovakia', 'vocabulary', 0, 0),
('country.slovenia', 'vocabulary', 0, 0),
('country.solomonislands', 'vocabulary', 0, 0),
('country.somalia', 'vocabulary', 0, 0),
('country.southafrica', 'vocabulary', 0, 0),
('country.southgeorgia', 'vocabulary', 0, 0),
('country.southkorea', 'vocabulary', 0, 0),
('country.southsudan', 'vocabulary', 0, 0),
('country.spain', 'vocabulary', 0, 0),
('country.srilanka', 'vocabulary', 0, 0),
('country.sudan', 'vocabulary', 0, 0),
('country.suriname', 'vocabulary', 0, 0),
('country.svalbard', 'vocabulary', 0, 0),
('country.swaziland', 'vocabulary', 0, 0),
('country.sweden', 'vocabulary', 0, 0),
('country.switzerland', 'vocabulary', 0, 0),
('country.syria', 'vocabulary', 0, 0),
('country.taiwan', 'vocabulary', 0, 0),
('country.tajikistan', 'vocabulary', 0, 0),
('country.tanzania', 'vocabulary', 0, 0),
('country.thailand', 'vocabulary', 0, 0),
('country.timorleste', 'vocabulary', 0, 0),
('country.togo', 'vocabulary', 0, 0),
('country.tokelau', 'vocabulary', 0, 0),
('country.tonga', 'vocabulary', 0, 0),
('country.trinidadtobago', 'vocabulary', 0, 0),
('country.tunisia', 'vocabulary', 0, 0),
('country.turkey', 'vocabulary', 0, 0),
('country.turkmenistan', 'vocabulary', 0, 0),
('country.turkscaicos', 'vocabulary', 0, 0),
('country.tuvalu', 'vocabulary', 0, 0),
('country.uganda', 'vocabulary', 0, 0),
('country.ukraine', 'vocabulary', 0, 0),
('country.unitedarabemirates', 'vocabulary', 0, 0),
('country.unitedkingdom', 'vocabulary', 0, 0),
('country.unitedstatesamerica', 'vocabulary', 0, 0),
('country.uruguay', 'vocabulary', 0, 0),
('country.usvirginislands', 'vocabulary', 0, 0),
('country.uzbekistan', 'vocabulary', 0, 0),
('country.vanuatu', 'vocabulary', 0, 0),
('country.vatican', 'vocabulary', 0, 0),
('country.venezuela', 'vocabulary', 0, 0),
('country.vietnam', 'vocabulary', 0, 0),
('country.wallisfutuna', 'vocabulary', 0, 0),
('country.westernsahara', 'vocabulary', 0, 0),
('country.yemen', 'vocabulary', 0, 0),
('country.zambia', 'vocabulary', 0, 0),
('country.zimbabwe', 'vocabulary', 0, 0),
('crs.wgs84', 'vocabulary', 0, 0),
('dime.about', 'dime', 0, 0),
('dime.about.background', 'dime', 0, 0),
('dime.about.groups', 'dime', 0, 0),
('dime.about.hevn', 'dime', 0, 0),
('dime.about.hevntext', 'dime', 0, 0),
('dime.about.instructions', 'dime', 0, 0),
('dime.about.museums', 'dime', 0, 0),
('dime.about.partners', 'dime', 0, 0),
('dime.action.accession', 'dime', 0, 0),
('dime.action.activate', 'dime', 0, 0),
('dime.action.agree', 'dime', 0, 0),
('dime.action.annotate', 'dime', 0, 0),
('dime.action.appraise', 'dime', 0, 0),
('dime.action.approve', 'dime', 0, 0),
('dime.action.assess', 'dime', 0, 0),
('dime.action.cancel', 'dime', 0, 0),
('dime.action.cite', 'dime', 0, 0),
('dime.action.classify', 'dime', 0, 0),
('dime.action.comment', 'dime', 0, 0),
('dime.action.conserve', 'dime', 0, 0),
('dime.action.contact', 'dime', 0, 0),
('dime.action.date', 'dime', 0, 0),
('dime.action.decline', 'dime', 0, 0),
('dime.action.delete', 'dime', 0, 0),
('dime.action.describe', 'dime', 0, 0),
('dime.action.destroy', 'dime', 0, 0),
('dime.action.disagree', 'dime', 0, 0),
('dime.action.discard', 'dime', 0, 0),
('dime.action.edit', 'dime', 0, 0),
('dime.action.evaluate', 'dime', 0, 0),
('dime.action.export', 'dime', 0, 0),
('dime.action.follow', 'dime', 0, 0),
('dime.action.identify', 'dime', 0, 0),
('dime.action.like', 'dime', 0, 0),
('dime.action.loan', 'dime', 0, 0),
('dime.action.lose', 'dime', 0, 0),
('dime.action.notify', 'dime', 0, 0),
('dime.action.publish', 'dime', 0, 0),
('dime.action.receive', 'dime', 0, 0),
('dime.action.record', 'dime', 0, 0),
('dime.action.recover', 'core', 0, 0),
('dime.action.redact', 'core', 0, 0),
('dime.action.refer', 'core', 0, 0),
('dime.action.register', 'core', 0, 0),
('dime.action.reject', 'core', 0, 0),
('dime.action.release', 'core', 0, 0),
('dime.action.report', 'dime', 0, 0),
('dime.action.request', 'core', 0, 0),
('dime.action.restore', 'core', 0, 0),
('dime.action.reward', 'core', 0, 0),
('dime.action.send', 'core', 0, 0),
('dime.action.share', 'core', 0, 0),
('dime.action.subscribe', 'core', 0, 0),
('dime.action.suppress', 'core', 0, 0),
('dime.action.suspend', 'core', 0, 0),
('dime.action.transfer', 'core', 0, 0),
('dime.action.validate', 'core', 0, 0),
('dime.action.view', 'dime', 0, 0),
('dime.action.withdraw', 'core', 0, 0),
('dime.actions', 'dime', 0, 0),
('dime.actor.municipalities', 'dime', 0, 0),
('dime.actor.municipality', 'dime', 0, 0),
('dime.actor.participating', 'dime', 0, 0),
('dime.admin.users', 'dime', 0, 0),
('dime.background', 'dime', 0, 0),
('dime.claim', 'dime', 0, 0),
('dime.controls', 'dime', 0, 0),
('dime.copyright', 'dime', 0, 0),
('dime.credits', 'dime', 0, 0),
('dime.denmark.admin.denmark', 'vocabulary', 0, 0),
('dime.denmark.municipality', 'dime', 0, 0),
('dime.detector', 'dime', 0, 0),
('dime.exhibits', 'dime', 0, 0),
('dime.exhibits.forests', 'dime', 0, 0),
('dime.exhibits.weapons', 'dime', 0, 0),
('dime.find', 'dime', 0, 0),
('dime.find.add', 'dime', 0, 0),
('dime.find.add.success', 'dime', 0, 0),
('dime.find.artefact', 'dime', 0, 0),
('dime.find.case', 'dime', 0, 0),
('dime.find.classification', 'dime', 0, 0),
('dime.find.classify', 'dime', 0, 0),
('dime.find.condition', 'dime', 0, 0),
('dime.find.condition.fragmented', 'vocabulary', 0, 0),
('dime.find.condition.modified', 'dime', 0, 0),
('dime.find.condition.unfinished', 'dime', 0, 0),
('dime.find.condition.whole', 'vocabulary', 0, 0),
('dime.find.coordinates', 'dime', 0, 0),
('dime.find.custodian', 'dime', 0, 0),
('dime.find.custody', 'dime', 0, 0),
('dime.find.custody.destroyed', 'dime', 0, 0),
('dime.find.custody.discarded', 'dime', 0, 0),
('dime.find.custody.held', 'dime', 0, 0),
('dime.find.custody.lost', 'dime', 0, 0),
('dime.find.custody.requested', 'dime', 0, 0),
('dime.find.custody.sent', 'dime', 0, 0),
('dime.find.dating', 'dime', 0, 0),
('dime.find.description', 'core', 0, 0),
('dime.find.event', 'dime', 0, 0),
('dime.find.event.accessioned', 'vocabulary', 0, 0),
('dime.find.event.agreed', 'vocabulary', 0, 0),
('dime.find.event.annotated', 'vocabulary', 0, 0),
('dime.find.event.appraised', 'vocabulary', 0, 0),
('dime.find.event.assessed', 'vocabulary', 0, 0),
('dime.find.event.cited', 'vocabulary', 0, 0),
('dime.find.event.classified', 'dime', 0, 0),
('dime.find.event.commented', 'vocabulary', 0, 0),
('dime.find.event.conserved', 'vocabulary', 0, 0),
('dime.find.event.contacted', 'vocabulary', 0, 0),
('dime.find.event.dated', 'vocabulary', 0, 0),
('dime.find.event.declined', 'vocabulary', 0, 0),
('dime.find.event.deleted', 'vocabulary', 0, 0),
('dime.find.event.described', 'vocabulary', 0, 0),
('dime.find.event.destroyed', 'vocabulary', 0, 0),
('dime.find.event.disagreed', 'vocabulary', 0, 0),
('dime.find.event.discarded', 'vocabulary', 0, 0),
('dime.find.event.edited', 'dime', 0, 0),
('dime.find.event.evaluated', 'vocabulary', 0, 0),
('dime.find.event.exported', 'vocabulary', 0, 0),
('dime.find.event.followed', 'vocabulary', 0, 0),
('dime.find.event.identified', 'vocabulary', 0, 0),
('dime.find.event.liked', 'vocabulary', 0, 0),
('dime.find.event.loaned', 'vocabulary', 0, 0),
('dime.find.event.lost', 'vocabulary', 0, 0),
('dime.find.event.notified', 'vocabulary', 0, 0),
('dime.find.event.published', 'vocabulary', 0, 0),
('dime.find.event.received', 'vocabulary', 0, 0),
('dime.find.event.recorded', 'vocabulary', 0, 0),
('dime.find.event.recovered', 'vocabulary', 0, 0),
('dime.find.event.redacted', 'vocabulary', 0, 0),
('dime.find.event.referred', 'vocabulary', 0, 0),
('dime.find.event.rejected', 'vocabulary', 0, 0),
('dime.find.event.released', 'vocabulary', 0, 0),
('dime.find.event.reported', 'dime', 0, 0),
('dime.find.event.requested', 'vocabulary', 0, 0),
('dime.find.event.rewarded', 'vocabulary', 0, 0),
('dime.find.event.sent', 'vocabulary', 0, 0),
('dime.find.event.shared', 'vocabulary', 0, 0),
('dime.find.event.subscribed', 'vocabulary', 0, 0),
('dime.find.event.suppressed', 'vocabulary', 0, 0),
('dime.find.event.transferred', 'vocabulary', 0, 0),
('dime.find.event.validated', 'vocabulary', 0, 0),
('dime.find.event.withdrawn', 'vocabulary', 0, 0),
('dime.find.filters', 'dime', 0, 0),
('dime.find.finddate', 'dime', 0, 0),
('dime.find.finder', 'core', 0, 0),
('dime.find.finder_id', 'dime', 0, 0),
('dime.find.finder_place', 'dime', 0, 0),
('dime.find.id', 'dime', 0, 0),
('dime.find.images', 'core', 0, 0),
('dime.find.length', 'dime', 0, 0),
('dime.find.location', 'dime', 0, 0),
('dime.find.location.decimal', 'dime', 0, 0),
('dime.find.location.utm', 'dime', 0, 0),
('dime.find.material', 'dime', 0, 0),
('dime.find.material.secondary', 'dime', 0, 0),
('dime.find.metadata', 'dime', 0, 0),
('dime.find.mint', 'dime', 0, 0),
('dime.find.municipality', 'dime', 0, 0),
('dime.find.museum_id', 'dime', 0, 0),
('dime.find.owner', 'dime', 0, 0),
('dime.find.period', 'dime', 0, 0),
('dime.find.period.end', 'dime', 0, 0),
('dime.find.period.start', 'dime', 0, 0),
('dime.find.photo', 'dime', 0, 0),
('dime.find.process', 'dime', 0, 0),
('dime.find.process.accessioned', 'dime', 0, 0),
('dime.find.process.assessed', 'dime', 0, 0),
('dime.find.process.deleted', 'dime', 0, 0),
('dime.find.process.evaluated', 'dime', 0, 0),
('dime.find.process.inactive', 'dime', 0, 0),
('dime.find.process.recorded', 'dime', 0, 0),
('dime.find.process.rejected', 'dime', 0, 0),
('dime.find.process.released', 'dime', 0, 0),
('dime.find.process.reported', 'dime', 0, 0),
('dime.find.process.validated', 'dime', 0, 0),
('dime.find.query.set', 'dime', 0, 0),
('dime.find.recipient', 'dime', 0, 0),
('dime.find.recorder', 'core', 0, 0),
('dime.find.save', 'dime', 0, 0),
('dime.find.search', 'dime', 0, 0),
('dime.find.secondary.enamel', 'vocabulary', 0, 0),
('dime.find.secondary.gilded', 'vocabulary', 0, 0),
('dime.find.secondary.glass', 'vocabulary', 0, 0),
('dime.find.secondary.iron', 'vocabulary', 0, 0),
('dime.find.secondary.looped', 'dime', 0, 0),
('dime.find.secondary.niello', 'vocabulary', 0, 0),
('dime.find.secondary.organic', 'vocabulary', 0, 0),
('dime.find.secondary.other', 'vocabulary', 0, 0),
('dime.find.secondary.stone', 'vocabulary', 0, 0),
('dime.find.secondary.tinned', 'vocabulary', 0, 0),
('dime.find.status', 'dime', 0, 0),
('dime.find.subtype', 'dime', 0, 0),
('dime.find.subtype.accessory.bell', 'vocabulary', 0, 0),
('dime.find.subtype.accessory.brooch', 'vocabulary', 0, 0),
('dime.find.subtype.accessory.buckle', 'vocabulary', 0, 0),
('dime.find.subtype.accessory.button', 'vocabulary', 0, 0),
('dime.find.subtype.accessory.button.bar', 'vocabulary', 0, 0),
('dime.find.subtype.accessory.button.other', 'vocabulary', 0, 0),
('dime.find.subtype.accessory.button.round', 'vocabulary', 0, 0),
('dime.find.subtype.accessory.button.stud', 'vocabulary', 0, 0),
('dime.find.subtype.accessory.fitting', 'vocabulary', 0, 0),
('dime.find.subtype.accessory.fitting.belt', 'vocabulary', 0, 0),
('dime.find.subtype.accessory.fitting.other', 'vocabulary', 0, 0),
('dime.find.subtype.accessory.hook', 'vocabulary', 0, 0),
('dime.find.subtype.accessory.jewelery', 'vocabulary', 0, 0),
('dime.find.subtype.accessory.jewelery.bracelet', 'vocabulary', 0, 0),
('dime.find.subtype.accessory.jewelery.bracteate', 'vocabulary', 0, 0),
('dime.find.subtype.accessory.jewelery.earring', 'vocabulary', 0, 0),
('dime.find.subtype.accessory.jewelery.necklace', 'vocabulary', 0, 0),
('dime.find.subtype.accessory.jewelery.other', 'vocabulary', 0, 0),
('dime.find.subtype.accessory.jewelery.pasyning', 'vocabulary', 0, 0),
('dime.find.subtype.accessory.jewelery.pearl', 'vocabulary', 0, 0),
('dime.find.subtype.accessory.jewelery.pendant', 'vocabulary', 0, 0),
('dime.find.subtype.accessory.jewelery.ring', 'vocabulary', 0, 0),
('dime.find.subtype.accessory.lace', 'vocabulary', 0, 0),
('dime.find.subtype.accessory.medal', 'vocabulary', 0, 0),
('dime.find.subtype.accessory.other', 'vocabulary', 0, 0),
('dime.find.subtype.accessory.pilgrim', 'vocabulary', 0, 0),
('dime.find.subtype.accessory.pin', 'vocabulary', 0, 0),
('dime.find.subtype.accessory.tutulus', 'vocabulary', 0, 0),
('dime.find.subtype.coin.danish', 'vocabulary', 0, 0),
('dime.find.subtype.coin.danish.civilwar', 'vocabulary', 0, 0),
('dime.find.subtype.coin.danish.early', 'vocabulary', 0, 0),
('dime.find.subtype.coin.danish.hvide', 'vocabulary', 0, 0),
('dime.find.subtype.coin.danish.klipping', 'vocabulary', 0, 0),
('dime.find.subtype.coin.danish.other', 'vocabulary', 0, 0),
('dime.find.subtype.coin.danish.ssling', 'vocabulary', 0, 0),
('dime.find.subtype.coin.danish.sterling', 'vocabulary', 0, 0),
('dime.find.subtype.coin.foreign', 'vocabulary', 0, 0),
('dime.find.subtype.coin.foreign.hohlpfennig', 'vocabulary', 0, 0),
('dime.find.subtype.coin.foreign.hvide', 'vocabulary', 0, 0),
('dime.find.subtype.coin.foreign.other', 'vocabulary', 0, 0),
('dime.find.subtype.coin.foreign.sterling', 'vocabulary', 0, 0),
('dime.find.subtype.coin.foreign.tournois', 'vocabulary', 0, 0),
('dime.find.subtype.coin.jeton', 'vocabulary', 0, 0),
('dime.find.subtype.coin.modern', 'vocabulary', 0, 0),
('dime.find.subtype.coin.modern.danish', 'vocabulary', 0, 0),
('dime.find.subtype.coin.modern.foreign', 'vocabulary', 0, 0),
('dime.find.subtype.coin.other', 'vocabulary', 0, 0),
('dime.find.subtype.coin.roman', 'vocabulary', 0, 0),
('dime.find.subtype.coin.roman.aureus', 'vocabulary', 0, 0),
('dime.find.subtype.coin.roman.denarius', 'vocabulary', 0, 0),
('dime.find.subtype.coin.roman.other', 'vocabulary', 0, 0),
('dime.find.subtype.coin.roman.sestertius', 'vocabulary', 0, 0),
('dime.find.subtype.coin.roman.siliqua', 'vocabulary', 0, 0),
('dime.find.subtype.coin.roman.solidus', 'vocabulary', 0, 0),
('dime.find.subtype.coin.viking', 'vocabulary', 0, 0),
('dime.find.subtype.coin.viking.byzantine', 'vocabulary', 0, 0),
('dime.find.subtype.coin.viking.carolingian', 'vocabulary', 0, 0),
('dime.find.subtype.coin.viking.denarius', 'vocabulary', 0, 0),
('dime.find.subtype.coin.viking.dirham', 'vocabulary', 0, 0),
('dime.find.subtype.coin.viking.english', 'vocabulary', 0, 0),
('dime.find.subtype.coin.viking.german', 'vocabulary', 0, 0),
('dime.find.subtype.coin.viking.nordic', 'vocabulary', 0, 0),
('dime.find.subtype.coin.viking.other', 'vocabulary', 0, 0),
('dime.find.subtype.coin.viking.penny', 'vocabulary', 0, 0),
('dime.find.subtype.coin.viking.phennig', 'vocabulary', 0, 0),
('dime.find.subtype.coin.viking.sceat', 'vocabulary', 0, 0),
('dime.find.subtype.fibula.beak', 'vocabulary', 0, 0),
('dime.find.subtype.fibula.bird.above', 'vocabulary', 0, 0),
('dime.find.subtype.fibula.bird.profile', 'vocabulary', 0, 0),
('dime.find.subtype.fibula.bow', 'vocabulary', 0, 0),
('dime.find.subtype.fibula.bow.ball', 'vocabulary', 0, 0),
('dime.find.subtype.fibula.bow.band', 'vocabulary', 0, 0),
('dime.find.subtype.fibula.bow.bilateral', 'vocabulary', 0, 0),
('dime.find.subtype.fibula.bow.button', 'vocabulary', 0, 0),
('dime.find.subtype.fibula.bow.cross', 'vocabulary', 0, 0),
('dime.find.subtype.fibula.bow.foot', 'vocabulary', 0, 0),
('dime.find.subtype.fibula.bow.high', 'vocabulary', 0, 0),
('dime.find.subtype.fibula.bow.other', 'vocabulary', 0, 0),
('dime.find.subtype.fibula.bow.relief', 'vocabulary', 0, 0),
('dime.find.subtype.fibula.bowl', 'vocabulary', 0, 0),
('dime.find.subtype.fibula.bowl.animal', 'vocabulary', 0, 0),
('dime.find.subtype.fibula.bowl.circular', 'vocabulary', 0, 0),
('dime.find.subtype.fibula.bowl.large', 'vocabulary', 0, 0),
('dime.find.subtype.fibula.bowl.other', 'vocabulary', 0, 0),
('dime.find.subtype.fibula.bowl.small', 'vocabulary', 0, 0),
('dime.find.subtype.fibula.circular', 'vocabulary', 0, 0),
('dime.find.subtype.fibula.circular.large', 'vocabulary', 0, 0),
('dime.find.subtype.fibula.circular.other', 'vocabulary', 0, 0),
('dime.find.subtype.fibula.circular.small', 'vocabulary', 0, 0),
('dime.find.subtype.fibula.circular.tin', 'vocabulary', 0, 0),
('dime.find.subtype.fibula.enamel', 'vocabulary', 0, 0),
('dime.find.subtype.fibula.enamel.central', 'vocabulary', 0, 0),
('dime.find.subtype.fibula.enamel.cross', 'vocabulary', 0, 0),
('dime.find.subtype.fibula.enamel.multiple', 'vocabulary', 0, 0),
('dime.find.subtype.fibula.enamel.other', 'vocabulary', 0, 0),
('dime.find.subtype.fibula.equalarm', 'vocabulary', 0, 0),
('dime.find.subtype.fibula.equalarm.large', 'vocabulary', 0, 0),
('dime.find.subtype.fibula.equalarm.other', 'vocabulary', 0, 0),
('dime.find.subtype.fibula.equalarm.small', 'vocabulary', 0, 0),
('dime.find.subtype.fibula.healing', 'vocabulary', 0, 0),
('dime.find.subtype.fibula.healing.aalborg', 'vocabulary', 0, 0),
('dime.find.subtype.fibula.healing.lamb', 'vocabulary', 0, 0),
('dime.find.subtype.fibula.healing.other', 'vocabulary', 0, 0),
('dime.find.subtype.fibula.healing.urnes', 'vocabulary', 0, 0),
('dime.find.subtype.fibula.other', 'vocabulary', 0, 0),
('dime.find.subtype.fibula.plate', 'vocabulary', 0, 0),
('dime.find.subtype.fibula.plate.bird', 'vocabulary', 0, 0),
('dime.find.subtype.fibula.plate.circular', 'vocabulary', 0, 0),
('dime.find.subtype.fibula.plate.coin', 'vocabulary', 0, 0),
('dime.find.subtype.fibula.plate.horse', 'vocabulary', 0, 0),
('dime.find.subtype.fibula.plate.other', 'vocabulary', 0, 0),
('dime.find.subtype.fibula.plate.oval', 'vocabulary', 0, 0),
('dime.find.subtype.fibula.plate.rhede', 'vocabulary', 0, 0),
('dime.find.subtype.fibula.plate.rectangular', 'vocabulary', 0, 0),
('dime.find.subtype.fibula.plate.ship', 'vocabulary', 0, 0),
('dime.find.subtype.fibula.plate.snake', 'vocabulary', 0, 0),
('dime.find.subtype.fibula.plate.swastika', 'vocabulary', 0, 0),
('dime.find.subtype.fibula.plate.tongue', 'vocabulary', 0, 0),
('dime.find.subtype.fibula.plate.valkyrie', 'vocabulary', 0, 0),
('dime.find.subtype.fibula.ring', 'vocabulary', 0, 0),
('dime.find.subtype.fibula.ring.circular', 'vocabulary', 0, 0),
('dime.find.subtype.fibula.ring.heart', 'vocabulary', 0, 0),
('dime.find.subtype.fibula.ring.other', 'vocabulary', 0, 0),
('dime.find.subtype.fibula.ring.star', 'vocabulary', 0, 0),
('dime.find.subtype.fibula.trilobal', 'vocabulary', 0, 0),
('dime.find.subtype.fibula.viking', 'vocabulary', 0, 0),
('dime.find.subtype.fibula.viking.other', 'vocabulary', 0, 0),
('dime.find.subtype.fibula.viking.rhombic', 'vocabulary', 0, 0),
('dime.find.subtype.fibula.viking.ring', 'vocabulary', 0, 0),
('dime.find.subtype.fibula.viking.roof', 'vocabulary', 0, 0),
('dime.find.subtype.metal.ingot', 'vocabulary', 0, 0),
('dime.find.subtype.metal.mold', 'vocabulary', 0, 0),
('dime.find.subtype.metal.other', 'vocabulary', 0, 0),
('dime.find.subtype.metal.rest', 'vocabulary', 0, 0),
('dime.find.subtype.metal.slag', 'vocabulary', 0, 0),
('dime.find.subtype.metal.tin', 'vocabulary', 0, 0),
('dime.find.subtype.military.ammunition', 'vocabulary', 0, 0),
('dime.find.subtype.military.armor', 'vocabulary', 0, 0),
('dime.find.subtype.military.arrow', 'vocabulary', 0, 0),
('dime.find.subtype.military.firearm', 'vocabulary', 0, 0),
('dime.find.subtype.military.fitting', 'vocabulary', 0, 0),
('dime.find.subtype.military.fitting.other', 'vocabulary', 0, 0),
('dime.find.subtype.military.fitting.sheath', 'vocabulary', 0, 0),
('dime.find.subtype.military.fitting.uniform', 'vocabulary', 0, 0),
('dime.find.subtype.military.helmet', 'vocabulary', 0, 0),
('dime.find.subtype.military.melee', 'vocabulary', 0, 0),
('dime.find.subtype.military.melee.axe', 'vocabulary', 0, 0),
('dime.find.subtype.military.melee.blunt', 'vocabulary', 0, 0),
('dime.find.subtype.military.melee.knife', 'vocabulary', 0, 0),
('dime.find.subtype.military.melee.other', 'vocabulary', 0, 0),
('dime.find.subtype.military.melee.pointed', 'vocabulary', 0, 0),
('dime.find.subtype.military.melee.sword', 'vocabulary', 0, 0),
('dime.find.subtype.military.other', 'vocabulary', 0, 0),
('dime.find.subtype.military.shield', 'vocabulary', 0, 0),
('dime.find.subtype.tool.equestrian', 'vocabulary', 0, 0),
('dime.find.subtype.tool.equestrian.bell', 'vocabulary', 0, 0),
('dime.find.subtype.tool.equestrian.bridle', 'vocabulary', 0, 0),
('dime.find.subtype.tool.equestrian.cheek', 'vocabulary', 0, 0),
('dime.find.subtype.tool.equestrian.other', 'vocabulary', 0, 0),
('dime.find.subtype.tool.equestrian.shoe', 'vocabulary', 0, 0),
('dime.find.subtype.tool.equestrian.stirrup', 'vocabulary', 0, 0),
('dime.find.subtype.tool.equestrian.tack', 'vocabulary', 0, 0),
('dime.find.subtype.tool.house', 'vocabulary', 0, 0),
('dime.find.subtype.tool.house.crockery', 'vocabulary', 0, 0),
('dime.find.subtype.tool.house.cutlery', 'vocabulary', 0, 0),
('dime.find.subtype.tool.house.fixtures', 'vocabulary', 0, 0),
('dime.find.subtype.tool.house.key', 'vocabulary', 0, 0),
('dime.find.subtype.tool.house.knife', 'vocabulary', 0, 0),
('dime.find.subtype.tool.house.light', 'vocabulary', 0, 0),
('dime.find.subtype.tool.house.lock', 'vocabulary', 0, 0),
('dime.find.subtype.tool.house.other', 'vocabulary', 0, 0),
('dime.find.subtype.tool.house.pot', 'vocabulary', 0, 0),
('dime.find.subtype.tool.house.scissors', 'vocabulary', 0, 0),
('dime.find.subtype.tool.house.striker', 'vocabulary', 0, 0),
('dime.find.subtype.tool.measure', 'vocabulary', 0, 0),
('dime.find.subtype.tool.measure.clip', 'vocabulary', 0, 0),
('dime.find.subtype.tool.measure.ingot', 'vocabulary', 0, 0),
('dime.find.subtype.tool.measure.scale', 'vocabulary', 0, 0),
('dime.find.subtype.tool.measure.weight', 'vocabulary', 0, 0),
('dime.find.subtype.tool.other', 'vocabulary', 0, 0),
('dime.find.subtype.tool.textile', 'vocabulary', 0, 0),
('dime.find.subtype.tool.textile.case', 'vocabulary', 0, 0),
('dime.find.subtype.tool.textile.needle', 'vocabulary', 0, 0),
('dime.find.subtype.tool.textile.scissors', 'vocabulary', 0, 0),
('dime.find.subtype.tool.textile.thimble', 'vocabulary', 0, 0),
('dime.find.subtype.tool.textile.whorl', 'vocabulary', 0, 0),
('dime.find.subtype.tool.toilet', 'vocabulary', 0, 0),
('dime.find.subtype.tool.toilet.comb', 'vocabulary', 0, 0),
('dime.find.subtype.tool.toilet.ear', 'vocabulary', 0, 0),
('dime.find.subtype.tool.toilet.other', 'vocabulary', 0, 0),
('dime.find.subtype.tool.toilet.razor', 'vocabulary', 0, 0),
('dime.find.subtype.tool.toilet.tweezers', 'vocabulary', 0, 0),
('dime.find.subtype.tool.toy', 'vocabulary', 0, 0),
('dime.find.subtype.tool.toy.counter', 'vocabulary', 0, 0),
('dime.find.subtype.tool.toy.dice', 'vocabulary', 0, 0),
('dime.find.subtype.tool.toy.other', 'vocabulary', 0, 0),
('dime.find.subtype.tool.work', 'vocabulary', 0, 0),
('dime.find.subtype.tool.work.axe', 'vocabulary', 0, 0),
('dime.find.subtype.tool.work.chisel', 'vocabulary', 0, 0),
('dime.find.subtype.tool.work.drill', 'vocabulary', 0, 0),
('dime.find.subtype.tool.work.fitting', 'vocabulary', 0, 0),
('dime.find.subtype.tool.work.hammer', 'vocabulary', 0, 0),
('dime.find.subtype.tool.work.knife', 'vocabulary', 0, 0),
('dime.find.subtype.tool.work.nail', 'vocabulary', 0, 0),
('dime.find.subtype.tool.work.other', 'vocabulary', 0, 0),
('dime.find.subtype.tool.work.pliars', 'vocabulary', 0, 0),
('dime.find.subtype.tool.work.rivet', 'vocabulary', 0, 0),
('dime.find.subtype.tool.work.sickle', 'vocabulary', 0, 0),
('dime.find.subtype.tool.writing', 'vocabulary', 0, 0),
('dime.find.subtype.tool.writing.bylamulet', 'vocabulary', 0, 0),
('dime.find.subtype.tool.writing.clasp', 'vocabulary', 0, 0),
('dime.find.subtype.tool.writing.guldgubbe', 'vocabulary', 0, 0),
('dime.find.subtype.tool.writing.runebrev', 'vocabulary', 0, 0),
('dime.find.subtype.tool.writing.seal', 'vocabulary', 0, 0),
('dime.find.subtype.tool.writing.stamp', 'vocabulary', 0, 0),
('dime.find.subtype.tool.writing.stylus', 'vocabulary', 0, 0),
('dime.find.treasure', 'dime', 0, 0),
('dime.find.type', 'dime', 0, 0),
('dime.find.type.accessory', 'vocabulary', 0, 0),
('dime.find.type.coin', 'vocabulary', 0, 0),
('dime.find.type.fibula', 'vocabulary', 0, 0),
('dime.find.type.metal', 'vocabulary', 0, 0),
('dime.find.type.military', 'vocabulary', 0, 0),
('dime.find.type.tool', 'vocabulary', 0, 0),
('dime.find.update', 'dime', 0, 0),
('dime.find.update.success', 'dime', 0, 0),
('dime.find.visibility', 'core', 0, 0),
('dime.find.weight', 'core', 0, 0),
('dime.home', 'dime', 0, 0),
('dime.home.alarm', 'dime', 0, 0),
('dime.home.faq', 'dime', 0, 0),
('dime.home.hvert', 'dime', 0, 0),
('dime.home.welcome', 'dime', 0, 0),
('dime.kommune.aabenraa', 'vocabulary', 0, 0),
('dime.kommune.aalborg', 'vocabulary', 0, 0),
('dime.kommune.aero', 'vocabulary', 0, 0),
('dime.kommune.albertslund', 'vocabulary', 0, 0),
('dime.kommune.allerod', 'vocabulary', 0, 0),
('dime.kommune.arhus', 'vocabulary', 0, 0),
('dime.kommune.assens', 'vocabulary', 0, 0),
('dime.kommune.ballerup', 'vocabulary', 0, 0),
('dime.kommune.billund', 'vocabulary', 0, 0),
('dime.kommune.bornholm', 'vocabulary', 0, 0),
('dime.kommune.brondby', 'vocabulary', 0, 0),
('dime.kommune.bronderslev', 'vocabulary', 0, 0),
('dime.kommune.dragor', 'vocabulary', 0, 0),
('dime.kommune.egedal', 'vocabulary', 0, 0),
('dime.kommune.esbjerg', 'vocabulary', 0, 0),
('dime.kommune.faaborgmidtfyn', 'vocabulary', 0, 0),
('dime.kommune.fano', 'vocabulary', 0, 0),
('dime.kommune.favrskov', 'vocabulary', 0, 0),
('dime.kommune.faxe', 'vocabulary', 0, 0),
('dime.kommune.fredensborg', 'vocabulary', 0, 0),
('dime.kommune.fredericia', 'vocabulary', 0, 0),
('dime.kommune.frederiksbeg', 'vocabulary', 0, 0),
('dime.kommune.frederikshavn', 'vocabulary', 0, 0),
('dime.kommune.frederikssund', 'vocabulary', 0, 0),
('dime.kommune.fureso', 'vocabulary', 0, 0),
('dime.kommune.gentofte', 'vocabulary', 0, 0),
('dime.kommune.gladsaxe', 'vocabulary', 0, 0),
('dime.kommune.glostrup', 'vocabulary', 0, 0),
('dime.kommune.greve', 'vocabulary', 0, 0),
('dime.kommune.gribskov', 'vocabulary', 0, 0),
('dime.kommune.guldborgsund', 'vocabulary', 0, 0),
('dime.kommune.haderslev', 'vocabulary', 0, 0),
('dime.kommune.halsnaes', 'vocabulary', 0, 0),
('dime.kommune.hedensted', 'vocabulary', 0, 0),
('dime.kommune.helsingor', 'vocabulary', 0, 0),
('dime.kommune.herlev', 'vocabulary', 0, 0),
('dime.kommune.herning', 'vocabulary', 0, 0),
('dime.kommune.hillerod', 'vocabulary', 0, 0),
('dime.kommune.hjorring', 'vocabulary', 0, 0),
('dime.kommune.hojetaastrup', 'vocabulary', 0, 0),
('dime.kommune.holbaek', 'vocabulary', 0, 0),
('dime.kommune.holstebro', 'vocabulary', 0, 0),
('dime.kommune.horsens', 'vocabulary', 0, 0),
('dime.kommune.horsholm', 'vocabulary', 0, 0),
('dime.kommune.hvidovre', 'vocabulary', 0, 0),
('dime.kommune.ikastbrande', 'vocabulary', 0, 0),
('dime.kommune.ishoj', 'vocabulary', 0, 0),
('dime.kommune.jammerbugt', 'vocabulary', 0, 0),
('dime.kommune.kalundborg', 'vocabulary', 0, 0),
('dime.kommune.kerteminde', 'vocabulary', 0, 0),
('dime.kommune.kobenhavn', 'vocabulary', 0, 0),
('dime.kommune.koge', 'vocabulary', 0, 0),
('dime.kommune.kolding', 'vocabulary', 0, 0),
('dime.kommune.laeso', 'vocabulary', 0, 0),
('dime.kommune.langeland', 'vocabulary', 0, 0),
('dime.kommune.lejre', 'vocabulary', 0, 0),
('dime.kommune.lemvig', 'vocabulary', 0, 0),
('dime.kommune.lolland', 'vocabulary', 0, 0),
('dime.kommune.lyngbytaarbaek', 'vocabulary', 0, 0),
('dime.kommune.mariagerfjord', 'vocabulary', 0, 0),
('dime.kommune.middelfart', 'vocabulary', 0, 0),
('dime.kommune.morso', 'vocabulary', 0, 0),
('dime.kommune.naestved', 'vocabulary', 0, 0),
('dime.kommune.norddjurs', 'vocabulary', 0, 0),
('dime.kommune.nordfyns', 'vocabulary', 0, 0),
('dime.kommune.nyborg', 'vocabulary', 0, 0),
('dime.kommune.odder', 'vocabulary', 0, 0),
('dime.kommune.odense', 'vocabulary', 0, 0),
('dime.kommune.odsherred', 'vocabulary', 0, 0),
('dime.kommune.randers', 'vocabulary', 0, 0),
('dime.kommune.rebild', 'vocabulary', 0, 0),
('dime.kommune.ringkobingskjern', 'vocabulary', 0, 0),
('dime.kommune.ringsted', 'vocabulary', 0, 0),
('dime.kommune.rodovre', 'vocabulary', 0, 0),
('dime.kommune.roskilde', 'vocabulary', 0, 0),
('dime.kommune.rudersdal', 'vocabulary', 0, 0),
('dime.kommune.samso', 'vocabulary', 0, 0),
('dime.kommune.silkeborg', 'vocabulary', 0, 0),
('dime.kommune.skanderborg', 'vocabulary', 0, 0),
('dime.kommune.skive', 'vocabulary', 0, 0),
('dime.kommune.slagelse', 'vocabulary', 0, 0),
('dime.kommune.solrod', 'vocabulary', 0, 0),
('dime.kommune.sonderborg', 'vocabulary', 0, 0),
('dime.kommune.soro', 'vocabulary', 0, 0),
('dime.kommune.stevns', 'vocabulary', 0, 0),
('dime.kommune.struer', 'vocabulary', 0, 0),
('dime.kommune.svendborg', 'vocabulary', 0, 0),
('dime.kommune.syddjurs', 'vocabulary', 0, 0),
('dime.kommune.tarnby', 'vocabulary', 0, 0),
('dime.kommune.thisted', 'vocabulary', 0, 0),
('dime.kommune.tonder', 'vocabulary', 0, 0),
('dime.kommune.vallensbaek', 'vocabulary', 0, 0),
('dime.kommune.varde', 'vocabulary', 0, 0),
('dime.kommune.vejen', 'vocabulary', 0, 0),
('dime.kommune.vejle', 'vocabulary', 0, 0),
('dime.kommune.vesthimmerland', 'vocabulary', 0, 0),
('dime.kommune.viborg', 'vocabulary', 0, 0),
('dime.kommune.vordingborg', 'vocabulary', 0, 0),
('dime.krogager', 'dime', 0, 0),
('dime.map.layer.foraar', 'dime', 0, 0),
('dime.map.layer.skaermkort', 'dime', 0, 0),
('dime.map.public', 'core', 0, 0),
('dime.map.user', 'core', 0, 0),
('dime.material.aluminium', 'vocabulary', 0, 0),
('dime.material.copper', 'vocabulary', 0, 0),
('dime.material.copperalloy', 'vocabulary', 0, 0),
('dime.material.gold', 'vocabulary', 0, 0),
('dime.material.iron', 'vocabulary', 0, 0),
('dime.material.lead', 'vocabulary', 0, 0),
('dime.material.othermetal', 'vocabulary', 0, 0),
('dime.material.silver', 'vocabulary', 0, 0),
('dime.material.tin', 'vocabulary', 0, 0),
('dime.metaldetector', 'dime', 0, 0),
('dime.news', 'dime', 0, 0),
('dime.period', 'dime', 0, 0),
('dime.period.absolutism', 'vocabulary', 0, 0),
('dime.period.bronze', 'vocabulary', 0, 0),
('dime.period.bronze.1', 'vocabulary', 0, 0),
('dime.period.bronze.2', 'vocabulary', 0, 0),
('dime.period.bronze.3', 'vocabulary', 0, 0),
('dime.period.bronze.4', 'vocabulary', 0, 0),
('dime.period.bronze.5', 'vocabulary', 0, 0),
('dime.period.bronze.6', 'vocabulary', 0, 0),
('dime.period.bronze.early', 'vocabulary', 0, 0),
('dime.period.bronze.late', 'vocabulary', 0, 0),
('dime.period.historic', 'vocabulary', 0, 0),
('dime.period.industrial', 'vocabulary', 0, 0),
('dime.period.interwar', 'vocabulary', 0, 0),
('dime.period.iron', 'vocabulary', 0, 0),
('dime.period.iron.early', 'vocabulary', 0, 0),
('dime.period.iron.germainic', 'vocabulary', 0, 0),
('dime.period.iron.germainic.early', 'vocabulary', 0, 0),
('dime.period.iron.germainic.late', 'vocabulary', 0, 0),
('dime.period.iron.late', 'vocabulary', 0, 0),
('dime.period.iron.preroman', 'vocabulary', 0, 0),
('dime.period.iron.preroman.early', 'vocabulary', 0, 0),
('dime.period.iron.preroman.late', 'vocabulary', 0, 0),
('dime.period.iron.preroman.middle', 'vocabulary', 0, 0),
('dime.period.iron.roman', 'vocabulary', 0, 0),
('dime.period.iron.roman.early', 'vocabulary', 0, 0),
('dime.period.iron.roman.early.b1', 'vocabulary', 0, 0),
('dime.period.iron.roman.early.b2', 'vocabulary', 0, 0),
('dime.period.iron.roman.late', 'vocabulary', 0, 0),
('dime.period.iron.roman.late.c1', 'vocabulary', 0, 0),
('dime.period.iron.roman.late.c2', 'vocabulary', 0, 0),
('dime.period.iron.roman.late.c3', 'vocabulary', 0, 0),
('dime.period.medieval', 'vocabulary', 0, 0),
('dime.period.medieval.early', 'vocabulary', 0, 0),
('dime.period.medieval.high', 'vocabulary', 0, 0),
('dime.period.medieval.late', 'vocabulary', 0, 0),
('dime.period.mesolithic', 'vocabulary', 0, 0),
('dime.period.modern', 'vocabulary', 0, 0),
('dime.period.neolithic', 'vocabulary', 0, 0),
('dime.period.palaeolithic', 'vocabulary', 0, 0),
('dime.period.reformation', 'vocabulary', 0, 0),
('dime.period.stone', 'vocabulary', 0, 0),
('dime.period.undated', 'vocabulary', 0, 0),
('dime.period.viking', 'vocabulary', 0, 0),
('dime.period.viking.early', 'vocabulary', 0, 0),
('dime.period.viking.late', 'vocabulary', 0, 0),
('dime.period.viking.medieval', 'vocabulary', 0, 0),
('dime.period.welfare', 'vocabulary', 0, 0),
('dime.period.ww1', 'vocabulary', 0, 0),
('dime.period.ww2', 'vocabulary', 0, 0),
('dime.placeholder', 'dime', 0, 0),
('dime.profile', 'dime', 0, 0),
('dime.profiles', 'dime', 0, 0),
('dime.region.hovedstaden', 'vocabulary', 0, 0),
('dime.region.midtjylland', 'vocabulary', 0, 0),
('dime.region.nordjylland', 'vocabulary', 0, 0),
('dime.region.sjaelland', 'vocabulary', 0, 0),
('dime.region.syddanmark', 'vocabulary', 0, 0),
('dime.research', 'dime', 0, 0),
('dime.role.admin', 'core', 0, 0),
('dime.role.anon', 'core', 0, 0),
('dime.role.anonymous', 'dime', 0, 0),
('dime.role.appraiser', 'core', 0, 0),
('dime.role.curator', 'core', 0, 0),
('dime.role.detectorist', 'core', 0, 0),
('dime.role.registrar', 'core', 0, 0),
('dime.role.researcher', 'core', 0, 0),
('dime.save', 'dime', 0, 0),
('dime.schema.find', 'dime', 0, 0),
('dime.schema.image', 'dime', 0, 0),
('dime.schema.location', 'dime', 0, 0),
('dime.search', 'dime', 0, 0),
('dime.search.finds.mine', 'dime', 0, 0),
('dime.supportedby', 'dime', 0, 0),
('dime.treasure', 'dime', 0, 0),
('dime.treasure.appraisal', 'vocabulary', 0, 0),
('dime.treasure.not', 'vocabulary', 0, 0),
('dime.treasure.pending', 'vocabulary', 0, 0),
('dime.treasure.treasure', 'vocabulary', 0, 0),
('dime.user.actor.museum', 'dime', 0, 0),
('dime.user.login', 'dime', 0, 0),
('dime.user.name', 'dime', 0, 0),
('dime.user.password', 'dime', 0, 0),
('dime.user.password.forgot', 'dime', 0, 0),
('dime.user.profile', 'dime', 0, 0),
('dime.user.register', 'dime', 0, 0),
('dime.user.register.success', 'dime', 0, 0),
('dime.user.terms', 'dime', 0, 0),
('dime.user.terms.v1', 'dime', 0, 0),
('dime.user.update.success', 'dime', 0, 0),
('file.type.audio', 'core', 0, 0),
('file.type.document', 'core', 0, 0),
('file.type.image', 'core', 0, 0),
('file.type.other', 'core', 0, 0),
('file.type.text', 'core', 0, 0),
('file.type.video', 'core', 0, 0),
('find.gotofind', 'dime', 0, 0),
('form.select.optional', 'dime', 0, 0),
('form.select.required', 'dime', 0, 0),
('format.address', 'core', 0, 0),
('format.address.city', 'core', 0, 0),
('format.address.country', 'core', 0, 0),
('format.address.street', 'core', 0, 0),
('format.blob', 'core', 0, 0),
('format.boolean', 'core', 0, 0),
('format.classification.class', 'core', 0, 0),
('format.classification.classified', 'core', 0, 0),
('format.colour', 'core', 0, 0),
('format.date', 'core', 0, 0),
('format.datetime', 'core', 0, 0),
('format.dating', 'core', 0, 0),
('format.dating.dated', 'core', 0, 0),
('format.dating.period', 'core', 0, 0),
('format.dating.type', 'core', 0, 0),
('format.dating.year', 'core', 0, 0),
('format.decimal', 'core', 0, 0),
('format.description.described', 'core', 0, 0),
('format.description.text', 'core', 0, 0),
('format.distance', 'core', 0, 0),
('format.email', 'core', 0, 0),
('format.event', 'core', 0, 0),
('format.file', 'core', 0, 0),
('format.fileversion', 'core', 0, 0),
('format.fileversion.created', 'core', 0, 0),
('format.fileversion.creator', 'core', 0, 0),
('format.fileversion.expires', 'core', 0, 0),
('format.fileversion.modified', 'core', 0, 0),
('format.fileversion.modifier', 'core', 0, 0),
('format.fileversion.name', 'core', 0, 0),
('format.fileversion.sequence', 'core', 0, 0),
('format.fileversion.string', 'core', 0, 0),
('format.float', 'core', 0, 0),
('format.geometry', 'core', 0, 0),
('format.html', 'core', 0, 0),
('format.identifier', 'core', 0, 0),
('format.image', 'core', 0, 0),
('format.integer', 'core', 0, 0),
('format.item', 'core', 0, 0),
('format.key', 'core', 0, 0),
('format.localtext', 'core', 0, 0),
('format.markdown', 'core', 0, 0),
('format.mass', 'core', 0, 0),
('format.module', 'core', 0, 0),
('format.money', 'core', 0, 0),
('format.ordinaldate', 'core', 0, 0),
('format.password', 'core', 0, 0),
('format.percent', 'core', 0, 0),
('format.recipient', 'core', 0, 0),
('format.recipient.read_on', 'core', 0, 0),
('format.recipient.sent_to', 'core', 0, 0),
('format.recipient.status', 'core', 0, 0),
('format.richtext', 'core', 0, 0),
('format.search', 'core', 0, 0),
('format.shortlocaltext', 'core', 0, 0),
('format.shorttext', 'core', 0, 0),
('format.string', 'core', 0, 0),
('format.telephone', 'core', 0, 0),
('format.text', 'core', 0, 0),
('format.time', 'core', 0, 0),
('format.url', 'core', 0, 0),
('format.weekdate', 'core', 0, 0),
('format.wkt', 'core', 0, 0),
('format.year', 'core', 0, 0),
('format.yearmonth', 'core', 0, 0),
('format.yearspan', 'core', 0, 0),
('format.yearweek', 'core', 0, 0),
('fragment.blob', 'core', 0, 0),
('fragment.boolean', 'core', 0, 0),
('fragment.date', 'core', 0, 0),
('fragment.datetime', 'core', 0, 0),
('fragment.decimal', 'core', 0, 0),
('fragment.float', 'core', 0, 0),
('fragment.geometry', 'core', 0, 0),
('fragment.integer', 'core', 0, 0),
('fragment.item', 'core', 0, 0),
('fragment.object', 'core', 0, 0),
('fragment.string', 'core', 0, 0),
('fragment.text', 'core', 0, 0),
('fragment.time', 'core', 0, 0),
('language.abkhazian', 'vocabulary', 0, 0),
('language.achinese', 'vocabulary', 0, 0),
('language.acoli', 'vocabulary', 0, 0),
('language.adangme', 'vocabulary', 0, 0),
('language.adyghe', 'vocabulary', 0, 0),
('language.afar', 'vocabulary', 0, 0),
('language.afrihili', 'vocabulary', 0, 0),
('language.afrikaans', 'vocabulary', 0, 0),
('language.aghem', 'vocabulary', 0, 0),
('language.ainu', 'vocabulary', 0, 0);
INSERT INTO `ark_translation` (`keyword`, `domain`, `is_plural`, `has_parameters`) VALUES
('language.akan', 'vocabulary', 0, 0),
('language.akkadian', 'vocabulary', 0, 0),
('language.akoose', 'vocabulary', 0, 0),
('language.alabama', 'vocabulary', 0, 0),
('language.albanian', 'vocabulary', 0, 0),
('language.albanian.gheg', 'vocabulary', 0, 0),
('language.aleut', 'vocabulary', 0, 0),
('language.altai.southern', 'vocabulary', 0, 0),
('language.amharic', 'vocabulary', 0, 0),
('language.angika', 'vocabulary', 0, 0),
('language.aonaga', 'vocabulary', 0, 0),
('language.arabic', 'vocabulary', 0, 0),
('language.arabic.algerian', 'vocabulary', 0, 0),
('language.arabic.chadian', 'vocabulary', 0, 0),
('language.arabic.egyptian', 'vocabulary', 0, 0),
('language.arabic.modern', 'vocabulary', 0, 0),
('language.arabic.moroccan', 'vocabulary', 0, 0),
('language.arabic.tunisian', 'vocabulary', 0, 0),
('language.aragonese', 'vocabulary', 0, 0),
('language.aramaic', 'vocabulary', 0, 0),
('language.aramaic.samaritan', 'vocabulary', 0, 0),
('language.araona', 'vocabulary', 0, 0),
('language.arapaho', 'vocabulary', 0, 0),
('language.arawak', 'vocabulary', 0, 0),
('language.armenian', 'vocabulary', 0, 0),
('language.aromanian', 'vocabulary', 0, 0),
('language.arpitan', 'vocabulary', 0, 0),
('language.assamese', 'vocabulary', 0, 0),
('language.asturian', 'vocabulary', 0, 0),
('language.asu', 'vocabulary', 0, 0),
('language.atsam', 'vocabulary', 0, 0),
('language.avaric', 'vocabulary', 0, 0),
('language.avestan', 'vocabulary', 0, 0),
('language.awadhi', 'vocabulary', 0, 0),
('language.aymara', 'vocabulary', 0, 0),
('language.azerbaijani', 'vocabulary', 0, 0),
('language.badaga', 'vocabulary', 0, 0),
('language.bafia', 'vocabulary', 0, 0),
('language.bafut', 'vocabulary', 0, 0),
('language.bakhtiari', 'vocabulary', 0, 0),
('language.balinese', 'vocabulary', 0, 0),
('language.balochi.western', 'vocabulary', 0, 0),
('language.baluchi', 'vocabulary', 0, 0),
('language.bambara', 'vocabulary', 0, 0),
('language.bamun', 'vocabulary', 0, 0),
('language.banjar', 'vocabulary', 0, 0),
('language.basaa', 'vocabulary', 0, 0),
('language.bashkir', 'vocabulary', 0, 0),
('language.basque', 'vocabulary', 0, 0),
('language.bataktoba', 'vocabulary', 0, 0),
('language.bavarian', 'vocabulary', 0, 0),
('language.beja', 'vocabulary', 0, 0),
('language.belarusian', 'vocabulary', 0, 0),
('language.bemba', 'vocabulary', 0, 0),
('language.bena', 'vocabulary', 0, 0),
('language.bengali', 'vocabulary', 0, 0),
('language.betawi', 'vocabulary', 0, 0),
('language.bhojpuri', 'vocabulary', 0, 0),
('language.bikol', 'vocabulary', 0, 0),
('language.bini', 'vocabulary', 0, 0),
('language.bishnupriya', 'vocabulary', 0, 0),
('language.bislama', 'vocabulary', 0, 0),
('language.blin', 'vocabulary', 0, 0),
('language.blissymbols', 'vocabulary', 0, 0),
('language.bodo', 'vocabulary', 0, 0),
('language.bosnian', 'vocabulary', 0, 0),
('language.brahui', 'vocabulary', 0, 0),
('language.braj', 'vocabulary', 0, 0),
('language.breton', 'vocabulary', 0, 0),
('language.buginese', 'vocabulary', 0, 0),
('language.bulgarian', 'vocabulary', 0, 0),
('language.bulu', 'vocabulary', 0, 0),
('language.buriat', 'vocabulary', 0, 0),
('language.burmese', 'vocabulary', 0, 0),
('language.caddo', 'vocabulary', 0, 0),
('language.cantonese', 'vocabulary', 0, 0),
('language.capiznon', 'vocabulary', 0, 0),
('language.carib', 'vocabulary', 0, 0),
('language.catalan', 'vocabulary', 0, 0),
('language.cayuga', 'vocabulary', 0, 0),
('language.cebuano', 'vocabulary', 0, 0),
('language.chagatai', 'vocabulary', 0, 0),
('language.chamorro', 'vocabulary', 0, 0),
('language.chechen', 'vocabulary', 0, 0),
('language.cherokee', 'vocabulary', 0, 0),
('language.cheyenne', 'vocabulary', 0, 0),
('language.chibcha', 'vocabulary', 0, 0),
('language.chiga', 'vocabulary', 0, 0),
('language.chiini.koyra', 'vocabulary', 0, 0),
('language.chinese', 'vocabulary', 0, 0),
('language.chinese.gan', 'vocabulary', 0, 0),
('language.chinese.hakka', 'vocabulary', 0, 0),
('language.chinese.literary', 'vocabulary', 0, 0),
('language.chinese.minnan', 'vocabulary', 0, 0),
('language.chinese.simplified', 'vocabulary', 0, 0),
('language.chinese.traditional', 'vocabulary', 0, 0),
('language.chinese.wu', 'vocabulary', 0, 0),
('language.chinese.xiang', 'vocabulary', 0, 0),
('language.chipewyan', 'vocabulary', 0, 0),
('language.choctaw', 'vocabulary', 0, 0),
('language.chuukese', 'vocabulary', 0, 0),
('language.chuvash', 'vocabulary', 0, 0),
('language.colognian', 'vocabulary', 0, 0),
('language.comorian', 'vocabulary', 0, 0),
('language.coptic', 'vocabulary', 0, 0),
('language.cornish', 'vocabulary', 0, 0),
('language.corsican', 'vocabulary', 0, 0),
('language.cree', 'vocabulary', 0, 0),
('language.creek', 'vocabulary', 0, 0),
('language.creole.haitian', 'vocabulary', 0, 0),
('language.croatian', 'vocabulary', 0, 0),
('language.czech', 'vocabulary', 0, 0),
('language.dakota', 'vocabulary', 0, 0),
('language.danish', 'vocabulary', 0, 0),
('language.dargwa', 'vocabulary', 0, 0),
('language.dari.zoroastrian', 'vocabulary', 0, 0),
('language.dazaga', 'vocabulary', 0, 0),
('language.delaware', 'vocabulary', 0, 0),
('language.dinka', 'vocabulary', 0, 0),
('language.divehi', 'vocabulary', 0, 0),
('language.dogri', 'vocabulary', 0, 0),
('language.dogrib', 'vocabulary', 0, 0),
('language.duala', 'vocabulary', 0, 0),
('language.dusun.central', 'vocabulary', 0, 0),
('language.dutch', 'vocabulary', 0, 0),
('language.dutch.middle', 'vocabulary', 0, 0),
('language.dyula', 'vocabulary', 0, 0),
('language.dzongkha', 'vocabulary', 0, 0),
('language.efik', 'vocabulary', 0, 0),
('language.egyptian.ancient', 'vocabulary', 0, 0),
('language.ekajuk', 'vocabulary', 0, 0),
('language.elamite', 'vocabulary', 0, 0),
('language.embu', 'vocabulary', 0, 0),
('language.emilian', 'vocabulary', 0, 0),
('language.english', 'vocabulary', 0, 0),
('language.english.american', 'vocabulary', 0, 0),
('language.english.australian', 'vocabulary', 0, 0),
('language.english.british', 'vocabulary', 0, 0),
('language.english.canadian', 'vocabulary', 0, 0),
('language.english.jamaicancreole ', 'vocabulary', 0, 0),
('language.english.middle', 'vocabulary', 0, 0),
('language.english.old', 'vocabulary', 0, 0),
('language.erzya', 'vocabulary', 0, 0),
('language.esperanto', 'vocabulary', 0, 0),
('language.estonian', 'vocabulary', 0, 0),
('language.ewe', 'vocabulary', 0, 0),
('language.ewondo', 'vocabulary', 0, 0),
('language.extremaduran', 'vocabulary', 0, 0),
('language.fang', 'vocabulary', 0, 0),
('language.fanti', 'vocabulary', 0, 0),
('language.faroese', 'vocabulary', 0, 0),
('language.fijian', 'vocabulary', 0, 0),
('language.filipino', 'vocabulary', 0, 0),
('language.finnish', 'vocabulary', 0, 0),
('language.finnish.tornedalen', 'vocabulary', 0, 0),
('language.flemish', 'vocabulary', 0, 0),
('language.flemish.west', 'vocabulary', 0, 0),
('language.fon', 'vocabulary', 0, 0),
('language.frafra', 'vocabulary', 0, 0),
('language.franconian.main', 'vocabulary', 0, 0),
('language.french', 'vocabulary', 0, 0),
('language.french.cajun', 'vocabulary', 0, 0),
('language.french.canadian', 'vocabulary', 0, 0),
('language.french.middle', 'vocabulary', 0, 0),
('language.french.old', 'vocabulary', 0, 0),
('language.french.swiss', 'vocabulary', 0, 0),
('language.frisian.eastern', 'vocabulary', 0, 0),
('language.frisian.northern', 'vocabulary', 0, 0),
('language.frisian.saterland', 'vocabulary', 0, 0),
('language.frisian.western', 'vocabulary', 0, 0),
('language.friulian', 'vocabulary', 0, 0),
('language.fulah', 'vocabulary', 0, 0),
('language.ga', 'vocabulary', 0, 0),
('language.gaelic.scottish', 'vocabulary', 0, 0),
('language.gagauz', 'vocabulary', 0, 0),
('language.galician', 'vocabulary', 0, 0),
('language.ganda', 'vocabulary', 0, 0),
('language.gayo', 'vocabulary', 0, 0),
('language.gbaya', 'vocabulary', 0, 0),
('language.geez', 'vocabulary', 0, 0),
('language.georgian', 'vocabulary', 0, 0),
('language.german', 'vocabulary', 0, 0),
('language.german.austrian', 'vocabulary', 0, 0),
('language.german.low', 'vocabulary', 0, 0),
('language.german.middlehigh', 'vocabulary', 0, 0),
('language.german.oldhigh', 'vocabulary', 0, 0),
('language.german.palatine', 'vocabulary', 0, 0),
('language.german.pennsylvania', 'vocabulary', 0, 0),
('language.german.swiss', 'vocabulary', 0, 0),
('language.german.swisshigh', 'vocabulary', 0, 0),
('language.ghomala', 'vocabulary', 0, 0),
('language.gilaki', 'vocabulary', 0, 0),
('language.gilbertese', 'vocabulary', 0, 0),
('language.gondi', 'vocabulary', 0, 0),
('language.gorontalo', 'vocabulary', 0, 0),
('language.gothic', 'vocabulary', 0, 0),
('language.grebo', 'vocabulary', 0, 0),
('language.greek', 'vocabulary', 0, 0),
('language.greek.ancient', 'vocabulary', 0, 0),
('language.guarani', 'vocabulary', 0, 0),
('language.gujarati', 'vocabulary', 0, 0),
('language.gusii', 'vocabulary', 0, 0),
('language.gwichin', 'vocabulary', 0, 0),
('language.haida', 'vocabulary', 0, 0),
('language.hausa', 'vocabulary', 0, 0),
('language.hawaiian', 'vocabulary', 0, 0),
('language.hebrew', 'vocabulary', 0, 0),
('language.herero', 'vocabulary', 0, 0),
('language.hiligaynon', 'vocabulary', 0, 0),
('language.hindi', 'vocabulary', 0, 0),
('language.hindi.fiji', 'vocabulary', 0, 0),
('language.hittite', 'vocabulary', 0, 0),
('language.hmong', 'vocabulary', 0, 0),
('language.hungarian', 'vocabulary', 0, 0),
('language.hupa', 'vocabulary', 0, 0),
('language.iban', 'vocabulary', 0, 0),
('language.ibibio', 'vocabulary', 0, 0),
('language.icelandic', 'vocabulary', 0, 0),
('language.ido', 'vocabulary', 0, 0),
('language.igbo', 'vocabulary', 0, 0),
('language.iloko', 'vocabulary', 0, 0),
('language.indonesian', 'vocabulary', 0, 0),
('language.ingrian', 'vocabulary', 0, 0),
('language.ingush', 'vocabulary', 0, 0),
('language.interlingua', 'vocabulary', 0, 0),
('language.interlingue', 'vocabulary', 0, 0),
('language.inuktitut', 'vocabulary', 0, 0),
('language.inupiaq', 'vocabulary', 0, 0),
('language.irish', 'vocabulary', 0, 0),
('language.irish.middle', 'vocabulary', 0, 0),
('language.irish.old', 'vocabulary', 0, 0),
('language.italian', 'vocabulary', 0, 0),
('language.japanese', 'vocabulary', 0, 0),
('language.jargon.chinook', 'vocabulary', 0, 0),
('language.javanese', 'vocabulary', 0, 0),
('language.jju', 'vocabulary', 0, 0),
('language.jolafonyi', 'vocabulary', 0, 0),
('language.judeoarabic', 'vocabulary', 0, 0),
('language.judeopersian', 'vocabulary', 0, 0),
('language.jutish', 'vocabulary', 0, 0),
('language.kabardian', 'vocabulary', 0, 0),
('language.kabuverdianu', 'vocabulary', 0, 0),
('language.kabyle', 'vocabulary', 0, 0),
('language.kachin', 'vocabulary', 0, 0),
('language.kaingang', 'vocabulary', 0, 0),
('language.kako', 'vocabulary', 0, 0),
('language.kalaallisut', 'vocabulary', 0, 0),
('language.kalenjin', 'vocabulary', 0, 0),
('language.kalmyk', 'vocabulary', 0, 0),
('language.kamba', 'vocabulary', 0, 0),
('language.kanembu', 'vocabulary', 0, 0),
('language.kannada', 'vocabulary', 0, 0),
('language.kanuri', 'vocabulary', 0, 0),
('language.karachaybalkar', 'vocabulary', 0, 0),
('language.karakalpak', 'vocabulary', 0, 0),
('language.karelian', 'vocabulary', 0, 0),
('language.kashmiri', 'vocabulary', 0, 0),
('language.kashubian', 'vocabulary', 0, 0),
('language.kawi', 'vocabulary', 0, 0),
('language.kazakh', 'vocabulary', 0, 0),
('language.kenyang', 'vocabulary', 0, 0),
('language.khasi', 'vocabulary', 0, 0),
('language.khmer', 'vocabulary', 0, 0),
('language.khotanese', 'vocabulary', 0, 0),
('language.khowar', 'vocabulary', 0, 0),
('language.kiche', 'vocabulary', 0, 0),
('language.kikuyu', 'vocabulary', 0, 0),
('language.kimbundu', 'vocabulary', 0, 0),
('language.kinaraya', 'vocabulary', 0, 0),
('language.kinyarwanda', 'vocabulary', 0, 0),
('language.kirmanjki', 'vocabulary', 0, 0),
('language.klingon', 'vocabulary', 0, 0),
('language.kom', 'vocabulary', 0, 0),
('language.komi', 'vocabulary', 0, 0),
('language.komi.permyak', 'vocabulary', 0, 0),
('language.kongo', 'vocabulary', 0, 0),
('language.konkani', 'vocabulary', 0, 0),
('language.konkani.goan', 'vocabulary', 0, 0),
('language.korean', 'vocabulary', 0, 0),
('language.koro', 'vocabulary', 0, 0),
('language.kosraean', 'vocabulary', 0, 0),
('language.kotava', 'vocabulary', 0, 0),
('language.kpelle', 'vocabulary', 0, 0),
('language.krio', 'vocabulary', 0, 0),
('language.kuanyama', 'vocabulary', 0, 0),
('language.kumyk', 'vocabulary', 0, 0),
('language.kurdish', 'vocabulary', 0, 0),
('language.kurdish.central', 'vocabulary', 0, 0),
('language.kurukh', 'vocabulary', 0, 0),
('language.kutenai', 'vocabulary', 0, 0),
('language.kwasio', 'vocabulary', 0, 0),
('language.kyrgyz', 'vocabulary', 0, 0),
('language.ladino', 'vocabulary', 0, 0),
('language.lahnda', 'vocabulary', 0, 0),
('language.lakota', 'vocabulary', 0, 0),
('language.lamba', 'vocabulary', 0, 0),
('language.langi', 'vocabulary', 0, 0),
('language.lao', 'vocabulary', 0, 0),
('language.latgalian', 'vocabulary', 0, 0),
('language.latin', 'vocabulary', 0, 0),
('language.latvian', 'vocabulary', 0, 0),
('language.laz', 'vocabulary', 0, 0),
('language.lezghian', 'vocabulary', 0, 0),
('language.ligurian', 'vocabulary', 0, 0),
('language.limburgish', 'vocabulary', 0, 0),
('language.lingala', 'vocabulary', 0, 0),
('language.linguafranca.nova', 'vocabulary', 0, 0),
('language.lithuanian', 'vocabulary', 0, 0),
('language.livonian', 'vocabulary', 0, 0),
('language.lojban', 'vocabulary', 0, 0),
('language.lombard', 'vocabulary', 0, 0),
('language.lozi', 'vocabulary', 0, 0),
('language.luba.katanga', 'vocabulary', 0, 0),
('language.luba.lulua', 'vocabulary', 0, 0),
('language.luiseno', 'vocabulary', 0, 0),
('language.lunda', 'vocabulary', 0, 0),
('language.luo', 'vocabulary', 0, 0),
('language.luri.northern', 'vocabulary', 0, 0),
('language.luxembourgish', 'vocabulary', 0, 0),
('language.luyia', 'vocabulary', 0, 0),
('language.maba', 'vocabulary', 0, 0),
('language.macedonian', 'vocabulary', 0, 0),
('language.machame', 'vocabulary', 0, 0),
('language.madurese', 'vocabulary', 0, 0),
('language.mafa', 'vocabulary', 0, 0),
('language.magahi', 'vocabulary', 0, 0),
('language.maithili', 'vocabulary', 0, 0),
('language.makasar', 'vocabulary', 0, 0),
('language.makhuwameetto', 'vocabulary', 0, 0),
('language.makonde', 'vocabulary', 0, 0),
('language.malagasy', 'vocabulary', 0, 0),
('language.malay', 'vocabulary', 0, 0),
('language.malayalam', 'vocabulary', 0, 0),
('language.maltese', 'vocabulary', 0, 0),
('language.manchu', 'vocabulary', 0, 0),
('language.mandar', 'vocabulary', 0, 0),
('language.mandingo', 'vocabulary', 0, 0),
('language.manipuri', 'vocabulary', 0, 0),
('language.manx', 'vocabulary', 0, 0),
('language.maori', 'vocabulary', 0, 0),
('language.mapuche', 'vocabulary', 0, 0),
('language.marathi', 'vocabulary', 0, 0),
('language.mari', 'vocabulary', 0, 0),
('language.mari.western', 'vocabulary', 0, 0),
('language.marshallese', 'vocabulary', 0, 0),
('language.marwari', 'vocabulary', 0, 0),
('language.masai', 'vocabulary', 0, 0),
('language.mazanderani', 'vocabulary', 0, 0),
('language.medumba', 'vocabulary', 0, 0),
('language.mende', 'vocabulary', 0, 0),
('language.mentawai', 'vocabulary', 0, 0),
('language.meru', 'vocabulary', 0, 0),
('language.meta', 'vocabulary', 0, 0),
('language.micmac', 'vocabulary', 0, 0),
('language.minangkabau', 'vocabulary', 0, 0),
('language.mingrelian', 'vocabulary', 0, 0),
('language.mirandese', 'vocabulary', 0, 0),
('language.mizo', 'vocabulary', 0, 0),
('language.mohawk', 'vocabulary', 0, 0),
('language.moksha', 'vocabulary', 0, 0),
('language.moldavian', 'vocabulary', 0, 0),
('language.mongo', 'vocabulary', 0, 0),
('language.mongolian', 'vocabulary', 0, 0),
('language.morisyen', 'vocabulary', 0, 0),
('language.mossi', 'vocabulary', 0, 0),
('language.motu.hiri', 'vocabulary', 0, 0),
('language.multiple', 'vocabulary', 0, 0),
('language.mundang', 'vocabulary', 0, 0),
('language.myene', 'vocabulary', 0, 0),
('language.nama', 'vocabulary', 0, 0),
('language.nauru', 'vocabulary', 0, 0),
('language.navajo', 'vocabulary', 0, 0),
('language.ndebele.north', 'vocabulary', 0, 0),
('language.ndebele.south', 'vocabulary', 0, 0),
('language.ndonga', 'vocabulary', 0, 0),
('language.neapolitan', 'vocabulary', 0, 0),
('language.nepali', 'vocabulary', 0, 0),
('language.newari', 'vocabulary', 0, 0),
('language.newari.classical', 'vocabulary', 0, 0),
('language.ngambay', 'vocabulary', 0, 0),
('language.ngiemboon', 'vocabulary', 0, 0),
('language.ngomba', 'vocabulary', 0, 0),
('language.nheengatu', 'vocabulary', 0, 0),
('language.nias', 'vocabulary', 0, 0),
('language.niuean', 'vocabulary', 0, 0),
('language.nko', 'vocabulary', 0, 0),
('language.nogai', 'vocabulary', 0, 0),
('language.none', 'vocabulary', 0, 0),
('language.norse.old', 'vocabulary', 0, 0),
('language.northern sami', 'vocabulary', 0, 0),
('language.norwegian', 'vocabulary', 0, 0),
('language.norwegian.bokml', 'vocabulary', 0, 0),
('language.norwegian.nynorsk', 'vocabulary', 0, 0),
('language.novial', 'vocabulary', 0, 0),
('language.nuer', 'vocabulary', 0, 0),
('language.nyamwezi', 'vocabulary', 0, 0),
('language.nyanja', 'vocabulary', 0, 0),
('language.nyankole', 'vocabulary', 0, 0),
('language.nyoro', 'vocabulary', 0, 0),
('language.nzima', 'vocabulary', 0, 0),
('language.occitan', 'vocabulary', 0, 0),
('language.ojibwa', 'vocabulary', 0, 0),
('language.oriya', 'vocabulary', 0, 0),
('language.oromo', 'vocabulary', 0, 0),
('language.osage', 'vocabulary', 0, 0),
('language.ossetic', 'vocabulary', 0, 0),
('language.pahlavi', 'vocabulary', 0, 0),
('language.palauan', 'vocabulary', 0, 0),
('language.pali', 'vocabulary', 0, 0),
('language.pampanga', 'vocabulary', 0, 0),
('language.pangasinan', 'vocabulary', 0, 0),
('language.papiamento', 'vocabulary', 0, 0),
('language.pashto', 'vocabulary', 0, 0),
('language.persian', 'vocabulary', 0, 0),
('language.persian.old', 'vocabulary', 0, 0),
('language.phoenician', 'vocabulary', 0, 0),
('language.picard', 'vocabulary', 0, 0),
('language.piedmontese', 'vocabulary', 0, 0),
('language.pisin.tok', 'vocabulary', 0, 0),
('language.plautdietsch', 'vocabulary', 0, 0),
('language.pohnpeian', 'vocabulary', 0, 0),
('language.polish', 'vocabulary', 0, 0),
('language.pontic', 'vocabulary', 0, 0),
('language.portuguese', 'vocabulary', 0, 0),
('language.portuguese.brazilian', 'vocabulary', 0, 0),
('language.portuguese.european', 'vocabulary', 0, 0),
('language.provenal.old', 'vocabulary', 0, 0),
('language.prussian', 'vocabulary', 0, 0),
('language.punjabi', 'vocabulary', 0, 0),
('language.quechua', 'vocabulary', 0, 0),
('language.quichua.chimborazohighland', 'vocabulary', 0, 0),
('language.rajasthani', 'vocabulary', 0, 0),
('language.rapanui', 'vocabulary', 0, 0),
('language.rarotongan', 'vocabulary', 0, 0),
('language.riffian', 'vocabulary', 0, 0),
('language.romagnol', 'vocabulary', 0, 0),
('language.romanian', 'vocabulary', 0, 0),
('language.romansh', 'vocabulary', 0, 0),
('language.romany', 'vocabulary', 0, 0),
('language.rombo', 'vocabulary', 0, 0),
('language.root', 'vocabulary', 0, 0),
('language.rotuman', 'vocabulary', 0, 0),
('language.roviana', 'vocabulary', 0, 0),
('language.rundi', 'vocabulary', 0, 0),
('language.russian', 'vocabulary', 0, 0),
('language.rusyn', 'vocabulary', 0, 0),
('language.rwa', 'vocabulary', 0, 0),
('language.saho', 'vocabulary', 0, 0),
('language.sakha', 'vocabulary', 0, 0),
('language.samburu', 'vocabulary', 0, 0),
('language.sami.inari', 'vocabulary', 0, 0),
('language.sami.lule', 'vocabulary', 0, 0),
('language.sami.skolt', 'vocabulary', 0, 0),
('language.sami.southern', 'vocabulary', 0, 0),
('language.samoan', 'vocabulary', 0, 0),
('language.samogitian', 'vocabulary', 0, 0),
('language.sandawe', 'vocabulary', 0, 0),
('language.sango', 'vocabulary', 0, 0),
('language.sangu', 'vocabulary', 0, 0),
('language.sanskrit', 'vocabulary', 0, 0),
('language.santali', 'vocabulary', 0, 0),
('language.sardinian', 'vocabulary', 0, 0),
('language.sardinian.sassarese', 'vocabulary', 0, 0),
('language.sasak', 'vocabulary', 0, 0),
('language.saurashtra', 'vocabulary', 0, 0),
('language.saxon.low', 'vocabulary', 0, 0),
('language.scots', 'vocabulary', 0, 0),
('language.selayar', 'vocabulary', 0, 0),
('language.selkup', 'vocabulary', 0, 0),
('language.sena', 'vocabulary', 0, 0),
('language.seneca', 'vocabulary', 0, 0),
('language.senni.koyraboro', 'vocabulary', 0, 0),
('language.serbian', 'vocabulary', 0, 0),
('language.serbocroatian', 'vocabulary', 0, 0),
('language.serer', 'vocabulary', 0, 0),
('language.seri', 'vocabulary', 0, 0),
('language.shambala', 'vocabulary', 0, 0),
('language.shan', 'vocabulary', 0, 0),
('language.shona', 'vocabulary', 0, 0),
('language.sicilian', 'vocabulary', 0, 0),
('language.sidamo', 'vocabulary', 0, 0),
('language.siksika', 'vocabulary', 0, 0),
('language.silesian', 'vocabulary', 0, 0),
('language.silesian.lower', 'vocabulary', 0, 0),
('language.sindhi', 'vocabulary', 0, 0),
('language.sinhala', 'vocabulary', 0, 0),
('language.slave', 'vocabulary', 0, 0),
('language.slavic.church', 'vocabulary', 0, 0),
('language.slovak', 'vocabulary', 0, 0),
('language.slovenian', 'vocabulary', 0, 0),
('language.soga', 'vocabulary', 0, 0),
('language.sogdien', 'vocabulary', 0, 0),
('language.somali', 'vocabulary', 0, 0),
('language.soninke', 'vocabulary', 0, 0),
('language.sorbian.lower', 'vocabulary', 0, 0),
('language.sorbian.upper', 'vocabulary', 0, 0),
('language.sotho.northern', 'vocabulary', 0, 0),
('language.sotho.southern', 'vocabulary', 0, 0),
('language.southern kurdish', 'vocabulary', 0, 0),
('language.spanish', 'vocabulary', 0, 0),
('language.spanish.european', 'vocabulary', 0, 0),
('Language.spanish.latinamerican', 'vocabulary', 0, 0),
('language.spanish.mexican', 'vocabulary', 0, 0),
('language.sukuma', 'vocabulary', 0, 0),
('language.sumerian', 'vocabulary', 0, 0),
('language.sundanese', 'vocabulary', 0, 0),
('language.susu', 'vocabulary', 0, 0),
('language.swahili', 'vocabulary', 0, 0),
('language.swahili.congo', 'vocabulary', 0, 0),
('language.swati', 'vocabulary', 0, 0),
('language.swedish', 'vocabulary', 0, 0),
('language.syriac', 'vocabulary', 0, 0),
('language.syriac.classical', 'vocabulary', 0, 0),
('language.tachelhit', 'vocabulary', 0, 0),
('language.tagalog', 'vocabulary', 0, 0),
('language.tahitian', 'vocabulary', 0, 0),
('language.taita', 'vocabulary', 0, 0),
('language.tajik', 'vocabulary', 0, 0),
('language.talysh', 'vocabulary', 0, 0),
('language.tamashek', 'vocabulary', 0, 0),
('language.tamazight.centralatlas', 'vocabulary', 0, 0),
('language.tamazight.standardmoroccan', 'vocabulary', 0, 0),
('language.tamil', 'vocabulary', 0, 0),
('language.taroko', 'vocabulary', 0, 0),
('language.tasawaq', 'vocabulary', 0, 0),
('language.tat.muslim', 'vocabulary', 0, 0),
('language.tatar', 'vocabulary', 0, 0),
('language.telugu', 'vocabulary', 0, 0),
('language.tereno', 'vocabulary', 0, 0),
('language.teso', 'vocabulary', 0, 0),
('language.tetum', 'vocabulary', 0, 0),
('language.thai', 'vocabulary', 0, 0),
('language.tibetan', 'vocabulary', 0, 0),
('language.tigre', 'vocabulary', 0, 0),
('language.tigrinya', 'vocabulary', 0, 0),
('language.timne', 'vocabulary', 0, 0),
('language.tiv', 'vocabulary', 0, 0),
('language.tlingit', 'vocabulary', 0, 0),
('language.tokelau', 'vocabulary', 0, 0),
('language.tonga.nyasa', 'vocabulary', 0, 0),
('language.tongan', 'vocabulary', 0, 0),
('language.tongo.sranan', 'vocabulary', 0, 0),
('language.tsakhur', 'vocabulary', 0, 0),
('language.tsakonian', 'vocabulary', 0, 0),
('language.tsimshian', 'vocabulary', 0, 0),
('language.tsonga', 'vocabulary', 0, 0),
('language.tswana', 'vocabulary', 0, 0),
('language.tulu', 'vocabulary', 0, 0),
('language.tumbuka', 'vocabulary', 0, 0),
('language.turkish', 'vocabulary', 0, 0),
('language.turkish.crimean', 'vocabulary', 0, 0),
('language.turkish.ottoman', 'vocabulary', 0, 0),
('language.turkmen', 'vocabulary', 0, 0),
('language.turoyo', 'vocabulary', 0, 0),
('language.tuvalu', 'vocabulary', 0, 0),
('language.tuvinian', 'vocabulary', 0, 0),
('language.twi', 'vocabulary', 0, 0),
('language.tyap', 'vocabulary', 0, 0),
('language.udmurt', 'vocabulary', 0, 0),
('language.ugaritic', 'vocabulary', 0, 0),
('language.ukrainian', 'vocabulary', 0, 0),
('language.umbundu', 'vocabulary', 0, 0),
('language.unknown', 'vocabulary', 0, 0),
('language.urdu', 'vocabulary', 0, 0),
('language.uyghur', 'vocabulary', 0, 0),
('language.uzbek', 'vocabulary', 0, 0),
('language.vai', 'vocabulary', 0, 0),
('language.venda', 'vocabulary', 0, 0),
('language.venetian', 'vocabulary', 0, 0),
('language.veps', 'vocabulary', 0, 0),
('language.vietnamese', 'vocabulary', 0, 0),
('language.volapk', 'vocabulary', 0, 0),
('language.vro', 'vocabulary', 0, 0),
('language.votic', 'vocabulary', 0, 0),
('language.vunjo', 'vocabulary', 0, 0),
('language.walloon', 'vocabulary', 0, 0),
('language.walser', 'vocabulary', 0, 0),
('language.waray', 'vocabulary', 0, 0),
('language.warlpiri', 'vocabulary', 0, 0),
('language.washo', 'vocabulary', 0, 0),
('language.wayuu', 'vocabulary', 0, 0),
('language.welsh', 'vocabulary', 0, 0),
('language.wolaytta', 'vocabulary', 0, 0),
('language.wolof', 'vocabulary', 0, 0),
('language.xhosa', 'vocabulary', 0, 0),
('language.yangben', 'vocabulary', 0, 0),
('language.yao', 'vocabulary', 0, 0),
('language.yapese', 'vocabulary', 0, 0),
('language.yemba', 'vocabulary', 0, 0),
('language.yi.sichuan', 'vocabulary', 0, 0),
('language.yiddish', 'vocabulary', 0, 0),
('language.yoruba', 'vocabulary', 0, 0),
('language.yupik.central', 'vocabulary', 0, 0),
('language.zapotec', 'vocabulary', 0, 0),
('language.zarma', 'vocabulary', 0, 0),
('language.zaza', 'vocabulary', 0, 0),
('language.zeelandic', 'vocabulary', 0, 0),
('language.zenaga', 'vocabulary', 0, 0),
('language.zhuang', 'vocabulary', 0, 0),
('language.zulu', 'vocabulary', 0, 0),
('language.zuni', 'vocabulary', 0, 0),
('length.kilometre', 'vocabulary', 0, 0),
('length.metre', 'vocabulary', 0, 0),
('length.micrometre', 'vocabulary', 0, 0),
('length.millimetre', 'vocabulary', 0, 0),
('length.nanometre', 'vocabulary', 0, 0),
('map.layer.aerial', 'dime', 0, 0),
('map.layer.aerial.labels', 'dime', 0, 0),
('map.layer.bing.aerial', 'dime', 0, 0),
('map.layer.bing.aerialwithlabels', 'dime', 0, 0),
('map.layer.bing.road', 'dime', 0, 0),
('map.layer.foraar', 'dime', 0, 0),
('map.layer.road', 'dime', 0, 0),
('map.layer.skaermkort', 'dime', 0, 0),
('map.legend.max', 'dime', 0, 0),
('map.legend.min', 'dime', 0, 0),
('map.source.bing', 'core', 0, 0),
('map.source.kfs', 'core', 0, 0),
('map.style.choropleth', 'dime', 0, 0),
('map.style.distribution', 'dime', 0, 0),
('map.style.none', 'dime', 0, 0),
('mass.gram', 'vocabulary', 0, 0),
('mass.kilogram', 'vocabulary', 0, 0),
('mass.microgram', 'vocabulary', 0, 0),
('mass.milligram', 'vocabulary', 0, 0),
('mass.tonne', 'vocabulary', 0, 0),
('mediatype.image.jpeg', 'vocabulary', 0, 0),
('mediatype.image.png', 'vocabulary', 0, 0),
('mediatype.text.html', 'vocabulary', 0, 0),
('mediatype.text.plain', 'vocabulary', 0, 0),
('module.campaign', 'core', 0, 0),
('module.file', 'core', 0, 0),
('module.find', 'core', 0, 0),
('module.image', 'core', 0, 0),
('module.location', 'core', 0, 0),
('property.address', 'core', 0, 0),
('property.avatar', 'core', 0, 0),
('property.city', 'core', 0, 0),
('property.content', 'core', 0, 0),
('property.country', 'core', 0, 0),
('property.dateofbirth', 'core', 0, 0),
('property.id', 'core', 0, 0),
('property.initials', 'core', 0, 0),
('property.language', 'core', 0, 0),
('property.length', 'core', 0, 0),
('property.logo', 'core', 0, 0),
('property.module', 'core', 0, 0),
('property.name', 'core', 0, 0),
('property.phone', 'core', 0, 0),
('property.street', 'core', 0, 0),
('property.title', 'core', 0, 0),
('schema.file', 'core', 0, 0),
('search.placeholder', 'core', 0, 0),
('site.brand', 'core', 0, 0),
('site.welcome', 'core', 0, 0),
('spatial.format.geojson', 'vocabulary', 0, 0),
('spatial.format.gpx', 'vocabulary', 0, 0),
('spatial.format.wkt', 'vocabulary', 0, 0),
('test.test', 'dime', 0, 0),
('translation.domain.alias', 'core', 0, 0),
('translation.domain.core', 'core', 0, 0),
('translation.domain.dime', 'core', 0, 0),
('translation.domain.markup', 'core', 0, 0),
('translation.domain.user', 'core', 0, 0),
('translation.domain.vocabulary', 'core', 0, 0),
('translation.role.default', 'core', 0, 0),
('translation.role.description', 'core', 0, 0),
('translation.role.from', 'core', 0, 0),
('translation.role.negative', 'core', 0, 0),
('translation.role.official', 'core', 0, 0),
('translation.role.opposite', 'core', 0, 0),
('translation.role.positive', 'core', 0, 0),
('translation.role.resource', 'core', 0, 0),
('translation.role.title', 'core', 0, 0),
('translation.role.to', 'core', 0, 0),
('user.greeting', 'user', 0, 1),
('user.menu.edit', 'user', 0, 0),
('user.menu.home', 'dime', 0, 0),
('user.menu.list', 'user', 0, 0),
('user.menu.login', 'user', 0, 0),
('user.menu.logout', 'user', 0, 0),
('user.menu.password', 'user', 0, 0),
('user.menu.register', 'user', 0, 0),
('user.menu.view', 'user', 0, 0),
('vocabulary.country', 'core', 0, 0),
('vocabulary.dime.denmark.admin', 'core', 0, 0),
('vocabulary.dime.denmark.region', 'core', 0, 0),
('vocabulary.dime.find.condition', 'dime', 0, 0),
('vocabulary.dime.find.secondary', 'core', 0, 0),
('vocabulary.dime.material', 'core', 0, 0),
('vocabulary.dime.period', 'core', 0, 0),
('vocabulary.dime.treasure', 'core', 0, 0),
('vocabulary.dime.type', 'core', 0, 0),
('vocabulary.distance', 'core', 0, 0),
('vocabulary.language', 'core', 0, 0),
('vocabulary.mass', 'core', 0, 0),
('vocabulary.mediatype', 'core', 0, 0),
('vocabulary.spatial.crs', 'core', 0, 0),
('vocabulary.spatial.format', 'core', 0, 0),
('vocabulary.type.list', 'core', 0, 0),
('vocabulary.type.ring', 'core', 0, 0),
('vocabulary.type.taxonomy', 'core', 0, 0),
('vocabulary.type.thesaurus', 'core', 0, 0);

-- --------------------------------------------------------

--
-- Table structure for table `ark_translation_domain`
--

CREATE TABLE `ark_translation_domain` (
  `domain` varchar(30) COLLATE utf8mb4_unicode_ci NOT NULL,
  `keyword` varchar(100) COLLATE utf8mb4_unicode_ci DEFAULT NULL
) ENGINE=InnoDB DEFAULT CHARSET=utf8mb4 COLLATE=utf8mb4_unicode_ci;

--
-- Dumping data for table `ark_translation_domain`
--

INSERT INTO `ark_translation_domain` (`domain`, `keyword`) VALUES
('alias', 'translation.domain.alias'),
('core', 'translation.domain.core'),
('dime', 'translation.domain.dime'),
('markup', 'translation.domain.markup'),
('user', 'translation.domain.user'),
('vocabulary', 'translation.domain.vocabulary');

-- --------------------------------------------------------

--
-- Table structure for table `ark_translation_language`
--

CREATE TABLE `ark_translation_language` (
  `language` varchar(10) COLLATE utf8mb4_unicode_ci NOT NULL,
  `markup` tinyint(1) NOT NULL DEFAULT '0',
  `vocabulary` tinyint(1) NOT NULL DEFAULT '0',
  `text` tinyint(1) NOT NULL DEFAULT '0'
) ENGINE=InnoDB DEFAULT CHARSET=utf8mb4 COLLATE=utf8mb4_unicode_ci;

--
-- Dumping data for table `ark_translation_language`
--

INSERT INTO `ark_translation_language` (`language`, `markup`, `vocabulary`, `text`) VALUES
('da', 1, 1, 1),
('en', 1, 1, 1);

-- --------------------------------------------------------

--
-- Table structure for table `ark_translation_message`
--

CREATE TABLE `ark_translation_message` (
  `language` varchar(10) COLLATE utf8mb4_unicode_ci NOT NULL,
  `keyword` varchar(100) COLLATE utf8mb4_unicode_ci NOT NULL,
  `role` varchar(10) COLLATE utf8mb4_unicode_ci NOT NULL,
  `text` longtext COLLATE utf8mb4_unicode_ci NOT NULL,
  `notes` longtext COLLATE utf8mb4_unicode_ci
) ENGINE=InnoDB DEFAULT CHARSET=utf8mb4 COLLATE=utf8mb4_unicode_ci;

--
-- Dumping data for table `ark_translation_message`
--

INSERT INTO `ark_translation_message` (`language`, `keyword`, `role`, `text`, `notes`) VALUES
('da', 'core.actor', 'resource', 'aktrer', NULL),
('da', 'core.actor.address', 'default', 'Adresse', ''),
('da', 'core.actor.avatar', 'default', 'Foto', ''),
('da', 'core.actor.biography', 'default', 'Biografi', ''),
('da', 'core.actor.email', 'default', 'E-mail', ''),
('da', 'core.actor.fullname', 'default', 'Navn', NULL),
('da', 'core.actor.id', 'default', 'Aktrer ID', NULL),
('da', 'core.actor.initials', 'default', 'Initialer', ''),
('da', 'core.actor.module', 'default', 'Aktrer', NULL),
('da', 'core.actor.shortname', 'default', 'Kort Navn', NULL),
('da', 'core.actor.telephone', 'default', 'Telefon', ''),
('da', 'core.actor.type.museum', 'default', 'Museum', NULL),
('da', 'core.button.save', 'default', 'Gem', NULL),
('da', 'core.button.search', 'default', 'Sg', NULL),
('da', 'core.button.send', 'default', 'Sende', ''),
('da', 'core.events', 'resource', 'begivenheder', NULL),
('da', 'core.file', 'resource', 'filer', NULL),
('da', 'core.message', 'resource', 'beskeder', NULL),
('da', 'core.message.allmessages', 'default', 'Se Tidligere Underretninger', NULL),
('da', 'core.message.messages', 'default', 'Underretninger', NULL),
('da', 'core.message.messages.new', 'default', 'Nye Underretninger', NULL),
('da', 'core.message.notification.body', 'default', 'Notifikation', NULL),
('da', 'core.message.notification.event', 'default', 'Begivenhed', NULL),
('da', 'core.message.sender', 'default', 'Fra', NULL),
('da', 'core.message.sent_at', 'default', 'Dato', NULL),
('da', 'core.message.type', 'default', 'Type', NULL),
('da', 'core.message.type.notification', 'default', 'Notifikation', NULL),
('da', 'core.user', 'resource', 'brugere', ''),
('da', 'core.user.login', 'default', 'Log p', ''),
('da', 'core.user.password', 'default', 'Adgangskode', ''),
('da', 'core.user.username', 'default', 'Brugernavn', ''),
('da', 'core.widget.send', 'default', 'Sende', ''),
('da', 'dime.about', 'default', 'Om DIME', NULL),
('da', 'dime.about.background', 'default', 'Baggrund for DIME', NULL),
('da', 'dime.about.groups', 'default', 'Detektorforeninger', NULL),
('da', 'dime.about.hevn', 'default', 'Hvem Er DIME?', NULL),
('da', 'dime.about.hevntext', 'default', 'DIME er en fllesportal for detektorbrugere og Danske museer, der kan bruges af alle.', NULL),
('da', 'dime.about.instructions', 'default', 'Vejledning', NULL),
('da', 'dime.about.museums', 'default', 'Deltagende Museer', NULL),
('da', 'dime.about.partners', 'default', 'Samarbejdspartnere', NULL),
('da', 'dime.action.edit', 'default', 'Redigere', NULL),
('da', 'dime.action.record', 'default', 'Optage', 'Optage'),
('da', 'dime.action.report', 'default', 'Berette', 'berette'),
('da', 'dime.actions', 'default', 'Handling', 'Handling'),
('da', 'dime.actor.municipalities', 'default', 'Kommuner', NULL),
('da', 'dime.admin.users', 'default', 'Administrer Brugere', ''),
('da', 'dime.background', 'default', 'Baggrund', NULL),
('da', 'dime.background', 'resource', 'baggrund', NULL),
('da', 'dime.claim', 'resource', 'danefae', ''),
('da', 'dime.copyright', 'default', 'Copyright  2013-2017 Arkologisk IT, Aarhus Universitet', NULL),
('da', 'dime.credits', 'default', 'Datastruktur og support: Carsten Risager | Design: Casper Skaaning Andersen | Udvikling: L ~ P Archaeology', NULL),
('da', 'dime.denmark.municipality', 'default', 'Kommune', NULL),
('da', 'dime.detector', 'default', 'Metaldetektorbrug & Danef', NULL),
('da', 'dime.detector', 'resource', 'detektering', NULL),
('da', 'dime.exhibits', 'default', 'Digitale Udstillinger', NULL),
('da', 'dime.exhibits', 'resource', 'udstiller', NULL),
('da', 'dime.exhibits.forests', 'default', 'Guld og Grnne Skove', NULL),
('da', 'dime.exhibits.weapons', 'default', 'Vben i Bronzealder', NULL),
('da', 'dime.find', 'default', 'Fund', NULL),
('da', 'dime.find', 'resource', 'fund', NULL),
('da', 'dime.find.add', 'default', 'Opret Fund', NULL),
('da', 'dime.find.artefact', 'default', 'Find Artefakt', ''),
('da', 'dime.find.classification', 'default', 'Klassifikation', NULL),
('da', 'dime.find.condition', 'default', 'Bevaring', NULL),
('da', 'dime.find.condition.fragmented', 'default', 'Fragmenteret', NULL),
('da', 'dime.find.condition.modified', 'default', 'Modificeret', NULL),
('da', 'dime.find.condition.unfinished', 'default', 'Ufrdige', NULL),
('da', 'dime.find.condition.whole', 'default', 'Hel', NULL),
('da', 'dime.find.coordinates', 'default', 'Koordinater', ''),
('da', 'dime.find.custodian', 'default', 'Vogter', NULL),
('da', 'dime.find.custody', 'default', 'Forvaring', NULL),
('da', 'dime.find.custody.destroyed', 'default', 'delagt', NULL),
('da', 'dime.find.custody.discarded', 'default', 'Kasseret', NULL),
('da', 'dime.find.custody.held', 'default', 'Holdt', NULL),
('da', 'dime.find.custody.lost', 'default', 'Faret Vild', NULL),
('da', 'dime.find.custody.requested', 'default', 'Anmodet', NULL),
('da', 'dime.find.custody.sent', 'default', 'Sendt', NULL),
('da', 'dime.find.dating', 'default', 'Dating', NULL),
('da', 'dime.find.description', 'default', 'Beskrivelse', NULL),
('da', 'dime.find.event', 'default', 'Find Begevinhed', ''),
('da', 'dime.find.event.classified', 'default', 'Klassificeret', NULL),
('da', 'dime.find.event.edited', 'default', 'Redigeret', NULL),
('da', 'dime.find.event.reported', 'default', 'Berette', NULL),
('da', 'dime.find.finddate', 'default', 'Vlg Dato', NULL),
('da', 'dime.find.finder', 'default', 'Detektor', ''),
('da', 'dime.find.finder_id', 'default', 'Detektor Fund ID', NULL),
('da', 'dime.find.finder_place', 'default', 'Fundplads', ''),
('da', 'dime.find.id', 'default', 'DIME ID', NULL),
('da', 'dime.find.images', 'default', 'Billeder', ''),
('da', 'dime.find.length', 'default', 'Maksimal Dimension', NULL),
('da', 'dime.find.location', 'default', 'Placering', NULL),
('da', 'dime.find.location.decimal', 'default', 'Decimal (WGS84)', NULL),
('da', 'dime.find.location.utm', 'default', 'UTM', NULL),
('da', 'dime.find.material', 'default', 'Materiale', NULL),
('da', 'dime.find.material.secondary', 'default', 'Sekundrt Materiale(r)', NULL),
('da', 'dime.find.metadata', 'default', 'ID', ''),
('da', 'dime.find.municipality', 'default', 'Kommune', NULL),
('da', 'dime.find.museum_id', 'default', 'Museum Fund ID', NULL),
('da', 'dime.find.owner', 'default', 'Ejer', NULL),
('da', 'dime.find.period', 'default', 'Datering', NULL),
('da', 'dime.find.period.end', 'default', 'Periode Slut', NULL),
('da', 'dime.find.period.start', 'default', 'Periode', NULL),
('da', 'dime.find.photo', 'default', 'Find Fotos', ''),
('da', 'dime.find.process', 'default', 'Status', NULL),
('da', 'dime.find.process.accessioned', 'default', 'Accessioneret', NULL),
('da', 'dime.find.process.assessed', 'default', 'Vurderes', NULL),
('da', 'dime.find.process.deleted', 'default', 'Slettet', NULL),
('da', 'dime.find.process.evaluated', 'default', 'Evalueret', NULL),
('da', 'dime.find.process.inactive', 'default', 'Inaktiv', NULL),
('da', 'dime.find.process.recorded', 'default', 'Registreret', NULL),
('da', 'dime.find.process.rejected', 'default', 'Afvist', NULL),
('da', 'dime.find.process.released', 'default', 'Udgivet', NULL),
('da', 'dime.find.process.reported', 'default', 'Rapporteret', NULL),
('da', 'dime.find.process.validated', 'default', 'Valideret', NULL),
('da', 'dime.find.recipient', 'default', 'Modtager', NULL),
('da', 'dime.find.search', 'default', 'Sg Fund', NULL),
('da', 'dime.find.secondary.enamel', 'default', 'Emalje', NULL),
('da', 'dime.find.secondary.gilded', 'default', 'Forgyldt', NULL),
('da', 'dime.find.secondary.glass', 'default', 'Glas', NULL),
('da', 'dime.find.secondary.iron', 'default', 'Jern', NULL),
('da', 'dime.find.secondary.niello', 'default', 'Niello', NULL),
('da', 'dime.find.secondary.organic', 'default', 'Organisk', NULL),
('da', 'dime.find.secondary.other', 'default', 'Andet', NULL),
('da', 'dime.find.secondary.stone', 'default', 'Sten', NULL),
('da', 'dime.find.secondary.tinned', 'default', 'Fortinnet', NULL),
('da', 'dime.find.status', 'default', 'Find Status', ''),
('da', 'dime.find.subtype.accessory.bell', 'default', 'Bjlde/ Klokke', NULL),
('da', 'dime.find.subtype.accessory.brooch', 'default', 'Broche/ Emblem', NULL),
('da', 'dime.find.subtype.accessory.buckle', 'default', 'Spnde (bltespnde, skospnde osv.)', NULL),
('da', 'dime.find.subtype.accessory.button', 'default', 'Knap', NULL),
('da', 'dime.find.subtype.accessory.button.bar', 'default', 'Stangknap', NULL),
('da', 'dime.find.subtype.accessory.button.other', 'default', 'Anden type knap (Angiv i beskrivelsefelt)', NULL),
('da', 'dime.find.subtype.accessory.button.round', 'default', 'Alm. rund, halvrund el. skiveformet knap til psyning', NULL),
('da', 'dime.find.subtype.accessory.button.stud', 'default', 'Dobbeltknap', NULL),
('da', 'dime.find.subtype.accessory.fitting', 'default', 'Beslag', NULL),
('da', 'dime.find.subtype.accessory.fitting.belt', 'default', 'Remendebeslag', NULL),
('da', 'dime.find.subtype.accessory.fitting.other', 'default', 'Anden type beslag (angiv i beskrivelsesfelt)', NULL),
('da', 'dime.find.subtype.accessory.hook', 'default', 'Hgte/ Malle', NULL),
('da', 'dime.find.subtype.accessory.jewelery', 'default', 'Smykke', NULL),
('da', 'dime.find.subtype.accessory.jewelery.bracelet', 'default', 'Armring el. -kde', NULL),
('da', 'dime.find.subtype.accessory.jewelery.bracteate', 'default', 'Brakteat', NULL),
('da', 'dime.find.subtype.accessory.jewelery.earring', 'default', 'rering', NULL),
('da', 'dime.find.subtype.accessory.jewelery.necklace', 'default', 'Halssmykke - krave, ring, el. kde', NULL),
('da', 'dime.find.subtype.accessory.jewelery.other', 'default', 'Andet smykke (angiv i beskrivelsesfelt)', NULL),
('da', 'dime.find.subtype.accessory.jewelery.pasyning', 'default', 'Psyningsblik', NULL),
('da', 'dime.find.subtype.accessory.jewelery.pearl', 'default', 'Perle', NULL),
('da', 'dime.find.subtype.accessory.jewelery.pendant', 'default', 'Hngesmykke/amulet', NULL),
('da', 'dime.find.subtype.accessory.jewelery.ring', 'default', 'Fingerring', NULL),
('da', 'dime.find.subtype.accessory.lace', 'default', 'Snreendedup/ Snrenl', NULL),
('da', 'dime.find.subtype.accessory.medal', 'default', 'Medalje/ Orden', NULL),
('da', 'dime.find.subtype.accessory.other', 'default', 'Andet dragttilbehr (angiv i beskrivelsesfelt)', NULL),
('da', 'dime.find.subtype.accessory.pilgrim', 'default', 'Pilgrimsmrke', NULL),
('da', 'dime.find.subtype.accessory.pin', 'default', 'Dragtnl', NULL),
('da', 'dime.find.subtype.accessory.tutulus', 'default', 'Tutulus', NULL),
('da', 'dime.find.subtype.coin.danish', 'default', 'Dansk middelaldermnt (1067-1535) ', NULL),
('da', 'dime.find.subtype.coin.danish.civilwar', 'default', 'Dansk borgerkrigsmnt (1242-1380)', NULL),
('da', 'dime.find.subtype.coin.danish.early', 'default', 'Dansk tidlig middaldermnt (1067-1241)', NULL),
('da', 'dime.find.subtype.coin.danish.hvide', 'default', 'Hvide', NULL),
('da', 'dime.find.subtype.coin.danish.klipping', 'default', 'Klipping', NULL),
('da', 'dime.find.subtype.coin.danish.other', 'default', 'Anden dansk mnt', NULL),
('da', 'dime.find.subtype.coin.danish.ssling', 'default', 'Ssling', NULL),
('da', 'dime.find.subtype.coin.danish.sterling', 'default', 'Kobbersterling', NULL),
('da', 'dime.find.subtype.coin.foreign', 'default', 'Udenlandsk middelaldermnt (1067-1535)', NULL),
('da', 'dime.find.subtype.coin.foreign.hohlpfennig', 'default', 'Hulpenning', NULL),
('da', 'dime.find.subtype.coin.foreign.hvide', 'default', 'Nordtyske hvide', NULL),
('da', 'dime.find.subtype.coin.foreign.other', 'default', 'Anden udenlandsk middelaldermnt', NULL),
('da', 'dime.find.subtype.coin.foreign.sterling', 'default', 'Engelske sterling', NULL),
('da', 'dime.find.subtype.coin.foreign.tournois', 'default', 'Franske turnos', NULL),
('da', 'dime.find.subtype.coin.jeton', 'default', 'Regnepenning', NULL),
('da', 'dime.find.subtype.coin.modern', 'default', 'Nyere mnt (efter 1535)', NULL),
('da', 'dime.find.subtype.coin.modern.danish', 'default', 'Nyere dansk mnt (efter 1535)', NULL),
('da', 'dime.find.subtype.coin.modern.foreign', 'default', 'Nyere udenlandsk mnt (efter 1535)', NULL),
('da', 'dime.find.subtype.coin.other', 'default', 'Anden mnt (angiv i beskrivelsesfelt)', NULL),
('da', 'dime.find.subtype.coin.roman', 'default', 'Romersk / Byzantinsk mnt', NULL),
('da', 'dime.find.subtype.coin.roman.aureus', 'default', 'Aurus', NULL),
('da', 'dime.find.subtype.coin.roman.denarius', 'default', 'Denar', NULL),
('da', 'dime.find.subtype.coin.roman.other', 'default', 'Anden romersk / byzantinsk mnt', NULL),
('da', 'dime.find.subtype.coin.roman.sestertius', 'default', 'Sesters', NULL),
('da', 'dime.find.subtype.coin.roman.siliqua', 'default', 'Siliqua', NULL),
('da', 'dime.find.subtype.coin.roman.solidus', 'default', 'Solidus', NULL),
('da', 'dime.find.subtype.coin.viking', 'default', 'Vikingetidsmnt', NULL),
('da', 'dime.find.subtype.coin.viking.byzantine', 'default', 'Byzantisk mnt', NULL),
('da', 'dime.find.subtype.coin.viking.carolingian', 'default', 'Anden karolingisk mnt', NULL),
('da', 'dime.find.subtype.coin.viking.denarius', 'default', 'Karolingsk denar', NULL),
('da', 'dime.find.subtype.coin.viking.dirham', 'default', 'Dirhem', NULL),
('da', 'dime.find.subtype.coin.viking.english', 'default', 'Anden engelsk mnt', NULL),
('da', 'dime.find.subtype.coin.viking.german', 'default', 'Anden tysk mnt', NULL),
('da', 'dime.find.subtype.coin.viking.nordic', 'default', 'Dansk/nordisk mnt', NULL),
('da', 'dime.find.subtype.coin.viking.other', 'default', 'Anden vikingetidsmnt', NULL),
('da', 'dime.find.subtype.coin.viking.penny', 'default', 'Engelsk penny', NULL),
('da', 'dime.find.subtype.coin.viking.phennig', 'default', 'Tysk phennig', NULL),
('da', 'dime.find.subtype.coin.viking.sceat', 'default', 'Sceatta', NULL),
('da', 'dime.find.subtype.fibula.beak', 'default', 'Nbfibula', 'delete'),
('da', 'dime.find.subtype.fibula.bird.above', 'default', 'Fuglefibula (set fra oven)', NULL),
('da', 'dime.find.subtype.fibula.bird.profile', 'default', 'Fugleformet fibula (ldre middelalder - lille fugl i profil)', NULL),
('da', 'dime.find.subtype.fibula.bow', 'default', 'Bjlefibula', NULL),
('da', 'dime.find.subtype.fibula.bow.ball', 'default', 'Svrtstbt kuglefibula (Frromersk jernalder)', NULL),
('da', 'dime.find.subtype.fibula.bow.band', 'default', 'Brede bndformede bjlefibler (Romersk jernalder - Almgr. V)', NULL),
('da', 'dime.find.subtype.fibula.bow.bilateral', 'default', '2-leddede fibler m. tvrkam (ldre romersk jernalder - Almgr. I-IV)', NULL),
('da', 'dime.find.subtype.fibula.bow.button', 'default', 'Rygknapfibula', NULL),
('da', 'dime.find.subtype.fibula.bow.cross', 'default', 'Korsformet fibula', NULL),
('da', 'dime.find.subtype.fibula.bow.foot', 'default', 'Bjlefibler med omslet fod inkl. Nydamfibler (Yngre romersk jernalder - Almgr. VI)', NULL),
('da', 'dime.find.subtype.fibula.bow.high', 'default', 'Bjlefibler med hj nleholder (Yngre romersk jernalder - Almgr. VII)', NULL),
('da', 'dime.find.subtype.fibula.bow.other', 'default', 'Anden bjlefibula (Angiv i beskrivelsesfelt)', NULL),
('da', 'dime.find.subtype.fibula.bow.relief', 'default', 'Relieffibula', NULL),
('da', 'dime.find.subtype.fibula.bowl', 'default', 'Sklfibula', NULL),
('da', 'dime.find.subtype.fibula.bowl.animal', 'default', 'Dyreformet sklfibula', NULL),
('da', 'dime.find.subtype.fibula.bowl.circular', 'default', 'Cirkulr sklfibula', NULL),
('da', 'dime.find.subtype.fibula.bowl.large', 'default', 'Stor oval sklfibula (strre end 7,5 cm)', NULL),
('da', 'dime.find.subtype.fibula.bowl.other', 'default', 'Anden sklfibel', NULL),
('da', 'dime.find.subtype.fibula.bowl.small', 'default', 'Lille oval sklfibula (mindre end 7,5 cm)', NULL),
('da', 'dime.find.subtype.fibula.circular', 'default', 'Cirkulr fibula uden emalje/ indfatning', NULL),
('da', 'dime.find.subtype.fibula.circular.large', 'default', 'Stor hvlvet cirkulr fibula (diameter > 4 cm)', NULL),
('da', 'dime.find.subtype.fibula.circular.other', 'default', 'Anden cirkulr fibula (angiv i beskrivelsesfelt)', NULL),
('da', 'dime.find.subtype.fibula.circular.small', 'default', 'Lille hvlvet cirkulr fibula (diameter < 4 cm) ', NULL),
('da', 'dime.find.subtype.fibula.circular.tin', 'default', 'Cirkulr blikfibula (tidlig middelalder)', NULL),
('da', 'dime.find.subtype.fibula.enamel', 'default', 'Emaljefibula/ Fibula m. indfatning', NULL),
('da', 'dime.find.subtype.fibula.enamel.central', 'default', 'Fibula m. central indfatning', NULL),
('da', 'dime.find.subtype.fibula.enamel.cross', 'default', 'Korsemaljefibula', NULL),
('da', 'dime.find.subtype.fibula.enamel.multiple', 'default', 'Fibula m. flere indfatninger', NULL),
('da', 'dime.find.subtype.fibula.enamel.other', 'default', 'Anden emaljefibula/ Fibula m. indfatning', NULL),
('da', 'dime.find.subtype.fibula.equalarm', 'default', 'Ligearmet fibula', NULL),
('da', 'dime.find.subtype.fibula.equalarm.large', 'default', 'Stor ligearmet fibula (Vikingetid)', NULL),
('da', 'dime.find.subtype.fibula.equalarm.other', 'default', 'Anden type ligearmet fibel (angiv i beskrivelsesfelt)', NULL),
('da', 'dime.find.subtype.fibula.equalarm.small', 'default', 'Lille ligearmet fibula (Germansk jernalder)', NULL),
('da', 'dime.find.subtype.fibula.healing', 'default', 'Dyreslyngsfibula (Urnesfibula og Guds lam)', NULL),
('da', 'dime.find.subtype.fibula.healing.aalborg', 'default', 'Dyreslyngsfibula af Aalborg-type (Guds lam uden kors)', NULL),
('da', 'dime.find.subtype.fibula.healing.lamb', 'default', 'Guds lam fibula / Agnus Dei fibula', NULL),
('da', 'dime.find.subtype.fibula.healing.other', 'default', 'Anden dyreslyngsfibula (angiv i beskrivelsesfelt)', NULL),
('da', 'dime.find.subtype.fibula.healing.urnes', 'default', 'Urnesfibula', NULL),
('da', 'dime.find.subtype.fibula.other', 'default', 'Anden type fibula/ Dragtspnde (angiv i beskrivelsesfelt)', NULL),
('da', 'dime.find.subtype.fibula.plate', 'default', 'Pladefibula', NULL),
('da', 'dime.find.subtype.fibula.plate.bird', 'default', 'Stor fugleformet pladefibula (Yngre germansk jernalder)', NULL),
('da', 'dime.find.subtype.fibula.plate.circular', 'default', 'Cirkulr pladefibula', NULL),
('da', 'dime.find.subtype.fibula.plate.coin', 'default', 'Mntfibula', NULL),
('da', 'dime.find.subtype.fibula.plate.horse', 'default', 'Hesteformet pladefibula', NULL),
('da', 'dime.find.subtype.fibula.plate.other', 'default', 'Anden pladefibula', NULL),
('da', 'dime.find.subtype.fibula.plate.oval', 'default', 'Oval pladefibula', NULL),
('da', 'dime.find.subtype.fibula.plate.rhede', 'default', 'Rhedefibula (korsformet pladefibel)', NULL),
('da', 'dime.find.subtype.fibula.plate.rectangular', 'default', 'Rektangulr pladefibula', NULL),
('da', 'dime.find.subtype.fibula.plate.ship', 'default', 'Skibsformet fibula', NULL),
('da', 'dime.find.subtype.fibula.plate.snake', 'default', 'S- el. Slangeformet pladefibula', NULL),
('da', 'dime.find.subtype.fibula.plate.swastika', 'default', 'Hagekorsfibula', NULL),
('da', 'dime.find.subtype.fibula.plate.tongue', 'default', 'Tungeformet fibula', NULL),
('da', 'dime.find.subtype.fibula.plate.valkyrie', 'default', 'Valkyriefibula', NULL),
('da', 'dime.find.subtype.fibula.ring', 'default', 'Middelalderligt ringspnde', NULL),
('da', 'dime.find.subtype.fibula.ring.circular', 'default', 'Cirkulre ringspnder', NULL),
('da', 'dime.find.subtype.fibula.ring.heart', 'default', 'Hjerteformede ringspnder', NULL),
('da', 'dime.find.subtype.fibula.ring.other', 'default', 'Anden type middelalderligt ringspnde', NULL),
('da', 'dime.find.subtype.fibula.ring.star', 'default', 'Stjerneformede ringspnder', NULL),
('da', 'dime.find.subtype.fibula.trilobal', 'default', 'Trefliget fibula', NULL),
('da', 'dime.find.subtype.fibula.viking', 'default', 'Anden vikingetidsfibula/-dragtspnde', NULL),
('da', 'dime.find.subtype.fibula.viking.other', 'default', 'Fibula lavet af anden genstand', NULL),
('da', 'dime.find.subtype.fibula.viking.rhombic', 'default', 'Rhombisk fibula', NULL),
('da', 'dime.find.subtype.fibula.viking.ring', 'default', 'Ringspnde/ Ringnl', NULL),
('da', 'dime.find.subtype.fibula.viking.roof', 'default', 'Hjalteformet/ Tagformet fibula', NULL),
('da', 'dime.find.subtype.metal.ingot', 'default', 'Barre', NULL),
('da', 'dime.find.subtype.metal.mold', 'default', 'Stbeform/ Smeltedigel', NULL),
('da', 'dime.find.subtype.metal.other', 'default', 'Andet produktionsaffald/ Metalskrot/ Rmaterialer\n(angiv i beskrivelsesfelt)', NULL),
('da', 'dime.find.subtype.metal.rest', 'default', 'Stberest', NULL),
('da', 'dime.find.subtype.metal.slag', 'default', 'Slagge', NULL),
('da', 'dime.find.subtype.metal.tin', 'default', 'Blikfragment', NULL),
('da', 'dime.find.subtype.military.ammunition', 'default', 'Ammunition (Musketkugle/Granat/Patronhylster/Kanonkugler)', NULL),
('da', 'dime.find.subtype.military.armor', 'default', 'Rustning/ Ringbrynje', NULL),
('da', 'dime.find.subtype.military.arrow', 'default', 'Pilespids/ Armbrstbolt', NULL),
('da', 'dime.find.subtype.military.firearm', 'default', 'Skydevben', NULL),
('da', 'dime.find.subtype.military.fitting', 'default', 'Beslag', NULL),
('da', 'dime.find.subtype.military.fitting.other', 'default', 'Anden type beslag (angiv)', NULL),
('da', 'dime.find.subtype.military.fitting.sheath', 'default', 'Skedebeslag ', NULL),
('da', 'dime.find.subtype.military.fitting.uniform', 'default', 'Orden/Uniformbeslag', NULL),
('da', 'dime.find.subtype.military.helmet', 'default', 'Hjelm', NULL),
('da', 'dime.find.subtype.military.melee', 'default', 'Slag-/ Stikvben', NULL),
('da', 'dime.find.subtype.military.melee.axe', 'default', 'kse/celt/plstav', NULL),
('da', 'dime.find.subtype.military.melee.blunt', 'default', 'Stridsklle', NULL),
('da', 'dime.find.subtype.military.melee.knife', 'default', 'Dolk', NULL),
('da', 'dime.find.subtype.military.melee.other', 'default', 'Anden type slag-/stikvben (angiv i beskrivelsesfelt)', NULL),
('da', 'dime.find.subtype.military.melee.pointed', 'default', 'Lanse/Spyd', NULL),
('da', 'dime.find.subtype.military.melee.sword', 'default', 'Svrd/Sabel (klinge eller greb)', NULL),
('da', 'dime.find.subtype.military.other', 'default', 'Andet vben/ Militaria  (angiv i beskrivelsesfelt)', NULL),
('da', 'dime.find.subtype.military.shield', 'default', 'Skjold', NULL),
('da', 'dime.find.subtype.tool.equestrian', 'default', 'Rideudstyr/ Seletj (spore, hestesko, bidsel, etc)', NULL),
('da', 'dime.find.subtype.tool.equestrian.bell', 'default', 'Bjlde/klokke', NULL),
('da', 'dime.find.subtype.tool.equestrian.bridle', 'default', 'Hovedtjsdele (Bidsel/ bidselbeslag, remfordeler, etc.)', NULL),
('da', 'dime.find.subtype.tool.equestrian.cheek', 'default', 'Rasleblik', NULL),
('da', 'dime.find.subtype.tool.equestrian.other', 'default', 'Andet rideudstyr/ seletj (angiv i beskrivelsesfelt)', NULL),
('da', 'dime.find.subtype.tool.equestrian.shoe', 'default', 'Hestesko', NULL),
('da', 'dime.find.subtype.tool.equestrian.stirrup', 'default', 'Stigbjle/stigbjlebeslag', NULL),
('da', 'dime.find.subtype.tool.equestrian.tack', 'default', 'Spore', NULL),
('da', 'dime.find.subtype.tool.house', 'default', 'Husgerd/ Bord- og kkkentj/ Interir', NULL),
('da', 'dime.find.subtype.tool.house.crockery', 'default', 'Tallerken/fad/skl', NULL),
('da', 'dime.find.subtype.tool.house.cutlery', 'default', 'Bestik (spisekniv,-gaffel, -ske)', NULL),
('da', 'dime.find.subtype.tool.house.fixtures', 'default', 'Mbel-/skrinbeslag/hndtag/pyntenitter', NULL),
('da', 'dime.find.subtype.tool.house.key', 'default', 'Ngle', NULL),
('da', 'dime.find.subtype.tool.house.knife', 'default', 'Kniv (knivblad, grebsbeslag, knivskedebeslag, etc) ', NULL),
('da', 'dime.find.subtype.tool.house.light', 'default', 'Lysestage/lampe', NULL),
('da', 'dime.find.subtype.tool.house.lock', 'default', 'Ls', NULL),
('da', 'dime.find.subtype.tool.house.other', 'default', 'Andet \"Husgerd/bord- og kkkentj/interir\" (Angiv i beskrivelsesfelt)', NULL),
('da', 'dime.find.subtype.tool.house.pot', 'default', 'Malmgryde', NULL),
('da', 'dime.find.subtype.tool.house.scissors', 'default', 'Saks', NULL),
('da', 'dime.find.subtype.tool.house.striker', 'default', 'Ildstl', NULL),
('da', 'dime.find.subtype.tool.measure', 'default', 'Vrdimetal/Vgte og vgtlodder', NULL),
('da', 'dime.find.subtype.tool.measure.clip', 'default', 'Klipslv/guldfragment (ikke mntfragmenter)', NULL),
('da', 'dime.find.subtype.tool.measure.ingot', 'default', 'Barre', NULL),
('da', 'dime.find.subtype.tool.measure.scale', 'default', 'Vgt', NULL),
('da', 'dime.find.subtype.tool.measure.weight', 'default', 'Vgtlod', NULL),
('da', 'dime.find.subtype.tool.other', 'default', 'Andet redskab/vrktj (angiv i beskrivelsesfelt)', NULL),
('da', 'dime.find.subtype.tool.textile', 'default', 'Redskaber til tekstilarbejde', NULL),
('da', 'dime.find.subtype.tool.textile.case', 'default', 'Nlehylster', NULL),
('da', 'dime.find.subtype.tool.textile.needle', 'default', 'Nl', NULL),
('da', 'dime.find.subtype.tool.textile.scissors', 'default', 'Saks', NULL),
('da', 'dime.find.subtype.tool.textile.thimble', 'default', 'Fingerbl', NULL),
('da', 'dime.find.subtype.tool.textile.whorl', 'default', 'Tenvgt', NULL),
('da', 'dime.find.subtype.tool.toilet', 'default', 'Toiletudstyr (kam, ragekniv, pincet)', NULL),
('da', 'dime.find.subtype.tool.toilet.comb', 'default', 'Kam', NULL),
('da', 'dime.find.subtype.tool.toilet.ear', 'default', 'reske', NULL),
('da', 'dime.find.subtype.tool.toilet.other', 'default', 'Andet toiletudstyr', NULL),
('da', 'dime.find.subtype.tool.toilet.razor', 'default', 'Ragekniv', NULL),
('da', 'dime.find.subtype.tool.toilet.tweezers', 'default', 'Pincet', NULL),
('da', 'dime.find.subtype.tool.toy', 'default', 'Legetj/ Spillerekvisiter (tinsoldat, spillebrik, etc.)', NULL),
('da', 'dime.find.subtype.tool.toy.counter', 'default', 'Spillebrik', NULL),
('da', 'dime.find.subtype.tool.toy.dice', 'default', 'Terning', NULL),
('da', 'dime.find.subtype.tool.toy.other', 'default', 'Andet legetj/ Spillerekvisit (angiv i beskrivelsesfelt)', NULL),
('da', 'dime.find.subtype.tool.work', 'default', 'Landbrugsudstyr/ Vrktj/ Hndvrksartikel', NULL),
('da', 'dime.find.subtype.tool.work.axe', 'default', 'kse/celt/plstav', NULL),
('da', 'dime.find.subtype.tool.work.chisel', 'default', 'Mejsel/punsel', NULL),
('da', 'dime.find.subtype.tool.work.drill', 'default', 'Syl/bor', NULL),
('da', 'dime.find.subtype.tool.work.fitting', 'default', 'Beslag', NULL),
('da', 'dime.find.subtype.tool.work.hammer', 'default', 'Hammer', NULL),
('da', 'dime.find.subtype.tool.work.knife', 'default', 'Kniv (knivblad, grebsbeslag, knivskedebeslag, etc) ', NULL),
('da', 'dime.find.subtype.tool.work.nail', 'default', 'Sm/skrue/krampe', NULL),
('da', 'dime.find.subtype.tool.work.other', 'default', 'Andet landbrugsudstyr/vrktj/hndvrksartikel (angiv i beskrivelsesfelt)', NULL),
('da', 'dime.find.subtype.tool.work.pliars', 'default', 'Tang', NULL),
('da', 'dime.find.subtype.tool.work.rivet', 'default', 'Nitte/klinknagle/Nitteplade', NULL),
('da', 'dime.find.subtype.tool.work.sickle', 'default', 'Segl/Le', NULL),
('da', 'dime.find.subtype.tool.writing', 'default', 'Artikler - religion og kommunikation', NULL),
('da', 'dime.find.subtype.tool.writing.bylamulet', 'default', 'Blyamulet', NULL),
('da', 'dime.find.subtype.tool.writing.clasp', 'default', 'Bogspnde', NULL),
('da', 'dime.find.subtype.tool.writing.guldgubbe', 'default', 'Guldgubbe', NULL),
('da', 'dime.find.subtype.tool.writing.runebrev', 'default', 'Runebrev', NULL),
('da', 'dime.find.subtype.tool.writing.seal', 'default', 'Plombe', NULL),
('da', 'dime.find.subtype.tool.writing.stamp', 'default', 'Seglstampe/Signet', NULL),
('da', 'dime.find.subtype.tool.writing.stylus', 'default', 'Stylos', NULL),
('da', 'dime.find.treasure', 'default', 'Danef', NULL),
('da', 'dime.find.type', 'default', 'Type', NULL),
('da', 'dime.find.type.accessory', 'default', 'Smykke / Dragttilbehr', NULL),
('da', 'dime.find.type.coin', 'default', 'Mnt', NULL),
('da', 'dime.find.type.fibula', 'default', 'Fibula / Dragtspnde', NULL),
('da', 'dime.find.type.metal', 'default', 'Produktionsaffald / Metalskrot', NULL),
('da', 'dime.find.type.military', 'default', 'Vben / Militaria', NULL),
('da', 'dime.find.type.tool', 'default', 'Redskab / Vrktj', NULL),
('da', 'dime.find.weight', 'default', 'Vgt', NULL),
('da', 'dime.home', 'default', 'Hjem', NULL),
('da', 'dime.home', 'resource', 'hjem', NULL),
('da', 'dime.home.alarm', 'default', 'Underretninger', NULL),
('da', 'dime.home.faq', 'default', '<dl><dt>Hvem Er DIME?</dt><dd>DIME er en fllesportal for detektorbrugere og Danske museer, der kan bruges af alle.</dd><dd>&nbsp;</dd><dt>Hvorfor skal jeg bruge dime?</dt><dd>DIME muliggr en hurtigere behandling af dinefund i samarbejde med museet og giver dig overblik over dine fund og fundpladser.</dd><dd>&nbsp;</dd><dt>Hvilke fund skal/kan uploades i DIME?</dt><dd>Alle detektorfund (ikke kun Danef) kan uploades i DIME.</dd><dd>&nbsp;</dd><dt>Kan andre se mine fundsteder?</dt><dd>Nej! Fundsteder og privatoplysninger er kunsynlige for museumsarkologer og forskere med srlig adgang</dd><dd>&nbsp;</dd><dt>Findes der en dime-app?</dt><dd>En app-lsning til registrering i marken er under udvikling.</dd></dl>', NULL),
('da', 'dime.home.hvert', 'default', 'Hvert r finder metaldetektorbrugere landet over tusindevis af genstande fra oldtid, middelal-der og senere perioder. Metalgenstandene er en del af vores flles kulturarv og vigtige brikker i Danmarkshistorien. DIME sikrer oplysninger om fundene til gavn for nulevende og efterfl- gende generatione', NULL),
('da', 'dime.home.welcome', 'default', 'Velkommen %name%', NULL),
('da', 'dime.kommune.aabenraa', 'default', 'Aabenraa', NULL),
('da', 'dime.kommune.aabenraa', 'official', 'Aabenraa Kommune', NULL),
('da', 'dime.kommune.aalborg', 'default', 'Aalborg', NULL),
('da', 'dime.kommune.aalborg', 'official', 'Aalborg Kommune', NULL),
('da', 'dime.kommune.aero', 'default', 'r', NULL),
('da', 'dime.kommune.aero', 'official', 'r Kommune', NULL),
('da', 'dime.kommune.albertslund', 'default', 'Albertslund', NULL),
('da', 'dime.kommune.albertslund', 'official', 'Albertslund Kommune', NULL),
('da', 'dime.kommune.allerod', 'default', 'Allerd', NULL),
('da', 'dime.kommune.allerod', 'official', 'Allerd Kommune', NULL),
('da', 'dime.kommune.arhus', 'default', 'rhus', NULL),
('da', 'dime.kommune.arhus', 'official', 'rhus Kommune', NULL),
('da', 'dime.kommune.assens', 'default', 'Assens', NULL),
('da', 'dime.kommune.assens', 'official', 'Assens Kommune', NULL),
('da', 'dime.kommune.ballerup', 'default', 'Ballerup', NULL),
('da', 'dime.kommune.ballerup', 'official', 'Ballerup Kommune', NULL),
('da', 'dime.kommune.billund', 'default', 'Billund', NULL),
('da', 'dime.kommune.billund', 'official', 'Billund Kommune', NULL),
('da', 'dime.kommune.bornholm', 'default', 'Bornholm', NULL),
('da', 'dime.kommune.bornholm', 'official', 'Bornholms Kommune', NULL),
('da', 'dime.kommune.brondby', 'default', 'Brndby', NULL),
('da', 'dime.kommune.brondby', 'official', 'Brndby Kommune', NULL),
('da', 'dime.kommune.bronderslev', 'default', 'Brnderslev', NULL),
('da', 'dime.kommune.bronderslev', 'official', 'Brnderslev Kommune', NULL),
('da', 'dime.kommune.dragor', 'default', 'Dragr', NULL),
('da', 'dime.kommune.dragor', 'official', 'Dragr Kommune', NULL),
('da', 'dime.kommune.egedal', 'default', 'Egedal', NULL),
('da', 'dime.kommune.egedal', 'official', 'Egedal Kommune', NULL),
('da', 'dime.kommune.esbjerg', 'default', 'Esbjerg', NULL),
('da', 'dime.kommune.esbjerg', 'official', 'Esbjerg Kommune', NULL),
('da', 'dime.kommune.faaborgmidtfyn', 'default', 'Faaborg-Midtfyn', NULL),
('da', 'dime.kommune.faaborgmidtfyn', 'official', 'Faaborg-Midtfyn Kommune', NULL),
('da', 'dime.kommune.fano', 'default', 'Fan', NULL),
('da', 'dime.kommune.fano', 'official', 'Fan Kommune', NULL),
('da', 'dime.kommune.favrskov', 'default', 'Favrskov', NULL),
('da', 'dime.kommune.favrskov', 'official', 'Favrskov Kommune', NULL),
('da', 'dime.kommune.faxe', 'default', 'Faxe', NULL),
('da', 'dime.kommune.faxe', 'official', 'Faxe Kommune', NULL),
('da', 'dime.kommune.fredensborg', 'default', 'Fredensborg', NULL),
('da', 'dime.kommune.fredensborg', 'official', 'Fredensborg Kommune', NULL),
('da', 'dime.kommune.fredericia', 'default', 'Fredericia', NULL),
('da', 'dime.kommune.fredericia', 'official', 'Fredericia Kommune', NULL),
('da', 'dime.kommune.frederiksbeg', 'default', 'Frederiksbeg', NULL),
('da', 'dime.kommune.frederiksbeg', 'official', 'Frederiksberg Kommune', NULL),
('da', 'dime.kommune.frederikshavn', 'default', 'Frederikshavn', NULL),
('da', 'dime.kommune.frederikshavn', 'official', 'Frederikshavn Kommune', NULL),
('da', 'dime.kommune.frederikssund', 'default', 'Frederikssund', NULL),
('da', 'dime.kommune.frederikssund', 'official', 'Frederikssund Kommune', NULL),
('da', 'dime.kommune.fureso', 'default', 'Fures', NULL),
('da', 'dime.kommune.fureso', 'official', 'Fures Kommune', NULL),
('da', 'dime.kommune.gentofte', 'default', 'Gentofte', NULL),
('da', 'dime.kommune.gentofte', 'official', 'Gentofte Kommune', NULL),
('da', 'dime.kommune.gladsaxe', 'default', 'Gladsaxe', NULL),
('da', 'dime.kommune.gladsaxe', 'official', 'Gladsaxe Kommune', NULL),
('da', 'dime.kommune.glostrup', 'default', 'Glostrup', NULL),
('da', 'dime.kommune.glostrup', 'official', 'Glostrup Kommune', NULL),
('da', 'dime.kommune.greve', 'default', 'Greve', NULL),
('da', 'dime.kommune.greve', 'official', 'Greve Kommune', NULL),
('da', 'dime.kommune.gribskov', 'default', 'Gribskov', NULL),
('da', 'dime.kommune.gribskov', 'official', 'Gribskov Kommune', NULL),
('da', 'dime.kommune.guldborgsund', 'default', 'Guldborgsund', NULL),
('da', 'dime.kommune.guldborgsund', 'official', 'Guldborgsund Kommune', NULL),
('da', 'dime.kommune.haderslev', 'default', 'Haderslev', NULL),
('da', 'dime.kommune.haderslev', 'official', 'Haderslev Kommune', NULL),
('da', 'dime.kommune.halsnaes', 'default', 'Halsns', NULL),
('da', 'dime.kommune.halsnaes', 'official', 'Halsns Kommune', NULL),
('da', 'dime.kommune.hedensted', 'default', 'Hedensted', NULL),
('da', 'dime.kommune.hedensted', 'official', 'Hedensted Kommune', NULL),
('da', 'dime.kommune.helsingor', 'default', 'Helsingr', NULL),
('da', 'dime.kommune.helsingor', 'official', 'Helsingr Kommune', NULL),
('da', 'dime.kommune.herlev', 'default', 'Herlev', NULL),
('da', 'dime.kommune.herlev', 'official', 'Herlev Kommune', NULL),
('da', 'dime.kommune.herning', 'default', 'Herning', NULL),
('da', 'dime.kommune.herning', 'official', 'Herning Kommune', NULL),
('da', 'dime.kommune.hillerod', 'default', 'Hillerd', NULL),
('da', 'dime.kommune.hillerod', 'official', 'Hillerd Kommune', NULL),
('da', 'dime.kommune.hjorring', 'default', 'Hjrring', NULL),
('da', 'dime.kommune.hjorring', 'official', 'Hjrring Kommune', NULL),
('da', 'dime.kommune.hojetaastrup', 'default', 'Hje-Taastrup', NULL),
('da', 'dime.kommune.hojetaastrup', 'official', 'Hje-Taastrup Kommune', NULL),
('da', 'dime.kommune.holbaek', 'default', 'Holbk', NULL),
('da', 'dime.kommune.holbaek', 'official', 'Holbk Kommune', NULL),
('da', 'dime.kommune.holstebro', 'default', 'Holstebro', NULL),
('da', 'dime.kommune.holstebro', 'official', 'Holstebro Kommune', NULL),
('da', 'dime.kommune.horsens', 'default', 'Horsens', NULL),
('da', 'dime.kommune.horsens', 'official', 'Horsens Kommune', NULL),
('da', 'dime.kommune.horsholm', 'default', 'Hrsholm', NULL),
('da', 'dime.kommune.horsholm', 'official', 'Hrsholm Kommune', NULL),
('da', 'dime.kommune.hvidovre', 'default', 'Hvidovre', NULL),
('da', 'dime.kommune.hvidovre', 'official', 'Hvidovre Kommune', NULL),
('da', 'dime.kommune.ikastbrande', 'default', 'Ikast-Brande', NULL),
('da', 'dime.kommune.ikastbrande', 'official', 'Ikast-Brande Kommune', NULL),
('da', 'dime.kommune.ishoj', 'default', 'Ishj', NULL),
('da', 'dime.kommune.ishoj', 'official', 'Ishj Kommune', NULL),
('da', 'dime.kommune.jammerbugt', 'default', 'Jammerbugt', NULL),
('da', 'dime.kommune.jammerbugt', 'official', 'Jammerbugt Kommune', NULL),
('da', 'dime.kommune.kalundborg', 'default', 'Kalundborg', NULL),
('da', 'dime.kommune.kalundborg', 'official', 'Kalundborg Kommune', NULL),
('da', 'dime.kommune.kerteminde', 'default', 'Kerteminde', NULL),
('da', 'dime.kommune.kerteminde', 'official', 'Kerteminde Kommune', NULL),
('da', 'dime.kommune.kobenhavn', 'default', 'Kbenhavn', NULL),
('da', 'dime.kommune.kobenhavn', 'official', 'Kbenhavns Kommune', NULL),
('da', 'dime.kommune.koge', 'default', 'Kge', NULL),
('da', 'dime.kommune.koge', 'official', 'Kge Kommune', NULL),
('da', 'dime.kommune.kolding', 'default', 'Kolding', NULL),
('da', 'dime.kommune.kolding', 'official', 'Kolding Kommune', NULL),
('da', 'dime.kommune.laeso', 'default', 'Ls', NULL),
('da', 'dime.kommune.laeso', 'official', 'Ls Kommune', NULL),
('da', 'dime.kommune.langeland', 'default', 'Langeland', NULL),
('da', 'dime.kommune.langeland', 'official', 'Langeland Kommune', NULL),
('da', 'dime.kommune.lejre', 'default', 'Lejre', NULL),
('da', 'dime.kommune.lejre', 'official', 'Lejre Kommune', NULL),
('da', 'dime.kommune.lemvig', 'default', 'Lemvig', NULL),
('da', 'dime.kommune.lemvig', 'official', 'Lemvig Kommune', NULL),
('da', 'dime.kommune.lolland', 'default', 'Lolland', NULL),
('da', 'dime.kommune.lolland', 'official', 'Lolland Kommune', NULL),
('da', 'dime.kommune.lyngbytaarbaek', 'default', 'Lyngby-Taarbk', NULL),
('da', 'dime.kommune.lyngbytaarbaek', 'official', 'Lyngby-Taarbk Kommune', NULL),
('da', 'dime.kommune.mariagerfjord', 'default', 'Mariagerfjord', NULL),
('da', 'dime.kommune.mariagerfjord', 'official', 'Mariagerfjord Kommune', NULL),
('da', 'dime.kommune.middelfart', 'default', 'Middelfart', NULL),
('da', 'dime.kommune.middelfart', 'official', 'Middelfart Kommune', NULL),
('da', 'dime.kommune.morso', 'default', 'Mors', NULL),
('da', 'dime.kommune.morso', 'official', 'Mors Kommune', NULL),
('da', 'dime.kommune.naestved', 'default', 'Nstved', NULL),
('da', 'dime.kommune.naestved', 'official', 'Nstved Kommune', NULL),
('da', 'dime.kommune.norddjurs', 'default', 'Norddjurs', NULL),
('da', 'dime.kommune.norddjurs', 'official', 'Norddjurs Kommune', NULL),
('da', 'dime.kommune.nordfyns', 'default', 'Nordfyns', NULL),
('da', 'dime.kommune.nordfyns', 'official', 'Nordfyns Kommune', NULL),
('da', 'dime.kommune.nyborg', 'default', 'Nyborg', NULL),
('da', 'dime.kommune.nyborg', 'official', 'Nyborg Kommune', NULL),
('da', 'dime.kommune.odder', 'default', 'Odder', NULL),
('da', 'dime.kommune.odder', 'official', 'Odder Kommune', NULL),
('da', 'dime.kommune.odense', 'default', 'Odense', NULL),
('da', 'dime.kommune.odense', 'official', 'Odense Kommune', NULL),
('da', 'dime.kommune.odsherred', 'default', 'Odsherred', NULL),
('da', 'dime.kommune.odsherred', 'official', 'Odsherred Kommune', NULL),
('da', 'dime.kommune.randers', 'default', 'Randers', NULL),
('da', 'dime.kommune.randers', 'official', 'Randers Kommune', NULL),
('da', 'dime.kommune.rebild', 'default', 'Rebild', NULL),
('da', 'dime.kommune.rebild', 'official', 'Rebild Kommune', NULL),
('da', 'dime.kommune.ringkobingskjern', 'default', 'Ringkbing-Skjern', NULL),
('da', 'dime.kommune.ringkobingskjern', 'official', 'Ringkbing-Skjern Kommune', NULL),
('da', 'dime.kommune.ringsted', 'default', 'Ringsted', NULL),
('da', 'dime.kommune.ringsted', 'official', 'Ringsted Kommune', NULL),
('da', 'dime.kommune.rodovre', 'default', 'Rdovre', NULL),
('da', 'dime.kommune.rodovre', 'official', 'Rdovre Kommune', NULL),
('da', 'dime.kommune.roskilde', 'default', 'Roskilde', NULL),
('da', 'dime.kommune.roskilde', 'official', 'Roskilde Kommune', NULL),
('da', 'dime.kommune.rudersdal', 'default', 'Rudersdal', NULL),
('da', 'dime.kommune.rudersdal', 'official', 'Rudersdal Kommune', NULL),
('da', 'dime.kommune.samso', 'default', 'Sams', NULL),
('da', 'dime.kommune.samso', 'official', 'Sams Kommune', NULL),
('da', 'dime.kommune.silkeborg', 'default', 'Silkeborg', NULL),
('da', 'dime.kommune.silkeborg', 'official', 'Silkeborg Kommune', NULL),
('da', 'dime.kommune.skanderborg', 'default', 'Skanderborg', NULL),
('da', 'dime.kommune.skanderborg', 'official', 'Skanderborg Kommune', NULL),
('da', 'dime.kommune.skive', 'default', 'Skive', NULL),
('da', 'dime.kommune.skive', 'official', 'Skive Kommune', NULL),
('da', 'dime.kommune.slagelse', 'default', 'Slagelse', NULL),
('da', 'dime.kommune.slagelse', 'official', 'Slagelse Kommune', NULL),
('da', 'dime.kommune.solrod', 'default', 'Solrd', NULL),
('da', 'dime.kommune.solrod', 'official', 'Solrd Kommune', NULL),
('da', 'dime.kommune.sonderborg', 'default', 'Snderborg', NULL),
('da', 'dime.kommune.sonderborg', 'official', 'Snderborg Kommune', NULL),
('da', 'dime.kommune.soro', 'default', 'Sor', NULL),
('da', 'dime.kommune.soro', 'official', 'Sor Kommune', NULL),
('da', 'dime.kommune.stevns', 'default', 'Stevns', NULL),
('da', 'dime.kommune.stevns', 'official', 'Stevns Kommune', NULL),
('da', 'dime.kommune.struer', 'default', 'Struer', NULL),
('da', 'dime.kommune.struer', 'official', 'Struer Kommune', NULL),
('da', 'dime.kommune.svendborg', 'default', 'Svendborg', NULL),
('da', 'dime.kommune.svendborg', 'official', 'Svendborg Kommune', NULL),
('da', 'dime.kommune.syddjurs', 'default', 'Syddjurs', NULL),
('da', 'dime.kommune.syddjurs', 'official', 'Syddjurs Kommune', NULL),
('da', 'dime.kommune.tarnby', 'default', 'Trnby', NULL),
('da', 'dime.kommune.tarnby', 'official', 'Trnby Kommune', NULL),
('da', 'dime.kommune.thisted', 'default', 'Thisted', NULL),
('da', 'dime.kommune.thisted', 'official', 'Thisted Kommune', NULL),
('da', 'dime.kommune.tonder', 'default', 'Tnder', NULL),
('da', 'dime.kommune.tonder', 'official', 'Tnder Kommune', NULL),
('da', 'dime.kommune.vallensbaek', 'default', 'Vallensbk', NULL),
('da', 'dime.kommune.vallensbaek', 'official', 'Vallensbk Kommune', NULL),
('da', 'dime.kommune.varde', 'default', 'Varde', NULL),
('da', 'dime.kommune.varde', 'official', 'Varde Kommune', NULL),
('da', 'dime.kommune.vejen', 'default', 'Vejen', NULL),
('da', 'dime.kommune.vejen', 'official', 'Vejen Kommune', NULL),
('da', 'dime.kommune.vejle', 'default', 'Vejle', NULL),
('da', 'dime.kommune.vejle', 'official', 'Vejle Kommune', NULL),
('da', 'dime.kommune.vesthimmerland', 'default', 'Vesthimmerland', NULL),
('da', 'dime.kommune.vesthimmerland', 'official', 'Vesthimmerlands Kommune', NULL),
('da', 'dime.kommune.viborg', 'default', 'Viborg', NULL),
('da', 'dime.kommune.viborg', 'official', 'Viborg Kommune', NULL),
('da', 'dime.kommune.vordingborg', 'default', 'Vordingborg', NULL),
('da', 'dime.kommune.vordingborg', 'official', 'Vordingborg Kommune', NULL),
('da', 'dime.krogager', 'default', 'KrogagerFonden', NULL),
('da', 'dime.map.layer.foraar', 'default', 'Foraar Kortlag', NULL),
('da', 'dime.map.layer.skaermkort', 'default', 'Skaermkort', NULL),
('da', 'dime.material.aluminium', 'default', 'Aluminium', NULL),
('da', 'dime.material.copper', 'default', 'Kobber', NULL),
('da', 'dime.material.copperalloy', 'default', 'Bronze', NULL),
('da', 'dime.material.gold', 'default', 'Guld', NULL),
('da', 'dime.material.iron', 'default', 'Jern', NULL),
('da', 'dime.material.lead', 'default', 'Bly', NULL),
('da', 'dime.material.othermetal', 'default', 'Andet Metal', NULL),
('da', 'dime.material.silver', 'default', 'Slv', NULL),
('da', 'dime.material.tin', 'default', 'Tin', NULL),
('da', 'dime.metaldetector', 'default', 'Metaldetektorbrug I Danmark', NULL),
('da', 'dime.news', 'default', 'Nyheder', NULL),
('da', 'dime.news', 'resource', 'nyheder', NULL),
('da', 'dime.period', 'default', 'Periode', NULL),
('da', 'dime.period.absolutism', 'default', 'Enevlde', 'Absolutism'),
('da', 'dime.period.bronze', 'default', 'Bronzealder', 'Bronze Age'),
('da', 'dime.period.bronze.1', 'default', 'Bronzealder Per. 1', 'Bronze Age Period 1'),
('da', 'dime.period.bronze.2', 'default', 'Bronzealder Per. 2', 'Bronze Age Period 2'),
('da', 'dime.period.bronze.3', 'default', 'Bronzealder Per 3', 'Bronze Age Period 3'),
('da', 'dime.period.bronze.4', 'default', 'Bronzealder Per. 4', 'Bronze Age Period 4'),
('da', 'dime.period.bronze.5', 'default', 'Bronzealder Per. 5', 'Bronze Age Period 5'),
('da', 'dime.period.bronze.6', 'default', 'Bronzealder Per. 6', 'Bronze Age Period 6'),
('da', 'dime.period.bronze.early', 'default', 'ldre Bronzealder', 'Early Bronze Age'),
('da', 'dime.period.bronze.late', 'default', 'Yngre Bronzealder', 'Late Bronze Age'),
('da', 'dime.period.historic', 'default', 'Historisk tid', 'Historic Age'),
('da', 'dime.period.industrial', 'default', 'Industritid', 'Industrial Age'),
('da', 'dime.period.interwar', 'default', 'Mellemskrigstiden', 'Interwar Years'),
('da', 'dime.period.iron', 'default', 'Jernalder', 'Iron Age'),
('da', 'dime.period.iron.early', 'default', 'ldre Jernalder', 'Early Iron Age'),
('da', 'dime.period.iron.germainic', 'default', 'Germansk Jernalder', 'Germanic Iron Age'),
('da', 'dime.period.iron.germainic.early', 'default', 'ldre Germansk Jernalder', 'Early Germanic Iron Age'),
('da', 'dime.period.iron.germainic.late', 'default', 'Yngre Germansk Jernalder', 'Late Germanic Iron Age'),
('da', 'dime.period.iron.late', 'default', 'Yngre Jernalder', 'Late Iron Age'),
('da', 'dime.period.iron.preroman', 'default', 'Frromersk Jernalder', 'Pre-Roman Iron Age'),
('da', 'dime.period.iron.preroman.early', 'default', 'ldre Frromersk Jernalder', 'Early Pre-Roman Iron Age'),
('da', 'dime.period.iron.preroman.late', 'default', 'Yngre Frromersk Jernalder', 'Late Pre-Roman Iron Age'),
('da', 'dime.period.iron.preroman.middle', 'default', 'Melllemste Frromersk Jernalder', 'Middle Pre-Roman Iron Age'),
('da', 'dime.period.iron.roman', 'default', 'Romersk Jernalder', 'Roman Iron Age'),
('da', 'dime.period.iron.roman.early', 'default', 'ldre Romersk Jernalder', 'Early Roman Iron Age'),
('da', 'dime.period.iron.roman.early.b1', 'default', 'ldre Romersk Jernalder B1', 'Early Roman Iron Age B1'),
('da', 'dime.period.iron.roman.early.b2', 'default', 'ldre Romersk Jernalder B2', 'Early Roman Iron Age B2'),
('da', 'dime.period.iron.roman.late', 'default', 'Yngre Romersk Jernalder', 'Late Roman Iron Age'),
('da', 'dime.period.iron.roman.late.c1', 'default', 'Yngre Romersk Jernalder C1', 'Late Roman Iron Age C1'),
('da', 'dime.period.iron.roman.late.c2', 'default', 'Yngre Romersk Jernalder C2', 'Late Roman Iron Age C2'),
('da', 'dime.period.iron.roman.late.c3', 'default', 'Yngre Romersk Jernalder C3', 'Late Roman Iron Age C3'),
('da', 'dime.period.medieval', 'default', 'Middelalder', 'Medieval'),
('da', 'dime.period.medieval.early', 'default', 'Tidlig Middelalder', 'Early Medieval'),
('da', 'dime.period.medieval.high', 'default', 'Hjmiddelalder', 'High Medieval'),
('da', 'dime.period.medieval.late', 'default', 'Senmiddelalder', 'Late Medieval'),
('da', 'dime.period.mesolithic', 'default', 'Mesolitikum', 'Mesolithic'),
('da', 'dime.period.modern', 'default', 'Nyere tid', 'Modern Age'),
('da', 'dime.period.neolithic', 'default', 'Neolitikum', 'Neolithic'),
('da', 'dime.period.palaeolithic', 'default', 'Plolitikum', 'Palaeolithic'),
('da', 'dime.period.reformation', 'default', 'Efterreformatorisk tid', 'Reformation'),
('da', 'dime.period.stone', 'default', 'Stenalder', 'Stone Age'),
('da', 'dime.period.undated', 'default', 'Udateret', 'Undated'),
('da', 'dime.period.viking', 'default', 'Vikingetid', 'Viking Age'),
('da', 'dime.period.viking.early', 'default', 'ldre Vikingetid', 'Early Viking Age'),
('da', 'dime.period.viking.late', 'default', 'Yngre Vikingetid', 'Late Viking Age'),
('da', 'dime.period.viking.medieval', 'default', 'Vikingetid / Tidlig Middelalder', 'Viking / Early Medieval '),
('da', 'dime.period.welfare', 'default', 'Velfrdssamfundet', 'Welfare Age'),
('da', 'dime.period.ww1', 'default', '1. Verdenskrig', 'First World War'),
('da', 'dime.period.ww2', 'default', '2. Verdenskrig', 'Second World War'),
('da', 'dime.placeholder', 'default', '-', NULL),
('da', 'dime.profile', 'default', 'Profil', ''),
('da', 'dime.profile', 'resource', 'profil', ''),
('da', 'dime.profiles', 'resource', 'profiler', ''),
('da', 'dime.region.hovedstaden', 'default', 'Hovedstaden', NULL),
('da', 'dime.region.hovedstaden', 'official', 'Region Hovedstaden', NULL),
('da', 'dime.region.midtjylland', 'default', 'Midtjylland', NULL),
('da', 'dime.region.midtjylland', 'official', 'Region Midtjylland', NULL),
('da', 'dime.region.nordjylland', 'default', 'Nordjylland', NULL),
('da', 'dime.region.nordjylland', 'official', 'Region Nordjylland', NULL),
('da', 'dime.region.sjaelland', 'default', 'Sjlland', NULL),
('da', 'dime.region.sjaelland', 'official', 'Region Sjlland', NULL),
('da', 'dime.region.syddanmark', 'default', 'Syddanmark', NULL),
('da', 'dime.region.syddanmark', 'official', 'Region Syddanmark', NULL),
('da', 'dime.research', 'default', 'Forskning', NULL),
('da', 'dime.research', 'resource', 'forskning', NULL),
('da', 'dime.save', 'default', 'Gem', NULL),
('da', 'dime.search', 'default', 'Sg', NULL),
('da', 'dime.search.finds.mine', 'default', 'Mine Fund', NULL),
('da', 'dime.supportedby', 'default', 'Stttet af', NULL),
('da', 'dime.treasure', 'default', 'Danef', NULL),
('da', 'dime.treasure.appraisal', 'default', 'Vurdering', NULL),
('da', 'dime.treasure.not', 'default', 'Ikke Danef', NULL),
('da', 'dime.treasure.pending', 'default', 'Verserende', NULL),
('da', 'dime.treasure.treasure', 'default', 'Danef', NULL),
('da', 'dime.user.login', 'default', 'Login', NULL),
('da', 'dime.user.name', 'default', 'Brugernavn', NULL),
('da', 'dime.user.password', 'default', 'Password', NULL),
('da', 'dime.user.password.forgot', 'default', 'Glemt Password?', NULL),
('da', 'dime.user.register', 'default', 'Ny Bruger?', NULL),
('da', 'find.gotofind', 'default', 'Vis fundoplysninger', NULL),
('da', 'form.select.optional', 'default', 'valgfri', NULL),
('da', 'form.select.required', 'default', 'pkrvet', NULL),
('da', 'length.kilometre', 'default', 'kilometer', NULL),
('da', 'length.metre', 'default', 'meter', NULL),
('da', 'length.micrometre', 'default', 'mikrometer', NULL),
('da', 'length.millimetre', 'default', 'millimeter', NULL),
('da', 'length.nanometre', 'default', 'nanometer', NULL),
('da', 'map.layer.aerial', 'default', 'Satellit', NULL),
('da', 'map.layer.aerial.labels', 'default', 'Satellit med etiketter', NULL),
('da', 'map.layer.bing.aerial', 'default', 'Bing luftfoto', NULL),
('da', 'map.layer.bing.aerialwithlabels', 'default', 'Bing luftfoto med etiketter', NULL),
('da', 'map.layer.bing.road', 'default', 'Bing kreplan', NULL),
('da', 'map.layer.foraar', 'default', 'Foraar', NULL),
('da', 'map.layer.road', 'default', 'Vej', NULL),
('da', 'map.layer.skaermkort', 'default', 'Skrmkort', NULL),
('da', 'map.legend.max', 'default', 'Max', NULL),
('da', 'map.legend.min', 'default', 'Min', NULL),
('da', 'map.style.choropleth', 'default', 'Kommune', NULL),
('da', 'map.style.distribution', 'default', 'Fordeling', NULL),
('da', 'map.style.none', 'default', 'Ingen', NULL),
('da', 'mass.gram', 'default', 'gram', NULL),
('da', 'mass.kilogram', 'default', 'kilogram', NULL);
INSERT INTO `ark_translation_message` (`language`, `keyword`, `role`, `text`, `notes`) VALUES
('da', 'mass.microgram', 'default', 'mikrogram', NULL),
('da', 'mass.milligram', 'default', 'milligram', NULL),
('da', 'mass.tonne', 'default', 'ton', NULL),
('da', 'module.file', 'default', 'Filer', NULL),
('da', 'search.placeholder', 'default', 'Fritekstsgning', NULL),
('da', 'site.brand', 'default', 'DIME', NULL),
('da', 'user.greeting', 'default', 'Logged In %name%', NULL),
('da', 'user.menu.edit', 'default', 'Rediger Bruger', NULL),
('da', 'user.menu.home', 'default', 'Min Side', NULL),
('da', 'user.menu.login', 'default', 'Login', NULL),
('en', 'core.action.select', 'default', 'Select Action', ''),
('en', 'core.action.view', 'default', 'View', ''),
('en', 'core.actor', 'resource', 'actors', NULL),
('en', 'core.actor.address', 'default', 'Address', ''),
('en', 'core.actor.avatar', 'default', 'Photo', ''),
('en', 'core.actor.biography', 'default', 'Biography', ''),
('en', 'core.actor.email', 'default', 'E-mail', ''),
('en', 'core.actor.event.registered', 'default', 'Registered', ''),
('en', 'core.actor.format', 'default', 'Actor Format', NULL),
('en', 'core.actor.fullname', 'default', 'Name', NULL),
('en', 'core.actor.id', 'default', 'Actor ID', NULL),
('en', 'core.actor.initials', 'default', 'Initials', ''),
('en', 'core.actor.institution', 'default', 'Institution', NULL),
('en', 'core.actor.license', 'default', 'Photo License', ''),
('en', 'core.actor.module', 'default', 'Actor', NULL),
('en', 'core.actor.person', 'default', 'Person', NULL),
('en', 'core.actor.schema', 'default', 'Actor', NULL),
('en', 'core.actor.shortname', 'default', 'Short Name', NULL),
('en', 'core.actor.telephone', 'default', 'Telephone', ''),
('en', 'core.actor.type.institution', 'default', 'dime.actor.type.institution', NULL),
('en', 'core.actor.type.museum', 'default', 'Museum', NULL),
('en', 'core.actor.type.person', 'default', 'dime.actor.type.person', NULL),
('en', 'core.actor.visibility', 'default', 'Privacy', ''),
('en', 'core.admin', 'resource', 'admin', ''),
('en', 'core.button.apply', 'default', 'Apply', ''),
('en', 'core.button.change', 'default', 'Change', ''),
('en', 'core.button.clone', 'default', 'Clone', ''),
('en', 'core.button.save', 'default', 'Save', NULL),
('en', 'core.button.search', 'default', 'Search', NULL),
('en', 'core.button.send', 'default', 'Send', ''),
('en', 'core.event.type.viewed', 'default', 'Viewed', ''),
('en', 'core.events', 'resource', 'events', NULL),
('en', 'core.file', 'resource', 'files', NULL),
('en', 'core.file.status.checkedin', 'default', 'core.file.status.checkedin', NULL),
('en', 'core.file.status.checkedout', 'default', 'core.file.status.checkedout', NULL),
('en', 'core.file.status.expired', 'default', 'core.file.status.expired', NULL),
('en', 'core.file.status.locked', 'default', 'core.file.status.locked', NULL),
('en', 'core.file.status.new', 'default', 'core.file.status.new', NULL),
('en', 'core.file.type.audio', 'default', 'core.file.type.audio', NULL),
('en', 'core.file.type.document', 'default', 'core.file.type.document', NULL),
('en', 'core.file.type.image', 'default', 'core.file.type.image', NULL),
('en', 'core.file.type.other', 'default', 'core.file.type.other', NULL),
('en', 'core.file.type.text', 'default', 'core.file.type.text', NULL),
('en', 'core.file.type.video', 'default', 'core.file.type.video', NULL),
('en', 'core.license.cc0', 'default', 'CC0: No rights reserved.', ''),
('en', 'core.license.ccbyncsa', 'default', 'CC BY-NC-SA: Attribution, Non-Commercial, Share-Alike', ''),
('en', 'core.license.ccbysa', 'default', 'CC BY-SA: Attribution, Share-Alike', ''),
('en', 'core.message', 'resource', 'messages', NULL),
('en', 'core.message.allmessages', 'default', 'See Older Notifications', NULL),
('en', 'core.message.messages', 'default', 'Notifications', NULL),
('en', 'core.message.messages.new', 'default', 'New Notifications', NULL),
('en', 'core.message.newmessages', 'default', 'new messages', ''),
('en', 'core.message.notification.body', 'default', 'Notification', NULL),
('en', 'core.message.notification.event', 'default', 'Event', NULL),
('en', 'core.message.notshown', 'default', 'message(s) not shown', ''),
('en', 'core.message.sender', 'default', 'From', 'Fra'),
('en', 'core.message.sent_at', 'default', 'Date', NULL),
('en', 'core.message.type', 'default', 'Type', NULL),
('en', 'core.message.type.notification', 'default', 'Notification', NULL),
('en', 'core.user', 'resource', 'users', ''),
('en', 'core.user.agree', 'default', 'I agree to abide by the DIME Terms and Conditions.', ''),
('en', 'core.user.email', 'default', 'Email', ''),
('en', 'core.user.email.repeat', 'default', 'Repeat Email', ''),
('en', 'core.user.login', 'default', 'Login', ''),
('en', 'core.user.password', 'default', 'Password', ''),
('en', 'core.user.password.change', 'default', 'Change Password', ''),
('en', 'core.user.password.change.success', 'default', 'You have successfully changed your password.', ''),
('en', 'core.user.password.current', 'default', 'Current Password', ''),
('en', 'core.user.password.new', 'default', 'New Password', ''),
('en', 'core.user.password.repeat', 'default', 'Repeat Password', ''),
('en', 'core.user.password.set', 'default', 'Set Password', ''),
('en', 'core.user.register', 'default', 'Register', ''),
('en', 'core.user.register.existing', 'default', 'Already have an account?', ''),
('en', 'core.user.register.heading', 'default', 'Register as a new user.', ''),
('en', 'core.user.register.loggedin', 'default', 'Hello, %name%. You are already registered and signed in.', ''),
('en', 'core.user.register.login', 'default', 'Sign in here.', ''),
('en', 'core.user.register.logout', 'default', 'Sign out.', ''),
('en', 'core.user.reset', 'default', 'Reset', ''),
('en', 'core.user.reset.heading', 'default', 'Reset User', ''),
('en', 'core.user.reset.notregistered', 'default', 'Not a registered user?', ''),
('en', 'core.user.reset.register', 'default', 'Register here.', ''),
('en', 'core.user.reset.reset', 'default', 'Enter your username to request a password reset or to unlock your account.', ''),
('en', 'core.user.username', 'default', 'Username', ''),
('en', 'core.users', 'resource', 'users', ''),
('en', 'core.visibility.private', 'default', 'Private', ''),
('en', 'core.visibility.public', 'default', 'Public', ''),
('en', 'core.visibility.restricted', 'default', 'Restricted', ''),
('en', 'core.widget.comments', 'default', 'Message For Museum', ''),
('en', 'core.widget.send', 'default', 'Send', ''),
('en', 'core.widget.submit', 'default', 'Submit', ''),
('en', 'core.workflow.action', 'default', 'Actions', ''),
('en', 'core.workflow.role', 'default', 'Role', ''),
('en', 'country.afghanistan', 'default', 'Afghanistan ', NULL),
('en', 'country.alandislands', 'default', 'land Islands ', NULL),
('en', 'country.albania', 'default', 'Albania ', NULL),
('en', 'country.algeria', 'default', 'Algeria ', NULL),
('en', 'country.americansamoa', 'default', 'American Samoa ', NULL),
('en', 'country.andorra', 'default', 'Andorra ', NULL),
('en', 'country.angola', 'default', 'Angola ', NULL),
('en', 'country.anguilla', 'default', 'Anguilla ', NULL),
('en', 'country.antarctica', 'default', 'Antarctica ', NULL),
('en', 'country.antigua', 'default', 'Antigua and Barbuda ', NULL),
('en', 'country.argentina', 'default', 'Argentina ', NULL),
('en', 'country.armenia', 'default', 'Armenia ', NULL),
('en', 'country.aruba', 'default', 'Aruba ', NULL),
('en', 'country.australia', 'default', 'Australia ', NULL),
('en', 'country.austria', 'default', 'Austria ', NULL),
('en', 'country.azerbaijan', 'default', 'Azerbaijan ', NULL),
('en', 'country.bahamas', 'default', 'Bahamas ', NULL),
('en', 'country.bahrain', 'default', 'Bahrain ', NULL),
('en', 'country.bangladesh', 'default', 'Bangladesh ', NULL),
('en', 'country.barbados', 'default', 'Barbados ', NULL),
('en', 'country.belarus', 'default', 'Belarus ', NULL),
('en', 'country.belgium', 'default', 'Belgium ', NULL),
('en', 'country.belize', 'default', 'Belize ', NULL),
('en', 'country.benin', 'default', 'Benin ', NULL),
('en', 'country.bermuda', 'default', 'Bermuda ', NULL),
('en', 'country.bhutan', 'default', 'Bhutan ', NULL),
('en', 'country.bolivia', 'default', 'Bolivia', NULL),
('en', 'country.bonaire', 'default', 'Bonaire, Sint Eustatius and Saba ', NULL),
('en', 'country.bosniaherzegovina', 'default', 'Bosnia and Herzegovina ', NULL),
('en', 'country.botswana', 'default', 'Botswana ', NULL),
('en', 'country.brazil', 'default', 'Brazil ', NULL),
('en', 'country.britishvirginislands', 'default', 'British Virgin Islands', NULL),
('en', 'country.brunei', 'default', 'Brunei Darussalam ', NULL),
('en', 'country.bulgaria', 'default', 'Bulgaria ', NULL),
('en', 'country.burkinafaso', 'default', 'Burkina Faso ', NULL),
('en', 'country.burundi', 'default', 'Burundi ', NULL),
('en', 'country.caboverde', 'default', 'Cabo Verde ', NULL),
('en', 'country.cambodia', 'default', 'Cambodia ', NULL),
('en', 'country.cameroon', 'default', 'Cameroon ', NULL),
('en', 'country.canada', 'default', 'Canada ', NULL),
('en', 'country.caymanislands', 'default', 'Cayman Islands ', NULL),
('en', 'country.centralafricanrepublic', 'default', 'Central African Republic ', NULL),
('en', 'country.chad', 'default', 'Chad ', NULL),
('en', 'country.chile', 'default', 'Chile ', NULL),
('en', 'country.china', 'default', 'China ', NULL),
('en', 'country.christmasisland', 'default', 'Christmas Island ', NULL),
('en', 'country.cocosislands', 'default', 'Cocos (Keeling) Islands ', NULL),
('en', 'country.colombia', 'default', 'Colombia ', NULL),
('en', 'country.comoros', 'default', 'Comoros ', NULL),
('en', 'country.congo', 'default', 'Congo ', NULL),
('en', 'country.cookislands', 'default', 'Cook Islands ', NULL),
('en', 'country.costarica', 'default', 'Costa Rica ', NULL),
('en', 'country.cotedivoire', 'default', 'Cte d\'Ivoire ', NULL),
('en', 'country.croatia', 'default', 'Croatia ', NULL),
('en', 'country.cuba', 'default', 'Cuba ', NULL),
('en', 'country.curacao', 'default', 'Curaao ', NULL),
('en', 'country.cyprus', 'default', 'Cyprus ', NULL),
('en', 'country.czechrepublic', 'default', 'Czech Republic ', NULL),
('en', 'country.democraticrepubliccongo', 'default', 'Democratic Republic of the Congo ', NULL),
('en', 'country.denmark', 'default', 'Denmark ', NULL),
('en', 'country.djibouti', 'default', 'Djibouti ', NULL),
('en', 'country.dominica', 'default', 'Dominica ', NULL),
('en', 'country.dominicanrepublic', 'default', 'Dominican Republic ', NULL),
('en', 'country.ecuador', 'default', 'Ecuador ', NULL),
('en', 'country.egypt', 'default', 'Egypt ', NULL),
('en', 'country.elsalvador', 'default', 'El Salvador ', NULL),
('en', 'country.equatorialguinea', 'default', 'Equatorial Guinea ', NULL),
('en', 'country.eritrea', 'default', 'Eritrea ', NULL),
('en', 'country.estonia', 'default', 'Estonia ', NULL),
('en', 'country.ethiopia', 'default', 'Ethiopia ', NULL),
('en', 'country.falklandislands', 'default', 'Falkland Islands', NULL),
('en', 'country.faroeislands', 'default', 'Faroe Islands ', NULL),
('en', 'country.fiji', 'default', 'Fiji ', NULL),
('en', 'country.finland', 'default', 'Finland ', NULL),
('en', 'country.france', 'default', 'France ', NULL),
('en', 'country.frenchguiana', 'default', 'French Guiana ', NULL),
('en', 'country.frenchpolynesia', 'default', 'French Polynesia ', NULL),
('en', 'country.gabon', 'default', 'Gabon ', NULL),
('en', 'country.gambia', 'default', 'Gambia ', NULL),
('en', 'country.georgia', 'default', 'Georgia ', NULL),
('en', 'country.germany', 'default', 'Germany ', NULL),
('en', 'country.ghana', 'default', 'Ghana ', NULL),
('en', 'country.gibraltar', 'default', 'Gibraltar ', NULL),
('en', 'country.greece', 'default', 'Greece ', NULL),
('en', 'country.greenland', 'default', 'Greenland ', NULL),
('en', 'country.grenada', 'default', 'Grenada ', NULL),
('en', 'country.guadeloupe', 'default', 'Guadeloupe ', NULL),
('en', 'country.guam', 'default', 'Guam ', NULL),
('en', 'country.guatemala', 'default', 'Guatemala ', NULL),
('en', 'country.guernsey', 'default', 'Guernsey ', NULL),
('en', 'country.guinea', 'default', 'Guinea ', NULL),
('en', 'country.guinea-bissau', 'default', 'Guinea-Bissau ', NULL),
('en', 'country.guyana', 'default', 'Guyana ', NULL),
('en', 'country.haiti', 'default', 'Haiti ', NULL),
('en', 'country.honduras', 'default', 'Honduras ', NULL),
('en', 'country.hongkong', 'default', 'Hong Kong ', NULL),
('en', 'country.hungary', 'default', 'Hungary ', NULL),
('en', 'country.iceland', 'default', 'Iceland ', NULL),
('en', 'country.india', 'default', 'India ', NULL),
('en', 'country.indonesia', 'default', 'Indonesia ', NULL),
('en', 'country.iran', 'default', 'Iran', NULL),
('en', 'country.iraq', 'default', 'Iraq ', NULL),
('en', 'country.ireland', 'default', 'Ireland ', NULL),
('en', 'country.isleofman', 'default', 'Isle of Man ', NULL),
('en', 'country.israel', 'default', 'Israel ', NULL),
('en', 'country.italy', 'default', 'Italy ', NULL),
('en', 'country.jamaica', 'default', 'Jamaica ', NULL),
('en', 'country.japan', 'default', 'Japan ', NULL),
('en', 'country.jersey', 'default', 'Jersey ', NULL),
('en', 'country.jordan', 'default', 'Jordan ', NULL),
('en', 'country.kazakhstan', 'default', 'Kazakhstan ', NULL),
('en', 'country.kenya', 'default', 'Kenya ', NULL),
('en', 'country.kiribati', 'default', 'Kiribati ', NULL),
('en', 'country.kuwait', 'default', 'Kuwait ', NULL),
('en', 'country.kyrgyzstan', 'default', 'Kyrgyzstan ', NULL),
('en', 'country.lao', 'default', 'Lao', NULL),
('en', 'country.latvia', 'default', 'Latvia ', NULL),
('en', 'country.lebanon', 'default', 'Lebanon ', NULL),
('en', 'country.lesotho', 'default', 'Lesotho ', NULL),
('en', 'country.liberia', 'default', 'Liberia ', NULL),
('en', 'country.libya', 'default', 'Libya ', NULL),
('en', 'country.liechtenstein', 'default', 'Liechtenstein ', NULL),
('en', 'country.lithuania', 'default', 'Lithuania ', NULL),
('en', 'country.luxembourg', 'default', 'Luxembourg ', NULL),
('en', 'country.macao', 'default', 'Macao ', NULL),
('en', 'country.macedonia', 'default', 'Macedonia', NULL),
('en', 'country.madagascar', 'default', 'Madagascar ', NULL),
('en', 'country.malawi', 'default', 'Malawi ', NULL),
('en', 'country.malaysia', 'default', 'Malaysia ', NULL),
('en', 'country.maldives', 'default', 'Maldives ', NULL),
('en', 'country.mali', 'default', 'Mali ', NULL),
('en', 'country.malta', 'default', 'Malta ', NULL),
('en', 'country.marshallislands', 'default', 'Marshall Islands ', NULL),
('en', 'country.martinique', 'default', 'Martinique ', NULL),
('en', 'country.mauritania', 'default', 'Mauritania ', NULL),
('en', 'country.mauritius', 'default', 'Mauritius ', NULL),
('en', 'country.mayotte', 'default', 'Mayotte ', NULL),
('en', 'country.mexico', 'default', 'Mexico ', NULL),
('en', 'country.micronesia', 'default', 'Micronesia', NULL),
('en', 'country.moldova', 'default', 'Moldova', NULL),
('en', 'country.monaco', 'default', 'Monaco ', NULL),
('en', 'country.mongolia', 'default', 'Mongolia ', NULL),
('en', 'country.montenegro', 'default', 'Montenegro ', NULL),
('en', 'country.montserrat', 'default', 'Montserrat ', NULL),
('en', 'country.morocco', 'default', 'Morocco ', NULL),
('en', 'country.mozambique', 'default', 'Mozambique ', NULL),
('en', 'country.myanmar', 'default', 'Myanmar ', NULL),
('en', 'country.namibia', 'default', 'Namibia ', NULL),
('en', 'country.nauru', 'default', 'Nauru ', NULL),
('en', 'country.nepal', 'default', 'Nepal ', NULL),
('en', 'country.netherlands', 'default', 'Netherlands ', NULL),
('en', 'country.newcaledonia', 'default', 'New Caledonia ', NULL),
('en', 'country.newzealand', 'default', 'New Zealand ', NULL),
('en', 'country.nicaragua', 'default', 'Nicaragua ', NULL),
('en', 'country.niger', 'default', 'Niger ', NULL),
('en', 'country.nigeria', 'default', 'Nigeria ', NULL),
('en', 'country.niue', 'default', 'Niue ', NULL),
('en', 'country.norfolkisland', 'default', 'Norfolk Island ', NULL),
('en', 'country.northernmarianaislands', 'default', 'Northern Mariana Islands ', NULL),
('en', 'country.northkorea', 'default', 'North Korea', NULL),
('en', 'country.norway', 'default', 'Norway ', NULL),
('en', 'country.oman', 'default', 'Oman ', NULL),
('en', 'country.pakistan', 'default', 'Pakistan ', NULL),
('en', 'country.palau', 'default', 'Palau ', NULL),
('en', 'country.palestine', 'default', 'Palestine', NULL),
('en', 'country.panama', 'default', 'Panama ', NULL),
('en', 'country.papuanewguinea', 'default', 'Papua New Guinea ', NULL),
('en', 'country.paraguay', 'default', 'Paraguay ', NULL),
('en', 'country.peru', 'default', 'Peru ', NULL),
('en', 'country.philippines', 'default', 'Philippines ', NULL),
('en', 'country.pitcairn', 'default', 'Pitcairn ', NULL),
('en', 'country.poland', 'default', 'Poland ', NULL),
('en', 'country.portugal', 'default', 'Portugal ', NULL),
('en', 'country.puertorico', 'default', 'Puerto Rico ', NULL),
('en', 'country.qatar', 'default', 'Qatar ', NULL),
('en', 'country.reunion', 'default', 'Runion ', NULL),
('en', 'country.romania', 'default', 'Romania ', NULL),
('en', 'country.russia', 'default', 'Russia', NULL),
('en', 'country.rwanda', 'default', 'Rwanda ', NULL),
('en', 'country.saintbarthelemy', 'default', 'Saint Barthlemy ', NULL),
('en', 'country.sainthelena', 'default', 'Saint Helena, Ascension and Tristan da Cunha ', NULL),
('en', 'country.saintkitts', 'default', 'Saint Kitts and Nevis ', NULL),
('en', 'country.saintlucia', 'default', 'Saint Lucia ', NULL),
('en', 'country.saintmartin', 'default', 'Saint Martin', NULL),
('en', 'country.saintpierremiquelon', 'default', 'Saint Pierre and Miquelon ', NULL),
('en', 'country.saintvincent', 'default', 'Saint Vincent and the Grenadines ', NULL),
('en', 'country.samoa', 'default', 'Samoa ', NULL),
('en', 'country.sanmarino', 'default', 'San Marino ', NULL),
('en', 'country.saotome', 'default', 'Sao Tome and Principe ', NULL),
('en', 'country.saudiarabia', 'default', 'Saudi Arabia ', NULL),
('en', 'country.senegal', 'default', 'Senegal ', NULL),
('en', 'country.serbia', 'default', 'Serbia ', NULL),
('en', 'country.seychelles', 'default', 'Seychelles ', NULL),
('en', 'country.sierraleone', 'default', 'Sierra Leone ', NULL),
('en', 'country.singapore', 'default', 'Singapore ', NULL),
('en', 'country.sintmaarten', 'default', 'Sint Maarten', NULL),
('en', 'country.slovakia', 'default', 'Slovakia ', NULL),
('en', 'country.slovenia', 'default', 'Slovenia ', NULL),
('en', 'country.solomonislands', 'default', 'Solomon Islands ', NULL),
('en', 'country.somalia', 'default', 'Somalia ', NULL),
('en', 'country.southafrica', 'default', 'South Africa ', NULL),
('en', 'country.southgeorgia', 'default', 'South Georgia and the South Sandwich Islands ', NULL),
('en', 'country.southkorea', 'default', 'South Korea', NULL),
('en', 'country.southsudan', 'default', 'South Sudan ', NULL),
('en', 'country.spain', 'default', 'Spain ', NULL),
('en', 'country.srilanka', 'default', 'Sri Lanka ', NULL),
('en', 'country.sudan', 'default', 'Sudan ', NULL),
('en', 'country.suriname', 'default', 'Suriname ', NULL),
('en', 'country.svalbard', 'default', 'Svalbard and Jan Mayen ', NULL),
('en', 'country.swaziland', 'default', 'Swaziland ', NULL),
('en', 'country.sweden', 'default', 'Sweden ', NULL),
('en', 'country.switzerland', 'default', 'Switzerland ', NULL),
('en', 'country.syria', 'default', 'Syrian Arab Republic ', NULL),
('en', 'country.taiwan', 'default', 'Taiwan', NULL),
('en', 'country.tajikistan', 'default', 'Tajikistan ', NULL),
('en', 'country.tanzania', 'default', 'Tanzania', NULL),
('en', 'country.thailand', 'default', 'Thailand ', NULL),
('en', 'country.timorleste', 'default', 'Timor-Leste ', NULL),
('en', 'country.togo', 'default', 'Togo ', NULL),
('en', 'country.tokelau', 'default', 'Tokelau ', NULL),
('en', 'country.tonga', 'default', 'Tonga ', NULL),
('en', 'country.trinidadtobago', 'default', 'Trinidad and Tobago ', NULL),
('en', 'country.tunisia', 'default', 'Tunisia ', NULL),
('en', 'country.turkey', 'default', 'Turkey ', NULL),
('en', 'country.turkmenistan', 'default', 'Turkmenistan ', NULL),
('en', 'country.turkscaicos', 'default', 'Turks and Caicos Islands ', NULL),
('en', 'country.tuvalu', 'default', 'Tuvalu ', NULL),
('en', 'country.uganda', 'default', 'Uganda ', NULL),
('en', 'country.ukraine', 'default', 'Ukraine ', NULL),
('en', 'country.unitedarabemirates', 'default', 'United Arab Emirates ', NULL),
('en', 'country.unitedkingdom', 'default', 'United Kingdom', NULL),
('en', 'country.unitedstatesamerica', 'default', 'United States of America ', NULL),
('en', 'country.uruguay', 'default', 'Uruguay ', NULL),
('en', 'country.usvirginislands', 'default', 'US Virgin Islands', NULL),
('en', 'country.uzbekistan', 'default', 'Uzbekistan ', NULL),
('en', 'country.vanuatu', 'default', 'Vanuatu ', NULL),
('en', 'country.vatican', 'default', 'Holy See ', NULL),
('en', 'country.venezuela', 'default', 'Venezuela', NULL),
('en', 'country.vietnam', 'default', 'Viet Nam ', NULL),
('en', 'country.wallisfutuna', 'default', 'Wallis and Futuna ', NULL),
('en', 'country.westernsahara', 'default', 'Western Sahara ', NULL),
('en', 'country.yemen', 'default', 'Yemen ', NULL),
('en', 'country.zambia', 'default', 'Zambia ', NULL),
('en', 'country.zimbabwe', 'default', 'Zimbabwe ', NULL),
('en', 'crs.wgs84', 'default', 'crs.wgs84', NULL),
('en', 'dime.about', 'default', 'About', NULL),
('en', 'dime.about', 'resource', 'about', NULL),
('en', 'dime.about.background', 'default', 'Background for DIME', NULL),
('en', 'dime.about.groups', 'default', 'Detectorist Associations', NULL),
('en', 'dime.about.hevn', 'default', 'What is DIME?', NULL),
('en', 'dime.about.hevntext', 'default', 'DIME is a shared portal for detectorists and Danish museums that can be accessed by everyone.', NULL),
('en', 'dime.about.instructions', 'default', 'Instructions', NULL),
('en', 'dime.about.museums', 'default', 'Participating Museums', NULL),
('en', 'dime.about.partners', 'default', 'Partners', NULL),
('en', 'dime.action.delete', 'default', 'Delete', ''),
('en', 'dime.action.edit', 'default', 'edit', NULL),
('en', 'dime.action.record', 'default', 'Record', 'Record'),
('en', 'dime.action.report', 'default', 'Report', 'Report'),
('en', 'dime.action.view', 'default', 'View', ''),
('en', 'dime.actions', 'default', 'Action', 'Action'),
('en', 'dime.actor.municipalities', 'default', 'Municipalities', NULL),
('en', 'dime.actor.participating', 'default', 'DIME Participant', ''),
('en', 'dime.admin.users', 'default', 'Administer Users', ''),
('en', 'dime.background', 'default', 'Background', NULL),
('en', 'dime.background', 'resource', 'background', NULL),
('en', 'dime.claim', 'resource', 'claim', ''),
('en', 'dime.controls', 'default', 'Go', ''),
('en', 'dime.copyright', 'default', 'Copyright  2013-2017 Arkologisk IT, Aarhus University', NULL),
('en', 'dime.credits', 'default', 'Data modelling and support: Carsten Risager | Design: Casper Skaaning Anderson | Implementation: L ~ P Archaeology', NULL),
('en', 'dime.denmark.municipality', 'default', 'Municipalities', NULL),
('en', 'dime.detector', 'default', 'Detecting', NULL),
('en', 'dime.detector', 'resource', 'detecting', NULL),
('en', 'dime.exhibits', 'default', 'Exhibits', NULL),
('en', 'dime.exhibits', 'resource', 'exhibits', NULL),
('en', 'dime.exhibits.forests', 'default', 'Gold and Green Forests', NULL),
('en', 'dime.exhibits.weapons', 'default', 'Weapons in the Bronze Age', NULL),
('en', 'dime.find', 'default', 'Find', NULL),
('en', 'dime.find', 'resource', 'finds', NULL),
('en', 'dime.find.add', 'default', 'Add Find', NULL),
('en', 'dime.find.add.success', 'default', 'The find was successfully added.', ''),
('en', 'dime.find.artefact', 'default', 'Artefact', ''),
('en', 'dime.find.case', 'default', 'Case Number', ''),
('en', 'dime.find.classification', 'default', 'Classification', NULL),
('en', 'dime.find.classify', 'default', 'Classify', ''),
('en', 'dime.find.condition', 'default', 'Condition', NULL),
('en', 'dime.find.condition.fragmented', 'default', 'Fragmented', NULL),
('en', 'dime.find.condition.modified', 'default', 'Modified', NULL),
('en', 'dime.find.condition.unfinished', 'default', 'Unfinished', NULL),
('en', 'dime.find.condition.whole', 'default', 'Whole', NULL),
('en', 'dime.find.coordinates', 'default', 'Coordinates', ''),
('en', 'dime.find.custodian', 'default', 'Custodian', NULL),
('en', 'dime.find.custody', 'default', 'Custody', NULL),
('en', 'dime.find.custody.destroyed', 'default', 'destroyed', NULL),
('en', 'dime.find.custody.discarded', 'default', 'discarded', NULL),
('en', 'dime.find.custody.held', 'default', 'held', NULL),
('en', 'dime.find.custody.lost', 'default', 'Lost', NULL),
('en', 'dime.find.custody.requested', 'default', 'requested', NULL),
('en', 'dime.find.custody.sent', 'default', 'sent', NULL),
('en', 'dime.find.dating', 'default', 'Dating', NULL),
('en', 'dime.find.description', 'default', 'Description', NULL),
('en', 'dime.find.event', 'default', 'Event', ''),
('en', 'dime.find.event.accessioned', 'default', 'Accessioned', ''),
('en', 'dime.find.event.classified', 'default', 'Classified', NULL),
('en', 'dime.find.event.deleted', 'default', 'Deleted', ''),
('en', 'dime.find.event.edited', 'default', 'Edited', NULL),
('en', 'dime.find.event.reported', 'default', 'Reported', NULL),
('en', 'dime.find.event.validated', 'default', 'Validated', ''),
('en', 'dime.find.filters', 'default', 'Filters', ''),
('en', 'dime.find.finddate', 'default', 'Find Date', 'DIME Find Find Date'),
('en', 'dime.find.finder', 'default', 'Detectorist', ''),
('en', 'dime.find.finder_id', 'default', 'Detectorist\'s Find ID', 'DIME Find Finder\'s ID'),
('en', 'dime.find.finder_place', 'default', 'Find spot', ''),
('en', 'dime.find.id', 'default', 'DIME ID', 'DIME Find ID'),
('en', 'dime.find.images', 'default', 'Photos', ''),
('en', 'dime.find.length', 'default', 'Maximum Dimension', NULL),
('en', 'dime.find.location', 'default', 'Location', NULL),
('en', 'dime.find.location.decimal', 'default', 'Decimal (WGS84)', NULL),
('en', 'dime.find.location.utm', 'default', 'UTM', NULL),
('en', 'dime.find.material', 'default', 'Material', 'DIME Find Material'),
('en', 'dime.find.material.secondary', 'default', 'Secondary Material(s)', 'DIME Find Secondary Material(s)'),
('en', 'dime.find.metadata', 'default', 'ID', ''),
('en', 'dime.find.mint', 'default', 'Mint', ''),
('en', 'dime.find.municipality', 'default', 'Municipality', NULL),
('en', 'dime.find.museum_id', 'default', 'Museum Find ID', NULL),
('en', 'dime.find.owner', 'default', 'Owner', NULL),
('en', 'dime.find.period', 'default', 'Period', NULL),
('en', 'dime.find.period.end', 'default', 'End Period', 'DIME Find Period End'),
('en', 'dime.find.period.start', 'default', 'Period', 'DIME Find Period Start'),
('en', 'dime.find.photo', 'default', 'Photos', ''),
('en', 'dime.find.process', 'default', 'Status', NULL),
('en', 'dime.find.process.accessioned', 'default', 'Accessioned', NULL),
('en', 'dime.find.process.assessed', 'default', 'Assessed', NULL),
('en', 'dime.find.process.deleted', 'default', 'Deleted', NULL),
('en', 'dime.find.process.evaluated', 'default', 'Evaluated', NULL),
('en', 'dime.find.process.inactive', 'default', 'Inactive', NULL),
('en', 'dime.find.process.recorded', 'default', 'Recorded', NULL),
('en', 'dime.find.process.rejected', 'default', 'Rejected', NULL),
('en', 'dime.find.process.released', 'default', 'Released', NULL),
('en', 'dime.find.process.reported', 'default', 'Reported', NULL),
('en', 'dime.find.process.validated', 'default', 'Validated', NULL),
('en', 'dime.find.query.set', 'default', 'Your search found %items% finds.', ''),
('en', 'dime.find.recipient', 'default', 'Recipient', NULL),
('en', 'dime.find.save', 'default', 'Save', 'DIME Find Save button'),
('en', 'dime.find.search', 'default', 'Search Finds', NULL),
('en', 'dime.find.secondary.enamel', 'default', 'Enamel', NULL),
('en', 'dime.find.secondary.gilded', 'default', 'Gilded', NULL),
('en', 'dime.find.secondary.glass', 'default', 'Glass', NULL),
('en', 'dime.find.secondary.iron', 'default', 'Iron', NULL),
('en', 'dime.find.secondary.looped', 'default', 'Looped', ''),
('en', 'dime.find.secondary.niello', 'default', 'Niello', NULL),
('en', 'dime.find.secondary.organic', 'default', 'Organic', NULL),
('en', 'dime.find.secondary.other', 'default', 'Other', NULL),
('en', 'dime.find.secondary.stone', 'default', 'Stone', NULL),
('en', 'dime.find.secondary.tinned', 'default', 'Tinned', NULL),
('en', 'dime.find.status', 'default', 'Status', ''),
('en', 'dime.find.subtype', 'default', 'Subtype', 'DIME Find Subtype'),
('en', 'dime.find.subtype.accessory.bell', 'default', 'Bell', NULL),
('en', 'dime.find.subtype.accessory.brooch', 'default', 'Brooch / Emblem', NULL),
('en', 'dime.find.subtype.accessory.buckle', 'default', 'Buckle (Buckle, shoe pnde etc.).', NULL),
('en', 'dime.find.subtype.accessory.button', 'default', 'Button', NULL),
('en', 'dime.find.subtype.accessory.button.bar', 'default', 'Bar Button', NULL),
('en', 'dime.find.subtype.accessory.button.other', 'default', 'Other type button (specify in description field)', NULL),
('en', 'dime.find.subtype.accessory.button.round', 'default', 'Alm. round, half-round or disc-shaped button sewing', NULL),
('en', 'dime.find.subtype.accessory.button.stud', 'default', 'Stud Button', NULL),
('en', 'dime.find.subtype.accessory.fitting', 'default', 'Fittings', NULL),
('en', 'dime.find.subtype.accessory.fitting.belt', 'default', 'Belt end fitting', NULL),
('en', 'dime.find.subtype.accessory.fitting.other', 'default', 'Other type fittings (specify in description field)', NULL),
('en', 'dime.find.subtype.accessory.hook', 'default', 'Hook / Malle', NULL),
('en', 'dime.find.subtype.accessory.jewelery', 'default', 'Jewelery', NULL),
('en', 'dime.find.subtype.accessory.jewelery.bracelet', 'default', 'Bangle / Bracelet', NULL),
('en', 'dime.find.subtype.accessory.jewelery.bracteate', 'default', 'Bracteate', NULL),
('en', 'dime.find.subtype.accessory.jewelery.earring', 'default', 'Earring', NULL),
('en', 'dime.find.subtype.accessory.jewelery.necklace', 'default', 'Necklace - collar, ring, or chain', NULL),
('en', 'dime.find.subtype.accessory.jewelery.other', 'default', 'Other jewelry (specify in description field)', NULL),
('en', 'dime.find.subtype.accessory.jewelery.pasyning', 'default', 'Psyningsblik?', NULL),
('en', 'dime.find.subtype.accessory.jewelery.pearl', 'default', 'Pearl', NULL),
('en', 'dime.find.subtype.accessory.jewelery.pendant', 'default', 'Pendant / Amulet', NULL),
('en', 'dime.find.subtype.accessory.jewelery.ring', 'default', 'Finger ring', NULL),
('en', 'dime.find.subtype.accessory.lace', 'default', 'Lace End', NULL),
('en', 'dime.find.subtype.accessory.medal', 'default', 'Medal / Order', NULL),
('en', 'dime.find.subtype.accessory.other', 'default', 'Other costume accessories (specify in description field)', NULL),
('en', 'dime.find.subtype.accessory.pilgrim', 'default', 'Pilgrim Badge', NULL),
('en', 'dime.find.subtype.accessory.pin', 'default', 'Clothes pin', NULL),
('en', 'dime.find.subtype.accessory.tutulus', 'default', 'Tutulus', NULL),
('en', 'dime.find.subtype.coin.danish', 'default', 'Danish medieval coins', NULL),
('en', 'dime.find.subtype.coin.danish.civilwar', 'default', 'Danish civil war coin (1242-1380)', NULL),
('en', 'dime.find.subtype.coin.danish.early', 'default', 'Danish early middaldermnt (1067-1241)', NULL),
('en', 'dime.find.subtype.coin.danish.hvide', 'default', 'White', NULL),
('en', 'dime.find.subtype.coin.danish.klipping', 'default', 'Klipping', NULL),
('en', 'dime.find.subtype.coin.danish.other', 'default', 'Other Danish medieval coin (specify in description field)', NULL),
('en', 'dime.find.subtype.coin.danish.ssling', 'default', 'Ssling', NULL),
('en', 'dime.find.subtype.coin.danish.sterling', 'default', 'Copper Sterling', NULL),
('en', 'dime.find.subtype.coin.foreign', 'default', 'Medieval foreign coin (1067-1535)', NULL),
('en', 'dime.find.subtype.coin.foreign.hohlpfennig', 'default', 'Hohlpfennigs (Bracteate)', NULL),
('en', 'dime.find.subtype.coin.foreign.hvide', 'default', 'North German White', NULL),
('en', 'dime.find.subtype.coin.foreign.other', 'default', 'Other foreign medieval coin (specify in description field)', NULL),
('en', 'dime.find.subtype.coin.foreign.sterling', 'default', 'English Sterling', NULL),
('en', 'dime.find.subtype.coin.foreign.tournois', 'default', 'French Tournois', NULL),
('en', 'dime.find.subtype.coin.jeton', 'default', 'Jeton / Trade Token', NULL),
('en', 'dime.find.subtype.coin.modern', 'default', 'Modern coins (after 1535)', NULL),
('en', 'dime.find.subtype.coin.modern.danish', 'default', 'Modern Danish coin (after 1535)', NULL),
('en', 'dime.find.subtype.coin.modern.foreign', 'default', 'Modern foreign coin (after 1535)', NULL),
('en', 'dime.find.subtype.coin.other', 'default', 'Other coin (specify in description field)', NULL),
('en', 'dime.find.subtype.coin.roman', 'default', 'Roman / Byzantine coin', NULL),
('en', 'dime.find.subtype.coin.roman.aureus', 'default', 'Aureus', NULL),
('en', 'dime.find.subtype.coin.roman.denarius', 'default', 'Denarius', NULL),
('en', 'dime.find.subtype.coin.roman.other', 'default', 'Other Roman / Byzantine coin (specify in description field)', NULL),
('en', 'dime.find.subtype.coin.roman.sestertius', 'default', 'Sestertius', NULL),
('en', 'dime.find.subtype.coin.roman.siliqua', 'default', 'Siliqua', NULL),
('en', 'dime.find.subtype.coin.roman.solidus', 'default', 'Solidus', NULL),
('en', 'dime.find.subtype.coin.viking', 'default', 'Viking Coin', NULL),
('en', 'dime.find.subtype.coin.viking.byzantine', 'default', 'Byzantine coins', NULL),
('en', 'dime.find.subtype.coin.viking.carolingian', 'default', 'Other Carolingian coin', NULL),
('en', 'dime.find.subtype.coin.viking.denarius', 'default', 'Carolingian denarius', NULL),
('en', 'dime.find.subtype.coin.viking.dirham', 'default', 'Dirham', NULL),
('en', 'dime.find.subtype.coin.viking.english', 'default', 'Other English coin', NULL),
('en', 'dime.find.subtype.coin.viking.german', 'default', 'Other German coin', NULL),
('en', 'dime.find.subtype.coin.viking.nordic', 'default', 'Danish / Nordic Coin', NULL),
('en', 'dime.find.subtype.coin.viking.other', 'default', 'Other Viking coin (specify in description field)', NULL),
('en', 'dime.find.subtype.coin.viking.penny', 'default', 'English penny', NULL),
('en', 'dime.find.subtype.coin.viking.phennig', 'default', 'German phennig', NULL),
('en', 'dime.find.subtype.coin.viking.sceat', 'default', 'Sceat', NULL),
('en', 'dime.find.subtype.fibula.beak', 'default', 'Beak fibula', NULL),
('en', 'dime.find.subtype.fibula.bird.above', 'default', 'Bird fibula (top view)', NULL),
('en', 'dime.find.subtype.fibula.bird.profile', 'default', 'Bird-shaped fibula (Early medieval - small bird in profile)', NULL),
('en', 'dime.find.subtype.fibula.bow', 'default', 'Bow fibula', NULL),
('en', 'dime.find.subtype.fibula.bow.ball', 'default', 'Hard cast ball fibula (Pre- Roman Iron Age)', NULL),
('en', 'dime.find.subtype.fibula.bow.band', 'default', 'Wide band-shaped bow fibulas (Roman Iron Age - Almgr. V)', NULL),
('en', 'dime.find.subtype.fibula.bow.bilateral', 'default', 'Bilateral fibulas with two combs (Early Roman Iron Age - Almgr. I-IV)', NULL),
('en', 'dime.find.subtype.fibula.bow.button', 'default', 'Back button fibula', NULL),
('en', 'dime.find.subtype.fibula.bow.cross', 'default', 'Cross shaped fibula', NULL),
('en', 'dime.find.subtype.fibula.bow.foot', 'default', 'Bow fibulas with enclosed foot including Nydam fibulas (Late Roman Iron Age - Almgr. VI)', NULL),
('en', 'dime.find.subtype.fibula.bow.high', 'default', 'Bow fibulas high needle holder (Late Roman Iron Age - Almgr. VII)', NULL),
('en', 'dime.find.subtype.fibula.bow.other', 'default', 'Other bow fibula (specify in description field)', NULL),
('en', 'dime.find.subtype.fibula.bow.relief', 'default', 'Relief fibula', NULL),
('en', 'dime.find.subtype.fibula.bowl', 'default', 'Bowl Fibula', NULL),
('en', 'dime.find.subtype.fibula.bowl.animal', 'default', 'Animal Shaped Bowl fibula', NULL),
('en', 'dime.find.subtype.fibula.bowl.circular', 'default', 'Circular Bowl fibula', NULL),
('en', 'dime.find.subtype.fibula.bowl.large', 'default', 'Large oval Bowl fibula (greater than 7.5 cm)', NULL),
('en', 'dime.find.subtype.fibula.bowl.other', 'default', 'Other bowl fibula (specify in description field)', NULL),
('en', 'dime.find.subtype.fibula.bowl.small', 'default', 'Small Oval Bowl fibula (less than 7.5 cm)', NULL),
('en', 'dime.find.subtype.fibula.circular', 'default', 'Circular fibula without enamel / casing', NULL),
('en', 'dime.find.subtype.fibula.circular.large', 'default', 'Large vaulted circular fibula (diameter of> 4 cm)', NULL),
('en', 'dime.find.subtype.fibula.circular.other', 'default', 'Other circular fibula (specify in description box)', NULL),
('en', 'dime.find.subtype.fibula.circular.small', 'default', 'Small vaulted circular fibula (diameter <4 cm)', NULL),
('en', 'dime.find.subtype.fibula.circular.tin', 'default', 'Circular tin fibula (early Middle Ages)', NULL),
('en', 'dime.find.subtype.fibula.enamel', 'default', 'Enamel fibula / FIbula with setting', NULL),
('en', 'dime.find.subtype.fibula.enamel.central', 'default', 'Fibula with central casing', NULL),
('en', 'dime.find.subtype.fibula.enamel.cross', 'default', 'Cross enamel fibula', NULL),
('en', 'dime.find.subtype.fibula.enamel.multiple', 'default', 'Fibula with several settings', NULL),
('en', 'dime.find.subtype.fibula.enamel.other', 'default', 'Other enamel fibula / FIbula with setting (specify in description field)', NULL),
('en', 'dime.find.subtype.fibula.equalarm', 'default', 'Equal arm fibula', NULL),
('en', 'dime.find.subtype.fibula.equalarm.large', 'default', 'Large equal arm fibula (Viking)', NULL),
('en', 'dime.find.subtype.fibula.equalarm.other', 'default', 'Other type equal arm fibula (specify in description field)', NULL),
('en', 'dime.find.subtype.fibula.equalarm.small', 'default', 'Small equal arm fibula (Germanic Iron Age)', NULL),
('en', 'dime.find.subtype.fibula.healing', 'default', 'Animal healing fibula (Urnes fibula and Lamb of God)', NULL),
('en', 'dime.find.subtype.fibula.healing.aalborg', 'default', 'Animal healing fibula of Aalborg type (Lamb of God without cross)', NULL),
('en', 'dime.find.subtype.fibula.healing.lamb', 'default', 'Lamb of God fibula / Agnus Dei fibula', NULL),
('en', 'dime.find.subtype.fibula.healing.other', 'default', 'Other Animal healing fibula (specify in description field)', NULL),
('en', 'dime.find.subtype.fibula.healing.urnes', 'default', 'Urnes fibula', NULL),
('en', 'dime.find.subtype.fibula.other', 'default', 'Other type fibula / brooches (specify in description field)', NULL),
('en', 'dime.find.subtype.fibula.plate', 'default', 'Plate fibula', NULL),
('en', 'dime.find.subtype.fibula.plate.bird', 'default', 'Large bird-shaped plate fibula (Early Germanic Iron Age)', NULL),
('en', 'dime.find.subtype.fibula.plate.circular', 'default', 'Circular plate fibula', NULL),
('en', 'dime.find.subtype.fibula.plate.coin', 'default', 'Coin fibula', NULL),
('en', 'dime.find.subtype.fibula.plate.horse', 'default', 'Horse Shaped plate fibula', NULL),
('en', 'dime.find.subtype.fibula.plate.other', 'default', 'Other plate fibula (specify in description field)', NULL),
('en', 'dime.find.subtype.fibula.plate.oval', 'default', 'Oval plate fibula', NULL),
('en', 'dime.find.subtype.fibula.plate.rhede', 'default', 'Rhede fibula (cruciform plate Fibel)', NULL),
('en', 'dime.find.subtype.fibula.plate.rectangular', 'default', 'Rectangular plate fibula', NULL),
('en', 'dime.find.subtype.fibula.plate.ship', 'default', 'Ship-shaped fibula', NULL),
('en', 'dime.find.subtype.fibula.plate.snake', 'default', 'S-shaped snake plate fibula?', NULL),
('en', 'dime.find.subtype.fibula.plate.swastika', 'default', 'swastika fibula', NULL),
('en', 'dime.find.subtype.fibula.plate.tongue', 'default', 'Tongue-shaped fibula', NULL),
('en', 'dime.find.subtype.fibula.plate.valkyrie', 'default', 'Valkyrie fibula', NULL),
('en', 'dime.find.subtype.fibula.ring', 'default', 'Medieval ring brooches', NULL),
('en', 'dime.find.subtype.fibula.ring.circular', 'default', 'Circular ring brooches', NULL),
('en', 'dime.find.subtype.fibula.ring.heart', 'default', 'Heart-shaped ring brooches', NULL),
('en', 'dime.find.subtype.fibula.ring.other', 'default', 'Other Type medieval ring brooches', NULL),
('en', 'dime.find.subtype.fibula.ring.star', 'default', 'Star-shaped ring brooches', NULL),
('en', 'dime.find.subtype.fibula.trilobal', 'default', 'Trilobal fibula', NULL),
('en', 'dime.find.subtype.fibula.viking', 'default', 'Other Viking fibula / brooch', NULL),
('en', 'dime.find.subtype.fibula.viking.other', 'default', 'Other Viking fibula / costume buckle (specify in description field)', NULL),
('en', 'dime.find.subtype.fibula.viking.rhombic', 'default', 'Rhombic fibula', NULL),
('en', 'dime.find.subtype.fibula.viking.ring', 'default', 'Ring Brooch / Ringed Pin', NULL),
('en', 'dime.find.subtype.fibula.viking.roof', 'default', 'Hjalti-shaped / roof-shaped fibula', NULL),
('en', 'dime.find.subtype.metal.ingot', 'default', 'Ingot', NULL),
('en', 'dime.find.subtype.metal.mold', 'default', 'Mold / Melting Pot', NULL),
('en', 'dime.find.subtype.metal.other', 'default', 'Other production waste / metal scrap / raw materials (specify in description field)', NULL),
('en', 'dime.find.subtype.metal.rest', 'default', 'Casting Rest', NULL),
('en', 'dime.find.subtype.metal.slag', 'default', 'Slag', NULL),
('en', 'dime.find.subtype.metal.tin', 'default', 'Tin Fragment', NULL),
('en', 'dime.find.subtype.military.ammunition', 'default', 'Munition (musket ball / Garnet / shotshell / cannon balls)', NULL),
('en', 'dime.find.subtype.military.armor', 'default', 'Armor / Chainmail', NULL),
('en', 'dime.find.subtype.military.arrow', 'default', 'Arrowhead / Armbrstbolt', NULL),
('en', 'dime.find.subtype.military.firearm', 'default', 'Firearms', NULL),
('en', 'dime.find.subtype.military.fitting', 'default', 'Fittings', NULL),
('en', 'dime.find.subtype.military.fitting.other', 'default', 'Other type bracket (specify in description field)', NULL),
('en', 'dime.find.subtype.military.fitting.sheath', 'default', 'Sheath Brackets', NULL),
('en', 'dime.find.subtype.military.fitting.uniform', 'default', 'Order / Uniform Bracket', NULL),
('en', 'dime.find.subtype.military.helmet', 'default', 'Helmet', NULL),
('en', 'dime.find.subtype.military.melee', 'default', 'Stroke / Stick Weapons', NULL),
('en', 'dime.find.subtype.military.melee.axe', 'default', 'Ax / celt / plstav', NULL),
('en', 'dime.find.subtype.military.melee.blunt', 'default', 'Blunt weapons (clubs, maces, hammers, staves, flails, etc)', NULL),
('en', 'dime.find.subtype.military.melee.knife', 'default', 'Dagger', NULL),
('en', 'dime.find.subtype.military.melee.other', 'default', 'Other type of impact / stabbing weapon (specify in description field)', NULL),
('en', 'dime.find.subtype.military.melee.pointed', 'default', 'Lance / spear', NULL),
('en', 'dime.find.subtype.military.melee.sword', 'default', 'Sword / Sabel (blade or handle)', NULL),
('en', 'dime.find.subtype.military.other', 'default', 'Other weapons / militaria (specify in description field)', NULL),
('en', 'dime.find.subtype.military.shield', 'default', 'Shield', NULL),
('en', 'dime.find.subtype.tool.equestrian', 'default', 'Riding / Harness (track, horseshoes, bridle, etc)', NULL),
('en', 'dime.find.subtype.tool.equestrian.bell', 'default', 'Bell / rattle', NULL),
('en', 'dime.find.subtype.tool.equestrian.bridle', 'default', 'Hovedtjsdele (bridle / bidselbeslag, remfordeler, etc.)', NULL),
('en', 'dime.find.subtype.tool.equestrian.cheek', 'default', 'Rattle glance? Cheek piece?', NULL),
('en', 'dime.find.subtype.tool.equestrian.other', 'default', 'Other riding / harness (specify in description box)', NULL),
('en', 'dime.find.subtype.tool.equestrian.shoe', 'default', 'Horseshoe', NULL),
('en', 'dime.find.subtype.tool.equestrian.stirrup', 'default', 'Stirrup / stirrup bracket', NULL),
('en', 'dime.find.subtype.tool.equestrian.tack', 'default', 'Track?', NULL),
('en', 'dime.find.subtype.tool.house', 'default', 'Housekeeping / Table and cookware / Interior', NULL),
('en', 'dime.find.subtype.tool.house.crockery', 'default', 'Plate / dish / bowl', NULL),
('en', 'dime.find.subtype.tool.house.cutlery', 'default', 'Flatware / Cutlery (table knives, forks, spoons)', NULL),
('en', 'dime.find.subtype.tool.house.fixtures', 'default', 'Furniture / bo bracket / handles / decorative rivets', NULL),
('en', 'dime.find.subtype.tool.house.key', 'default', 'Key', NULL),
('en', 'dime.find.subtype.tool.house.knife', 'default', 'Knife (blade knife, handle bracket, knife scabbard fittings, etc)', NULL),
('en', 'dime.find.subtype.tool.house.light', 'default', 'Candlestick / lamp', NULL),
('en', 'dime.find.subtype.tool.house.lock', 'default', 'Lock', NULL),
('en', 'dime.find.subtype.tool.house.other', 'default', 'Other \"Housekeeping / table and cookware / interior\" (Enter the description field)', NULL),
('en', 'dime.find.subtype.tool.house.pot', 'default', 'Malm pot', NULL),
('en', 'dime.find.subtype.tool.house.scissors', 'default', 'Scissors', NULL),
('en', 'dime.find.subtype.tool.house.striker', 'default', 'Fire-steel', NULL),
('en', 'dime.find.subtype.tool.measure', 'default', 'Safety Metal / Scales and weights', NULL),
('en', 'dime.find.subtype.tool.measure.clip', 'default', 'Cut silver / gold fragment (not coin fragments)', NULL),
('en', 'dime.find.subtype.tool.measure.ingot', 'default', 'Ingot', NULL),
('en', 'dime.find.subtype.tool.measure.scale', 'default', 'Scales', NULL),
('en', 'dime.find.subtype.tool.measure.weight', 'default', 'Weights', NULL),
('en', 'dime.find.subtype.tool.other', 'default', 'Other tool / tools (specify in description field)', NULL),
('en', 'dime.find.subtype.tool.textile', 'default', 'Tools for textile work', NULL),
('en', 'dime.find.subtype.tool.textile.case', 'default', 'Needle Case', NULL),
('en', 'dime.find.subtype.tool.textile.needle', 'default', 'Needle', NULL),
('en', 'dime.find.subtype.tool.textile.scissors', 'default', 'Scissors', NULL),
('en', 'dime.find.subtype.tool.textile.thimble', 'default', 'Thimble', NULL),
('en', 'dime.find.subtype.tool.textile.whorl', 'default', 'Spindle whorl', NULL),
('en', 'dime.find.subtype.tool.toilet', 'default', 'Toilet equipment (comb, razor, tweezers)', NULL),
('en', 'dime.find.subtype.tool.toilet.comb', 'default', 'comb', NULL),
('en', 'dime.find.subtype.tool.toilet.ear', 'default', 'Ear spoon', NULL),
('en', 'dime.find.subtype.tool.toilet.other', 'default', 'Other toilet equipment (specify in description field)', NULL),
('en', 'dime.find.subtype.tool.toilet.razor', 'default', 'razor', NULL),
('en', 'dime.find.subtype.tool.toilet.tweezers', 'default', 'Tweezers', NULL),
('en', 'dime.find.subtype.tool.toy', 'default', 'Toy / Spillerekvisiter (tin soldier, playing piece, etc.)', NULL),
('en', 'dime.find.subtype.tool.toy.counter', 'default', 'play Brik', NULL),
('en', 'dime.find.subtype.tool.toy.dice', 'default', 'Dice', NULL),
('en', 'dime.find.subtype.tool.toy.other', 'default', 'Other toys / games Prop (insert in the description field)', NULL),
('en', 'dime.find.subtype.tool.work', 'default', 'Agricultural Equipment / Tools / Crafts Article', NULL),
('en', 'dime.find.subtype.tool.work.axe', 'default', 'Axe / celt / plstav', NULL),
('en', 'dime.find.subtype.tool.work.chisel', 'default', 'Chisel / punch', NULL),
('en', 'dime.find.subtype.tool.work.drill', 'default', 'Awl / drill', NULL),
('en', 'dime.find.subtype.tool.work.fitting', 'default', 'Fitting', NULL),
('en', 'dime.find.subtype.tool.work.hammer', 'default', 'Hammer', NULL),
('en', 'dime.find.subtype.tool.work.knife', 'default', 'Knife (blade knife, handle bracket, knife scabbard fittings, etc)', NULL),
('en', 'dime.find.subtype.tool.work.nail', 'default', 'Nail / screw / spasm', NULL),
('en', 'dime.find.subtype.tool.work.other', 'default', 'Other agricultural equipment / tools / crafts article (specify in description field)', NULL),
('en', 'dime.find.subtype.tool.work.pliars', 'default', 'Pliars', NULL),
('en', 'dime.find.subtype.tool.work.rivet', 'default', 'Rivet / clinker nail / Rivet Plate', NULL),
('en', 'dime.find.subtype.tool.work.sickle', 'default', 'Scythe / Sickle', NULL),
('en', 'dime.find.subtype.tool.writing', 'default', 'Articles - Religion and Communications', NULL),
('en', 'dime.find.subtype.tool.writing.bylamulet', 'default', 'Blyamulet', NULL),
('en', 'dime.find.subtype.tool.writing.clasp', 'default', 'Book clasp', NULL),
('en', 'dime.find.subtype.tool.writing.guldgubbe', 'default', 'Guldgubbe', NULL),
('en', 'dime.find.subtype.tool.writing.runebrev', 'default', 'Rune Letter', NULL),
('en', 'dime.find.subtype.tool.writing.seal', 'default', 'seal', NULL),
('en', 'dime.find.subtype.tool.writing.stamp', 'default', 'Seal Stamps / Signet', NULL),
('en', 'dime.find.subtype.tool.writing.stylus', 'default', 'Stylus', NULL),
('en', 'dime.find.treasure', 'default', 'Treasure', NULL),
('en', 'dime.find.type', 'default', 'Type', 'DIME Find Type'),
('en', 'dime.find.type.accessory', 'default', 'Jewelery / Costume Accessories', NULL),
('en', 'dime.find.type.coin', 'default', 'Coin', NULL),
('en', 'dime.find.type.fibula', 'default', 'Fibula / Suit Buckle', NULL),
('en', 'dime.find.type.metal', 'default', 'Production Waste / Scrap Metal', NULL),
('en', 'dime.find.type.military', 'default', 'Weapons / Militaria', NULL),
('en', 'dime.find.type.tool', 'default', 'Equipment / Tools', NULL),
('en', 'dime.find.update', 'default', 'Update', ''),
('en', 'dime.find.update.success', 'default', 'The find was successfully updated.', ''),
('en', 'dime.find.weight', 'default', 'Weight', 'Core Property Weight'),
('en', 'dime.home', 'default', 'Home', NULL),
('en', 'dime.home', 'resource', 'home', NULL),
('en', 'dime.home.alarm', 'default', 'Notifications', NULL),
('en', 'dime.home.faq', 'default', '<dl>\\n<dt>What is DIME?</dt>\\n<dd>DIME is a shared portal for detectorists and Danish museums that can be accessed by everyone.</dd>\\n<dd>&nbsp;</dd>\\n<dt>Why should I use DIME?</dt>\\n<dd>DIME allows faster processing of your finds in cooperation with the museum, and gives you an overview of your finds and collection.</dd>\\n<dd>&nbsp;</dd\\n<dt>What finds can be added to DIME? </dt>\\n<dd>All detector finds (not only Danef) can added to DIME.</dd>\\n<dd>&nbsp;</dd>\\n<dt>Can others see my find locations?</dt>\\n<dd>No! Find locations and other private information are only visible for museum archaeologists and researchers with special access.</dd>\\n<dd>&nbsp;</dd>\\n<dt>Is there a DIME app?</dt>\\n<dd>An app for recording in the field is under development.</dd>\\n</dl>', NULL),
('en', 'dime.home.hvert', 'default', 'Every year, the metal detector users across the country thousands of objects from antiquity, middelal-there and later periods. Metal objects are part of our common cultural heritage and important pieces in the history of Denmark. DIME provides information about the finds for the benefit of present and subsequent generatione', NULL),
('en', 'dime.home.welcome', 'default', 'Welcome %name%', NULL);
INSERT INTO `ark_translation_message` (`language`, `keyword`, `role`, `text`, `notes`) VALUES
('en', 'dime.kommune.aabenraa', 'default', 'Aabenraa', NULL),
('en', 'dime.kommune.aabenraa', 'official', 'Aabenraa Municipality', NULL),
('en', 'dime.kommune.aalborg', 'default', 'Aalborg', NULL),
('en', 'dime.kommune.aalborg', 'official', 'Aalborg Municipality', NULL),
('en', 'dime.kommune.aero', 'default', 'r', NULL),
('en', 'dime.kommune.aero', 'official', 'r Municipality', NULL),
('en', 'dime.kommune.albertslund', 'default', 'Albertslund', NULL),
('en', 'dime.kommune.albertslund', 'official', 'Albertslund Municipality', NULL),
('en', 'dime.kommune.allerod', 'default', 'Allerd', NULL),
('en', 'dime.kommune.allerod', 'official', 'Allerd Municipality', NULL),
('en', 'dime.kommune.arhus', 'default', 'rhus', NULL),
('en', 'dime.kommune.arhus', 'official', 'rhus Municipality', NULL),
('en', 'dime.kommune.assens', 'default', 'Assens', NULL),
('en', 'dime.kommune.assens', 'official', 'Assens Municipality', NULL),
('en', 'dime.kommune.ballerup', 'default', 'Ballerup', NULL),
('en', 'dime.kommune.ballerup', 'official', 'Ballerup Municipality', NULL),
('en', 'dime.kommune.billund', 'default', 'Billund', NULL),
('en', 'dime.kommune.billund', 'official', 'Billund Municipality', NULL),
('en', 'dime.kommune.bornholm', 'default', 'Bornholm', NULL),
('en', 'dime.kommune.bornholm', 'official', 'Bornholms Municipality', NULL),
('en', 'dime.kommune.brondby', 'default', 'Brndby', NULL),
('en', 'dime.kommune.brondby', 'official', 'Brndby Municipality', NULL),
('en', 'dime.kommune.bronderslev', 'default', 'Brnderslev', NULL),
('en', 'dime.kommune.bronderslev', 'official', 'Brnderslev Municipality', NULL),
('en', 'dime.kommune.dragor', 'default', 'Dragr', NULL),
('en', 'dime.kommune.dragor', 'official', 'Dragr Municipality', NULL),
('en', 'dime.kommune.egedal', 'default', 'Egedal', NULL),
('en', 'dime.kommune.egedal', 'official', 'Egedal Municipality', NULL),
('en', 'dime.kommune.esbjerg', 'default', 'Esbjerg', NULL),
('en', 'dime.kommune.esbjerg', 'official', 'Esbjerg Municipality', NULL),
('en', 'dime.kommune.faaborgmidtfyn', 'default', 'Faaborg-Midtfyn', NULL),
('en', 'dime.kommune.faaborgmidtfyn', 'official', 'Faaborg-Midtfyn Municipality', NULL),
('en', 'dime.kommune.fano', 'default', 'Fan', NULL),
('en', 'dime.kommune.fano', 'official', 'Fan Municipality', NULL),
('en', 'dime.kommune.favrskov', 'default', 'Favrskov', NULL),
('en', 'dime.kommune.favrskov', 'official', 'Favrskov Municipality', NULL),
('en', 'dime.kommune.faxe', 'default', 'Faxe', NULL),
('en', 'dime.kommune.faxe', 'official', 'Faxe Municipality', NULL),
('en', 'dime.kommune.fredensborg', 'default', 'Fredensborg', NULL),
('en', 'dime.kommune.fredensborg', 'official', 'Fredensborg Municipality', NULL),
('en', 'dime.kommune.fredericia', 'default', 'Fredericia', NULL),
('en', 'dime.kommune.fredericia', 'official', 'Fredericia Municipality', NULL),
('en', 'dime.kommune.frederiksbeg', 'default', 'Frederiksbeg', NULL),
('en', 'dime.kommune.frederiksbeg', 'official', 'Frederiksberg Municipality', NULL),
('en', 'dime.kommune.frederikshavn', 'default', 'Frederikshavn', NULL),
('en', 'dime.kommune.frederikshavn', 'official', 'Frederikshavn Municipality', NULL),
('en', 'dime.kommune.frederikssund', 'default', 'Frederikssund', NULL),
('en', 'dime.kommune.frederikssund', 'official', 'Frederikssund Municipality', NULL),
('en', 'dime.kommune.fureso', 'default', 'Fures', NULL),
('en', 'dime.kommune.fureso', 'official', 'Fures Municipality', NULL),
('en', 'dime.kommune.gentofte', 'default', 'Gentofte', NULL),
('en', 'dime.kommune.gentofte', 'official', 'Gentofte Municipality', NULL),
('en', 'dime.kommune.gladsaxe', 'default', 'Gladsaxe', NULL),
('en', 'dime.kommune.gladsaxe', 'official', 'Gladsaxe Municipality', NULL),
('en', 'dime.kommune.glostrup', 'default', 'Glostrup', NULL),
('en', 'dime.kommune.glostrup', 'official', 'Glostrup Municipality', NULL),
('en', 'dime.kommune.greve', 'default', 'Greve', NULL),
('en', 'dime.kommune.greve', 'official', 'Greve Municipality', NULL),
('en', 'dime.kommune.gribskov', 'default', 'Gribskov', NULL),
('en', 'dime.kommune.gribskov', 'official', 'Gribskov Municipality', NULL),
('en', 'dime.kommune.guldborgsund', 'default', 'Guldborgsund', NULL),
('en', 'dime.kommune.guldborgsund', 'official', 'Guldborgsund Municipality', NULL),
('en', 'dime.kommune.haderslev', 'default', 'Haderslev', NULL),
('en', 'dime.kommune.haderslev', 'official', 'Haderslev Municipality', NULL),
('en', 'dime.kommune.halsnaes', 'default', 'Halsns', NULL),
('en', 'dime.kommune.halsnaes', 'official', 'Halsns Municipality', NULL),
('en', 'dime.kommune.hedensted', 'default', 'Hedensted', NULL),
('en', 'dime.kommune.hedensted', 'official', 'Hedensted Municipality', NULL),
('en', 'dime.kommune.helsingor', 'default', 'Helsingr', NULL),
('en', 'dime.kommune.helsingor', 'official', 'Helsingr Municipality', NULL),
('en', 'dime.kommune.herlev', 'default', 'Herlev', NULL),
('en', 'dime.kommune.herlev', 'official', 'Herlev Municipality', NULL),
('en', 'dime.kommune.herning', 'default', 'Herning', NULL),
('en', 'dime.kommune.herning', 'official', 'Herning Municipality', NULL),
('en', 'dime.kommune.hillerod', 'default', 'Hillerd', NULL),
('en', 'dime.kommune.hillerod', 'official', 'Hillerd Municipality', NULL),
('en', 'dime.kommune.hjorring', 'default', 'Hjrring', NULL),
('en', 'dime.kommune.hjorring', 'official', 'Hjrring Municipality', NULL),
('en', 'dime.kommune.hojetaastrup', 'default', 'Hje-Taastrup', NULL),
('en', 'dime.kommune.hojetaastrup', 'official', 'Hje-Taastrup Municipality', NULL),
('en', 'dime.kommune.holbaek', 'default', 'Holbk', NULL),
('en', 'dime.kommune.holbaek', 'official', 'Holbk Municipality', NULL),
('en', 'dime.kommune.holstebro', 'default', 'Holstebro', NULL),
('en', 'dime.kommune.holstebro', 'official', 'Holstebro Municipality', NULL),
('en', 'dime.kommune.horsens', 'default', 'Horsens', NULL),
('en', 'dime.kommune.horsens', 'official', 'Horsens Municipality', NULL),
('en', 'dime.kommune.horsholm', 'default', 'Hrsholm', NULL),
('en', 'dime.kommune.horsholm', 'official', 'Hrsholm Municipality', NULL),
('en', 'dime.kommune.hvidovre', 'default', 'Hvidovre', NULL),
('en', 'dime.kommune.hvidovre', 'official', 'Hvidovre Municipality', NULL),
('en', 'dime.kommune.ikastbrande', 'default', 'Ikast-Brande', NULL),
('en', 'dime.kommune.ikastbrande', 'official', 'Ikast-Brande Municipality', NULL),
('en', 'dime.kommune.ishoj', 'default', 'Ishj', NULL),
('en', 'dime.kommune.ishoj', 'official', 'Ishj Municipality', NULL),
('en', 'dime.kommune.jammerbugt', 'default', 'Jammerbugt', NULL),
('en', 'dime.kommune.jammerbugt', 'official', 'Jammerbugt Municipality', NULL),
('en', 'dime.kommune.kalundborg', 'default', 'Kalundborg', NULL),
('en', 'dime.kommune.kalundborg', 'official', 'Kalundborg Municipality', NULL),
('en', 'dime.kommune.kerteminde', 'default', 'Kerteminde', NULL),
('en', 'dime.kommune.kerteminde', 'official', 'Kerteminde Municipality', NULL),
('en', 'dime.kommune.kobenhavn', 'default', 'Copenhagen', NULL),
('en', 'dime.kommune.kobenhavn', 'official', 'Copenhagen Municipality', NULL),
('en', 'dime.kommune.koge', 'default', 'Kge', NULL),
('en', 'dime.kommune.koge', 'official', 'Kge Municipality', NULL),
('en', 'dime.kommune.kolding', 'default', 'Kolding', NULL),
('en', 'dime.kommune.kolding', 'official', 'Kolding Municipality', NULL),
('en', 'dime.kommune.laeso', 'default', 'Ls', NULL),
('en', 'dime.kommune.laeso', 'official', 'Ls Municipality', NULL),
('en', 'dime.kommune.langeland', 'default', 'Langeland', NULL),
('en', 'dime.kommune.langeland', 'official', 'Langeland Municipality', NULL),
('en', 'dime.kommune.lejre', 'default', 'Lejre', NULL),
('en', 'dime.kommune.lejre', 'official', 'Lejre Municipality', NULL),
('en', 'dime.kommune.lemvig', 'default', 'Lemvig', NULL),
('en', 'dime.kommune.lemvig', 'official', 'Lemvig Municipality', NULL),
('en', 'dime.kommune.lolland', 'default', 'Lolland', NULL),
('en', 'dime.kommune.lolland', 'official', 'Lolland Municipality', NULL),
('en', 'dime.kommune.lyngbytaarbaek', 'default', 'Lyngby-Taarbk', NULL),
('en', 'dime.kommune.lyngbytaarbaek', 'official', 'Lyngby-Taarbk Municipality', NULL),
('en', 'dime.kommune.mariagerfjord', 'default', 'Mariagerfjord', NULL),
('en', 'dime.kommune.mariagerfjord', 'official', 'Mariagerfjord Municipality', NULL),
('en', 'dime.kommune.middelfart', 'default', 'Middelfart', NULL),
('en', 'dime.kommune.middelfart', 'official', 'Middelfart Municipality', NULL),
('en', 'dime.kommune.morso', 'default', 'Mors', NULL),
('en', 'dime.kommune.morso', 'official', 'Mors Municipality', NULL),
('en', 'dime.kommune.naestved', 'default', 'Nstved', NULL),
('en', 'dime.kommune.naestved', 'official', 'Nstved Municipality', NULL),
('en', 'dime.kommune.norddjurs', 'default', 'Norddjurs', NULL),
('en', 'dime.kommune.norddjurs', 'official', 'Norddjurs Municipality', NULL),
('en', 'dime.kommune.nordfyns', 'default', 'Nordfyns', NULL),
('en', 'dime.kommune.nordfyns', 'official', 'Nordfyns Municipality', NULL),
('en', 'dime.kommune.nyborg', 'default', 'Nyborg', NULL),
('en', 'dime.kommune.nyborg', 'official', 'Nyborg Municipality', NULL),
('en', 'dime.kommune.odder', 'default', 'Odder', NULL),
('en', 'dime.kommune.odder', 'official', 'Odder Municipality', NULL),
('en', 'dime.kommune.odense', 'default', 'Odense', NULL),
('en', 'dime.kommune.odense', 'official', 'Odense Municipality', NULL),
('en', 'dime.kommune.odsherred', 'default', 'Odsherred', NULL),
('en', 'dime.kommune.odsherred', 'official', 'Odsherred Municipality', NULL),
('en', 'dime.kommune.randers', 'default', 'Randers', NULL),
('en', 'dime.kommune.randers', 'official', 'Randers Municipality', NULL),
('en', 'dime.kommune.rebild', 'default', 'Rebild', NULL),
('en', 'dime.kommune.rebild', 'official', 'Rebild Municipality', NULL),
('en', 'dime.kommune.ringkobingskjern', 'default', 'Ringkbing-Skjern', NULL),
('en', 'dime.kommune.ringkobingskjern', 'official', 'Ringkbing-Skjern Municipality', NULL),
('en', 'dime.kommune.ringsted', 'default', 'Ringsted', NULL),
('en', 'dime.kommune.ringsted', 'official', 'Ringsted Municipality', NULL),
('en', 'dime.kommune.rodovre', 'default', 'Rdovre', NULL),
('en', 'dime.kommune.rodovre', 'official', 'Rdovre Municipality', NULL),
('en', 'dime.kommune.roskilde', 'default', 'Roskilde', NULL),
('en', 'dime.kommune.roskilde', 'official', 'Roskilde Municipality', NULL),
('en', 'dime.kommune.rudersdal', 'default', 'Rudersdal', NULL),
('en', 'dime.kommune.rudersdal', 'official', 'Rudersdal Municipality', NULL),
('en', 'dime.kommune.samso', 'default', 'Sams', NULL),
('en', 'dime.kommune.samso', 'official', 'Sams Municipality', NULL),
('en', 'dime.kommune.silkeborg', 'default', 'Silkeborg', NULL),
('en', 'dime.kommune.silkeborg', 'official', 'Silkeborg Municipality', NULL),
('en', 'dime.kommune.skanderborg', 'default', 'Skanderborg', NULL),
('en', 'dime.kommune.skanderborg', 'official', 'Skanderborg Municipality', NULL),
('en', 'dime.kommune.skive', 'default', 'Skive', NULL),
('en', 'dime.kommune.skive', 'official', 'Skive Municipality', NULL),
('en', 'dime.kommune.slagelse', 'default', 'Slagelse', NULL),
('en', 'dime.kommune.slagelse', 'official', 'Slagelse Municipality', NULL),
('en', 'dime.kommune.solrod', 'default', 'Solrd', NULL),
('en', 'dime.kommune.solrod', 'official', 'Solrd Municipality', NULL),
('en', 'dime.kommune.sonderborg', 'default', 'Snderborg', NULL),
('en', 'dime.kommune.sonderborg', 'official', 'Snderborg Municipality', NULL),
('en', 'dime.kommune.soro', 'default', 'Sor', NULL),
('en', 'dime.kommune.soro', 'official', 'Sor Municipality', NULL),
('en', 'dime.kommune.stevns', 'default', 'Stevns', NULL),
('en', 'dime.kommune.stevns', 'official', 'Stevns Municipality', NULL),
('en', 'dime.kommune.struer', 'default', 'Struer', NULL),
('en', 'dime.kommune.struer', 'official', 'Struer Municipality', NULL),
('en', 'dime.kommune.svendborg', 'default', 'Svendborg', NULL),
('en', 'dime.kommune.svendborg', 'official', 'Svendborg Municipality', NULL),
('en', 'dime.kommune.syddjurs', 'default', 'Syddjurs', NULL),
('en', 'dime.kommune.syddjurs', 'official', 'Syddjurs Municipality', NULL),
('en', 'dime.kommune.tarnby', 'default', 'Trnby', NULL),
('en', 'dime.kommune.tarnby', 'official', 'Trnby Municipality', NULL),
('en', 'dime.kommune.thisted', 'default', 'Thisted', NULL),
('en', 'dime.kommune.thisted', 'official', 'Thisted Municipality', NULL),
('en', 'dime.kommune.tonder', 'default', 'Tnder', NULL),
('en', 'dime.kommune.tonder', 'official', 'Tnder Municipality', NULL),
('en', 'dime.kommune.vallensbaek', 'default', 'Vallensbk', NULL),
('en', 'dime.kommune.vallensbaek', 'official', 'Vallensbk Municipality', NULL),
('en', 'dime.kommune.varde', 'default', 'Varde', NULL),
('en', 'dime.kommune.varde', 'official', 'Varde Municipality', NULL),
('en', 'dime.kommune.vejen', 'default', 'Vejen', NULL),
('en', 'dime.kommune.vejen', 'official', 'Vejen Municipality', NULL),
('en', 'dime.kommune.vejle', 'default', 'Vejle', NULL),
('en', 'dime.kommune.vejle', 'official', 'Vejle Municipality', NULL),
('en', 'dime.kommune.vesthimmerland', 'default', 'Vesthimmerland', NULL),
('en', 'dime.kommune.vesthimmerland', 'official', 'Vesthimmerlands Municipality', NULL),
('en', 'dime.kommune.viborg', 'default', 'Viborg', NULL),
('en', 'dime.kommune.viborg', 'official', 'Viborg Municipality', NULL),
('en', 'dime.kommune.vordingborg', 'default', 'Vordingborg', NULL),
('en', 'dime.kommune.vordingborg', 'official', 'Vordingborg Municipality', NULL),
('en', 'dime.krogager', 'default', 'KrogagerFonden', NULL),
('en', 'dime.map.layer.foraar', 'default', 'Foraar Layer', NULL),
('en', 'dime.map.layer.skaermkort', 'default', 'Skaermkort', NULL),
('en', 'dime.material.aluminium', 'default', 'Aluminium', NULL),
('en', 'dime.material.copper', 'default', 'Copper', NULL),
('en', 'dime.material.copperalloy', 'default', 'Copper Alloy', NULL),
('en', 'dime.material.gold', 'default', 'Gold', NULL),
('en', 'dime.material.iron', 'default', 'Iron', NULL),
('en', 'dime.material.lead', 'default', 'Lead', NULL),
('en', 'dime.material.othermetal', 'default', 'Other Metal', NULL),
('en', 'dime.material.silver', 'default', 'Silver', NULL),
('en', 'dime.material.tin', 'default', 'Tin', NULL),
('en', 'dime.metaldetector', 'default', 'Metal Detecting In Denmark', NULL),
('en', 'dime.news', 'default', 'News', NULL),
('en', 'dime.news', 'resource', 'news', NULL),
('en', 'dime.period', 'default', 'Period', NULL),
('en', 'dime.period.absolutism', 'default', 'Absolutism', NULL),
('en', 'dime.period.bronze', 'default', 'Bronze Age', NULL),
('en', 'dime.period.bronze.1', 'default', 'Bronze Age Period 1', NULL),
('en', 'dime.period.bronze.2', 'default', 'Bronze Age Period 2', NULL),
('en', 'dime.period.bronze.3', 'default', 'Bronze Age Period 3', NULL),
('en', 'dime.period.bronze.4', 'default', 'Bronze Age Period 4', NULL),
('en', 'dime.period.bronze.5', 'default', 'Bronze Age Period 5', NULL),
('en', 'dime.period.bronze.6', 'default', 'Bronze Age Period 6', NULL),
('en', 'dime.period.bronze.early', 'default', 'Early Bronze Age', NULL),
('en', 'dime.period.bronze.late', 'default', 'Late Bronze Age', NULL),
('en', 'dime.period.historic', 'default', 'Historic Age', NULL),
('en', 'dime.period.industrial', 'default', 'Industrial Age', NULL),
('en', 'dime.period.interwar', 'default', 'Interwar Years', NULL),
('en', 'dime.period.iron', 'default', 'Iron Age', NULL),
('en', 'dime.period.iron.early', 'default', 'Early Iron Age', NULL),
('en', 'dime.period.iron.germainic', 'default', 'Germanic Iron Age', NULL),
('en', 'dime.period.iron.germainic.early', 'default', 'Early Germanic Iron Age', NULL),
('en', 'dime.period.iron.germainic.late', 'default', 'Late Germanic Iron Age', NULL),
('en', 'dime.period.iron.late', 'default', 'Late Iron Age', NULL),
('en', 'dime.period.iron.preroman', 'default', 'Pre-Roman Iron Age', NULL),
('en', 'dime.period.iron.preroman.early', 'default', 'Early Pre-Roman Iron Age', NULL),
('en', 'dime.period.iron.preroman.late', 'default', 'Late Pre-Roman Iron Age', NULL),
('en', 'dime.period.iron.preroman.middle', 'default', 'Middle Pre-Roman Iron Age', NULL),
('en', 'dime.period.iron.roman', 'default', 'Roman Iron Age', NULL),
('en', 'dime.period.iron.roman.early', 'default', 'Early Roman Iron Age', NULL),
('en', 'dime.period.iron.roman.early.b1', 'default', 'Early Roman Iron Age B1', NULL),
('en', 'dime.period.iron.roman.early.b2', 'default', 'Early Roman Iron Age B2', NULL),
('en', 'dime.period.iron.roman.late', 'default', 'Late Roman Iron Age', NULL),
('en', 'dime.period.iron.roman.late.c1', 'default', 'Late Roman Iron Age C1', NULL),
('en', 'dime.period.iron.roman.late.c2', 'default', 'Late Roman Iron Age C2', NULL),
('en', 'dime.period.iron.roman.late.c3', 'default', 'Late Roman Iron Age C3', NULL),
('en', 'dime.period.medieval', 'default', 'Medieval', NULL),
('en', 'dime.period.medieval.early', 'default', 'Early Medieval', NULL),
('en', 'dime.period.medieval.high', 'default', 'High Medieval', NULL),
('en', 'dime.period.medieval.late', 'default', 'Late Medieval', NULL),
('en', 'dime.period.mesolithic', 'default', 'Mesolithic', NULL),
('en', 'dime.period.modern', 'default', 'Modern Age', NULL),
('en', 'dime.period.neolithic', 'default', 'Neolithic', NULL),
('en', 'dime.period.palaeolithic', 'default', 'Palaeolithic', NULL),
('en', 'dime.period.reformation', 'default', 'Reformation', NULL),
('en', 'dime.period.stone', 'default', 'Stone Age', NULL),
('en', 'dime.period.undated', 'default', 'Undated', NULL),
('en', 'dime.period.viking', 'default', 'Viking Age', NULL),
('en', 'dime.period.viking.early', 'default', 'Early Viking Age', NULL),
('en', 'dime.period.viking.late', 'default', 'Late Viking Age', NULL),
('en', 'dime.period.viking.medieval', 'default', 'Viking / Early Medieval ', NULL),
('en', 'dime.period.welfare', 'default', 'Welfare Age', NULL),
('en', 'dime.period.ww1', 'default', 'First World War', NULL),
('en', 'dime.period.ww2', 'default', 'Second World War', NULL),
('en', 'dime.placeholder', 'default', '-', NULL),
('en', 'dime.profile', 'default', 'Profile', ''),
('en', 'dime.profile', 'resource', 'profile', ''),
('en', 'dime.profiles', 'resource', 'profiles', ''),
('en', 'dime.region.hovedstaden', 'default', 'Capital', NULL),
('en', 'dime.region.hovedstaden', 'official', 'Capital Region', NULL),
('en', 'dime.region.midtjylland', 'default', 'Central', NULL),
('en', 'dime.region.midtjylland', 'official', 'Central Region', NULL),
('en', 'dime.region.nordjylland', 'default', 'North', NULL),
('en', 'dime.region.nordjylland', 'official', 'North Region', NULL),
('en', 'dime.region.sjaelland', 'default', 'Zealand', NULL),
('en', 'dime.region.sjaelland', 'official', 'Zealand Region', NULL),
('en', 'dime.region.syddanmark', 'default', 'South', NULL),
('en', 'dime.region.syddanmark', 'official', 'South Region', NULL),
('en', 'dime.research', 'default', 'Research', NULL),
('en', 'dime.research', 'resource', 'research', NULL),
('en', 'dime.role.admin', 'default', 'Administrator', ''),
('en', 'dime.role.anon', 'default', 'Anonymous', ''),
('en', 'dime.role.appraiser', 'default', 'Appraiser', ''),
('en', 'dime.role.curator', 'default', 'Curator', ''),
('en', 'dime.role.detectorist', 'default', 'Detectorist', ''),
('en', 'dime.role.registrar', 'default', 'Registrar', ''),
('en', 'dime.role.researcher', 'default', 'Researcher', ''),
('en', 'dime.save', 'default', 'Save', NULL),
('en', 'dime.schema.find', 'default', 'Find', NULL),
('en', 'dime.schema.image', 'default', 'Image', NULL),
('en', 'dime.schema.location', 'default', 'Location', NULL),
('en', 'dime.search', 'default', 'Search', NULL),
('en', 'dime.search.finds.mine', 'default', 'My Finds', NULL),
('en', 'dime.supportedby', 'default', 'supported by', NULL),
('en', 'dime.treasure', 'default', 'Treasure Trove', NULL),
('en', 'dime.treasure', 'resource', 'treasure', NULL),
('en', 'dime.treasure.appraisal', 'default', 'Under Appraisal', NULL),
('en', 'dime.treasure.not', 'default', 'Not Treasure Trove', NULL),
('en', 'dime.treasure.pending', 'default', 'Pending Assessment', NULL),
('en', 'dime.treasure.treasure', 'default', 'Treasure Trove', NULL),
('en', 'dime.user.actor.museum', 'default', 'Associated Museum', ''),
('en', 'dime.user.login', 'default', 'Login', NULL),
('en', 'dime.user.name', 'default', 'User Name', NULL),
('en', 'dime.user.password', 'default', 'Password', NULL),
('en', 'dime.user.password.forgot', 'default', 'Forgotten Password?', NULL),
('en', 'dime.user.profile', 'default', 'Profile', ''),
('en', 'dime.user.register', 'default', 'New User?', NULL),
('en', 'dime.user.register.success', 'default', 'Your DIME registration has been submitted. Please verify your email address and wait for your user profile to be reviewed and approved.', ''),
('en', 'dime.user.terms', 'default', 'Terms and Conditions', ''),
('en', 'dime.user.terms.v1', 'default', '<H2>Terms and Conditions</H2><P>v1.0 dated 1 June 2017</P><P>Lorem Ipsem...</P>', ''),
('en', 'dime.user.update.success', 'default', 'User successfully updated.', ''),
('en', 'file.type.audio', 'default', 'Audio File', NULL),
('en', 'file.type.document', 'default', 'Document File', NULL),
('en', 'file.type.image', 'default', 'Image File', NULL),
('en', 'file.type.other', 'default', 'Other File', NULL),
('en', 'file.type.text', 'default', 'Text File', NULL),
('en', 'file.type.video', 'default', 'Video File', NULL),
('en', 'find.gotofind', 'default', 'View Find Record', NULL),
('en', 'form.select.optional', 'default', 'optional', NULL),
('en', 'form.select.required', 'default', 'required', NULL),
('en', 'format.address', 'default', 'Address Format', NULL),
('en', 'format.blob', 'default', 'Blob Format', NULL),
('en', 'format.boolean', 'default', 'Boolean Format', NULL),
('en', 'format.colour', 'default', 'Colour Format', NULL),
('en', 'format.date', 'default', 'Date Format', NULL),
('en', 'format.datetime', 'default', 'DateTime Format', NULL),
('en', 'format.decimal', 'default', 'Decimal Format', NULL),
('en', 'format.email', 'default', 'Email Format', NULL),
('en', 'format.float', 'default', 'Float Format', NULL),
('en', 'format.html', 'default', 'HTML Format', NULL),
('en', 'format.identifier', 'default', 'Identifier Format', NULL),
('en', 'format.integer', 'default', 'Integer Format', NULL),
('en', 'format.item', 'default', 'Item Format', NULL),
('en', 'format.key', 'default', 'Key Format', NULL),
('en', 'format.markdown', 'default', 'Markdown Format', NULL),
('en', 'format.module', 'default', 'Module Format', NULL),
('en', 'format.money', 'default', 'Money Format', NULL),
('en', 'format.ordinaldate', 'default', 'Ordinal Date Format', NULL),
('en', 'format.password', 'default', 'Password', NULL),
('en', 'format.percent', 'default', 'Percent', NULL),
('en', 'format.richtext', 'default', 'Rich Text', NULL),
('en', 'format.search', 'default', 'Search Format', NULL),
('en', 'format.shorttext', 'default', 'Short Text  Format', NULL),
('en', 'format.string', 'default', 'String Format', NULL),
('en', 'format.telephone', 'default', 'Telephone Format', NULL),
('en', 'format.text', 'default', 'Text Format', NULL),
('en', 'format.time', 'default', 'Time Format', NULL),
('en', 'format.url', 'default', 'URL Format', NULL),
('en', 'format.weekdate', 'default', 'Week Date Format', NULL),
('en', 'format.yearmonth', 'default', 'Year Month Format', NULL),
('en', 'format.yearweek', 'default', 'Year Week Format', NULL),
('en', 'fragment.blob', 'default', 'Blob Fragment', NULL),
('en', 'fragment.boolean', 'default', 'Boolean Fragment', NULL),
('en', 'fragment.date', 'default', 'Date Fragment', NULL),
('en', 'fragment.datetime', 'default', 'DateTime Fragment', NULL),
('en', 'fragment.decimal', 'default', 'Decimal Fragment', NULL),
('en', 'fragment.float', 'default', 'Float Fragment', NULL),
('en', 'fragment.geometry', 'default', 'Geometry Fragment', NULL),
('en', 'fragment.integer', 'default', 'Integer Fragment', NULL),
('en', 'fragment.item', 'default', 'Item Fragment', NULL),
('en', 'fragment.object', 'default', 'Object Fragment', NULL),
('en', 'fragment.string', 'default', 'String Fragment', NULL),
('en', 'fragment.text', 'default', 'Text Fragment', NULL),
('en', 'fragment.time', 'default', 'Time Fragment', NULL),
('en', 'language.abkhazian', 'default', 'Abkhazian', NULL),
('en', 'language.achinese', 'default', 'Achinese', NULL),
('en', 'language.acoli', 'default', 'Acoli', NULL),
('en', 'language.adangme', 'default', 'Adangme', NULL),
('en', 'language.adyghe', 'default', 'Adyghe', NULL),
('en', 'language.afar', 'default', 'Afar', NULL),
('en', 'language.afrihili', 'default', 'Afrihili', NULL),
('en', 'language.afrikaans', 'default', 'Afrikaans', NULL),
('en', 'language.aghem', 'default', 'Aghem', NULL),
('en', 'language.ainu', 'default', 'Ainu', NULL),
('en', 'language.akan', 'default', 'Akan', NULL),
('en', 'language.akkadian', 'default', 'Akkadian', NULL),
('en', 'language.akoose', 'default', 'Akoose', NULL),
('en', 'language.alabama', 'default', 'Alabama', NULL),
('en', 'language.albanian', 'default', 'Albanian', NULL),
('en', 'language.albanian.gheg', 'default', 'Gheg Albanian', NULL),
('en', 'language.aleut', 'default', 'Aleut', NULL),
('en', 'language.altai.southern', 'default', 'Southern Altai', NULL),
('en', 'language.amharic', 'default', 'Amharic', NULL),
('en', 'language.angika', 'default', 'Angika', NULL),
('en', 'language.aonaga', 'default', 'Ao Naga', NULL),
('en', 'language.arabic', 'default', 'Arabic', NULL),
('en', 'language.arabic.algerian', 'default', 'Algerian Arabic', NULL),
('en', 'language.arabic.chadian', 'default', 'Chadian Arabic', NULL),
('en', 'language.arabic.egyptian', 'default', 'Egyptian Arabic', NULL),
('en', 'language.arabic.modern', 'default', 'Modern Standard Arabic', NULL),
('en', 'language.arabic.moroccan', 'default', 'Moroccan Arabic', NULL),
('en', 'language.arabic.tunisian', 'default', 'Tunisian Arabic', NULL),
('en', 'language.aragonese', 'default', 'Aragonese', NULL),
('en', 'language.aramaic', 'default', 'Aramaic', NULL),
('en', 'language.aramaic.samaritan', 'default', 'Samaritan Aramaic', NULL),
('en', 'language.araona', 'default', 'Araona', NULL),
('en', 'language.arapaho', 'default', 'Arapaho', NULL),
('en', 'language.arawak', 'default', 'Arawak', NULL),
('en', 'language.armenian', 'default', 'Armenian', NULL),
('en', 'language.aromanian', 'default', 'Aromanian', NULL),
('en', 'language.arpitan', 'default', 'Arpitan', NULL),
('en', 'language.assamese', 'default', 'Assamese', NULL),
('en', 'language.asturian', 'default', 'Asturian', NULL),
('en', 'language.asu', 'default', 'Asu', NULL),
('en', 'language.atsam', 'default', 'Atsam', NULL),
('en', 'language.avaric', 'default', 'Avaric', NULL),
('en', 'language.avestan', 'default', 'Avestan', NULL),
('en', 'language.awadhi', 'default', 'Awadhi', NULL),
('en', 'language.aymara', 'default', 'Aymara', NULL),
('en', 'language.azerbaijani', 'default', 'Azerbaijani', NULL),
('en', 'language.badaga', 'default', 'Badaga', NULL),
('en', 'language.bafia', 'default', 'Bafia', NULL),
('en', 'language.bafut', 'default', 'Bafut', NULL),
('en', 'language.bakhtiari', 'default', 'Bakhtiari', NULL),
('en', 'language.balinese', 'default', 'Balinese', NULL),
('en', 'language.balochi.western', 'default', 'Western Balochi', NULL),
('en', 'language.baluchi', 'default', 'Baluchi', NULL),
('en', 'language.bambara', 'default', 'Bambara', NULL),
('en', 'language.bamun', 'default', 'Bamun', NULL),
('en', 'language.banjar', 'default', 'Banjar', NULL),
('en', 'language.basaa', 'default', 'Basaa', NULL),
('en', 'language.bashkir', 'default', 'Bashkir', NULL),
('en', 'language.basque', 'default', 'Basque', NULL),
('en', 'language.bataktoba', 'default', 'Batak Toba', NULL),
('en', 'language.bavarian', 'default', 'Bavarian', NULL),
('en', 'language.beja', 'default', 'Beja', NULL),
('en', 'language.belarusian', 'default', 'Belarusian', NULL),
('en', 'language.bemba', 'default', 'Bemba', NULL),
('en', 'language.bena', 'default', 'Bena', NULL),
('en', 'language.bengali', 'default', 'Bengali', NULL),
('en', 'language.betawi', 'default', 'Betawi', NULL),
('en', 'language.bhojpuri', 'default', 'Bhojpuri', NULL),
('en', 'language.bikol', 'default', 'Bikol', NULL),
('en', 'language.bini', 'default', 'Bini', NULL),
('en', 'language.bishnupriya', 'default', 'Bishnupriya', NULL),
('en', 'language.bislama', 'default', 'Bislama', NULL),
('en', 'language.blin', 'default', 'Blin', NULL),
('en', 'language.blissymbols', 'default', 'Blissymbols', NULL),
('en', 'language.bodo', 'default', 'Bodo', NULL),
('en', 'language.bosnian', 'default', 'Bosnian', NULL),
('en', 'language.brahui', 'default', 'Brahui', NULL),
('en', 'language.braj', 'default', 'Braj', NULL),
('en', 'language.breton', 'default', 'Breton', NULL),
('en', 'language.buginese', 'default', 'Buginese', NULL),
('en', 'language.bulgarian', 'default', 'Bulgarian', NULL),
('en', 'language.bulu', 'default', 'Bulu', NULL),
('en', 'language.buriat', 'default', 'Buriat', NULL),
('en', 'language.burmese', 'default', 'Burmese', NULL),
('en', 'language.caddo', 'default', 'Caddo', NULL),
('en', 'language.cantonese', 'default', 'Cantonese', NULL),
('en', 'language.capiznon', 'default', 'Capiznon', NULL),
('en', 'language.carib', 'default', 'Carib', NULL),
('en', 'language.catalan', 'default', 'Catalan', NULL),
('en', 'language.cayuga', 'default', 'Cayuga', NULL),
('en', 'language.cebuano', 'default', 'Cebuano', NULL),
('en', 'language.chagatai', 'default', 'Chagatai', NULL),
('en', 'language.chamorro', 'default', 'Chamorro', NULL),
('en', 'language.chechen', 'default', 'Chechen', NULL),
('en', 'language.cherokee', 'default', 'Cherokee', NULL),
('en', 'language.cheyenne', 'default', 'Cheyenne', NULL),
('en', 'language.chibcha', 'default', 'Chibcha', NULL),
('en', 'language.chiga', 'default', 'Chiga', NULL),
('en', 'language.chiini.koyra', 'default', 'Koyra Chiini', NULL),
('en', 'language.chinese', 'default', 'Chinese', NULL),
('en', 'language.chinese.gan', 'default', 'Gan Chinese', NULL),
('en', 'language.chinese.hakka', 'default', 'Hakka Chinese', NULL),
('en', 'language.chinese.literary', 'default', 'Literary Chinese', NULL),
('en', 'language.chinese.minnan', 'default', 'Min Nan Chinese', NULL),
('en', 'language.chinese.simplified', 'default', 'Simplified Chinese', NULL),
('en', 'language.chinese.traditional', 'default', 'Traditional Chinese', NULL),
('en', 'language.chinese.wu', 'default', 'Wu Chinese', NULL),
('en', 'language.chinese.xiang', 'default', 'Xiang Chinese', NULL),
('en', 'language.chipewyan', 'default', 'Chipewyan', NULL),
('en', 'language.choctaw', 'default', 'Choctaw', NULL),
('en', 'language.chuukese', 'default', 'Chuukese', NULL),
('en', 'language.chuvash', 'default', 'Chuvash', NULL),
('en', 'language.colognian', 'default', 'Colognian', NULL),
('en', 'language.comorian', 'default', 'Comorian', NULL),
('en', 'language.coptic', 'default', 'Coptic', NULL),
('en', 'language.cornish', 'default', 'Cornish', NULL),
('en', 'language.corsican', 'default', 'Corsican', NULL),
('en', 'language.cree', 'default', 'Cree', NULL),
('en', 'language.creek', 'default', 'Creek', NULL),
('en', 'language.creole.haitian', 'default', 'Haitian Creole', NULL),
('en', 'language.croatian', 'default', 'Croatian', NULL),
('en', 'language.czech', 'default', 'Czech', NULL),
('en', 'language.dakota', 'default', 'Dakota', NULL),
('en', 'language.danish', 'default', 'Danish', NULL),
('en', 'language.dargwa', 'default', 'Dargwa', NULL),
('en', 'language.dari.zoroastrian', 'default', 'Zoroastrian Dari', NULL),
('en', 'language.dazaga', 'default', 'Dazaga', NULL),
('en', 'language.delaware', 'default', 'Delaware', NULL),
('en', 'language.dinka', 'default', 'Dinka', NULL),
('en', 'language.divehi', 'default', 'Divehi', NULL),
('en', 'language.dogri', 'default', 'Dogri', NULL),
('en', 'language.dogrib', 'default', 'Dogrib', NULL),
('en', 'language.duala', 'default', 'Duala', NULL),
('en', 'language.dusun.central', 'default', 'Central Dusun', NULL),
('en', 'language.dutch', 'default', 'Dutch', NULL),
('en', 'language.dutch.middle', 'default', 'Middle Dutch', NULL),
('en', 'language.dyula', 'default', 'Dyula', NULL),
('en', 'language.dzongkha', 'default', 'Dzongkha', NULL),
('en', 'language.efik', 'default', 'Efik', NULL),
('en', 'language.egyptian.ancient', 'default', 'Ancient Egyptian', NULL),
('en', 'language.ekajuk', 'default', 'Ekajuk', NULL),
('en', 'language.elamite', 'default', 'Elamite', NULL),
('en', 'language.embu', 'default', 'Embu', NULL),
('en', 'language.emilian', 'default', 'Emilian', NULL),
('en', 'language.english', 'default', 'English', NULL),
('en', 'language.english.american', 'default', 'American English', NULL),
('en', 'language.english.australian', 'default', 'Australian English', NULL),
('en', 'language.english.british', 'default', 'British English', NULL),
('en', 'language.english.canadian', 'default', 'Canadian English', NULL),
('en', 'language.english.jamaicancreole ', 'default', 'Jamaican Creole English', NULL),
('en', 'language.english.middle', 'default', 'Middle English', NULL),
('en', 'language.english.old', 'default', 'Old English', NULL),
('en', 'language.erzya', 'default', 'Erzya', NULL),
('en', 'language.esperanto', 'default', 'Esperanto', NULL),
('en', 'language.estonian', 'default', 'Estonian', NULL),
('en', 'language.ewe', 'default', 'Ewe', NULL),
('en', 'language.ewondo', 'default', 'Ewondo', NULL),
('en', 'language.extremaduran', 'default', 'Extremaduran', NULL),
('en', 'language.fang', 'default', 'Fang', NULL),
('en', 'language.fanti', 'default', 'Fanti', NULL),
('en', 'language.faroese', 'default', 'Faroese', NULL),
('en', 'language.fijian', 'default', 'Fijian', NULL),
('en', 'language.filipino', 'default', 'Filipino', NULL),
('en', 'language.finnish', 'default', 'Finnish', NULL),
('en', 'language.finnish.tornedalen', 'default', 'Tornedalen Finnish', NULL),
('en', 'language.flemish', 'default', 'Flemish', NULL),
('en', 'language.flemish.west', 'default', 'West Flemish', NULL),
('en', 'language.fon', 'default', 'Fon', NULL),
('en', 'language.frafra', 'default', 'Frafra', NULL),
('en', 'language.franconian.main', 'default', 'Main-Franconian', NULL),
('en', 'language.french', 'default', 'French', NULL),
('en', 'language.french.cajun', 'default', 'Cajun French', NULL),
('en', 'language.french.canadian', 'default', 'Canadian French', NULL),
('en', 'language.french.middle', 'default', 'Middle French', NULL),
('en', 'language.french.old', 'default', 'Old French', NULL),
('en', 'language.french.swiss', 'default', 'Swiss French', NULL),
('en', 'language.frisian.eastern', 'default', 'Eastern Frisian', NULL),
('en', 'language.frisian.northern', 'default', 'Northern Frisian', NULL),
('en', 'language.frisian.saterland', 'default', 'Saterland Frisian', NULL),
('en', 'language.frisian.western', 'default', 'Western Frisian', NULL),
('en', 'language.friulian', 'default', 'Friulian', NULL),
('en', 'language.fulah', 'default', 'Fulah', NULL),
('en', 'language.ga', 'default', 'Ga', NULL),
('en', 'language.gaelic.scottish', 'default', 'Scottish Gaelic', NULL),
('en', 'language.gagauz', 'default', 'Gagauz', NULL),
('en', 'language.galician', 'default', 'Galician', NULL),
('en', 'language.ganda', 'default', 'Ganda', NULL),
('en', 'language.gayo', 'default', 'Gayo', NULL),
('en', 'language.gbaya', 'default', 'Gbaya', NULL),
('en', 'language.geez', 'default', 'Geez', NULL),
('en', 'language.georgian', 'default', 'Georgian', NULL),
('en', 'language.german', 'default', 'German', NULL),
('en', 'language.german.austrian', 'default', 'Austrian German', NULL),
('en', 'language.german.low', 'default', 'Low German', NULL),
('en', 'language.german.middlehigh', 'default', 'Middle High German', NULL),
('en', 'language.german.oldhigh', 'default', 'Old High German', NULL),
('en', 'language.german.palatine', 'default', 'Palatine German', NULL),
('en', 'language.german.pennsylvania', 'default', 'Pennsylvania German', NULL),
('en', 'language.german.swiss', 'default', 'Swiss German', NULL),
('en', 'language.german.swisshigh', 'default', 'Swiss High German', NULL),
('en', 'language.ghomala', 'default', 'Ghomala', NULL),
('en', 'language.gilaki', 'default', 'Gilaki', NULL),
('en', 'language.gilbertese', 'default', 'Gilbertese', NULL),
('en', 'language.gondi', 'default', 'Gondi', NULL),
('en', 'language.gorontalo', 'default', 'Gorontalo', NULL),
('en', 'language.gothic', 'default', 'Gothic', NULL),
('en', 'language.grebo', 'default', 'Grebo', NULL),
('en', 'language.greek', 'default', 'Greek', NULL),
('en', 'language.greek.ancient', 'default', 'Ancient Greek', NULL),
('en', 'language.guarani', 'default', 'Guarani', NULL),
('en', 'language.gujarati', 'default', 'Gujarati', NULL),
('en', 'language.gusii', 'default', 'Gusii', NULL),
('en', 'language.gwichin', 'default', 'Gwichin', NULL),
('en', 'language.haida', 'default', 'Haida', NULL),
('en', 'language.hausa', 'default', 'Hausa', NULL),
('en', 'language.hawaiian', 'default', 'Hawaiian', NULL),
('en', 'language.hebrew', 'default', 'Hebrew', NULL),
('en', 'language.herero', 'default', 'Herero', NULL),
('en', 'language.hiligaynon', 'default', 'Hiligaynon', NULL),
('en', 'language.hindi', 'default', 'Hindi', NULL),
('en', 'language.hindi.fiji', 'default', 'Fiji Hindi', NULL),
('en', 'language.hittite', 'default', 'Hittite', NULL),
('en', 'language.hmong', 'default', 'Hmong', NULL),
('en', 'language.hungarian', 'default', 'Hungarian', NULL),
('en', 'language.hupa', 'default', 'Hupa', NULL),
('en', 'language.iban', 'default', 'Iban', NULL),
('en', 'language.ibibio', 'default', 'Ibibio', NULL),
('en', 'language.icelandic', 'default', 'Icelandic', NULL),
('en', 'language.ido', 'default', 'Ido', NULL),
('en', 'language.igbo', 'default', 'Igbo', NULL),
('en', 'language.iloko', 'default', 'Iloko', NULL),
('en', 'language.indonesian', 'default', 'Indonesian', NULL),
('en', 'language.ingrian', 'default', 'Ingrian', NULL),
('en', 'language.ingush', 'default', 'Ingush', NULL),
('en', 'language.interlingua', 'default', 'Interlingua', NULL),
('en', 'language.interlingue', 'default', 'Interlingue', NULL),
('en', 'language.inuktitut', 'default', 'Inuktitut', NULL),
('en', 'language.inupiaq', 'default', 'Inupiaq', NULL),
('en', 'language.irish', 'default', 'Irish', NULL),
('en', 'language.irish.middle', 'default', 'Middle Irish', NULL),
('en', 'language.irish.old', 'default', 'Old Irish', NULL),
('en', 'language.italian', 'default', 'Italian', NULL),
('en', 'language.japanese', 'default', 'Japanese', NULL),
('en', 'language.jargon.chinook', 'default', 'Chinook Jargon', NULL),
('en', 'language.javanese', 'default', 'Javanese', NULL),
('en', 'language.jju', 'default', 'Jju', NULL),
('en', 'language.jolafonyi', 'default', 'Jola-Fonyi', NULL),
('en', 'language.judeoarabic', 'default', 'Judeo-Arabic', NULL),
('en', 'language.judeopersian', 'default', 'Judeo-Persian', NULL),
('en', 'language.jutish', 'default', 'Jutish', NULL),
('en', 'language.kabardian', 'default', 'Kabardian', NULL),
('en', 'language.kabuverdianu', 'default', 'Kabuverdianu', NULL),
('en', 'language.kabyle', 'default', 'Kabyle', NULL),
('en', 'language.kachin', 'default', 'Kachin', NULL),
('en', 'language.kaingang', 'default', 'Kaingang', NULL),
('en', 'language.kako', 'default', 'Kako', NULL),
('en', 'language.kalaallisut', 'default', 'Kalaallisut', NULL),
('en', 'language.kalenjin', 'default', 'Kalenjin', NULL),
('en', 'language.kalmyk', 'default', 'Kalmyk', NULL),
('en', 'language.kamba', 'default', 'Kamba', NULL),
('en', 'language.kanembu', 'default', 'Kanembu', NULL),
('en', 'language.kannada', 'default', 'Kannada', NULL),
('en', 'language.kanuri', 'default', 'Kanuri', NULL),
('en', 'language.karachaybalkar', 'default', 'Karachay-Balkar', NULL),
('en', 'language.karakalpak', 'default', 'Kara-Kalpak', NULL),
('en', 'language.karelian', 'default', 'Karelian', NULL),
('en', 'language.kashmiri', 'default', 'Kashmiri', NULL),
('en', 'language.kashubian', 'default', 'Kashubian', NULL),
('en', 'language.kawi', 'default', 'Kawi', NULL),
('en', 'language.kazakh', 'default', 'Kazakh', NULL),
('en', 'language.kenyang', 'default', 'Kenyang', NULL),
('en', 'language.khasi', 'default', 'Khasi', NULL),
('en', 'language.khmer', 'default', 'Khmer', NULL),
('en', 'language.khotanese', 'default', 'Khotanese', NULL),
('en', 'language.khowar', 'default', 'Khowar', NULL),
('en', 'language.kiche', 'default', 'Kiche', NULL),
('en', 'language.kikuyu', 'default', 'Kikuyu', NULL),
('en', 'language.kimbundu', 'default', 'Kimbundu', NULL),
('en', 'language.kinaraya', 'default', 'Kinaray-a', NULL),
('en', 'language.kinyarwanda', 'default', 'Kinyarwanda', NULL),
('en', 'language.kirmanjki', 'default', 'Kirmanjki', NULL),
('en', 'language.klingon', 'default', 'Klingon', NULL),
('en', 'language.kom', 'default', 'Kom', NULL),
('en', 'language.komi', 'default', 'Komi', NULL),
('en', 'language.komi.permyak', 'default', 'Komi-Permyak', NULL),
('en', 'language.kongo', 'default', 'Kongo', NULL),
('en', 'language.konkani', 'default', 'Konkani', NULL),
('en', 'language.konkani.goan', 'default', 'Goan Konkani', NULL),
('en', 'language.korean', 'default', 'Korean', NULL),
('en', 'language.koro', 'default', 'Koro', NULL),
('en', 'language.kosraean', 'default', 'Kosraean', NULL),
('en', 'language.kotava', 'default', 'Kotava', NULL),
('en', 'language.kpelle', 'default', 'Kpelle', NULL),
('en', 'language.krio', 'default', 'Krio', NULL),
('en', 'language.kuanyama', 'default', 'Kuanyama', NULL),
('en', 'language.kumyk', 'default', 'Kumyk', NULL),
('en', 'language.kurdish', 'default', 'Kurdish', NULL),
('en', 'language.kurdish.central', 'default', 'Central Kurdish', NULL),
('en', 'language.kurukh', 'default', 'Kurukh', NULL),
('en', 'language.kutenai', 'default', 'Kutenai', NULL),
('en', 'language.kwasio', 'default', 'Kwasio', NULL),
('en', 'language.kyrgyz', 'default', 'Kyrgyz', NULL),
('en', 'language.ladino', 'default', 'Ladino', NULL),
('en', 'language.lahnda', 'default', 'Lahnda', NULL),
('en', 'language.lakota', 'default', 'Lakota', NULL),
('en', 'language.lamba', 'default', 'Lamba', NULL),
('en', 'language.langi', 'default', 'Langi', NULL),
('en', 'language.lao', 'default', 'Lao', NULL),
('en', 'language.latgalian', 'default', 'Latgalian', NULL),
('en', 'language.latin', 'default', 'Latin', NULL),
('en', 'language.latvian', 'default', 'Latvian', NULL),
('en', 'language.laz', 'default', 'Laz', NULL),
('en', 'language.lezghian', 'default', 'Lezghian', NULL),
('en', 'language.ligurian', 'default', 'Ligurian', NULL),
('en', 'language.limburgish', 'default', 'Limburgish', NULL),
('en', 'language.lingala', 'default', 'Lingala', NULL),
('en', 'language.linguafranca.nova', 'default', 'Lingua Franca Nova', NULL),
('en', 'language.lithuanian', 'default', 'Lithuanian', NULL),
('en', 'language.livonian', 'default', 'Livonian', NULL),
('en', 'language.lojban', 'default', 'Lojban', NULL),
('en', 'language.lombard', 'default', 'Lombard', NULL),
('en', 'language.lozi', 'default', 'Lozi', NULL),
('en', 'language.luba.katanga', 'default', 'Luba-Katanga', NULL),
('en', 'language.luba.lulua', 'default', 'Luba-Lulua', NULL),
('en', 'language.luiseno', 'default', 'Luiseno', NULL),
('en', 'language.lunda', 'default', 'Lunda', NULL),
('en', 'language.luo', 'default', 'Luo', NULL),
('en', 'language.luri.northern', 'default', 'Northern Luri', NULL),
('en', 'language.luxembourgish', 'default', 'Luxembourgish', NULL),
('en', 'language.luyia', 'default', 'Luyia', NULL),
('en', 'language.maba', 'default', 'Maba', NULL),
('en', 'language.macedonian', 'default', 'Macedonian', NULL),
('en', 'language.machame', 'default', 'Machame', NULL),
('en', 'language.madurese', 'default', 'Madurese', NULL),
('en', 'language.mafa', 'default', 'Mafa', NULL),
('en', 'language.magahi', 'default', 'Magahi', NULL),
('en', 'language.maithili', 'default', 'Maithili', NULL),
('en', 'language.makasar', 'default', 'Makasar', NULL),
('en', 'language.makhuwameetto', 'default', 'Makhuwa-Meetto', NULL),
('en', 'language.makonde', 'default', 'Makonde', NULL),
('en', 'language.malagasy', 'default', 'Malagasy', NULL),
('en', 'language.malay', 'default', 'Malay', NULL),
('en', 'language.malayalam', 'default', 'Malayalam', NULL),
('en', 'language.maltese', 'default', 'Maltese', NULL),
('en', 'language.manchu', 'default', 'Manchu', NULL),
('en', 'language.mandar', 'default', 'Mandar', NULL),
('en', 'language.mandingo', 'default', 'Mandingo', NULL),
('en', 'language.manipuri', 'default', 'Manipuri', NULL),
('en', 'language.manx', 'default', 'Manx', NULL),
('en', 'language.maori', 'default', 'Maori', NULL),
('en', 'language.mapuche', 'default', 'Mapuche', NULL),
('en', 'language.marathi', 'default', 'Marathi', NULL),
('en', 'language.mari', 'default', 'Mari', NULL),
('en', 'language.mari.western', 'default', 'Western Mari', NULL),
('en', 'language.marshallese', 'default', 'Marshallese', NULL),
('en', 'language.marwari', 'default', 'Marwari', NULL),
('en', 'language.masai', 'default', 'Masai', NULL),
('en', 'language.mazanderani', 'default', 'Mazanderani', NULL),
('en', 'language.medumba', 'default', 'Medumba', NULL),
('en', 'language.mende', 'default', 'Mende', NULL),
('en', 'language.mentawai', 'default', 'Mentawai', NULL),
('en', 'language.meru', 'default', 'Meru', NULL),
('en', 'language.meta', 'default', 'Meta', NULL),
('en', 'language.micmac', 'default', 'Micmac', NULL),
('en', 'language.minangkabau', 'default', 'Minangkabau', NULL),
('en', 'language.mingrelian', 'default', 'Mingrelian', NULL),
('en', 'language.mirandese', 'default', 'Mirandese', NULL),
('en', 'language.mizo', 'default', 'Mizo', NULL),
('en', 'language.mohawk', 'default', 'Mohawk', NULL),
('en', 'language.moksha', 'default', 'Moksha', NULL),
('en', 'language.moldavian', 'default', 'Moldavian', NULL),
('en', 'language.mongo', 'default', 'Mongo', NULL),
('en', 'language.mongolian', 'default', 'Mongolian', NULL),
('en', 'language.morisyen', 'default', 'Morisyen', NULL),
('en', 'language.mossi', 'default', 'Mossi', NULL),
('en', 'language.motu.hiri', 'default', 'Hiri Motu', NULL),
('en', 'language.multiple', 'default', 'Multiple Languages', NULL),
('en', 'language.mundang', 'default', 'Mundang', NULL),
('en', 'language.myene', 'default', 'Myene', NULL),
('en', 'language.nama', 'default', 'Nama', NULL),
('en', 'language.nauru', 'default', 'Nauru', NULL),
('en', 'language.navajo', 'default', 'Navajo', NULL),
('en', 'language.ndebele.north', 'default', 'North Ndebele', NULL),
('en', 'language.ndebele.south', 'default', 'South Ndebele', NULL),
('en', 'language.ndonga', 'default', 'Ndonga', NULL),
('en', 'language.neapolitan', 'default', 'Neapolitan', NULL),
('en', 'language.nepali', 'default', 'Nepali', NULL),
('en', 'language.newari', 'default', 'Newari', NULL),
('en', 'language.newari.classical', 'default', 'Classical Newari', NULL),
('en', 'language.ngambay', 'default', 'Ngambay', NULL),
('en', 'language.ngiemboon', 'default', 'Ngiemboon', NULL),
('en', 'language.ngomba', 'default', 'Ngomba', NULL),
('en', 'language.nheengatu', 'default', 'Nheengatu', NULL),
('en', 'language.nias', 'default', 'Nias', NULL),
('en', 'language.niuean', 'default', 'Niuean', NULL),
('en', 'language.nko', 'default', 'NKo', NULL),
('en', 'language.nogai', 'default', 'Nogai', NULL),
('en', 'language.none', 'default', 'No linguistic content', NULL),
('en', 'language.norse.old', 'default', 'Old Norse', NULL),
('en', 'language.northern sami', 'default', 'Northern Sami', NULL),
('en', 'language.norwegian', 'default', 'Norwegian', NULL),
('en', 'language.norwegian.bokml', 'default', 'Norwegian Bokml', NULL),
('en', 'language.norwegian.nynorsk', 'default', 'Norwegian Nynorsk', NULL),
('en', 'language.novial', 'default', 'Novial', NULL),
('en', 'language.nuer', 'default', 'Nuer', NULL),
('en', 'language.nyamwezi', 'default', 'Nyamwezi', NULL),
('en', 'language.nyanja', 'default', 'Nyanja', NULL),
('en', 'language.nyankole', 'default', 'Nyankole', NULL),
('en', 'language.nyoro', 'default', 'Nyoro', NULL),
('en', 'language.nzima', 'default', 'Nzima', NULL),
('en', 'language.occitan', 'default', 'Occitan', NULL),
('en', 'language.ojibwa', 'default', 'Ojibwa', NULL),
('en', 'language.oriya', 'default', 'Oriya', NULL),
('en', 'language.oromo', 'default', 'Oromo', NULL),
('en', 'language.osage', 'default', 'Osage', NULL),
('en', 'language.ossetic', 'default', 'Ossetic', NULL),
('en', 'language.pahlavi', 'default', 'Pahlavi', NULL),
('en', 'language.palauan', 'default', 'Palauan', NULL),
('en', 'language.pali', 'default', 'Pali', NULL),
('en', 'language.pampanga', 'default', 'Pampanga', NULL),
('en', 'language.pangasinan', 'default', 'Pangasinan', NULL),
('en', 'language.papiamento', 'default', 'Papiamento', NULL),
('en', 'language.pashto', 'default', 'Pashto', NULL),
('en', 'language.persian', 'default', 'Persian', NULL),
('en', 'language.persian.old', 'default', 'Old Persian', NULL),
('en', 'language.phoenician', 'default', 'Phoenician', NULL),
('en', 'language.picard', 'default', 'Picard', NULL),
('en', 'language.piedmontese', 'default', 'Piedmontese', NULL),
('en', 'language.pisin.tok', 'default', 'Tok Pisin', NULL),
('en', 'language.plautdietsch', 'default', 'Plautdietsch', NULL),
('en', 'language.pohnpeian', 'default', 'Pohnpeian', NULL),
('en', 'language.polish', 'default', 'Polish', NULL),
('en', 'language.pontic', 'default', 'Pontic', NULL),
('en', 'language.portuguese', 'default', 'Portuguese', NULL),
('en', 'language.portuguese.brazilian', 'default', 'Brazilian Portuguese', NULL),
('en', 'language.portuguese.european', 'default', 'European Portuguese', NULL),
('en', 'language.provenal.old', 'default', 'Old Provenal', NULL),
('en', 'language.prussian', 'default', 'Prussian', NULL),
('en', 'language.punjabi', 'default', 'Punjabi', NULL),
('en', 'language.quechua', 'default', 'Quechua', NULL),
('en', 'language.quichua.chimborazohighland', 'default', 'Chimborazo Highland Quichua', NULL),
('en', 'language.rajasthani', 'default', 'Rajasthani', NULL),
('en', 'language.rapanui', 'default', 'Rapanui', NULL),
('en', 'language.rarotongan', 'default', 'Rarotongan', NULL),
('en', 'language.riffian', 'default', 'Riffian', NULL),
('en', 'language.romagnol', 'default', 'Romagnol', NULL),
('en', 'language.romanian', 'default', 'Romanian', NULL),
('en', 'language.romansh', 'default', 'Romansh', NULL),
('en', 'language.romany', 'default', 'Romany', NULL),
('en', 'language.rombo', 'default', 'Rombo', NULL),
('en', 'language.root', 'default', 'Root', NULL),
('en', 'language.rotuman', 'default', 'Rotuman', NULL),
('en', 'language.roviana', 'default', 'Roviana', NULL),
('en', 'language.rundi', 'default', 'Rundi', NULL),
('en', 'language.russian', 'default', 'Russian', NULL),
('en', 'language.rusyn', 'default', 'Rusyn', NULL),
('en', 'language.rwa', 'default', 'Rwa', NULL),
('en', 'language.saho', 'default', 'Saho', NULL),
('en', 'language.sakha', 'default', 'Sakha', NULL),
('en', 'language.samburu', 'default', 'Samburu', NULL),
('en', 'language.sami.inari', 'default', 'Inari Sami', NULL),
('en', 'language.sami.lule', 'default', 'Lule Sami', NULL),
('en', 'language.sami.skolt', 'default', 'Skolt Sami', NULL),
('en', 'language.sami.southern', 'default', 'Southern Sami', NULL),
('en', 'language.samoan', 'default', 'Samoan', NULL),
('en', 'language.samogitian', 'default', 'Samogitian', NULL),
('en', 'language.sandawe', 'default', 'Sandawe', NULL),
('en', 'language.sango', 'default', 'Sango', NULL),
('en', 'language.sangu', 'default', 'Sangu', NULL),
('en', 'language.sanskrit', 'default', 'Sanskrit', NULL);
INSERT INTO `ark_translation_message` (`language`, `keyword`, `role`, `text`, `notes`) VALUES
('en', 'language.santali', 'default', 'Santali', NULL),
('en', 'language.sardinian', 'default', 'Sardinian', NULL),
('en', 'language.sardinian.sassarese', 'default', 'Sassarese Sardinian', NULL),
('en', 'language.sasak', 'default', 'Sasak', NULL),
('en', 'language.saurashtra', 'default', 'Saurashtra', NULL),
('en', 'language.saxon.low', 'default', 'Low Saxon', NULL),
('en', 'language.scots', 'default', 'Scots', NULL),
('en', 'language.selayar', 'default', 'Selayar', NULL),
('en', 'language.selkup', 'default', 'Selkup', NULL),
('en', 'language.sena', 'default', 'Sena', NULL),
('en', 'language.seneca', 'default', 'Seneca', NULL),
('en', 'language.senni.koyraboro', 'default', 'Koyraboro Senni', NULL),
('en', 'language.serbian', 'default', 'Serbian', NULL),
('en', 'language.serbocroatian', 'default', 'Serbo-Croatian', NULL),
('en', 'language.serer', 'default', 'Serer', NULL),
('en', 'language.seri', 'default', 'Seri', NULL),
('en', 'language.shambala', 'default', 'Shambala', NULL),
('en', 'language.shan', 'default', 'Shan', NULL),
('en', 'language.shona', 'default', 'Shona', NULL),
('en', 'language.sicilian', 'default', 'Sicilian', NULL),
('en', 'language.sidamo', 'default', 'Sidamo', NULL),
('en', 'language.siksika', 'default', 'Siksika', NULL),
('en', 'language.silesian', 'default', 'Silesian', NULL),
('en', 'language.silesian.lower', 'default', 'Lower Silesian', NULL),
('en', 'language.sindhi', 'default', 'Sindhi', NULL),
('en', 'language.sinhala', 'default', 'Sinhala', NULL),
('en', 'language.slave', 'default', 'Slave', NULL),
('en', 'language.slavic.church', 'default', 'Church Slavic', NULL),
('en', 'language.slovak', 'default', 'Slovak', NULL),
('en', 'language.slovenian', 'default', 'Slovenian', NULL),
('en', 'language.soga', 'default', 'Soga', NULL),
('en', 'language.sogdien', 'default', 'Sogdien', NULL),
('en', 'language.somali', 'default', 'Somali', NULL),
('en', 'language.soninke', 'default', 'Soninke', NULL),
('en', 'language.sorbian.lower', 'default', 'Lower Sorbian', NULL),
('en', 'language.sorbian.upper', 'default', 'Upper Sorbian', NULL),
('en', 'language.sotho.northern', 'default', 'Northern Sotho', NULL),
('en', 'language.sotho.southern', 'default', 'Southern Sotho', NULL),
('en', 'language.southern kurdish', 'default', 'Southern Kurdish', NULL),
('en', 'language.spanish', 'default', 'Spanish', NULL),
('en', 'language.spanish.european', 'default', 'European Spanish', NULL),
('en', 'Language.spanish.latinamerican', 'default', 'Latin American Spanish', NULL),
('en', 'language.spanish.mexican', 'default', 'Mexican Spanish', NULL),
('en', 'language.sukuma', 'default', 'Sukuma', NULL),
('en', 'language.sumerian', 'default', 'Sumerian', NULL),
('en', 'language.sundanese', 'default', 'Sundanese', NULL),
('en', 'language.susu', 'default', 'Susu', NULL),
('en', 'language.swahili', 'default', 'Swahili', NULL),
('en', 'language.swahili.congo', 'default', 'Congo Swahili', NULL),
('en', 'language.swati', 'default', 'Swati', NULL),
('en', 'language.swedish', 'default', 'Swedish', NULL),
('en', 'language.syriac', 'default', 'Syriac', NULL),
('en', 'language.syriac.classical', 'default', 'Classical Syriac', NULL),
('en', 'language.tachelhit', 'default', 'Tachelhit', NULL),
('en', 'language.tagalog', 'default', 'Tagalog', NULL),
('en', 'language.tahitian', 'default', 'Tahitian', NULL),
('en', 'language.taita', 'default', 'Taita', NULL),
('en', 'language.tajik', 'default', 'Tajik', NULL),
('en', 'language.talysh', 'default', 'Talysh', NULL),
('en', 'language.tamashek', 'default', 'Tamashek', NULL),
('en', 'language.tamazight.centralatlas', 'default', 'Central Atlas Tamazight', NULL),
('en', 'language.tamazight.standardmoroccan', 'default', 'Standard Moroccan Tamazight', NULL),
('en', 'language.tamil', 'default', 'Tamil', NULL),
('en', 'language.taroko', 'default', 'Taroko', NULL),
('en', 'language.tasawaq', 'default', 'Tasawaq', NULL),
('en', 'language.tat.muslim', 'default', 'Muslim Tat', NULL),
('en', 'language.tatar', 'default', 'Tatar', NULL),
('en', 'language.telugu', 'default', 'Telugu', NULL),
('en', 'language.tereno', 'default', 'Tereno', NULL),
('en', 'language.teso', 'default', 'Teso', NULL),
('en', 'language.tetum', 'default', 'Tetum', NULL),
('en', 'language.thai', 'default', 'Thai', NULL),
('en', 'language.tibetan', 'default', 'Tibetan', NULL),
('en', 'language.tigre', 'default', 'Tigre', NULL),
('en', 'language.tigrinya', 'default', 'Tigrinya', NULL),
('en', 'language.timne', 'default', 'Timne', NULL),
('en', 'language.tiv', 'default', 'Tiv', NULL),
('en', 'language.tlingit', 'default', 'Tlingit', NULL),
('en', 'language.tokelau', 'default', 'Tokelau', NULL),
('en', 'language.tonga.nyasa', 'default', 'Nyasa Tonga', NULL),
('en', 'language.tongan', 'default', 'Tongan', NULL),
('en', 'language.tongo.sranan', 'default', 'Sranan Tongo', NULL),
('en', 'language.tsakhur', 'default', 'Tsakhur', NULL),
('en', 'language.tsakonian', 'default', 'Tsakonian', NULL),
('en', 'language.tsimshian', 'default', 'Tsimshian', NULL),
('en', 'language.tsonga', 'default', 'Tsonga', NULL),
('en', 'language.tswana', 'default', 'Tswana', NULL),
('en', 'language.tulu', 'default', 'Tulu', NULL),
('en', 'language.tumbuka', 'default', 'Tumbuka', NULL),
('en', 'language.turkish', 'default', 'Turkish', NULL),
('en', 'language.turkish.crimean', 'default', 'Crimean Turkish', NULL),
('en', 'language.turkish.ottoman', 'default', 'Ottoman Turkish', NULL),
('en', 'language.turkmen', 'default', 'Turkmen', NULL),
('en', 'language.turoyo', 'default', 'Turoyo', NULL),
('en', 'language.tuvalu', 'default', 'Tuvalu', NULL),
('en', 'language.tuvinian', 'default', 'Tuvinian', NULL),
('en', 'language.twi', 'default', 'Twi', NULL),
('en', 'language.tyap', 'default', 'Tyap', NULL),
('en', 'language.udmurt', 'default', 'Udmurt', NULL),
('en', 'language.ugaritic', 'default', 'Ugaritic', NULL),
('en', 'language.ukrainian', 'default', 'Ukrainian', NULL),
('en', 'language.umbundu', 'default', 'Umbundu', NULL),
('en', 'language.unknown', 'default', 'Unknown Language', NULL),
('en', 'language.urdu', 'default', 'Urdu', NULL),
('en', 'language.uyghur', 'default', 'Uyghur', NULL),
('en', 'language.uzbek', 'default', 'Uzbek', NULL),
('en', 'language.vai', 'default', 'Vai', NULL),
('en', 'language.venda', 'default', 'Venda', NULL),
('en', 'language.venetian', 'default', 'Venetian', NULL),
('en', 'language.veps', 'default', 'Veps', NULL),
('en', 'language.vietnamese', 'default', 'Vietnamese', NULL),
('en', 'language.volapk', 'default', 'Volapk', NULL),
('en', 'language.vro', 'default', 'Vro', NULL),
('en', 'language.votic', 'default', 'Votic', NULL),
('en', 'language.vunjo', 'default', 'Vunjo', NULL),
('en', 'language.walloon', 'default', 'Walloon', NULL),
('en', 'language.walser', 'default', 'Walser', NULL),
('en', 'language.waray', 'default', 'Waray', NULL),
('en', 'language.warlpiri', 'default', 'Warlpiri', NULL),
('en', 'language.washo', 'default', 'Washo', NULL),
('en', 'language.wayuu', 'default', 'Wayuu', NULL),
('en', 'language.welsh', 'default', 'Welsh', NULL),
('en', 'language.wolaytta', 'default', 'Wolaytta', NULL),
('en', 'language.wolof', 'default', 'Wolof', NULL),
('en', 'language.xhosa', 'default', 'Xhosa', NULL),
('en', 'language.yangben', 'default', 'Yangben', NULL),
('en', 'language.yao', 'default', 'Yao', NULL),
('en', 'language.yapese', 'default', 'Yapese', NULL),
('en', 'language.yemba', 'default', 'Yemba', NULL),
('en', 'language.yi.sichuan', 'default', 'Sichuan Yi', NULL),
('en', 'language.yiddish', 'default', 'Yiddish', NULL),
('en', 'language.yoruba', 'default', 'Yoruba', NULL),
('en', 'language.yupik.central', 'default', 'Central Yupik', NULL),
('en', 'language.zapotec', 'default', 'Zapotec', NULL),
('en', 'language.zarma', 'default', 'Zarma', NULL),
('en', 'language.zaza', 'default', 'Zaza', NULL),
('en', 'language.zeelandic', 'default', 'Zeelandic', NULL),
('en', 'language.zenaga', 'default', 'Zenaga', NULL),
('en', 'language.zhuang', 'default', 'Zhuang', NULL),
('en', 'language.zulu', 'default', 'Zulu', NULL),
('en', 'language.zuni', 'default', 'Zuni', NULL),
('en', 'length.kilometre', 'default', 'kilometre', NULL),
('en', 'length.metre', 'default', 'metre', NULL),
('en', 'length.micrometre', 'default', 'micrometre', NULL),
('en', 'length.millimetre', 'default', 'millimetre', NULL),
('en', 'length.nanometre', 'default', 'nanometre', NULL),
('en', 'map.layer.aerial', 'default', 'Satellite', NULL),
('en', 'map.layer.aerial.labels', 'default', 'Satellite with labels', NULL),
('en', 'map.layer.bing.aerial', 'default', 'Bing Aerial', NULL),
('en', 'map.layer.bing.aerialwithlabels', 'default', 'Aerial View with Labels', NULL),
('en', 'map.layer.bing.road', 'default', 'Bing Roads', NULL),
('en', 'map.layer.foraar', 'default', 'Spring', NULL),
('en', 'map.layer.road', 'default', 'Road', NULL),
('en', 'map.layer.skaermkort', 'default', 'Display Card', NULL),
('en', 'map.legend.max', 'default', 'Max', NULL),
('en', 'map.legend.min', 'default', 'Min', NULL),
('en', 'map.style.choropleth', 'default', 'Municipality', NULL),
('en', 'map.style.distribution', 'default', 'Distribution', NULL),
('en', 'map.style.none', 'default', 'None', NULL),
('en', 'mass.gram', 'default', 'gram', NULL),
('en', 'mass.kilogram', 'default', 'kilogram', NULL),
('en', 'mass.microgram', 'default', 'microgram', NULL),
('en', 'mass.milligram', 'default', 'milligram', NULL),
('en', 'mass.tonne', 'default', 'tonne', NULL),
('en', 'module.campaign', 'default', 'Campaign', NULL),
('en', 'module.file', 'default', 'File', NULL),
('en', 'module.find', 'default', 'Find', NULL),
('en', 'module.image', 'default', 'Image', NULL),
('en', 'module.location', 'default', 'Location', NULL),
('en', 'property.address', 'default', 'Address', NULL),
('en', 'property.avatar', 'default', 'Avatar', NULL),
('en', 'property.city', 'default', 'City', NULL),
('en', 'property.content', 'default', 'Content', NULL),
('en', 'property.country', 'default', 'Country', NULL),
('en', 'property.dateofbirth', 'default', 'Date of Birth', NULL),
('en', 'property.id', 'default', 'ID', NULL),
('en', 'property.initials', 'default', 'Initials', NULL),
('en', 'property.language', 'default', 'Language', NULL),
('en', 'property.length', 'default', 'Length', 'Core Property Length'),
('en', 'property.logo', 'default', 'Logo', NULL),
('en', 'property.module', 'default', 'Module', NULL),
('en', 'property.name', 'default', 'Name', NULL),
('en', 'property.phone', 'default', 'Phone', NULL),
('en', 'property.street', 'default', 'Street', NULL),
('en', 'property.title', 'default', 'Title', NULL),
('en', 'schema.file', 'default', 'File', NULL),
('en', 'search.placeholder', 'default', 'Free Text Search', NULL),
('en', 'site.brand', 'default', 'DIME', NULL),
('en', 'site.welcome', 'default', 'Welcome to DIME.', NULL),
('en', 'test.test', 'default', 'text text', 'notes notes'),
('en', 'user.greeting', 'default', 'Logged In As %name%', NULL),
('en', 'user.menu.edit', 'default', 'Edit your profile', NULL),
('en', 'user.menu.home', 'default', 'My Home', NULL),
('en', 'user.menu.list', 'default', 'List users', NULL),
('en', 'user.menu.login', 'default', 'Sign in', NULL),
('en', 'user.menu.logout', 'default', 'Sign out', NULL),
('en', 'user.menu.password', 'default', 'Change your password', NULL),
('en', 'user.menu.register', 'default', 'Create account', NULL),
('en', 'user.menu.view', 'default', 'View your profile', NULL),
('en', 'vocabulary.dime.find.condition', 'default', 'Condition', NULL);

-- --------------------------------------------------------

--
-- Table structure for table `ark_translation_parameter`
--

CREATE TABLE `ark_translation_parameter` (
  `keyword` varchar(100) COLLATE utf8mb4_unicode_ci NOT NULL,
  `parameter` varchar(30) COLLATE utf8mb4_unicode_ci NOT NULL
) ENGINE=InnoDB DEFAULT CHARSET=utf8mb4 COLLATE=utf8mb4_unicode_ci;

--
-- Dumping data for table `ark_translation_parameter`
--

INSERT INTO `ark_translation_parameter` (`keyword`, `parameter`) VALUES
('dime.home.welcome', 'name'),
('user.greeting', 'name');

-- --------------------------------------------------------

--
-- Table structure for table `ark_translation_role`
--

CREATE TABLE `ark_translation_role` (
  `role` varchar(20) COLLATE utf8mb4_unicode_ci NOT NULL,
  `keyword` varchar(100) COLLATE utf8mb4_unicode_ci DEFAULT NULL,
  `description` varchar(50) COLLATE utf8mb4_unicode_ci DEFAULT NULL
) ENGINE=InnoDB DEFAULT CHARSET=utf8mb4 COLLATE=utf8mb4_unicode_ci;

--
-- Dumping data for table `ark_translation_role`
--

INSERT INTO `ark_translation_role` (`role`, `keyword`, `description`) VALUES
('button', NULL, 'UI Button'),
('check', NULL, 'UI Checkbox'),
('column', NULL, 'UI Column'),
('default', 'translation.role.default', 'Default translation'),
('description', 'translation.role.description', 'A description of the keyword'),
('from', 'translation.role.from', 'The start of a range'),
('group', NULL, 'UI Group'),
('listbox', NULL, 'UI List Box'),
('menu', NULL, 'UI Menu'),
('negative', 'translation.role.negative', 'The negative of the keyword'),
('official', 'translation.role.official', 'The official name or title'),
('opposite', 'translation.role.opposite', 'The opposite of the keyword'),
('positive', 'translation.role.positive', 'The positive of the keyword'),
('progress', NULL, 'UI Progress Bar'),
('radio', NULL, 'Ui Radio Button'),
('range', NULL, 'Name of a range'),
('resource', 'translation.role.resource', 'URL Resource translation'),
('row', NULL, 'UI Row'),
('slider', NULL, 'UI Slider'),
('spinbox', NULL, 'UI Spin Box'),
('status', NULL, 'UI Status'),
('tab', NULL, 'UI Tab'),
('textbox', NULL, 'UI Text Box'),
('title', 'translation.role.title', 'The title of the keyword'),
('to', 'translation.role.to', 'The end of a range'),
('toolbar', NULL, 'UI Tool Bar'),
('tooltip', NULL, 'UI Tool Tip');

-- --------------------------------------------------------

--
-- Table structure for table `ark_view_element`
--

CREATE TABLE `ark_view_element` (
  `element` varchar(30) COLLATE utf8mb4_unicode_ci NOT NULL,
  `type` varchar(10) COLLATE utf8mb4_unicode_ci NOT NULL,
  `enabled` tinyint(1) NOT NULL DEFAULT '1',
  `deprecated` tinyint(1) NOT NULL DEFAULT '0',
  `keyword` varchar(100) COLLATE utf8mb4_unicode_ci DEFAULT NULL
) ENGINE=InnoDB DEFAULT CHARSET=utf8mb4 COLLATE=utf8mb4_unicode_ci;

--
-- Dumping data for table `ark_view_element`
--

INSERT INTO `ark_view_element` (`element`, `type`, `enabled`, `deprecated`, `keyword`) VALUES
('core_action_select', 'grid', 1, 0, 'core.action.select'),
('core_actor_address', 'field', 1, 0, NULL),
('core_actor_avatar', 'field', 1, 0, NULL),
('core_actor_biography', 'field', 1, 0, NULL),
('core_actor_email', 'field', 1, 0, NULL),
('core_actor_fullname', 'field', 1, 0, NULL),
('core_actor_id', 'field', 1, 0, NULL),
('core_actor_initials', 'field', 1, 0, NULL),
('core_actor_item', 'grid', 1, 0, NULL),
('core_actor_license', 'field', 1, 0, NULL),
('core_actor_list', 'table', 1, 0, NULL),
('core_actor_municipality', 'field', 1, 0, NULL),
('core_actor_museum', 'field', 1, 0, NULL),
('core_actor_shortname', 'field', 1, 0, NULL),
('core_actor_telephone', 'field', 1, 0, NULL),
('core_actor_type', 'field', 1, 0, NULL),
('core_actor_visibility', 'field', 1, 0, NULL),
('core_file_description', 'field', 1, 0, NULL),
('core_file_id', 'field', 1, 0, NULL),
('core_file_item', 'grid', 1, 0, NULL),
('core_file_list', 'table', 1, 0, NULL),
('core_file_mediatype', 'field', 1, 0, NULL),
('core_file_status', 'field', 1, 0, NULL),
('core_file_title', 'field', 1, 0, NULL),
('core_file_type', 'field', 1, 0, NULL),
('core_file_versions', 'field', 1, 0, NULL),
('core_message_event', 'field', 1, 0, NULL),
('core_message_id', 'field', 1, 0, NULL),
('core_message_item', 'grid', 1, 0, NULL),
('core_message_list', 'table', 1, 0, NULL),
('core_message_sender', 'field', 1, 0, NULL),
('core_message_sent_at', 'field', 1, 0, NULL),
('core_message_type', 'field', 1, 0, NULL),
('core_page_content', 'field', 1, 0, NULL),
('core_page_static', 'page', 1, 0, NULL),
('core_page_user_confirm', 'page', 1, 0, NULL),
('core_page_user_login', 'page', 1, 0, NULL),
('core_page_user_register', 'page', 1, 0, NULL),
('core_page_user_reset', 'page', 1, 0, NULL),
('core_page_view', 'grid', 1, 0, NULL),
('core_user_actor', 'grid', 1, 0, NULL),
('core_user_credentials', 'grid', 1, 0, NULL),
('core_user_email_confirm', 'widget', 1, 0, 'core.user.email'),
('core_user_login', 'grid', 1, 0, NULL),
('core_user_password_change', 'grid', 1, 0, 'core.user.password.change'),
('core_user_password_confirm', 'widget', 1, 0, 'core.user.password'),
('core_user_password_set', 'grid', 1, 0, 'core.user.password.set'),
('core_user_reset', 'grid', 1, 0, NULL),
('core_widget_actions', 'action', 1, 0, NULL),
('core_widget_actors', 'actor', 1, 0, NULL),
('core_widget_button', 'widget', 1, 0, NULL),
('core_widget_checkbox', 'widget', 1, 0, NULL),
('core_widget_choice', 'widget', 1, 0, NULL),
('core_widget_password', 'widget', 1, 0, 'core.user.password'),
('core_widget_submit', 'widget', 1, 0, 'core.widget.submit'),
('core_widget_submit_recaptcha', 'widget', 1, 0, 'core.widget.submit'),
('core_widget_terms', 'widget', 1, 0, NULL),
('core_widget_textarea', 'widget', 1, 0, NULL),
('core_widget_username', 'widget', 1, 0, 'core.user.username'),
('core_workflow_process', 'grid', 1, 0, 'core.workflow.action'),
('dime_admin_page', 'grid', 1, 0, NULL),
('dime_admin_user_page', 'grid', 1, 0, NULL),
('dime_find_add', 'grid', 1, 0, NULL),
('dime_find_apply', 'grid', 1, 0, NULL),
('dime_find_artefact', 'grid', 1, 0, 'dime.find.artefact'),
('dime_find_case', 'field', 1, 0, NULL),
('dime_find_classification', 'field', 1, 0, NULL),
('dime_find_condition', 'field', 1, 0, NULL),
('dime_find_custodian', 'field', 1, 0, NULL),
('dime_find_custody', 'field', 1, 0, NULL),
('dime_find_dating', 'field', 1, 0, NULL),
('dime_find_description', 'field', 1, 0, NULL),
('dime_find_edit', 'grid', 1, 0, NULL),
('dime_find_event', 'grid', 1, 0, 'dime.find.event'),
('dime_find_filter', 'grid', 1, 0, NULL),
('dime_find_finddate', 'field', 1, 0, NULL),
('dime_find_finder', 'field', 1, 0, NULL),
('dime_find_finder_id', 'field', 1, 0, NULL),
('dime_find_finder_place', 'field', 1, 0, NULL),
('dime_find_geo', 'grid', 1, 0, 'dime.find.location'),
('dime_find_id', 'field', 1, 0, NULL),
('dime_find_images', 'field', 1, 0, NULL),
('dime_find_item', 'grid', 1, 0, NULL),
('dime_find_length', 'field', 1, 0, NULL),
('dime_find_list', 'table', 1, 0, NULL),
('dime_find_location', 'field', 1, 0, NULL),
('dime_find_map', 'grid', 1, 0, NULL),
('dime_find_material', 'field', 1, 0, NULL),
('dime_find_metadata', 'grid', 1, 0, 'dime.find.metadata'),
('dime_find_mint', 'field', 1, 0, NULL),
('dime_find_municipality', 'field', 1, 0, NULL),
('dime_find_museum', 'field', 1, 0, NULL),
('dime_find_museum_id', 'field', 1, 0, NULL),
('dime_find_news', 'grid', 1, 0, NULL),
('dime_find_owner', 'field', 1, 0, NULL),
('dime_find_photo', 'grid', 1, 0, 'dime.find.photo'),
('dime_find_process', 'field', 1, 0, NULL),
('dime_find_recipient', 'field', 1, 0, NULL),
('dime_find_recorder', 'field', 1, 0, NULL),
('dime_find_search', 'grid', 1, 0, NULL),
('dime_find_secondary', 'field', 1, 0, NULL),
('dime_find_status', 'grid', 1, 0, 'dime.find.status'),
('dime_find_subtype', 'field', 1, 0, NULL),
('dime_find_treasure', 'field', 1, 0, NULL),
('dime_find_type', 'field', 1, 0, NULL),
('dime_find_update', 'grid', 1, 0, 'dime.find.update'),
('dime_find_view', 'grid', 1, 0, NULL),
('dime_find_visibility', 'field', 1, 0, NULL),
('dime_find_weight', 'field', 1, 0, NULL),
('dime_front_page', 'table', 1, 0, NULL),
('dime_home_action', 'grid', 1, 0, NULL),
('dime_home_page', 'grid', 1, 0, NULL),
('dime_message_page', 'grid', 1, 0, NULL),
('dime_nav_add', 'nav', 1, 0, NULL),
('dime_nav_add_find', 'nav', 1, 0, NULL),
('dime_nav_add_locality', 'nav', 1, 0, NULL),
('dime_nav_list', 'nav', 1, 0, NULL),
('dime_nav_list_find', 'nav', 1, 0, NULL),
('dime_nav_list_locality', 'nav', 1, 0, NULL),
('dime_nav_sidebar', 'nav', 1, 0, NULL),
('dime_page_admin', 'page', 1, 0, NULL),
('dime_page_admin_user', 'page', 1, 0, NULL),
('dime_page_claim', 'page', 1, 0, NULL),
('dime_page_find', 'page', 1, 0, NULL),
('dime_page_find_add', 'page', 1, 0, NULL),
('dime_page_find_list', 'page', 1, 0, NULL),
('dime_page_front', 'page', 1, 0, NULL),
('dime_page_home', 'page', 1, 0, NULL),
('dime_page_message', 'page', 1, 0, NULL),
('dime_page_news', 'page', 1, 0, NULL),
('dime_page_profile', 'page', 1, 0, NULL),
('dime_page_profile_list', 'page', 1, 0, NULL),
('dime_page_static', 'page', 1, 0, NULL),
('dime_page_user_profile', 'page', 1, 0, NULL),
('dime_profile_list', 'table', 1, 0, 'dime.profiles'),
('dime_profile_list_page', 'grid', 1, 0, NULL),
('dime_profile_page', 'grid', 1, 0, NULL),
('dime_profile_view', 'grid', 1, 0, 'dime.profile'),
('dime_site_footer', 'grid', 1, 0, NULL),
('dime_site_header', 'grid', 1, 0, NULL),
('dime_site_sidebar', 'grid', 1, 0, NULL),
('dime_treasure_claim', 'grid', 1, 0, NULL),
('dime_treasure_claimant', 'grid', 1, 0, NULL),
('dime_treasure_find', 'grid', 1, 0, NULL),
('dime_treasure_museum', 'grid', 1, 0, NULL),
('dime_treasure_pdf', 'grid', 1, 0, NULL),
('dime_treasure_sender', 'grid', 1, 0, NULL),
('dime_user_actor', 'grid', 1, 0, 'dime.user.profile'),
('dime_user_profile', 'grid', 1, 0, NULL),
('dime_user_register', 'grid', 1, 0, NULL),
('dime_user_role', 'grid', 1, 0, NULL),
('dime_user_terms', 'field', 1, 0, NULL),
('dime_widget_classify', 'widget', 1, 0, 'dime.find.classify'),
('dime_widget_role', 'widget', 1, 0, 'core.workflow.role'),
('dime_widget_terms', 'widget', 1, 0, NULL);

-- --------------------------------------------------------

--
-- Table structure for table `ark_view_field`
--

CREATE TABLE `ark_view_field` (
  `element` varchar(30) COLLATE utf8mb4_unicode_ci NOT NULL,
  `schma` varchar(30) COLLATE utf8mb4_unicode_ci NOT NULL,
  `item_type` varchar(30) COLLATE utf8mb4_unicode_ci NOT NULL,
  `attribute` varchar(30) COLLATE utf8mb4_unicode_ci NOT NULL,
  `display` varchar(30) COLLATE utf8mb4_unicode_ci DEFAULT NULL,
  `value` varchar(10) COLLATE utf8mb4_unicode_ci NOT NULL DEFAULT 'active',
  `parameter` varchar(10) COLLATE utf8mb4_unicode_ci DEFAULT NULL,
  `format` varchar(10) COLLATE utf8mb4_unicode_ci DEFAULT NULL,
  `template` varchar(100) COLLATE utf8mb4_unicode_ci DEFAULT NULL,
  `form_type_class` varchar(100) COLLATE utf8mb4_unicode_ci DEFAULT NULL,
  `form_options` varchar(4000) COLLATE utf8mb4_unicode_ci NOT NULL
) ENGINE=InnoDB DEFAULT CHARSET=utf8mb4 COLLATE=utf8mb4_unicode_ci;

--
-- Dumping data for table `ark_view_field`
--

INSERT INTO `ark_view_field` (`element`, `schma`, `item_type`, `attribute`, `display`, `value`, `parameter`, `format`, `template`, `form_type_class`, `form_options`) VALUES
('core_actor_address', 'core.actor', 'actor', 'address', NULL, 'active', NULL, NULL, NULL, NULL, ''),
('core_actor_avatar', 'core.actor', 'actor', 'avatar', NULL, 'active', NULL, NULL, 'blocks/avatar.html.twig', NULL, ''),
('core_actor_biography', 'core.actor', 'actor', 'biography', NULL, 'active', NULL, NULL, NULL, NULL, ''),
('core_actor_email', 'core.actor', 'actor', 'email', NULL, 'active', NULL, NULL, NULL, NULL, ''),
('core_actor_fullname', 'core.actor', 'actor', 'fullname', NULL, 'active', NULL, NULL, NULL, NULL, ''),
('core_actor_id', 'core.actor', 'actor', 'id', NULL, 'active', NULL, NULL, NULL, NULL, ''),
('core_actor_initials', 'core.actor', 'actor', 'initials', NULL, 'active', NULL, NULL, NULL, NULL, ''),
('core_actor_license', 'core.actor', 'actor', 'license', NULL, 'active', NULL, NULL, NULL, NULL, ''),
('core_actor_municipality', 'core.actor', 'museum', 'municipality', NULL, 'active', NULL, NULL, NULL, NULL, ''),
('core_actor_museum', 'core.actor', 'person', 'museum', 'fullname', 'active', NULL, NULL, NULL, NULL, ''),
('core_actor_shortname', 'core.actor', 'actor', 'shortname', NULL, 'active', NULL, NULL, NULL, NULL, ''),
('core_actor_telephone', 'core.actor', 'actor', 'telephone', NULL, 'active', NULL, NULL, NULL, NULL, ''),
('core_actor_type', 'core.actor', 'actor', 'type', NULL, 'active', NULL, NULL, NULL, NULL, ''),
('core_actor_visibility', 'core.actor', 'actor', 'privacy', NULL, 'active', NULL, NULL, NULL, NULL, ''),
('core_file_description', 'core.file', 'file', 'description', NULL, 'active', NULL, NULL, NULL, NULL, ''),
('core_file_id', 'core.file', 'file', 'id', NULL, 'readonly', NULL, NULL, NULL, NULL, ''),
('core_file_mediatype', 'core.file', 'file', 'mediatype', NULL, 'active', NULL, NULL, NULL, NULL, ''),
('core_file_status', 'core.file', 'file', 'status', NULL, 'active', NULL, NULL, NULL, NULL, ''),
('core_file_title', 'core.file', 'file', 'title', NULL, 'active', NULL, NULL, NULL, NULL, ''),
('core_file_type', 'core.file', 'file', 'type', NULL, 'active', NULL, NULL, NULL, NULL, ''),
('core_file_versions', 'core.file', 'file', 'versions', NULL, 'active', NULL, NULL, NULL, NULL, ''),
('core_message_event', 'core.message', 'notification', 'event', NULL, 'active', NULL, NULL, NULL, NULL, ''),
('core_message_id', 'core.message', 'message', 'id', NULL, 'active', NULL, NULL, NULL, NULL, ''),
('core_message_sender', 'core.message', 'message', 'sender', 'fullname', 'readonly', NULL, NULL, NULL, NULL, ''),
('core_message_sent_at', 'core.message', 'message', 'sent', NULL, 'active', NULL, NULL, NULL, NULL, ''),
('core_message_type', 'core.message', 'message', 'type', NULL, 'active', NULL, NULL, NULL, NULL, ''),
('core_page_content', 'core.page', 'page', 'content', NULL, 'active', NULL, NULL, NULL, NULL, ''),
('dime_find_case', 'dime.find', 'find', 'case', NULL, 'active', NULL, NULL, NULL, NULL, ''),
('dime_find_classification', 'dime.find', 'find', 'classification', 'subtype', 'active', NULL, NULL, NULL, 'DIME\\Form\\Type\\ClassificationPropertyType', ''),
('dime_find_condition', 'dime.find', 'find', 'condition', NULL, 'active', NULL, NULL, NULL, NULL, ''),
('dime_find_custodian', 'dime.find', 'find', 'custodian', 'fullname', 'static', NULL, NULL, NULL, NULL, ''),
('dime_find_custody', 'dime.find', 'find', 'custody', NULL, 'static', NULL, NULL, NULL, NULL, ''),
('dime_find_dating', 'dime.find', 'find', 'dating', NULL, 'active', NULL, NULL, 'blocks/dating.html.twig', 'DIME\\Form\\Type\\DatingPropertyType', ''),
('dime_find_description', 'dime.find', 'find', 'description', NULL, 'active', NULL, NULL, NULL, 'DIME\\Form\\Type\\DescriptionPropertyType', ''),
('dime_find_finddate', 'dime.find', 'find', 'finddate', NULL, 'active', NULL, NULL, NULL, NULL, '{\"widget\": \"picker\"}'),
('dime_find_finder', 'dime.find', 'find', 'finder', 'fullname', 'active', NULL, NULL, NULL, NULL, ''),
('dime_find_finder_id', 'dime.find', 'find', 'finder_id', NULL, 'active', NULL, NULL, NULL, NULL, ''),
('dime_find_finder_place', 'dime.find', 'find', 'finder_place', NULL, 'active', NULL, NULL, NULL, NULL, ''),
('dime_find_id', 'dime.find', 'find', 'id', NULL, 'readonly', NULL, NULL, NULL, NULL, ''),
('dime_find_images', 'dime.find', 'find', 'image', NULL, 'active', NULL, NULL, 'blocks/imagecollection.html.twig', NULL, ''),
('dime_find_length', 'dime.find', 'find', 'length', NULL, 'active', 'hidden', NULL, NULL, NULL, ''),
('dime_find_location', 'dime.find', 'find', 'location', NULL, 'active', NULL, NULL, 'blocks/mappick.html.twig', 'DIME\\Form\\Type\\LocationPropertyType', ''),
('dime_find_material', 'dime.find', 'find', 'material', NULL, 'active', NULL, NULL, NULL, NULL, ''),
('dime_find_mint', 'dime.find', 'coin', 'mint', NULL, 'active', NULL, NULL, NULL, NULL, ''),
('dime_find_municipality', 'dime.find', 'find', 'municipality', NULL, 'readonly', NULL, NULL, NULL, NULL, ''),
('dime_find_museum', 'dime.find', 'find', 'museum', 'fullname', 'readonly', NULL, NULL, NULL, NULL, ''),
('dime_find_museum_id', 'dime.find', 'find', 'museum_id', NULL, 'active', NULL, NULL, NULL, NULL, ''),
('dime_find_owner', 'dime.find', 'find', 'owner', 'fullname', 'static', NULL, NULL, NULL, NULL, ''),
('dime_find_process', 'dime.find', 'find', 'process', NULL, 'static', NULL, NULL, NULL, NULL, ''),
('dime_find_recipient', 'dime.find', 'find', 'recipient', 'fullname', 'static', NULL, NULL, NULL, NULL, ''),
('dime_find_recorder', 'dime.find', 'find', 'recorder', NULL, 'active', NULL, NULL, NULL, NULL, ''),
('dime_find_secondary', 'dime.find', 'find', 'secondary', NULL, 'active', NULL, NULL, NULL, NULL, '{\"multiple\":true, \"expanded\": \"true\"}'),
('dime_find_treasure', 'dime.find', 'find', 'treasure', NULL, 'static', NULL, NULL, NULL, NULL, ''),
('dime_find_type', 'dime.find', 'find', 'type', NULL, 'active', NULL, NULL, NULL, NULL, ''),
('dime_find_visibility', 'dime.find', 'find', 'visibility', NULL, 'active', NULL, NULL, NULL, NULL, ''),
('dime_find_weight', 'dime.find', 'find', 'weight', NULL, 'active', 'hidden', NULL, NULL, NULL, ''),
('dime_user_terms', 'core.actor', 'person', 'terms', NULL, 'readonly', NULL, NULL, NULL, NULL, '');

-- --------------------------------------------------------

--
-- Table structure for table `ark_view_grid`
--

CREATE TABLE `ark_view_grid` (
  `grp` varchar(30) COLLATE utf8mb4_unicode_ci NOT NULL,
  `row` int(11) NOT NULL,
  `col` int(11) NOT NULL,
  `seq` int(11) NOT NULL,
  `item_type` varchar(30) COLLATE utf8mb4_unicode_ci NOT NULL,
  `element` varchar(30) COLLATE utf8mb4_unicode_ci NOT NULL,
  `name` varchar(30) COLLATE utf8mb4_unicode_ci DEFAULT NULL,
  `width` int(11) DEFAULT NULL,
  `map` varchar(30) COLLATE utf8mb4_unicode_ci DEFAULT NULL,
  `vocabulary` varchar(30) COLLATE utf8mb4_unicode_ci DEFAULT NULL,
  `label` tinyint(1) DEFAULT NULL,
  `placeholder` tinyint(1) DEFAULT NULL,
  `choices` tinyint(1) DEFAULT NULL,
  `required` tinyint(1) DEFAULT NULL,
  `mode` varchar(10) COLLATE utf8mb4_unicode_ci DEFAULT NULL,
  `sanitise` varchar(10) COLLATE utf8mb4_unicode_ci DEFAULT NULL,
  `value` varchar(10) COLLATE utf8mb4_unicode_ci DEFAULT NULL,
  `parameter` varchar(10) COLLATE utf8mb4_unicode_ci DEFAULT NULL,
  `format` varchar(10) COLLATE utf8mb4_unicode_ci DEFAULT NULL,
  `display` varchar(30) COLLATE utf8mb4_unicode_ci DEFAULT NULL,
  `data` varchar(30) COLLATE utf8mb4_unicode_ci DEFAULT NULL,
  `enabled` tinyint(1) NOT NULL DEFAULT '1',
  `deprecated` tinyint(1) NOT NULL DEFAULT '0',
  `keyword` varchar(30) COLLATE utf8mb4_unicode_ci DEFAULT NULL,
  `template` varchar(100) COLLATE utf8mb4_unicode_ci DEFAULT NULL,
  `options` varchar(4000) COLLATE utf8mb4_unicode_ci DEFAULT NULL
) ENGINE=InnoDB DEFAULT CHARSET=utf8mb4 COLLATE=utf8mb4_unicode_ci ROW_FORMAT=COMPACT;

--
-- Dumping data for table `ark_view_grid`
--

INSERT INTO `ark_view_grid` (`grp`, `row`, `col`, `seq`, `item_type`, `element`, `name`, `width`, `map`, `vocabulary`, `label`, `placeholder`, `choices`, `required`, `mode`, `sanitise`, `value`, `parameter`, `format`, `display`, `data`, `enabled`, `deprecated`, `keyword`, `template`, `options`) VALUES
('core_action_select', 0, 0, 2, '', 'core_widget_submit', 'apply', NULL, NULL, NULL, 1, NULL, NULL, NULL, NULL, NULL, 'active', NULL, NULL, NULL, NULL, 1, 0, 'core.button.save', NULL, NULL),
('core_actor_item', 0, 0, 0, '', 'core_actor_id', NULL, NULL, NULL, NULL, 1, NULL, NULL, NULL, NULL, NULL, NULL, NULL, NULL, NULL, NULL, 1, 0, NULL, NULL, NULL),
('core_actor_item', 0, 0, 1, '', 'core_actor_fullname', NULL, NULL, NULL, NULL, 1, NULL, NULL, NULL, NULL, NULL, NULL, NULL, NULL, NULL, NULL, 1, 0, NULL, NULL, NULL),
('core_actor_item', 0, 0, 2, '', 'core_actor_shortname', NULL, NULL, NULL, NULL, 1, NULL, NULL, NULL, NULL, NULL, NULL, NULL, NULL, NULL, NULL, 1, 0, NULL, NULL, NULL),
('core_actor_item', 0, 0, 3, '', 'core_actor_municipality', NULL, NULL, NULL, NULL, 1, NULL, NULL, NULL, NULL, NULL, NULL, NULL, NULL, NULL, NULL, 1, 0, NULL, NULL, NULL),
('core_actor_list', 0, 0, 0, '', 'core_actor_id', NULL, NULL, NULL, NULL, 1, NULL, NULL, NULL, NULL, NULL, NULL, NULL, NULL, NULL, NULL, 1, 0, NULL, NULL, NULL),
('core_actor_list', 0, 0, 1, '', 'core_actor_type', NULL, NULL, NULL, NULL, 1, NULL, NULL, NULL, NULL, NULL, NULL, NULL, NULL, NULL, NULL, 1, 0, NULL, NULL, NULL),
('core_actor_list', 0, 0, 2, '', 'core_actor_fullname', NULL, NULL, NULL, NULL, 1, NULL, NULL, NULL, NULL, NULL, NULL, NULL, NULL, NULL, NULL, 1, 0, NULL, NULL, NULL),
('core_file_item', 0, 0, 0, '', 'core_file_id', NULL, NULL, NULL, NULL, 1, NULL, NULL, NULL, NULL, NULL, NULL, NULL, NULL, NULL, NULL, 1, 0, NULL, NULL, NULL),
('core_file_item', 0, 0, 1, '', 'core_file_type', NULL, NULL, NULL, NULL, 1, NULL, NULL, NULL, NULL, NULL, NULL, NULL, NULL, NULL, NULL, 1, 0, NULL, NULL, NULL),
('core_file_item', 0, 0, 2, '', 'core_file_mediatype', NULL, NULL, NULL, NULL, 1, NULL, NULL, NULL, NULL, NULL, NULL, NULL, NULL, NULL, NULL, 1, 0, NULL, NULL, NULL),
('core_file_item', 0, 0, 3, '', 'core_file_title', NULL, NULL, NULL, NULL, 1, NULL, NULL, NULL, NULL, NULL, NULL, NULL, NULL, NULL, NULL, 1, 0, NULL, NULL, NULL),
('core_file_item', 0, 0, 4, '', 'core_file_status', NULL, NULL, NULL, NULL, 1, NULL, NULL, NULL, NULL, NULL, NULL, NULL, NULL, NULL, NULL, 1, 0, NULL, NULL, NULL),
('core_file_item', 0, 0, 5, '', 'core_file_description', NULL, NULL, NULL, NULL, 1, NULL, NULL, NULL, NULL, NULL, NULL, NULL, NULL, NULL, NULL, 1, 0, NULL, NULL, NULL),
('core_file_item', 0, 1, 1, '', 'core_widget_submit', 'save', NULL, NULL, NULL, 1, NULL, NULL, NULL, NULL, NULL, NULL, NULL, NULL, NULL, NULL, 1, 0, 'core.button.save', NULL, NULL),
('core_file_list', 0, 0, 0, '', 'core_file_id', NULL, NULL, NULL, NULL, 1, NULL, NULL, NULL, NULL, NULL, NULL, NULL, NULL, NULL, NULL, 1, 0, NULL, NULL, NULL),
('core_file_list', 0, 0, 1, '', 'core_file_type', NULL, NULL, NULL, NULL, 1, NULL, NULL, NULL, NULL, NULL, NULL, NULL, NULL, NULL, NULL, 1, 0, NULL, NULL, NULL),
('core_message_item', 0, 0, 0, '', 'core_message_type', NULL, NULL, NULL, NULL, 1, NULL, NULL, NULL, NULL, NULL, 'static', NULL, NULL, NULL, NULL, 1, 0, NULL, NULL, NULL),
('core_message_item', 0, 0, 1, '', 'core_message_sender', NULL, NULL, NULL, NULL, 1, NULL, NULL, NULL, NULL, NULL, 'static', NULL, NULL, NULL, NULL, 1, 0, NULL, NULL, NULL),
('core_message_item', 0, 0, 2, '', 'core_message_sent_at', NULL, NULL, NULL, NULL, 1, NULL, NULL, NULL, NULL, NULL, 'static', NULL, NULL, NULL, NULL, 1, 0, NULL, NULL, NULL),
('core_message_item', 0, 0, 3, '', 'core_message_event', NULL, NULL, NULL, NULL, 1, NULL, NULL, NULL, NULL, NULL, 'static', NULL, NULL, NULL, NULL, 1, 0, NULL, NULL, NULL),
('core_message_list', 0, 0, 0, '', 'core_message_type', NULL, NULL, NULL, NULL, 1, NULL, NULL, NULL, NULL, NULL, NULL, NULL, NULL, NULL, NULL, 1, 0, NULL, NULL, NULL),
('core_message_list', 0, 0, 1, '', 'core_message_sender', NULL, NULL, NULL, NULL, 1, NULL, NULL, NULL, NULL, NULL, NULL, NULL, NULL, NULL, NULL, 1, 0, NULL, NULL, NULL),
('core_message_list', 0, 0, 2, '', 'core_message_sent_at', NULL, NULL, NULL, NULL, 1, NULL, NULL, NULL, NULL, NULL, NULL, NULL, NULL, NULL, NULL, 1, 0, NULL, NULL, NULL),
('core_message_list', 0, 0, 3, '', 'core_message_event', NULL, NULL, NULL, NULL, 1, NULL, NULL, NULL, NULL, NULL, NULL, NULL, NULL, NULL, NULL, 1, 0, NULL, NULL, NULL),
('core_page_view', 0, 0, 0, '', 'core_page_content', NULL, NULL, NULL, NULL, 1, NULL, NULL, NULL, NULL, NULL, NULL, NULL, NULL, NULL, NULL, 1, 0, NULL, NULL, NULL),
('core_user_actor', 0, 0, 2, '', 'core_actor_fullname', NULL, NULL, NULL, NULL, 1, NULL, NULL, NULL, NULL, NULL, NULL, NULL, NULL, NULL, NULL, 1, 0, NULL, NULL, NULL),
('core_user_actor', 0, 0, 4, '', 'core_actor_shortname', NULL, NULL, NULL, NULL, 1, NULL, NULL, NULL, NULL, NULL, NULL, NULL, NULL, NULL, NULL, 1, 0, NULL, NULL, NULL),
('core_user_actor', 0, 0, 6, '', 'core_actor_initials', NULL, NULL, NULL, NULL, 1, NULL, NULL, NULL, NULL, NULL, NULL, NULL, NULL, NULL, NULL, 1, 0, NULL, NULL, NULL),
('core_user_actor', 0, 0, 8, '', 'core_actor_address', NULL, NULL, NULL, NULL, 1, NULL, NULL, NULL, NULL, NULL, NULL, NULL, NULL, NULL, NULL, 1, 0, NULL, NULL, NULL),
('core_user_actor', 0, 0, 10, '', 'core_actor_telephone', NULL, NULL, NULL, NULL, 1, NULL, NULL, NULL, NULL, NULL, NULL, NULL, NULL, NULL, NULL, 1, 0, NULL, NULL, NULL),
('core_user_actor', 0, 0, 14, '', 'core_actor_visibility', NULL, NULL, NULL, NULL, 1, NULL, NULL, NULL, NULL, NULL, NULL, NULL, NULL, NULL, NULL, 1, 0, NULL, NULL, NULL),
('core_user_actor', 0, 0, 16, '', 'core_actor_license', NULL, NULL, NULL, NULL, 1, NULL, NULL, NULL, NULL, NULL, NULL, NULL, NULL, NULL, NULL, 1, 0, NULL, NULL, NULL),
('core_user_actor', 0, 0, 18, '', 'core_actor_biography', NULL, NULL, NULL, NULL, 1, NULL, NULL, NULL, NULL, NULL, NULL, NULL, NULL, NULL, NULL, 1, 0, NULL, NULL, NULL),
('core_user_actor', 0, 0, 20, '', 'core_actor_avatar', NULL, NULL, NULL, NULL, 1, NULL, NULL, 0, NULL, NULL, NULL, NULL, NULL, NULL, NULL, 1, 0, NULL, NULL, NULL),
('core_user_actor', 0, 0, 22, '', 'core_actor_museum', NULL, NULL, NULL, NULL, 1, NULL, 1, NULL, NULL, NULL, NULL, NULL, NULL, NULL, NULL, 1, 0, 'dime.user.actor.museum', NULL, NULL),
('core_user_credentials', 0, 0, 0, '', 'core_widget_username', NULL, NULL, NULL, NULL, 1, NULL, NULL, NULL, NULL, NULL, 'active', NULL, NULL, NULL, NULL, 1, 0, NULL, NULL, NULL),
('core_user_credentials', 0, 0, 2, '', 'core_user_email_confirm', NULL, NULL, NULL, NULL, 1, NULL, NULL, NULL, NULL, NULL, 'active', NULL, NULL, NULL, NULL, 1, 0, NULL, NULL, NULL),
('core_user_credentials', 0, 0, 4, '', 'core_user_password_confirm', NULL, NULL, NULL, NULL, 1, NULL, NULL, NULL, NULL, NULL, 'active', NULL, NULL, NULL, NULL, 1, 0, NULL, NULL, NULL),
('core_user_login', 0, 0, 0, '', 'core_widget_username', NULL, NULL, NULL, NULL, 1, NULL, NULL, NULL, NULL, NULL, 'active', NULL, NULL, NULL, NULL, 1, 0, NULL, NULL, NULL),
('core_user_login', 0, 0, 2, '', 'core_widget_password', NULL, NULL, NULL, NULL, 1, NULL, NULL, NULL, NULL, NULL, 'active', NULL, NULL, NULL, NULL, 1, 0, NULL, NULL, NULL),
('core_user_login', 0, 0, 4, '', 'core_widget_submit', NULL, NULL, NULL, NULL, 1, NULL, NULL, NULL, NULL, NULL, 'active', NULL, NULL, NULL, NULL, 1, 0, 'core.user.login', NULL, NULL),
('core_user_password_change', 0, 0, 0, '', 'core_widget_password', NULL, NULL, NULL, NULL, 1, NULL, NULL, NULL, NULL, NULL, 'active', NULL, NULL, NULL, NULL, 1, 0, 'core.user.password.current', NULL, NULL),
('core_user_password_change', 0, 0, 2, '', 'core_user_password_confirm', NULL, NULL, NULL, NULL, 1, NULL, NULL, NULL, NULL, NULL, 'active', NULL, NULL, NULL, NULL, 1, 0, NULL, NULL, NULL),
('core_user_password_change', 0, 0, 4, '', 'core_widget_submit', 'save', NULL, NULL, NULL, 1, NULL, NULL, NULL, NULL, NULL, 'active', NULL, NULL, NULL, NULL, 1, 0, 'core.button.change', NULL, NULL),
('core_user_password_set', 0, 0, 0, '', 'core_user_password_confirm', NULL, NULL, NULL, NULL, 1, NULL, NULL, NULL, NULL, NULL, 'active', NULL, NULL, NULL, NULL, 1, 0, NULL, NULL, NULL),
('core_user_password_set', 0, 0, 2, '', 'core_widget_submit', 'save', NULL, NULL, NULL, 1, NULL, NULL, NULL, NULL, NULL, 'active', NULL, NULL, NULL, NULL, 1, 0, 'core.button.save', NULL, NULL),
('core_user_reset', 0, 0, 0, '', 'core_widget_username', NULL, NULL, NULL, NULL, 1, NULL, NULL, NULL, NULL, NULL, 'active', NULL, NULL, NULL, NULL, 1, 0, NULL, NULL, NULL),
('core_user_reset', 0, 0, 4, '', 'core_widget_submit', 'reset', NULL, NULL, NULL, 1, NULL, NULL, NULL, NULL, NULL, 'active', NULL, NULL, NULL, NULL, 1, 0, 'core.user.reset', NULL, NULL),
('core_workflow_process', 0, 0, 0, '', 'core_widget_actions', 'actions', NULL, NULL, NULL, 1, NULL, NULL, NULL, NULL, NULL, NULL, NULL, NULL, NULL, NULL, 1, 0, NULL, NULL, NULL),
('core_workflow_process', 0, 0, 2, '', 'core_widget_actors', 'actors', NULL, NULL, NULL, 1, NULL, NULL, NULL, NULL, NULL, NULL, NULL, NULL, NULL, NULL, 1, 0, NULL, NULL, NULL),
('core_workflow_process', 0, 0, 4, '', 'core_widget_submit', 'apply', NULL, NULL, NULL, 1, NULL, NULL, NULL, NULL, NULL, NULL, NULL, NULL, NULL, NULL, 1, 0, 'core.button.apply', NULL, NULL),
('dime_admin_user_page', 0, 0, 0, '', 'dime_profile_list', 'actors', NULL, NULL, NULL, 1, NULL, NULL, NULL, 'view', NULL, NULL, NULL, NULL, NULL, NULL, 1, 0, NULL, NULL, NULL),
('dime_admin_user_page', 0, 1, 0, '', 'dime_user_actor', NULL, NULL, NULL, NULL, 1, NULL, NULL, NULL, NULL, 'redact', NULL, NULL, NULL, NULL, NULL, 1, 0, NULL, NULL, NULL),
('dime_admin_user_page', 0, 1, 2, '', 'core_user_password_set', NULL, NULL, NULL, NULL, 1, NULL, NULL, NULL, NULL, NULL, NULL, NULL, NULL, NULL, NULL, 1, 0, NULL, NULL, NULL),
('dime_admin_user_page', 0, 1, 4, '', 'core_action_select', NULL, NULL, NULL, NULL, 1, NULL, NULL, NULL, NULL, NULL, NULL, NULL, NULL, NULL, NULL, 1, 0, NULL, NULL, NULL),
('dime_find_add', 0, 0, 2, '', 'dime_find_event', NULL, NULL, NULL, NULL, 1, NULL, NULL, NULL, NULL, 'redact', NULL, NULL, NULL, NULL, NULL, 1, 0, NULL, NULL, NULL),
('dime_find_add', 0, 0, 4, '', 'dime_find_geo', NULL, NULL, NULL, NULL, 1, NULL, NULL, NULL, NULL, 'redact', NULL, NULL, NULL, NULL, NULL, 1, 0, NULL, NULL, NULL),
('dime_find_add', 0, 0, 6, '', 'dime_find_photo', NULL, NULL, NULL, NULL, 1, NULL, NULL, NULL, NULL, 'redact', NULL, NULL, NULL, NULL, NULL, 1, 0, NULL, NULL, NULL),
('dime_find_add', 0, 1, 0, '', 'dime_find_artefact', NULL, NULL, NULL, NULL, 1, NULL, NULL, NULL, NULL, 'redact', NULL, NULL, NULL, NULL, NULL, 1, 0, NULL, NULL, NULL),
('dime_find_add', 0, 1, 4, '', 'core_widget_submit', 'save', NULL, NULL, NULL, 1, NULL, NULL, NULL, 'edit', NULL, NULL, NULL, NULL, NULL, NULL, 1, 0, NULL, NULL, NULL),
('dime_find_artefact', 0, 0, 0, '', 'dime_widget_classify', NULL, NULL, NULL, NULL, 1, NULL, NULL, NULL, NULL, NULL, NULL, NULL, NULL, NULL, NULL, 1, 0, NULL, NULL, '{\"attr\": {\"data-toggle\": \"modal\", \"data-target\":\"#dating-modal\"}}'),
('dime_find_artefact', 0, 0, 2, '', 'dime_find_type', NULL, NULL, NULL, NULL, 1, NULL, NULL, NULL, NULL, NULL, NULL, NULL, NULL, NULL, NULL, 1, 0, NULL, NULL, NULL),
('dime_find_artefact', 0, 0, 4, '', 'dime_find_classification', NULL, NULL, NULL, NULL, 1, NULL, NULL, NULL, NULL, NULL, NULL, NULL, NULL, NULL, NULL, 1, 0, NULL, NULL, NULL),
('dime_find_artefact', 0, 0, 6, '', 'dime_find_dating', NULL, NULL, NULL, NULL, 1, NULL, NULL, NULL, NULL, NULL, NULL, NULL, NULL, NULL, NULL, 1, 0, NULL, NULL, NULL),
('dime_find_artefact', 0, 0, 8, '', 'dime_find_mint', NULL, NULL, NULL, NULL, 1, NULL, NULL, NULL, NULL, NULL, NULL, NULL, NULL, NULL, NULL, 1, 0, NULL, NULL, NULL),
('dime_find_artefact', 0, 0, 12, '', 'dime_find_material', NULL, NULL, NULL, NULL, 1, NULL, NULL, NULL, NULL, NULL, NULL, NULL, NULL, NULL, NULL, 1, 0, NULL, NULL, NULL),
('dime_find_artefact', 0, 0, 14, '', 'dime_find_secondary', NULL, NULL, NULL, NULL, 1, NULL, NULL, NULL, NULL, NULL, NULL, NULL, NULL, NULL, NULL, 1, 0, NULL, NULL, NULL),
('dime_find_artefact', 0, 0, 16, '', 'dime_find_condition', NULL, NULL, NULL, NULL, 1, NULL, NULL, NULL, NULL, NULL, NULL, NULL, NULL, NULL, NULL, 1, 0, NULL, NULL, NULL),
('dime_find_artefact', 0, 0, 18, '', 'dime_find_weight', NULL, NULL, NULL, NULL, 1, NULL, NULL, NULL, NULL, NULL, NULL, NULL, NULL, NULL, NULL, 1, 0, NULL, NULL, NULL),
('dime_find_artefact', 0, 0, 20, '', 'dime_find_length', NULL, NULL, NULL, NULL, 1, NULL, NULL, NULL, NULL, NULL, NULL, NULL, NULL, NULL, NULL, 1, 0, NULL, NULL, NULL),
('dime_find_artefact', 0, 0, 22, '', 'dime_find_description', NULL, NULL, NULL, NULL, 1, NULL, NULL, NULL, NULL, NULL, NULL, NULL, NULL, NULL, NULL, 1, 0, NULL, NULL, NULL),
('dime_find_edit', 0, 0, 0, '', 'dime_find_event', NULL, NULL, NULL, NULL, 1, NULL, NULL, NULL, NULL, NULL, NULL, NULL, NULL, NULL, NULL, 1, 0, NULL, NULL, NULL),
('dime_find_edit', 0, 1, 0, '', 'dime_find_artefact', NULL, NULL, NULL, NULL, 1, NULL, NULL, NULL, NULL, NULL, NULL, NULL, NULL, NULL, NULL, 1, 0, NULL, NULL, NULL),
('dime_find_event', 0, 0, 0, '', 'dime_find_finder', NULL, NULL, NULL, NULL, 1, NULL, NULL, NULL, NULL, NULL, 'readonly', NULL, NULL, NULL, NULL, 1, 0, NULL, NULL, NULL),
('dime_find_event', 0, 0, 2, '', 'dime_find_finder_id', NULL, NULL, NULL, NULL, 1, NULL, NULL, NULL, NULL, NULL, NULL, NULL, NULL, NULL, NULL, 1, 0, NULL, NULL, NULL),
('dime_find_event', 0, 0, 4, '', 'dime_find_finder_place', NULL, NULL, NULL, NULL, 1, NULL, NULL, NULL, NULL, NULL, NULL, NULL, NULL, NULL, NULL, 1, 0, NULL, NULL, NULL),
('dime_find_event', 0, 0, 6, '', 'dime_find_finddate', NULL, NULL, NULL, NULL, 1, NULL, NULL, NULL, NULL, NULL, NULL, NULL, NULL, NULL, NULL, 1, 0, NULL, NULL, NULL),
('dime_find_filter', 0, 0, 0, '', 'core_widget_choice', 'municipality', NULL, NULL, 'dime.denmark.municipality', 1, NULL, NULL, 0, NULL, 'redact', NULL, NULL, NULL, NULL, NULL, 1, 0, NULL, NULL, '{\"multiple\":true, \"attr\": {\"style\": \"width:95%\"}}'),
('dime_find_filter', 0, 2, 0, '', 'core_widget_choice', 'type', NULL, NULL, 'dime.find.type', 1, NULL, NULL, 0, NULL, 'redact', NULL, NULL, NULL, NULL, NULL, 1, 0, NULL, NULL, '{\"multiple\":true, \"attr\": {\"style\": \"width:95%\"}}'),
('dime_find_filter', 0, 4, 0, '', 'core_widget_choice', 'period', NULL, NULL, 'dime.period', 1, NULL, NULL, 0, NULL, 'redact', NULL, NULL, NULL, NULL, NULL, 1, 0, NULL, NULL, '{\"attr\": {\"style\": \"width:95%\"}}'),
('dime_find_filter', 0, 6, 0, '', 'core_widget_choice', 'material', NULL, NULL, 'dime.material', 1, NULL, NULL, 0, NULL, 'redact', NULL, NULL, NULL, NULL, NULL, 1, 0, NULL, NULL, '{\"multiple\":true, \"attr\": {\"style\": \"width:95%\"}}'),
('dime_find_filter', 0, 8, 0, '', 'core_widget_submit', 'search', NULL, NULL, NULL, 1, NULL, NULL, 0, NULL, NULL, NULL, NULL, NULL, NULL, NULL, 1, 0, NULL, NULL, NULL),
('dime_find_geo', 0, 0, 0, '', 'dime_find_location', NULL, NULL, NULL, NULL, 1, NULL, NULL, NULL, NULL, NULL, NULL, NULL, NULL, NULL, NULL, 1, 0, 'dime.find.coordinates', NULL, NULL),
('dime_find_geo', 0, 0, 2, '', 'dime_find_municipality', NULL, NULL, NULL, NULL, 1, NULL, NULL, NULL, NULL, NULL, NULL, NULL, NULL, NULL, NULL, 1, 0, NULL, NULL, NULL),
('dime_find_geo', 0, 0, 4, '', 'dime_find_museum', NULL, NULL, NULL, NULL, 1, NULL, NULL, NULL, NULL, NULL, NULL, NULL, NULL, NULL, NULL, 1, 0, NULL, NULL, NULL),
('dime_find_item', 0, 0, 0, '', 'dime_find_metadata', NULL, NULL, NULL, NULL, 1, NULL, NULL, NULL, NULL, NULL, NULL, NULL, NULL, NULL, NULL, 1, 0, NULL, NULL, NULL),
('dime_find_item', 0, 0, 2, '', 'dime_find_event', NULL, NULL, NULL, NULL, 1, NULL, NULL, NULL, NULL, NULL, NULL, NULL, NULL, NULL, NULL, 1, 0, NULL, NULL, NULL),
('dime_find_item', 0, 0, 4, '', 'dime_find_geo', NULL, NULL, NULL, NULL, 1, NULL, NULL, NULL, NULL, NULL, NULL, NULL, NULL, NULL, NULL, 1, 0, NULL, NULL, NULL),
('dime_find_item', 0, 0, 6, '', 'dime_find_photo', NULL, NULL, NULL, NULL, 1, NULL, NULL, NULL, NULL, NULL, NULL, NULL, NULL, NULL, NULL, 1, 0, NULL, NULL, NULL),
('dime_find_item', 0, 1, 0, '', 'dime_find_artefact', NULL, NULL, NULL, NULL, 1, NULL, NULL, NULL, NULL, NULL, NULL, NULL, NULL, NULL, NULL, 1, 0, NULL, NULL, NULL),
('dime_find_item', 0, 1, 2, '', 'dime_find_status', NULL, NULL, NULL, NULL, 1, NULL, NULL, NULL, NULL, NULL, NULL, NULL, NULL, NULL, NULL, 1, 0, NULL, NULL, NULL),
('dime_find_item', 0, 1, 4, '', 'dime_find_update', NULL, NULL, NULL, NULL, 1, NULL, NULL, NULL, NULL, NULL, NULL, NULL, NULL, NULL, NULL, 1, 0, NULL, NULL, NULL),
('dime_find_item', 0, 1, 8, '', 'core_workflow_process', NULL, NULL, NULL, NULL, 1, NULL, NULL, 0, NULL, NULL, NULL, NULL, NULL, NULL, NULL, 1, 0, NULL, NULL, NULL),
('dime_find_list', 0, 0, 0, '', 'dime_find_id', NULL, NULL, NULL, NULL, 1, NULL, NULL, NULL, NULL, NULL, NULL, NULL, NULL, NULL, NULL, 1, 0, NULL, NULL, NULL),
('dime_find_list', 0, 0, 4, '', 'dime_find_type', NULL, NULL, NULL, NULL, 1, NULL, NULL, NULL, NULL, NULL, 'readonly', NULL, NULL, NULL, NULL, 1, 0, NULL, NULL, NULL),
('dime_find_list', 0, 0, 6, '', 'dime_find_classification', NULL, NULL, NULL, NULL, 1, NULL, NULL, NULL, NULL, NULL, 'readonly', NULL, NULL, NULL, NULL, 1, 0, NULL, NULL, NULL),
('dime_find_list', 0, 0, 8, '', 'dime_find_material', NULL, NULL, NULL, NULL, 1, NULL, NULL, NULL, NULL, NULL, 'readonly', NULL, NULL, NULL, NULL, 1, 0, NULL, NULL, NULL),
('dime_find_list', 0, 0, 10, '', 'dime_find_municipality', NULL, NULL, NULL, NULL, 1, NULL, NULL, NULL, NULL, NULL, 'readonly', NULL, NULL, NULL, NULL, 1, 0, NULL, NULL, NULL),
('dime_find_map', 0, 0, 0, '', 'dime_find_id', NULL, NULL, NULL, NULL, 1, NULL, NULL, NULL, NULL, NULL, NULL, NULL, NULL, NULL, NULL, 1, 0, NULL, NULL, NULL),
('dime_find_map', 0, 0, 1, '', 'dime_find_location', NULL, NULL, NULL, NULL, 1, NULL, NULL, NULL, NULL, NULL, 'readonly', NULL, NULL, NULL, NULL, 1, 0, NULL, NULL, NULL),
('dime_find_metadata', 0, 0, 0, '', 'dime_find_id', NULL, NULL, NULL, NULL, 1, NULL, NULL, NULL, NULL, NULL, NULL, NULL, NULL, NULL, NULL, 1, 0, NULL, NULL, NULL),
('dime_find_metadata', 0, 0, 2, '', 'dime_find_museum_id', NULL, NULL, NULL, NULL, 1, NULL, NULL, NULL, NULL, NULL, NULL, NULL, NULL, NULL, NULL, 1, 0, NULL, NULL, NULL),
('dime_find_metadata', 0, 0, 4, '', 'dime_find_case', NULL, NULL, NULL, NULL, 1, NULL, NULL, NULL, NULL, NULL, NULL, NULL, NULL, NULL, NULL, 1, 0, NULL, NULL, NULL),
('dime_find_news', 0, 0, 0, '', 'dime_find_list', NULL, NULL, NULL, NULL, 1, NULL, NULL, NULL, NULL, NULL, NULL, NULL, NULL, NULL, NULL, 1, 0, NULL, NULL, NULL),
('dime_find_photo', 0, 0, 1, '', 'dime_find_images', NULL, NULL, NULL, NULL, 0, NULL, NULL, NULL, NULL, NULL, NULL, NULL, NULL, NULL, NULL, 1, 0, NULL, NULL, NULL),
('dime_find_search', 0, 0, 0, '', 'dime_find_filter', NULL, NULL, NULL, NULL, 1, NULL, NULL, NULL, NULL, NULL, NULL, NULL, NULL, NULL, NULL, 1, 0, NULL, NULL, NULL),
('dime_find_search', 1, 0, 0, '', 'dime_find_list', NULL, NULL, NULL, NULL, 1, NULL, NULL, NULL, 'view', NULL, NULL, NULL, NULL, NULL, NULL, 1, 0, NULL, NULL, NULL),
('dime_find_search', 1, 1, 0, '', 'dime_find_map', NULL, NULL, 'dime_map_public', NULL, 1, NULL, NULL, NULL, 'view', NULL, NULL, NULL, NULL, NULL, NULL, 1, 0, NULL, NULL, NULL),
('dime_find_status', 0, 0, 0, '', 'dime_find_process', NULL, NULL, NULL, NULL, 1, NULL, NULL, NULL, NULL, NULL, 'static', NULL, NULL, NULL, NULL, 1, 0, NULL, NULL, NULL),
('dime_find_status', 0, 0, 2, '', 'dime_find_treasure', NULL, NULL, NULL, NULL, 1, NULL, NULL, NULL, NULL, NULL, 'static', NULL, NULL, NULL, NULL, 1, 0, NULL, NULL, NULL),
('dime_find_status', 0, 0, 4, '', 'dime_find_owner', NULL, NULL, NULL, NULL, 1, NULL, NULL, NULL, NULL, NULL, 'static', NULL, NULL, NULL, NULL, 1, 0, NULL, NULL, NULL),
('dime_find_status', 0, 0, 6, '', 'dime_find_custody', NULL, NULL, NULL, NULL, 1, NULL, NULL, NULL, NULL, NULL, 'static', NULL, NULL, NULL, NULL, 1, 0, NULL, NULL, NULL),
('dime_find_status', 0, 0, 8, '', 'dime_find_custodian', NULL, NULL, NULL, NULL, 1, NULL, NULL, NULL, NULL, NULL, 'static', NULL, NULL, NULL, NULL, 1, 0, NULL, NULL, NULL),
('dime_find_status', 0, 0, 10, '', 'dime_find_recipient', NULL, NULL, NULL, NULL, 1, NULL, NULL, NULL, NULL, NULL, 'static', NULL, NULL, NULL, NULL, 1, 0, NULL, NULL, NULL),
('dime_find_update', 0, 0, 0, '', 'core_widget_submit', 'save', NULL, NULL, NULL, 1, NULL, NULL, NULL, 'edit', NULL, NULL, NULL, NULL, NULL, NULL, 1, 0, 'core.button.save', NULL, NULL),
('dime_find_update', 0, 0, 2, '', 'core_widget_submit', 'clone', NULL, NULL, NULL, 1, NULL, NULL, NULL, 'edit', NULL, NULL, NULL, NULL, NULL, NULL, 1, 0, 'core.button.clone', NULL, NULL),
('dime_find_view', 0, 0, 0, '', 'dime_find_item', NULL, NULL, NULL, NULL, 1, NULL, NULL, NULL, NULL, NULL, NULL, NULL, NULL, NULL, NULL, 1, 0, NULL, NULL, NULL),
('dime_front_page', 0, 0, 0, '', 'dime_find_type', NULL, NULL, NULL, NULL, 1, NULL, NULL, NULL, NULL, NULL, NULL, NULL, NULL, NULL, NULL, 1, 0, NULL, NULL, NULL),
('dime_front_page', 0, 0, 2, '', 'dime_find_classification', NULL, NULL, NULL, NULL, 1, NULL, NULL, NULL, NULL, NULL, NULL, NULL, NULL, NULL, NULL, 1, 0, NULL, NULL, NULL),
('dime_front_page', 0, 0, 4, '', 'dime_find_material', NULL, NULL, NULL, NULL, 1, NULL, NULL, NULL, NULL, NULL, NULL, NULL, NULL, NULL, NULL, 1, 0, NULL, NULL, NULL),
('dime_front_page', 0, 0, 6, '', 'dime_find_municipality', NULL, NULL, NULL, NULL, 1, NULL, NULL, NULL, NULL, NULL, NULL, NULL, NULL, NULL, NULL, 1, 0, NULL, NULL, NULL),
('dime_home_page', 0, 0, 0, '', 'dime_home_action', NULL, NULL, NULL, NULL, 1, NULL, NULL, NULL, NULL, NULL, NULL, NULL, NULL, NULL, NULL, 1, 0, NULL, NULL, NULL),
('dime_home_page', 1, 0, 0, '', 'dime_find_list', NULL, NULL, NULL, NULL, 1, NULL, NULL, NULL, NULL, NULL, NULL, NULL, NULL, NULL, NULL, 1, 0, NULL, NULL, NULL),
('dime_home_page', 1, 1, 0, '', 'dime_find_map', NULL, NULL, 'dime_map_user', NULL, 1, NULL, NULL, NULL, NULL, NULL, NULL, NULL, NULL, NULL, NULL, 1, 0, NULL, NULL, NULL),
('dime_message_page', 0, 0, 0, '', 'core_message_list', NULL, NULL, NULL, NULL, 1, NULL, NULL, NULL, NULL, NULL, NULL, NULL, NULL, NULL, NULL, 1, 0, NULL, NULL, NULL),
('dime_message_page', 0, 1, 0, '', 'core_message_item', NULL, NULL, NULL, NULL, 1, NULL, NULL, NULL, NULL, NULL, NULL, NULL, NULL, NULL, NULL, 1, 0, NULL, NULL, NULL),
('dime_profile_list', 0, 0, 0, '', 'core_actor_id', NULL, NULL, NULL, NULL, 1, NULL, NULL, NULL, NULL, NULL, NULL, NULL, NULL, NULL, NULL, 1, 0, NULL, NULL, NULL),
('dime_profile_list', 0, 0, 2, '', 'core_actor_fullname', NULL, NULL, NULL, NULL, 1, NULL, NULL, NULL, NULL, NULL, NULL, NULL, NULL, NULL, NULL, 1, 0, NULL, NULL, NULL),
('dime_profile_list_page', 0, 0, 0, '', 'dime_profile_list', 'actors', NULL, NULL, NULL, 1, NULL, NULL, NULL, 'view', NULL, NULL, NULL, NULL, NULL, NULL, 1, 0, NULL, NULL, NULL),
('dime_profile_list_page', 0, 1, 0, '', 'dime_find_list', 'finds', NULL, NULL, NULL, 1, NULL, NULL, NULL, 'view', NULL, NULL, NULL, NULL, NULL, NULL, 1, 0, NULL, NULL, NULL),
('dime_profile_page', 0, 0, 0, '', 'dime_profile_view', 'actor', NULL, NULL, NULL, 1, NULL, NULL, NULL, 'view', NULL, NULL, NULL, NULL, NULL, NULL, 1, 0, NULL, NULL, NULL),
('dime_profile_page', 0, 1, 0, '', 'dime_find_list', 'finds', NULL, NULL, NULL, 1, NULL, NULL, NULL, 'view', NULL, NULL, NULL, NULL, NULL, NULL, 1, 0, NULL, NULL, NULL),
('dime_profile_view', 0, 0, 0, '', 'core_actor_id', NULL, 8, NULL, NULL, 1, NULL, NULL, NULL, NULL, NULL, NULL, NULL, NULL, NULL, NULL, 1, 0, NULL, NULL, NULL),
('dime_profile_view', 0, 0, 2, '', 'core_actor_fullname', NULL, NULL, NULL, NULL, 1, NULL, NULL, NULL, NULL, NULL, NULL, NULL, NULL, NULL, NULL, 1, 0, NULL, NULL, NULL),
('dime_profile_view', 0, 0, 6, '', 'core_actor_museum', NULL, NULL, NULL, NULL, 1, NULL, NULL, NULL, NULL, NULL, NULL, NULL, NULL, NULL, NULL, 1, 0, NULL, NULL, NULL),
('dime_profile_view', 0, 0, 8, '', 'core_actor_biography', NULL, NULL, NULL, NULL, 1, NULL, NULL, NULL, NULL, NULL, NULL, NULL, NULL, NULL, NULL, 1, 0, NULL, NULL, NULL),
('dime_profile_view', 0, 1, 2, '', 'core_actor_avatar', NULL, 4, NULL, NULL, 0, NULL, NULL, NULL, NULL, NULL, NULL, NULL, NULL, NULL, NULL, 1, 0, NULL, NULL, NULL),
('dime_treasure_claim', 0, 0, 0, '', 'dime_treasure_museum', NULL, NULL, NULL, NULL, 1, NULL, NULL, NULL, NULL, NULL, NULL, NULL, NULL, NULL, NULL, 1, 0, NULL, NULL, NULL),
('dime_treasure_claim', 0, 0, 1, '', 'dime_treasure_claimant', NULL, NULL, NULL, NULL, 1, NULL, NULL, NULL, NULL, NULL, NULL, NULL, NULL, NULL, NULL, 1, 0, NULL, NULL, NULL),
('dime_treasure_claim', 0, 0, 2, '', 'dime_treasure_find', NULL, NULL, NULL, NULL, 1, NULL, NULL, NULL, NULL, NULL, NULL, NULL, NULL, NULL, NULL, 1, 0, NULL, NULL, NULL),
('dime_treasure_claim', 0, 0, 3, '', 'dime_treasure_sender', NULL, NULL, NULL, NULL, 1, NULL, NULL, NULL, NULL, NULL, NULL, NULL, NULL, NULL, NULL, 1, 0, NULL, NULL, NULL),
('dime_treasure_claimant', 0, 0, 1, '', 'core_actor_fullname', NULL, NULL, NULL, NULL, 1, NULL, NULL, NULL, NULL, NULL, 'readonly', NULL, NULL, NULL, 'claimant', 1, 0, NULL, NULL, NULL),
('dime_treasure_claimant', 0, 0, 4, '', 'core_actor_telephone', NULL, NULL, NULL, NULL, 1, NULL, NULL, NULL, NULL, NULL, 'readonly', NULL, NULL, NULL, 'claimant', 1, 0, NULL, NULL, NULL),
('dime_treasure_claimant', 0, 0, 5, '', 'core_actor_email', NULL, NULL, NULL, NULL, 1, NULL, NULL, NULL, NULL, NULL, 'readonly', NULL, NULL, NULL, 'claimant', 1, 0, NULL, NULL, NULL),
('dime_treasure_find', 0, 0, 0, '', 'dime_find_type', NULL, NULL, NULL, NULL, 1, NULL, NULL, NULL, NULL, NULL, 'readonly', NULL, NULL, NULL, 'find', 1, 0, NULL, NULL, NULL),
('dime_treasure_find', 0, 0, 2, '', 'dime_find_classification', NULL, NULL, NULL, NULL, 1, NULL, NULL, NULL, NULL, NULL, 'readonly', NULL, NULL, NULL, 'find', 1, 0, NULL, NULL, NULL),
('dime_treasure_find', 0, 0, 4, '', 'dime_find_finddate', NULL, NULL, NULL, NULL, 1, NULL, NULL, NULL, NULL, NULL, 'readonly', NULL, NULL, NULL, 'find', 1, 0, NULL, NULL, NULL),
('dime_treasure_find', 0, 0, 8, '', 'dime_find_description', NULL, NULL, NULL, NULL, 1, NULL, NULL, NULL, NULL, NULL, 'readonly', NULL, NULL, NULL, 'find', 1, 0, NULL, NULL, NULL),
('dime_treasure_museum', 0, 0, 0, '', 'core_actor_fullname', NULL, NULL, NULL, NULL, 1, NULL, NULL, NULL, NULL, NULL, 'readonly', NULL, NULL, NULL, 'museum', 1, 0, 'core.actor.type.museum', NULL, NULL),
('dime_treasure_museum', 0, 0, 1, '', 'core_actor_id', NULL, NULL, NULL, NULL, 1, NULL, NULL, NULL, NULL, NULL, 'readonly', NULL, NULL, NULL, 'museum', 1, 0, NULL, NULL, NULL),
('dime_treasure_museum', 0, 0, 2, '', 'dime_find_museum_id', NULL, NULL, NULL, NULL, 1, NULL, NULL, NULL, NULL, NULL, 'readonly', NULL, NULL, NULL, 'find', 1, 0, NULL, NULL, NULL),
('dime_treasure_pdf', 0, 0, 0, '', 'dime_treasure_museum', NULL, NULL, NULL, NULL, 1, NULL, NULL, NULL, 'view', NULL, NULL, NULL, NULL, NULL, NULL, 1, 0, NULL, NULL, NULL),
('dime_treasure_pdf', 0, 0, 1, '', 'dime_treasure_claimant', NULL, NULL, NULL, NULL, 1, NULL, NULL, NULL, 'view', NULL, NULL, NULL, NULL, NULL, NULL, 1, 0, NULL, NULL, NULL),
('dime_treasure_pdf', 0, 0, 2, '', 'dime_treasure_find', NULL, NULL, NULL, NULL, 1, NULL, NULL, NULL, 'view', NULL, NULL, NULL, NULL, NULL, NULL, 1, 0, NULL, NULL, NULL),
('dime_treasure_pdf', 0, 0, 3, '', 'dime_treasure_sender', NULL, NULL, NULL, NULL, 1, NULL, NULL, NULL, 'view', NULL, NULL, NULL, NULL, NULL, NULL, 1, 0, NULL, NULL, NULL),
('dime_treasure_sender', 0, 0, 4, '', 'core_widget_submit', 'send', NULL, NULL, NULL, 1, NULL, NULL, NULL, NULL, NULL, 'active', NULL, NULL, NULL, NULL, 1, 0, NULL, NULL, NULL),
('dime_user_actor', 0, 0, 0, '', 'core_actor_id', NULL, 8, NULL, NULL, 1, NULL, NULL, 0, 'view', NULL, NULL, NULL, NULL, NULL, NULL, 1, 0, 'core.user.username', NULL, NULL),
('dime_user_actor', 0, 0, 2, '', 'core_actor_fullname', NULL, NULL, NULL, NULL, 1, NULL, NULL, NULL, NULL, 'redact', NULL, NULL, NULL, NULL, NULL, 1, 0, NULL, NULL, NULL),
('dime_user_actor', 0, 0, 4, '', 'core_actor_shortname', NULL, NULL, NULL, NULL, 1, NULL, NULL, NULL, NULL, 'redact', NULL, NULL, NULL, NULL, NULL, 1, 0, NULL, NULL, NULL),
('dime_user_actor', 0, 0, 6, '', 'core_actor_initials', NULL, NULL, NULL, NULL, 1, NULL, NULL, NULL, NULL, 'redact', NULL, NULL, NULL, NULL, NULL, 1, 0, NULL, NULL, NULL),
('dime_user_actor', 0, 0, 8, '', 'core_actor_address', NULL, NULL, NULL, NULL, 1, NULL, NULL, NULL, NULL, 'redact', NULL, NULL, NULL, NULL, NULL, 1, 0, NULL, NULL, NULL),
('dime_user_actor', 0, 0, 10, '', 'core_actor_telephone', NULL, NULL, NULL, NULL, 1, NULL, NULL, NULL, NULL, 'redact', NULL, NULL, NULL, NULL, NULL, 1, 0, NULL, NULL, NULL),
('dime_user_actor', 0, 0, 12, '', 'core_actor_email', NULL, NULL, NULL, NULL, 1, NULL, NULL, NULL, NULL, 'redact', NULL, NULL, NULL, NULL, NULL, 1, 0, NULL, NULL, NULL),
('dime_user_actor', 0, 0, 14, '', 'core_actor_visibility', NULL, NULL, NULL, NULL, 1, NULL, NULL, NULL, NULL, 'redact', NULL, NULL, NULL, NULL, NULL, 1, 0, NULL, NULL, NULL),
('dime_user_actor', 0, 0, 16, '', 'core_actor_license', NULL, NULL, NULL, NULL, 1, NULL, NULL, NULL, NULL, 'redact', NULL, NULL, NULL, NULL, NULL, 1, 0, NULL, NULL, NULL),
('dime_user_actor', 0, 0, 18, '', 'core_actor_biography', NULL, NULL, NULL, NULL, 1, NULL, NULL, NULL, NULL, 'redact', NULL, NULL, NULL, NULL, NULL, 1, 0, NULL, NULL, NULL),
('dime_user_actor', 0, 0, 22, '', 'core_actor_museum', NULL, NULL, NULL, NULL, 1, NULL, NULL, NULL, NULL, 'redact', NULL, NULL, NULL, NULL, NULL, 1, 0, NULL, NULL, NULL),
('dime_user_actor', 0, 0, 24, '', 'core_widget_submit', 'save', NULL, NULL, NULL, 1, NULL, NULL, NULL, NULL, 'redact', NULL, NULL, NULL, NULL, NULL, 1, 0, 'core.button.save', NULL, NULL),
('dime_user_actor', 0, 1, 2, '', 'core_actor_avatar', NULL, 4, NULL, NULL, 0, NULL, NULL, 0, NULL, 'redact', NULL, NULL, NULL, NULL, NULL, 1, 0, NULL, NULL, NULL),
('dime_user_profile', 0, 0, 0, '', 'dime_home_action', NULL, NULL, NULL, NULL, 1, NULL, NULL, NULL, NULL, NULL, NULL, NULL, NULL, NULL, NULL, 1, 0, NULL, NULL, NULL),
('dime_user_profile', 1, 0, 0, '', 'dime_user_actor', NULL, NULL, NULL, NULL, 1, NULL, NULL, NULL, NULL, 'redact', NULL, NULL, NULL, NULL, NULL, 1, 0, NULL, NULL, NULL),
('dime_user_profile', 1, 1, 0, '', 'core_user_password_change', NULL, NULL, NULL, NULL, 1, NULL, NULL, NULL, NULL, NULL, NULL, NULL, NULL, NULL, NULL, 1, 0, NULL, NULL, NULL),
('dime_user_register', 0, 0, 0, '', 'core_user_credentials', NULL, NULL, NULL, NULL, 1, NULL, NULL, NULL, NULL, 'redact', NULL, NULL, NULL, NULL, NULL, 1, 0, NULL, NULL, NULL),
('dime_user_register', 0, 0, 2, '', 'core_user_actor', NULL, NULL, NULL, NULL, 1, NULL, NULL, NULL, NULL, 'redact', NULL, NULL, NULL, NULL, NULL, 1, 0, NULL, NULL, NULL),
('dime_user_register', 0, 0, 4, '', 'dime_user_role', NULL, NULL, NULL, 'core.workflow.role', 1, NULL, NULL, NULL, NULL, 'redact', NULL, NULL, NULL, NULL, NULL, 1, 0, NULL, NULL, NULL),
('dime_user_register', 0, 0, 8, '', 'core_widget_submit_recaptcha', NULL, NULL, NULL, NULL, 1, NULL, NULL, NULL, NULL, 'redact', NULL, NULL, NULL, NULL, NULL, 1, 0, 'core.user.register', NULL, NULL),
('dime_user_role', 0, 0, 0, '', 'core_widget_choice', 'role', NULL, NULL, 'core.workflow.role', 1, NULL, NULL, NULL, NULL, 'redact', NULL, NULL, NULL, NULL, NULL, 1, 0, 'core.workflow.role', NULL, NULL),
('dime_user_role', 0, 0, 2, '', 'core_widget_textarea', 'comments', NULL, NULL, NULL, 1, NULL, NULL, NULL, NULL, 'redact', NULL, NULL, NULL, NULL, NULL, 1, 0, 'core.widget.comments', NULL, NULL);

-- --------------------------------------------------------

--
-- Table structure for table `ark_view_group`
--

CREATE TABLE `ark_view_group` (
  `element` varchar(30) COLLATE utf8mb4_unicode_ci NOT NULL,
  `layout` varchar(10) COLLATE utf8mb4_unicode_ci NOT NULL DEFAULT 'grid',
  `mode` varchar(10) COLLATE utf8mb4_unicode_ci DEFAULT NULL,
  `form` tinyint(1) NOT NULL DEFAULT '0',
  `name` varchar(30) COLLATE utf8mb4_unicode_ci DEFAULT NULL,
  `method` varchar(10) COLLATE utf8mb4_unicode_ci DEFAULT NULL,
  `action` varchar(30) COLLATE utf8mb4_unicode_ci DEFAULT NULL,
  `template` varchar(100) COLLATE utf8mb4_unicode_ci DEFAULT NULL
) ENGINE=InnoDB DEFAULT CHARSET=utf8mb4 COLLATE=utf8mb4_unicode_ci;

--
-- Dumping data for table `ark_view_group`
--

INSERT INTO `ark_view_group` (`element`, `layout`, `mode`, `form`, `name`, `method`, `action`, `template`) VALUES
('core_action_select', 'grid', NULL, 1, 'actions', NULL, NULL, NULL),
('core_actor_item', 'grid', NULL, 1, 'actor_item', NULL, NULL, NULL),
('core_actor_list', 'table', 'view', 1, 'actor_list', NULL, NULL, 'layouts/table.html.twig'),
('core_file_item', 'grid', 'edit', 1, 'item', NULL, NULL, NULL),
('core_file_list', 'table', NULL, 0, 'items', NULL, NULL, 'layouts/table.html.twig'),
('core_message_item', 'grid', 'view', 1, 'message', NULL, NULL, 'blocks/message.html.twig'),
('core_message_list', 'grid', 'view', 1, 'messages', NULL, NULL, 'blocks/messagelist.html.twig'),
('core_page_view', 'grid', NULL, 0, NULL, NULL, NULL, NULL),
('core_user_actor', 'grid', NULL, 0, 'actor', NULL, NULL, NULL),
('core_user_credentials', 'grid', NULL, 0, 'credentials', NULL, NULL, NULL),
('core_user_login', 'grid', NULL, 1, NULL, 'POST', 'user.check', 'user/login.html.twig'),
('core_user_password_change', 'grid', NULL, 1, 'password_change', NULL, NULL, NULL),
('core_user_password_set', 'grid', NULL, 1, 'password_set', NULL, NULL, NULL),
('core_user_reset', 'grid', NULL, 1, NULL, NULL, NULL, 'user/reset.html.twig'),
('core_workflow_process', 'grid', NULL, 0, NULL, NULL, NULL, NULL),
('dime_admin_page', 'grid', NULL, 0, NULL, NULL, NULL, NULL),
('dime_admin_user_page', 'grid', NULL, 0, NULL, NULL, NULL, NULL),
('dime_find_add', 'grid', NULL, 1, 'find', NULL, NULL, NULL),
('dime_find_apply', 'grid', NULL, 0, NULL, NULL, NULL, NULL),
('dime_find_artefact', 'grid', NULL, 0, NULL, NULL, NULL, NULL),
('dime_find_edit', 'grid', NULL, 0, NULL, NULL, NULL, NULL),
('dime_find_event', 'grid', NULL, 0, NULL, NULL, NULL, NULL),
('dime_find_filter', 'grid', NULL, 1, 'filters', NULL, NULL, 'layouts/filters.html.twig'),
('dime_find_geo', 'grid', NULL, 0, NULL, NULL, NULL, NULL),
('dime_find_item', 'grid', NULL, 0, 'find', NULL, NULL, NULL),
('dime_find_list', 'table', 'view', 1, 'finds', NULL, NULL, 'layouts/table.html.twig'),
('dime_find_map', 'grid', 'view', 1, 'map', NULL, NULL, 'blocks/map.html.twig'),
('dime_find_metadata', 'grid', NULL, 0, NULL, NULL, NULL, NULL),
('dime_find_news', 'grid', NULL, 0, NULL, NULL, NULL, NULL),
('dime_find_photo', 'grid', NULL, 0, NULL, NULL, NULL, NULL),
('dime_find_search', 'grid', NULL, 0, NULL, NULL, NULL, NULL),
('dime_find_status', 'grid', NULL, 0, NULL, NULL, NULL, NULL),
('dime_find_update', 'grid', NULL, 0, NULL, NULL, NULL, NULL),
('dime_find_view', 'grid', NULL, 1, NULL, NULL, NULL, NULL),
('dime_front_page', 'grid', NULL, 0, NULL, NULL, NULL, 'layouts/front.html.twig'),
('dime_home_action', 'grid', NULL, 0, NULL, NULL, NULL, 'blocks/homeaction.html.twig'),
('dime_home_page', 'grid', NULL, 0, NULL, NULL, NULL, NULL),
('dime_message_page', 'grid', NULL, 0, NULL, NULL, NULL, NULL),
('dime_profile_list', 'table', 'view', 1, 'actors', NULL, NULL, 'layouts/table.html.twig'),
('dime_profile_list_page', 'grid', 'view', 0, NULL, NULL, NULL, NULL),
('dime_profile_page', 'grid', 'view', 0, NULL, NULL, NULL, NULL),
('dime_profile_view', 'grid', NULL, 1, 'actor', NULL, NULL, NULL),
('dime_site_footer', 'grid', NULL, 0, NULL, NULL, NULL, NULL),
('dime_site_header', 'grid', NULL, 0, NULL, NULL, NULL, NULL),
('dime_site_sidebar', 'grid', NULL, 0, NULL, NULL, NULL, NULL),
('dime_treasure_claim', 'grid', NULL, 0, NULL, NULL, NULL, NULL),
('dime_treasure_claimant', 'grid', NULL, 1, 'claimant', NULL, NULL, NULL),
('dime_treasure_find', 'grid', NULL, 1, 'find', NULL, NULL, NULL),
('dime_treasure_museum', 'grid', NULL, 1, 'museum', NULL, NULL, NULL),
('dime_treasure_pdf', 'grid', 'view', 0, NULL, NULL, NULL, NULL),
('dime_treasure_sender', 'grid', NULL, 1, 'treasure_sender', NULL, NULL, NULL),
('dime_user_actor', 'grid', NULL, 1, 'actor', NULL, NULL, NULL),
('dime_user_profile', 'grid', NULL, 0, NULL, NULL, NULL, NULL),
('dime_user_register', 'grid', NULL, 1, NULL, NULL, NULL, 'user/register.html.twig'),
('dime_user_role', 'grid', NULL, 0, 'role', NULL, NULL, NULL);

-- --------------------------------------------------------

--
-- Table structure for table `ark_view_nav`
--

CREATE TABLE `ark_view_nav` (
  `element` varchar(30) COLLATE utf8mb4_unicode_ci NOT NULL,
  `parent` varchar(30) COLLATE utf8mb4_unicode_ci DEFAULT NULL,
  `seq` int(11) NOT NULL DEFAULT '0',
  `level` int(11) DEFAULT NULL,
  `icon` varchar(50) COLLATE utf8mb4_unicode_ci DEFAULT NULL,
  `route` varchar(50) COLLATE utf8mb4_unicode_ci DEFAULT NULL,
  `uri` varchar(2038) COLLATE utf8mb4_unicode_ci DEFAULT NULL,
  `seperator` tinyint(1) NOT NULL DEFAULT '0',
  `template` varchar(100) COLLATE utf8mb4_unicode_ci DEFAULT NULL
) ENGINE=InnoDB DEFAULT CHARSET=utf8mb4 COLLATE=utf8mb4_unicode_ci;

--
-- Dumping data for table `ark_view_nav`
--

INSERT INTO `ark_view_nav` (`element`, `parent`, `seq`, `level`, `icon`, `route`, `uri`, `seperator`, `template`) VALUES
('dime_nav_add', 'dime_nav_sidebar', 0, 2, NULL, NULL, NULL, 0, NULL),
('dime_nav_add_find', 'dime_nav_add', 0, 3, NULL, 'find.add', NULL, 0, NULL),
('dime_nav_list', 'dime_nav_sidebar', 1, 2, NULL, NULL, NULL, 0, NULL),
('dime_nav_list_find', 'dime_nav_list', 0, 3, NULL, 'find.list', NULL, 0, NULL),
('dime_nav_sidebar', NULL, 0, 1, NULL, NULL, NULL, 0, NULL);

-- --------------------------------------------------------

--
-- Table structure for table `ark_view_page`
--

CREATE TABLE `ark_view_page` (
  `element` varchar(30) COLLATE utf8mb4_unicode_ci NOT NULL,
  `mode` varchar(10) COLLATE utf8mb4_unicode_ci NOT NULL DEFAULT 'view',
  `visibility` varchar(30) COLLATE utf8mb4_unicode_ci NOT NULL,
  `view` varchar(30) COLLATE utf8mb4_unicode_ci DEFAULT NULL,
  `edit` varchar(30) COLLATE utf8mb4_unicode_ci DEFAULT NULL,
  `header` varchar(30) COLLATE utf8mb4_unicode_ci DEFAULT NULL,
  `sidebar` varchar(30) COLLATE utf8mb4_unicode_ci DEFAULT NULL,
  `content` varchar(30) COLLATE utf8mb4_unicode_ci DEFAULT NULL,
  `footer` varchar(30) COLLATE utf8mb4_unicode_ci DEFAULT NULL,
  `template` varchar(100) COLLATE utf8mb4_unicode_ci DEFAULT NULL
) ENGINE=InnoDB DEFAULT CHARSET=utf8mb4 COLLATE=utf8mb4_unicode_ci;

--
-- Dumping data for table `ark_view_page`
--

INSERT INTO `ark_view_page` (`element`, `mode`, `visibility`, `view`, `edit`, `header`, `sidebar`, `content`, `footer`, `template`) VALUES
('core_page_user_confirm', 'edit', 'public', NULL, NULL, 'dime_site_header', 'dime_site_sidebar', NULL, 'dime_site_footer', NULL),
('core_page_user_login', 'edit', 'public', NULL, NULL, 'dime_site_header', 'dime_site_sidebar', 'core_user_login', 'dime_site_footer', NULL),
('core_page_user_register', 'edit', 'public', NULL, NULL, 'dime_site_header', 'dime_site_sidebar', 'dime_user_register', 'dime_site_footer', NULL),
('core_page_user_reset', 'edit', 'public', NULL, NULL, 'dime_site_header', 'dime_site_sidebar', 'core_user_reset', 'dime_site_footer', NULL),
('dime_page_admin', 'edit', 'restricted', 'core.admin', 'core.admin', 'dime_site_header', 'dime_site_sidebar', 'dime_admin_page', 'dime_site_footer', NULL),
('dime_page_admin_user', 'edit', 'restricted', 'core.admin.user', 'core.admin.user', 'dime_site_header', 'dime_site_sidebar', 'dime_admin_user_page', 'dime_site_footer', NULL),
('dime_page_claim', 'edit', 'restricted', 'dime.find.treasure.claim', 'dime.find.treasure.claim', 'dime_site_header', 'dime_site_sidebar', 'dime_treasure_claim', 'dime_site_footer', NULL),
('dime_page_find', 'edit', 'restricted', 'dime.find.read', 'dime.find.update', 'dime_site_header', 'dime_site_sidebar', 'dime_find_view', 'dime_site_footer', NULL),
('dime_page_find_add', 'edit', 'restricted', 'dime.find.read', 'dime.find.update', 'dime_site_header', 'dime_site_sidebar', 'dime_find_add', 'dime_site_footer', NULL),
('dime_page_find_list', 'edit', 'public', 'dime.find.read', 'dime.find.update', 'dime_site_header', 'dime_site_sidebar', 'dime_find_search', 'dime_site_footer', NULL),
('dime_page_front', 'view', 'public', NULL, NULL, 'dime_site_header', 'dime_site_sidebar', 'dime_front_page', 'dime_site_footer', NULL),
('dime_page_home', 'view', 'restricted', 'core.actor.read', NULL, 'dime_site_header', 'dime_site_sidebar', 'dime_home_page', 'dime_site_footer', NULL),
('dime_page_message', 'view', 'restricted', 'core.message.read', NULL, 'dime_site_header', 'dime_site_sidebar', 'dime_message_page', 'dime_site_footer', NULL),
('dime_page_news', 'view', 'public', NULL, NULL, 'dime_site_header', 'dime_site_sidebar', 'dime_find_news', 'dime_site_footer', NULL),
('dime_page_profile', 'view', 'public', NULL, NULL, 'dime_site_header', 'dime_site_sidebar', 'dime_profile_page', 'dime_site_footer', NULL),
('dime_page_profile_list', 'view', 'public', NULL, NULL, 'dime_site_header', 'dime_site_sidebar', 'dime_profile_list_page', 'dime_site_footer', NULL),
('dime_page_static', 'view', 'public', NULL, NULL, 'dime_site_header', 'dime_site_sidebar', NULL, 'dime_site_footer', NULL),
('dime_page_user_profile', 'edit', 'restricted', 'core.actor.read', 'core.actor.update', 'dime_site_header', 'dime_site_sidebar', 'dime_user_profile', 'dime_site_footer', NULL);

-- --------------------------------------------------------

--
-- Table structure for table `ark_view_tree`
--

CREATE TABLE `ark_view_tree` (
  `id` int(11) NOT NULL,
  `ancestor` varchar(30) COLLATE utf8mb4_unicode_ci NOT NULL,
  `descendant` varchar(30) COLLATE utf8mb4_unicode_ci NOT NULL,
  `depth` int(11) NOT NULL
) ENGINE=InnoDB DEFAULT CHARSET=utf8mb4 COLLATE=utf8mb4_unicode_ci;

--
-- Dumping data for table `ark_view_tree`
--

INSERT INTO `ark_view_tree` (`id`, `ancestor`, `descendant`, `depth`) VALUES
(1, 'dime_nav_sidebar', 'dime_nav_sidebar', 0),
(2, 'dime_nav_add', 'dime_nav_add', 0),
(3, 'dime_nav_sidebar', 'dime_nav_add', 1),
(4, 'dime_nav_list', 'dime_nav_list', 0),
(5, 'dime_nav_sidebar', 'dime_nav_list', 1),
(6, 'dime_nav_add_find', 'dime_nav_add_find', 0),
(7, 'dime_nav_add', 'dime_nav_add_find', 1),
(8, 'dime_nav_sidebar', 'dime_nav_add_find', 2),
(9, 'dime_nav_add_locality', 'dime_nav_add_locality', 0),
(10, 'dime_nav_add', 'dime_nav_add_locality', 1),
(11, 'dime_nav_sidebar', 'dime_nav_add_locality', 2),
(12, 'dime_nav_list_locality', 'dime_nav_list_locality', 0),
(13, 'dime_nav_list', 'dime_nav_list_locality', 1),
(14, 'dime_nav_sidebar', 'dime_nav_list_locality', 2),
(15, 'dime_nav_list_find', 'dime_nav_list_find', 0),
(16, 'dime_nav_list', 'dime_nav_list_find', 1),
(17, 'dime_nav_sidebar', 'dime_nav_list_find', 2);

-- --------------------------------------------------------

--
-- Table structure for table `ark_view_type`
--

CREATE TABLE `ark_view_type` (
  `type` varchar(10) COLLATE utf8mb4_unicode_ci NOT NULL,
  `class` varchar(100) COLLATE utf8mb4_unicode_ci NOT NULL,
  `layout` tinyint(1) NOT NULL DEFAULT '0',
  `form_type_class` varchar(100) COLLATE utf8mb4_unicode_ci DEFAULT NULL,
  `template` varchar(100) COLLATE utf8mb4_unicode_ci NOT NULL,
  `keyword` varchar(100) COLLATE utf8mb4_unicode_ci DEFAULT NULL
) ENGINE=InnoDB DEFAULT CHARSET=utf8mb4 COLLATE=utf8mb4_unicode_ci ROW_FORMAT=COMPACT;

--
-- Dumping data for table `ark_view_type`
--

INSERT INTO `ark_view_type` (`type`, `class`, `layout`, `form_type_class`, `template`, `keyword`) VALUES
('action', 'ARK\\View\\ActionWidget', 0, 'ARK\\Form\\Type\\ActionChoiceType', 'layouts/widget.html.twig', NULL),
('actor', 'ARK\\View\\ActorWidget', 0, 'ARK\\Form\\Type\\ActorWidgetType', 'layouts/widget.html.twig', NULL),
('field', 'ARK\\View\\Field', 0, 'ARK\\Form\\Type\\SimplePropertyType', 'layouts/field.html.twig', NULL),
('grid', 'ARK\\View\\Grid', 1, 'ARK\\Form\\Type\\SimplePropertyType', 'layouts/grid.html.twig', NULL),
('nav', 'ARK\\View\\Nav', 0, NULL, 'blocks/nav.html.twig', NULL),
('page', 'ARK\\View\\Page', 0, NULL, 'pages/page.html.twig', NULL),
('table', 'ARK\\View\\Table', 1, 'ARK\\Form\\Type\\SimplePropertyType', 'layouts/table.html.twig', NULL),
('widget', 'ARK\\View\\Widget', 0, 'Symfony\\Component\\Form\\Extension\\Core\\Type\\ButtonType', 'layouts/widget.html.twig', NULL);

-- --------------------------------------------------------

--
-- Table structure for table `ark_view_widget`
--

CREATE TABLE `ark_view_widget` (
  `element` varchar(30) COLLATE utf8mb4_unicode_ci NOT NULL,
  `name` varchar(30) COLLATE utf8mb4_unicode_ci DEFAULT NULL,
  `choices` varchar(30) COLLATE utf8mb4_unicode_ci DEFAULT NULL,
  `template` varchar(100) COLLATE utf8mb4_unicode_ci DEFAULT NULL,
  `form_type_class` varchar(100) COLLATE utf8mb4_unicode_ci DEFAULT NULL,
  `form_options` varchar(4000) COLLATE utf8mb4_unicode_ci NOT NULL
) ENGINE=InnoDB DEFAULT CHARSET=utf8mb4 COLLATE=utf8mb4_unicode_ci;

--
-- Dumping data for table `ark_view_widget`
--

INSERT INTO `ark_view_widget` (`element`, `name`, `choices`, `template`, `form_type_class`, `form_options`) VALUES
('core_user_email_confirm', 'email', NULL, NULL, 'ARK\\Form\\Type\\RepeatedEmailType', ''),
('core_user_password_confirm', 'password', NULL, NULL, 'ARK\\Form\\Type\\RepeatedPasswordType', ''),
('core_widget_actions', 'actions', 'actions', NULL, 'ARK\\Form\\Type\\ActionChoiceType', ''),
('core_widget_actors', 'actors', 'actors', NULL, 'ARK\\Form\\Type\\ActorChoiceType', ''),
('core_widget_button', 'button', NULL, NULL, 'Symfony\\Component\\Form\\Extension\\Core\\Type\\ButtonType', ''),
('core_widget_checkbox', 'checkbox', NULL, NULL, 'Symfony\\Component\\Form\\Extension\\Core\\Type\\CheckboxType', ''),
('core_widget_choice', 'choice', NULL, NULL, 'Symfony\\Component\\Form\\Extension\\Core\\Type\\ChoiceType', ''),
('core_widget_password', '_password', NULL, NULL, 'Symfony\\Component\\Form\\Extension\\Core\\Type\\PasswordType', ''),
('core_widget_submit', 'submit', NULL, NULL, 'Symfony\\Component\\Form\\Extension\\Core\\Type\\SubmitType', ''),
('core_widget_submit_recaptcha', 'submit', NULL, NULL, 'ARK\\Form\\Type\\RecaptchaSubmitType', ''),
('core_widget_terms', 'terms', NULL, NULL, 'ARK\\Form\\Type\\TermChoiceType', ''),
('core_widget_textarea', 'textarea', NULL, NULL, 'Symfony\\Component\\Form\\Extension\\Core\\Type\\TextareaType', ''),
('core_widget_username', '_username', NULL, NULL, 'Symfony\\Component\\Form\\Extension\\Core\\Type\\TextType', ''),
('dime_widget_classify', 'classify', NULL, 'blocks/classification.html.twig', 'Symfony\\Component\\Form\\Extension\\Core\\Type\\ButtonType', '');

-- --------------------------------------------------------

--
-- Table structure for table `ark_vocabulary`
--

CREATE TABLE `ark_vocabulary` (
  `concept` varchar(30) COLLATE utf8mb4_unicode_ci NOT NULL,
  `type` varchar(10) COLLATE utf8mb4_unicode_ci NOT NULL,
  `source` varchar(30) COLLATE utf8mb4_unicode_ci NOT NULL,
  `closed` tinyint(1) NOT NULL DEFAULT '1',
  `transitions` tinyint(1) NOT NULL DEFAULT '0',
  `enabled` tinyint(1) NOT NULL DEFAULT '1',
  `deprecated` tinyint(1) NOT NULL DEFAULT '0',
  `keyword` varchar(100) COLLATE utf8mb4_unicode_ci DEFAULT NULL,
  `description` text COLLATE utf8mb4_unicode_ci NOT NULL
) ENGINE=InnoDB DEFAULT CHARSET=utf8mb4 COLLATE=utf8mb4_unicode_ci;

--
-- Dumping data for table `ark_vocabulary`
--

INSERT INTO `ark_vocabulary` (`concept`, `type`, `source`, `closed`, `transitions`, `enabled`, `deprecated`, `keyword`, `description`) VALUES
('core.actor.type', 'list', 'ARK Core', 1, 0, 1, 0, 'core.actor.type', 'Actor Type'),
('core.event.type', 'list', 'ARK Core', 1, 0, 1, 0, 'core.event.type', 'Core Event'),
('core.file.status', 'list', 'ARK Core', 1, 0, 1, 0, 'core.file.status', 'File Status'),
('core.file.type', 'list', 'ARK Core', 1, 0, 1, 0, 'core.file.type', 'File Type'),
('core.form.modus', 'list', 'ARK Core', 1, 0, 1, 0, 'core.form.mode', 'Form field modes'),
('core.item.status', 'list', 'ARK Core', 1, 0, 1, 0, 'core.item.status', 'Item Status'),
('core.license', 'list', 'ARK Core', 1, 0, 1, 0, 'core.file.type', 'File License'),
('core.message.recipient.status', 'list', 'ARK Core', 1, 0, 1, 0, 'core.message.recipient.status', 'Message Recipient Status'),
('core.message.status', 'list', 'ARK Core', 1, 0, 1, 0, 'core.message.status', 'Message Status'),
('core.message.type', 'list', 'ARK Core', 1, 0, 1, 0, 'core.message.type', 'Message Type'),
('core.visibility', 'list', 'ARK Core', 1, 0, 1, 0, 'core.visibility', 'Data Visibility'),
('core.workflow.role', 'list', 'ARK Core', 1, 0, 1, 0, 'core.workflow.role', 'ARK Workflow Roles'),
('country', 'list', 'ISO3166', 1, 0, 1, 0, 'vocabulary.country', 'ISO Country Codes'),
('dime.denmark.admin', 'taxonomy', 'DIME', 1, 0, 1, 0, 'vocabulary.dime.denmark.admin', 'Danish NUTS and LAU Administrative Unit Hierarchy'),
('dime.denmark.municipality', 'list', 'DIME', 1, 0, 1, 0, 'dime.denmark.municipality', 'Danish LAU-1 Municipality (Kommune) List'),
('dime.denmark.region', 'list', 'DIME', 1, 0, 1, 0, 'vocabulary.dime.denmark.region', 'Danish NUTS2 Region List'),
('dime.find.condition', 'list', 'DIME', 1, 0, 1, 0, 'vocabulary.dime.find.condition', 'DIME Find Condition'),
('dime.find.custody', 'list', 'DIME', 1, 0, 1, 0, 'dime.find.custody', 'DIME Find Custody'),
('dime.find.process', 'list', 'DIME', 1, 0, 1, 0, 'dime.find.process', 'DIME Find Process'),
('dime.find.secondary', 'list', 'DIME', 1, 0, 1, 0, 'vocabulary.dime.find.secondary', 'DIME Secondary Materials List'),
('dime.find.subtype', 'taxonomy', 'DIME', 1, 0, 1, 0, 'dime.find.subtype', 'DIME Find Subtype'),
('dime.find.type', 'list', 'DIME', 1, 0, 1, 0, 'vocabulary.dime.type', 'DIME Find Type'),
('dime.material', 'list', 'DIME', 1, 0, 1, 0, 'vocabulary.dime.material', 'DIME Material List'),
('dime.period', 'taxonomy', 'DIME', 1, 0, 1, 0, 'vocabulary.dime.period', 'DIME Period Taxonomy'),
('dime.treasure', 'list', 'DIME', 1, 1, 1, 0, 'vocabulary.dime.treasure', 'DIME Treasure Status'),
('dime.user.terms', 'list', 'DIME', 1, 0, 1, 0, 'dime.user.terms', 'DIME Terms and Conditions'),
('distance', 'list', 'SI', 1, 0, 1, 0, 'vocabulary.distance', 'SI Distance Units'),
('language', 'list', 'ISO639', 1, 0, 1, 0, 'vocabulary.language', 'ISO Language Codes'),
('mass', 'list', 'SI', 1, 0, 1, 0, 'vocabulary.mass', 'SI Mass Units'),
('mediatype', 'list', 'IANA', 1, 0, 1, 0, 'vocabulary.mediatype', 'IANA Mediatypes as defined by RFC'),
('spatial.crs', 'list', 'EPSG', 1, 0, 1, 0, 'vocabulary.spatial.crs', 'Coordinate Reference System'),
('spatial.format', 'list', 'ARK Core', 1, 0, 1, 0, 'vocabulary.spatial.format', 'Spatial data formats');

-- --------------------------------------------------------

--
-- Table structure for table `ark_vocabulary_collected`
--

CREATE TABLE `ark_vocabulary_collected` (
  `concept` varchar(30) COLLATE utf8mb4_unicode_ci NOT NULL,
  `collection` varchar(30) COLLATE utf8mb4_unicode_ci NOT NULL,
  `term` varchar(30) COLLATE utf8mb4_unicode_ci NOT NULL,
  `seq` int(11) NOT NULL
) ENGINE=InnoDB DEFAULT CHARSET=utf8mb4 COLLATE=utf8mb4_unicode_ci;

--
-- Dumping data for table `ark_vocabulary_collected`
--

INSERT INTO `ark_vocabulary_collected` (`concept`, `collection`, `term`, `seq`) VALUES
('dime.period', '', 'XXXX', 95),
('dime.period', 'AEX', 'AE', 3),
('dime.period', 'AEX', 'AEM', 4),
('dime.period', 'AEX', 'AEY', 6),
('dime.period', 'AKX', 'AK', 9),
('dime.period', 'AKX', 'AKM', 10),
('dime.period', 'AKX', 'AKY', 12),
('dime.period', 'AMX', 'AM', 13),
('dime.period', 'AMX', 'AMM', 14),
('dime.period', 'AMX', 'AMY', 16),
('dime.period', 'APY', 'AAX', 1),
('dime.period', 'APY', 'ABX', 2),
('dime.period', 'APY', 'AFX', 7),
('dime.period', 'APY', 'AHX', 8),
('dime.period', 'AMXX', 'AEX', 5),
('dime.period', 'AMXX', 'AKX', 11),
('dime.period', 'AMXX', 'AMX', 15),
('dime.period', 'ATM1', 'TM1A', 93),
('dime.period', 'ATM1', 'TM1B', 94),
('dime.period', 'AYEX', 'AYE', 30),
('dime.period', 'AYEX', 'AYEM', 31),
('dime.period', 'AYEX', 'AYEY', 33),
('dime.period', 'AYS', 'AYS', 36),
('dime.period', 'AYS', 'AYSY', 38),
('dime.period', 'AYT', 'ATNA', 26),
('dime.period', 'AYT', 'ATNB', 27),
('dime.period', 'AYT', 'ATNC', 28),
('dime.period', 'AYTM', 'ATM1', 21),
('dime.period', 'AYTM', 'ATM2', 22),
('dime.period', 'AYTM', 'ATM3', 23),
('dime.period', 'AYTM', 'ATM4', 24),
('dime.period', 'AYTM', 'ATM5', 25),
('dime.period', 'AYTX', 'AYT', 39),
('dime.period', 'AYTX', 'AYTM', 40),
('dime.period', 'AYXX', 'AYEX', 32),
('dime.period', 'AYXX', 'AYGX', 34),
('dime.period', 'AYXX', 'AYKX', 35),
('dime.period', 'AYXX', 'AYSX', 37),
('dime.period', 'AYXX', 'AYTX', 41),
('dime.period', 'BXX', 'BX1', 43),
('dime.period', 'BXX', 'BX2', 44),
('dime.period', 'BXX', 'BX3', 45),
('dime.period', 'BXXX', 'BXX', 46),
('dime.period', 'BXXX', 'BYXX', 51),
('dime.period', 'BYXX', 'BYX4', 48),
('dime.period', 'BYXX', 'BYX5', 49),
('dime.period', 'BYXX', 'BYX6', 50),
('dime.period', 'CFX', 'CF', 52),
('dime.period', 'CFX', 'CFM', 53),
('dime.period', 'CFX', 'CFY', 55),
('dime.period', 'CR', 'CRA', 56),
('dime.period', 'CR', 'CRB', 58),
('dime.period', 'CRX', 'CR', 57),
('dime.period', 'CRX', 'CRY', 63),
('dime.period', 'CRY', 'CRC', 59),
('dime.period', 'CRY', 'CRD', 60),
('dime.period', 'CRY', 'CRE', 61),
('dime.period', 'CXX', 'CFX', 54),
('dime.period', 'CXX', 'CRX', 62),
('dime.period', 'CXXX', 'CXX', 64),
('dime.period', 'CXXX', 'CYXX', 72),
('dime.period', 'CYGX', 'CYG', 66),
('dime.period', 'CYGX', 'CYGY', 68),
('dime.period', 'CYVX', 'CYV', 69),
('dime.period', 'CYVX', 'CYVY', 71),
('dime.period', 'CYXX', 'CYGX', 67),
('dime.period', 'CYXX', 'CYVX', 70),
('dime.period', 'DXX', 'DX1', 73),
('dime.period', 'DXX', 'DX2', 74),
('dime.period', 'DXXX', 'DXX', 75),
('dime.period', 'DXXX', 'DYXX', 80),
('dime.period', 'DYXX', 'DYX3', 77),
('dime.period', 'DYXX', 'DYX4', 78),
('dime.period', 'DYXX', 'DYX5', 79),
('dime.period', 'FXXX', 'FXX', 82),
('dime.period', 'FXXX', 'FMIN', 83),
('dime.period', 'FXXX', 'FMV1', 84),
('dime.period', 'FXXX', 'FMV2', 85),
('dime.period', 'FXXX', 'FMVM', 86),
('dime.period', 'FXXX', 'FYDI', 88),
('dime.period', 'FXXX', 'FYEL', 89),
('dime.period', 'FXXX', 'FYVE', 90),
('dime.period', 'HXXX', 'FXXX', 87),
('dime.period', 'OXXX', 'AP', 17),
('dime.period', 'OXXX', 'APM', 18),
('dime.period', 'OXXX', 'APY', 19),
('dime.period', 'OXXX', 'AMXX', 20),
('dime.period', 'OXXX', 'AXXX', 29),
('dime.period', 'OXXX', 'AYXX', 42),
('dime.period', 'OXXX', 'BXXX', 47),
('dime.period', 'OXXX', 'CXXX', 65),
('dime.period', 'OXXX', 'DXXX', 76),
('dime.period', 'OXXX', 'EXXX', 81),
('dime.period', 'XXXX', 'HXXX', 91),
('dime.period', 'XXXX', 'OXXX', 92);

-- --------------------------------------------------------

--
-- Table structure for table `ark_vocabulary_collection`
--

CREATE TABLE `ark_vocabulary_collection` (
  `concept` varchar(30) COLLATE utf8mb4_unicode_ci NOT NULL,
  `collection` varchar(30) COLLATE utf8mb4_unicode_ci NOT NULL,
  `label` text COLLATE utf8mb4_unicode_ci NOT NULL,
  `ordered` tinyint(1) NOT NULL DEFAULT '0',
  `description` text COLLATE utf8mb4_unicode_ci NOT NULL
) ENGINE=InnoDB DEFAULT CHARSET=utf8mb4 COLLATE=utf8mb4_unicode_ci;

-- --------------------------------------------------------

--
-- Table structure for table `ark_vocabulary_parameter`
--

CREATE TABLE `ark_vocabulary_parameter` (
  `concept` varchar(30) COLLATE utf8mb4_unicode_ci NOT NULL,
  `term` varchar(30) COLLATE utf8mb4_unicode_ci NOT NULL,
  `name` varchar(30) COLLATE utf8mb4_unicode_ci NOT NULL,
  `type` varchar(10) COLLATE utf8mb4_unicode_ci NOT NULL,
  `value` text COLLATE utf8mb4_unicode_ci NOT NULL
) ENGINE=InnoDB DEFAULT CHARSET=utf8mb4 COLLATE=utf8mb4_unicode_ci ROW_FORMAT=COMPACT;

--
-- Dumping data for table `ark_vocabulary_parameter`
--

INSERT INTO `ark_vocabulary_parameter` (`concept`, `term`, `name`, `type`, `value`) VALUES
('core.actor.type', 'institution', 'classname', 'string', 'ARK\\Actor\\Institution'),
('core.actor.type', 'museum', 'classname', 'string', 'ARK\\Actor\\Museum'),
('core.actor.type', 'person', 'classname', 'string', 'ARK\\Actor\\Person'),
('core.file.type', 'audio', 'classname', 'string', 'ARK\\File\\Audio'),
('core.file.type', 'document', 'classname', 'string', 'ARK\\File\\Document'),
('core.file.type', 'image', 'classname', 'string', 'ARK\\File\\Image'),
('core.file.type', 'other', 'classname', 'string', 'ARK\\File\\File'),
('core.file.type', 'text', 'classname', 'string', 'ARK\\File\\Text'),
('core.file.type', 'video', 'classname', 'string', 'ARK\\File\\Video'),
('core.license', 'cc0', 'url', 'string', 'https://creativecommons.org/publicdomain/zero/1.0/'),
('core.license', 'ccbyncsa', 'url', 'string', 'https://creativecommons.org/licenses/by-nc-sa/4.0/'),
('core.license', 'ccbysa', 'url', 'string', 'https://creativecommons.org/licenses/by-sa/4.0/'),
('core.message.type', 'mail', 'classname', 'string', 'ARK\\Message\\Mail'),
('core.message.type', 'notification', 'classname', 'string', 'ARK\\Message\\Notification'),
('dime.find.subtype', 'accessory.button.other', 'description', 'boolean', '1'),
('dime.find.subtype', 'accessory.fitting.other', 'description', 'boolean', '1'),
('dime.find.subtype', 'accessory.jewelery.bracteate', 'year_end', 'integer', '530'),
('dime.find.subtype', 'accessory.jewelery.bracteate', 'year_start', 'integer', '375'),
('dime.find.subtype', 'accessory.jewelery.other', 'description', 'boolean', '1'),
('dime.find.subtype', 'accessory.other', 'description', 'boolean', '1'),
('dime.find.subtype', 'accessory.pilgrim', 'period', 'string', 'DXXX'),
('dime.find.subtype', 'accessory.tutulus', 'period', 'string', 'BXXX'),
('dime.find.subtype', 'coin.danish', 'period', 'string', 'DXXX'),
('dime.find.subtype', 'coin.danish.civilwar', 'year_end', 'integer', '1380'),
('dime.find.subtype', 'coin.danish.civilwar', 'year_start', 'integer', '1241'),
('dime.find.subtype', 'coin.danish.early', 'year_end', 'integer', '1241'),
('dime.find.subtype', 'coin.danish.early', 'year_start', 'integer', '1067'),
('dime.find.subtype', 'coin.danish.hvide', 'year_end', 'integer', '1535'),
('dime.find.subtype', 'coin.danish.hvide', 'year_start', 'integer', '1380'),
('dime.find.subtype', 'coin.danish.klipping', 'year_end', 'integer', '1535'),
('dime.find.subtype', 'coin.danish.klipping', 'year_start', 'integer', '1380'),
('dime.find.subtype', 'coin.danish.other', 'description', 'boolean', '1'),
('dime.find.subtype', 'coin.danish.other', 'period', 'string', 'DXXX'),
('dime.find.subtype', 'coin.danish.ssling', 'year_end', 'integer', '1535'),
('dime.find.subtype', 'coin.danish.ssling', 'year_start', 'integer', '1380'),
('dime.find.subtype', 'coin.danish.sterling', 'year_end', 'integer', '1535'),
('dime.find.subtype', 'coin.danish.sterling', 'year_start', 'integer', '1380'),
('dime.find.subtype', 'coin.foreign', 'period', 'string', 'DXXX'),
('dime.find.subtype', 'coin.foreign.hohlpfennig', 'period', 'string', 'DXXX'),
('dime.find.subtype', 'coin.foreign.hvide', 'period', 'string', 'DXXX'),
('dime.find.subtype', 'coin.foreign.other', 'description', 'boolean', '1'),
('dime.find.subtype', 'coin.foreign.other', 'period', 'string', 'DXXX'),
('dime.find.subtype', 'coin.foreign.sterling', 'period', 'string', 'DXXX'),
('dime.find.subtype', 'coin.foreign.tournois', 'period', 'string', 'DXXX'),
('dime.find.subtype', 'coin.modern', 'year_start', 'integer', '1536'),
('dime.find.subtype', 'coin.modern.danish', 'year_start', 'integer', '1536'),
('dime.find.subtype', 'coin.modern.foreign', 'year_start', 'integer', '1536'),
('dime.find.subtype', 'coin.other', 'description', 'boolean', '1'),
('dime.find.subtype', 'coin.roman.aureus', 'year_end', 'integer', '300'),
('dime.find.subtype', 'coin.roman.aureus', 'year_start', 'integer', '1'),
('dime.find.subtype', 'coin.roman.denarius', 'year_end', 'integer', '200'),
('dime.find.subtype', 'coin.roman.denarius', 'year_start', 'integer', '-200'),
('dime.find.subtype', 'coin.roman.other', 'description', 'boolean', '1'),
('dime.find.subtype', 'coin.roman.other', 'period', 'string', 'CXX'),
('dime.find.subtype', 'coin.roman.sestertius', 'year_end', 'integer', '375'),
('dime.find.subtype', 'coin.roman.sestertius', 'year_start', 'integer', '-200'),
('dime.find.subtype', 'coin.roman.siliqua', 'year_end', 'integer', '400'),
('dime.find.subtype', 'coin.roman.siliqua', 'year_start', 'integer', '324'),
('dime.find.subtype', 'coin.roman.solidus', 'year_end', 'integer', '500'),
('dime.find.subtype', 'coin.roman.solidus', 'year_start', 'integer', '300'),
('dime.find.subtype', 'coin.viking', 'period', 'string', 'CYVX'),
('dime.find.subtype', 'coin.viking.byzantine', 'period', 'string', 'CYVX'),
('dime.find.subtype', 'coin.viking.carolingian', 'period', 'string', 'CYV'),
('dime.find.subtype', 'coin.viking.denarius', 'period', 'string', 'CYV'),
('dime.find.subtype', 'coin.viking.dirham', 'year_end', 'integer', '1000'),
('dime.find.subtype', 'coin.viking.dirham', 'year_start', 'integer', '700'),
('dime.find.subtype', 'coin.viking.english', 'period', 'string', 'CYVX'),
('dime.find.subtype', 'coin.viking.german', 'period', 'string', 'CYVX'),
('dime.find.subtype', 'coin.viking.nordic', 'period', 'string', 'CYVX'),
('dime.find.subtype', 'coin.viking.other', 'description', 'boolean', '1'),
('dime.find.subtype', 'coin.viking.other', 'period', 'string', 'CYVX'),
('dime.find.subtype', 'coin.viking.penny', 'period', 'string', 'CYVX'),
('dime.find.subtype', 'coin.viking.phennig', 'period', 'string', 'CYVX'),
('dime.find.subtype', 'coin.viking.sceat', 'year_end', 'integer', '900'),
('dime.find.subtype', 'coin.viking.sceat', 'year_start', 'integer', '700'),
('dime.find.subtype', 'fibula.beak', 'year_end', 'integer', '700'),
('dime.find.subtype', 'fibula.beak', 'year_start', 'integer', '530'),
('dime.find.subtype', 'fibula.bird.above', 'year_end', 'integer', '700'),
('dime.find.subtype', 'fibula.bird.above', 'year_start', 'integer', '600'),
('dime.find.subtype', 'fibula.bird.profile', 'period', 'string', 'DXX'),
('dime.find.subtype', 'fibula.bow', 'period', 'string', 'CXXX'),
('dime.find.subtype', 'fibula.bow.ball', 'period', 'string', 'CF'),
('dime.find.subtype', 'fibula.bow.band', 'period', 'string', 'CRX'),
('dime.find.subtype', 'fibula.bow.bilateral', 'period', 'string', 'CR'),
('dime.find.subtype', 'fibula.bow.button', 'year_end', 'integer', '900'),
('dime.find.subtype', 'fibula.bow.button', 'year_start', 'integer', '530'),
('dime.find.subtype', 'fibula.bow.cross', 'year_end', 'integer', '530'),
('dime.find.subtype', 'fibula.bow.cross', 'year_start', 'integer', '375'),
('dime.find.subtype', 'fibula.bow.foot', 'period', 'string', 'CRY'),
('dime.find.subtype', 'fibula.bow.high', 'period', 'string', 'CRY'),
('dime.find.subtype', 'fibula.bow.other', 'description', 'boolean', '1'),
('dime.find.subtype', 'fibula.bow.other', 'period', 'string', 'CXXX'),
('dime.find.subtype', 'fibula.bow.relief', 'year_end', 'integer', '530'),
('dime.find.subtype', 'fibula.bow.relief', 'year_start', 'integer', '375'),
('dime.find.subtype', 'fibula.bowl.animal', 'year_end', 'integer', '750'),
('dime.find.subtype', 'fibula.bowl.animal', 'year_start', 'integer', '700'),
('dime.find.subtype', 'fibula.bowl.circular', 'year_end', 'integer', '600'),
('dime.find.subtype', 'fibula.bowl.circular', 'year_start', 'integer', '530'),
('dime.find.subtype', 'fibula.bowl.large', 'year_end', 'integer', '950'),
('dime.find.subtype', 'fibula.bowl.large', 'year_start', 'integer', '750'),
('dime.find.subtype', 'fibula.bowl.other', 'description', 'boolean', '1'),
('dime.find.subtype', 'fibula.bowl.small', 'year_end', 'integer', '750'),
('dime.find.subtype', 'fibula.bowl.small', 'year_start', 'integer', '700'),
('dime.find.subtype', 'fibula.circular.large', 'year_end', 'integer', '950'),
('dime.find.subtype', 'fibula.circular.large', 'year_start', 'integer', '750'),
('dime.find.subtype', 'fibula.circular.other', 'description', 'boolean', '1'),
('dime.find.subtype', 'fibula.circular.small', 'year_end', 'integer', '950'),
('dime.find.subtype', 'fibula.circular.small', 'year_start', 'integer', '750'),
('dime.find.subtype', 'fibula.circular.tin', 'period', 'string', 'DXX'),
('dime.find.subtype', 'fibula.enamel.central', 'year_end', 'integer', '1150'),
('dime.find.subtype', 'fibula.enamel.central', 'year_start', 'integer', '900'),
('dime.find.subtype', 'fibula.enamel.cross', 'year_end', 'integer', '1000'),
('dime.find.subtype', 'fibula.enamel.cross', 'year_start', 'integer', '800'),
('dime.find.subtype', 'fibula.enamel.multiple', 'year_end', 'integer', '1100'),
('dime.find.subtype', 'fibula.enamel.multiple', 'year_start', 'integer', '800'),
('dime.find.subtype', 'fibula.enamel.other', 'description', 'boolean', '1'),
('dime.find.subtype', 'fibula.equalarm', 'period', 'string', 'CYXX'),
('dime.find.subtype', 'fibula.equalarm.large', 'period', 'string', 'CYVX'),
('dime.find.subtype', 'fibula.equalarm.other', 'description', 'boolean', '1'),
('dime.find.subtype', 'fibula.equalarm.small', 'year_end', 'integer', '60'),
('dime.find.subtype', 'fibula.equalarm.small', 'year_start', 'integer', '530'),
('dime.find.subtype', 'fibula.healing', 'year_end', 'integer', '1150'),
('dime.find.subtype', 'fibula.healing', 'year_start', 'integer', '950'),
('dime.find.subtype', 'fibula.healing.aalborg', 'period', 'string', 'DXX'),
('dime.find.subtype', 'fibula.healing.lamb', 'period', 'string', 'DXX'),
('dime.find.subtype', 'fibula.healing.other', 'description', 'boolean', '1'),
('dime.find.subtype', 'fibula.healing.urnes', 'year_end', 'integer', '1150'),
('dime.find.subtype', 'fibula.healing.urnes', 'year_start', 'integer', '950'),
('dime.find.subtype', 'fibula.other', 'description', 'boolean', '1'),
('dime.find.subtype', 'fibula.plate.bird', 'year_end', 'integer', '700'),
('dime.find.subtype', 'fibula.plate.bird', 'year_start', 'integer', '530'),
('dime.find.subtype', 'fibula.plate.coin', 'period', 'string', 'CYVX'),
('dime.find.subtype', 'fibula.plate.horse', 'year_end', 'integer', '750'),
('dime.find.subtype', 'fibula.plate.horse', 'year_start', 'integer', '530'),
('dime.find.subtype', 'fibula.plate.other', 'description', 'boolean', '1'),
('dime.find.subtype', 'fibula.plate.oval', 'year_end', 'integer', '700'),
('dime.find.subtype', 'fibula.plate.oval', 'year_start', 'integer', '600'),
('dime.find.subtype', 'fibula.plate.rhede', 'year_end', 'integer', '950'),
('dime.find.subtype', 'fibula.plate.rhede', 'year_start', 'integer', '800'),
('dime.find.subtype', 'fibula.plate.rectangular', 'year_end', 'integer', '700'),
('dime.find.subtype', 'fibula.plate.rectangular', 'year_start', 'integer', '600'),
('dime.find.subtype', 'fibula.plate.ship', 'year_end', 'integer', '950'),
('dime.find.subtype', 'fibula.plate.ship', 'year_start', 'integer', '750'),
('dime.find.subtype', 'fibula.plate.snake', 'year_end', 'integer', '700'),
('dime.find.subtype', 'fibula.plate.snake', 'year_start', 'integer', '530'),
('dime.find.subtype', 'fibula.plate.swastika', 'year_end', 'integer', '1066'),
('dime.find.subtype', 'fibula.plate.swastika', 'year_start', 'integer', '174'),
('dime.find.subtype', 'fibula.plate.tongue', 'year_end', 'integer', '950'),
('dime.find.subtype', 'fibula.plate.tongue', 'year_start', 'integer', '750'),
('dime.find.subtype', 'fibula.plate.valkyrie', 'year_end', 'integer', '950'),
('dime.find.subtype', 'fibula.plate.valkyrie', 'year_start', 'integer', '750'),
('dime.find.subtype', 'fibula.ring', 'period', 'string', 'DXXX'),
('dime.find.subtype', 'fibula.ring.circular', 'period', 'string', 'DXXX'),
('dime.find.subtype', 'fibula.ring.heart', 'period', 'string', 'DYX3'),
('dime.find.subtype', 'fibula.ring.other', 'period', 'string', 'DXXX'),
('dime.find.subtype', 'fibula.ring.star', 'period', 'string', 'DYX3'),
('dime.find.subtype', 'fibula.trilobal', 'year_end', 'integer', '1000'),
('dime.find.subtype', 'fibula.trilobal', 'year_start', 'integer', '850'),
('dime.find.subtype', 'fibula.viking', 'period', 'string', 'CYVX'),
('dime.find.subtype', 'fibula.viking.other', 'description', 'boolean', '1'),
('dime.find.subtype', 'fibula.viking.other', 'period', 'string', 'CYVX'),
('dime.find.subtype', 'fibula.viking.rhombic', 'year_end', 'integer', '950'),
('dime.find.subtype', 'fibula.viking.rhombic', 'year_start', 'integer', '800'),
('dime.find.subtype', 'fibula.viking.ring', 'year_end', 'integer', '950'),
('dime.find.subtype', 'fibula.viking.ring', 'year_start', 'integer', '750'),
('dime.find.subtype', 'fibula.viking.roof', 'period', 'string', 'CYV'),
('dime.find.subtype', 'metal.other', 'description', 'boolean', '1'),
('dime.find.subtype', 'military.fitting.other', 'description', 'boolean', '1'),
('dime.find.subtype', 'military.melee.other', 'description', 'boolean', '1'),
('dime.find.subtype', 'military.other', 'description', 'boolean', '1'),
('dime.find.subtype', 'tool.house.other', 'description', 'boolean', '1'),
('dime.find.subtype', 'tool.other', 'description', 'boolean', '1'),
('dime.find.subtype', 'tool.toilet.other', 'description', 'boolean', '1'),
('dime.find.subtype', 'tool.toy.other', 'description', 'boolean', '1'),
('dime.find.subtype', 'tool.work.other', 'description', 'boolean', '1'),
('dime.period', 'AMXX', 'year_end', 'integer', '-3951'),
('dime.period', 'AMXX', 'year_start', 'integer', '-9000'),
('dime.period', 'AXXX', 'year_end', 'integer', '-1701'),
('dime.period', 'AXXX', 'year_start', 'integer', '-250000'),
('dime.period', 'AYXX', 'year_end', 'integer', '-1701'),
('dime.period', 'AYXX', 'year_start', 'integer', '-3950'),
('dime.period', 'BX1', 'year_end', 'integer', '-1501'),
('dime.period', 'BX1', 'year_start', 'integer', '-1700'),
('dime.period', 'BX2', 'year_end', 'integer', '-1301'),
('dime.period', 'BX2', 'year_start', 'integer', '-1500'),
('dime.period', 'BX3', 'year_end', 'integer', '-1101'),
('dime.period', 'BX3', 'year_start', 'integer', '-1300'),
('dime.period', 'BXX', 'year_end', 'integer', '-1101'),
('dime.period', 'BXX', 'year_start', 'integer', '-1700'),
('dime.period', 'BXXX', 'year_end', 'integer', '-501'),
('dime.period', 'BXXX', 'year_start', 'integer', '-1700'),
('dime.period', 'BYX4', 'year_end', 'integer', '-901'),
('dime.period', 'BYX4', 'year_start', 'integer', '-1100'),
('dime.period', 'BYX5', 'year_end', 'integer', '-701'),
('dime.period', 'BYX5', 'year_start', 'integer', '-900'),
('dime.period', 'BYX6', 'year_end', 'integer', '-501'),
('dime.period', 'BYX6', 'year_start', 'integer', '-700'),
('dime.period', 'BYXX', 'year_end', 'integer', '-501'),
('dime.period', 'BYXX', 'year_start', 'integer', '-1100'),
('dime.period', 'CF', 'year_end', 'integer', '-401'),
('dime.period', 'CF', 'year_start', 'integer', '-500'),
('dime.period', 'CFM', 'year_end', 'integer', '-101'),
('dime.period', 'CFM', 'year_start', 'integer', '-400'),
('dime.period', 'CFX', 'year_end', 'integer', '0'),
('dime.period', 'CFX', 'year_start', 'integer', '-500'),
('dime.period', 'CFY', 'year_end', 'integer', '0'),
('dime.period', 'CFY', 'year_start', 'integer', '-100'),
('dime.period', 'CRA', 'year_end', 'integer', '69'),
('dime.period', 'CRA', 'year_start', 'integer', '1'),
('dime.period', 'CR', 'year_end', 'integer', '174'),
('dime.period', 'CR', 'year_start', 'integer', '1'),
('dime.period', 'CRB', 'year_end', 'integer', '174'),
('dime.period', 'CRB', 'year_start', 'integer', '70'),
('dime.period', 'CRC', 'year_end', 'integer', '249'),
('dime.period', 'CRC', 'year_start', 'integer', '175'),
('dime.period', 'CRD', 'year_end', 'integer', '309'),
('dime.period', 'CRD', 'year_start', 'integer', '250'),
('dime.period', 'CRE', 'year_end', 'integer', '374'),
('dime.period', 'CRE', 'year_start', 'integer', '310'),
('dime.period', 'CRX', 'year_end', 'integer', '374'),
('dime.period', 'CRX', 'year_start', 'integer', '1'),
('dime.period', 'CRY', 'year_end', 'integer', '374'),
('dime.period', 'CRY', 'year_start', 'integer', '175'),
('dime.period', 'CXX', 'year_end', 'integer', '374'),
('dime.period', 'CXX', 'year_start', 'integer', '-500'),
('dime.period', 'CXXX', 'year_end', 'integer', '1066'),
('dime.period', 'CXXX', 'year_start', 'integer', '-500'),
('dime.period', 'CYG', 'year_end', 'integer', '549'),
('dime.period', 'CYG', 'year_start', 'integer', '375'),
('dime.period', 'CYGX', 'year_end', 'integer', '749'),
('dime.period', 'CYGX', 'year_start', 'integer', '375'),
('dime.period', 'CYGY', 'year_end', 'integer', '749'),
('dime.period', 'CYGY', 'year_start', 'integer', '549'),
('dime.period', 'CYV', 'year_end', 'integer', '899'),
('dime.period', 'CYV', 'year_start', 'integer', '750'),
('dime.period', 'CYVX', 'year_end', 'integer', '1066'),
('dime.period', 'CYVX', 'year_start', 'integer', '750'),
('dime.period', 'CYVY', 'year_end', 'integer', '1066'),
('dime.period', 'CYVY', 'year_start', 'integer', '900'),
('dime.period', 'CYXX', 'year_end', 'integer', '1066'),
('dime.period', 'CYXX', 'year_start', 'integer', '375'),
('dime.period', 'DXX', 'year_end', 'integer', '1199'),
('dime.period', 'DXX', 'year_start', 'integer', '1067'),
('dime.period', 'DXXX', 'year_end', 'integer', '1535'),
('dime.period', 'DXXX', 'year_start', 'integer', '1067'),
('dime.period', 'DYX3', 'year_end', 'integer', '1399'),
('dime.period', 'DYX3', 'year_start', 'integer', '1200'),
('dime.period', 'DYX4', 'year_end', 'integer', '1535'),
('dime.period', 'DYX4', 'year_start', 'integer', '1400'),
('dime.period', 'EXXX', 'year_end', 'integer', '1660'),
('dime.period', 'EXXX', 'year_start', 'integer', '1536'),
('dime.period', 'FXX', 'year_end', 'integer', '1848'),
('dime.period', 'FXX', 'year_start', 'integer', '1661'),
('dime.period', 'FMIN', 'year_end', 'integer', '1913'),
('dime.period', 'FMIN', 'year_start', 'integer', '1849'),
('dime.period', 'FMV1', 'year_end', 'integer', '1918'),
('dime.period', 'FMV1', 'year_start', 'integer', '1914'),
('dime.period', 'FMV2', 'year_end', 'integer', '1945'),
('dime.period', 'FMV2', 'year_start', 'integer', '1940'),
('dime.period', 'FMVM', 'year_end', 'integer', '1939'),
('dime.period', 'FMVM', 'year_start', 'integer', '1919'),
('dime.period', 'FXXX', 'year_start', 'integer', '1661'),
('dime.period', 'FYXX', 'year_start', 'integer', '1946'),
('dime.period', 'HXXX', 'year_start', 'integer', '1067'),
('dime.period', 'PALEO', 'year_end', 'integer', '-9001'),
('dime.period', 'PALEO', 'year_start', 'integer', '-250000'),
('dime.period', 'VEM', 'year_end', 'integer', '1199'),
('dime.period', 'VEM', 'year_start', 'integer', '750');

-- --------------------------------------------------------

--
-- Table structure for table `ark_vocabulary_related`
--

CREATE TABLE `ark_vocabulary_related` (
  `from_concept` varchar(30) COLLATE utf8mb4_unicode_ci NOT NULL,
  `from_term` varchar(30) COLLATE utf8mb4_unicode_ci NOT NULL,
  `to_concept` varchar(30) COLLATE utf8mb4_unicode_ci NOT NULL,
  `to_term` varchar(30) COLLATE utf8mb4_unicode_ci NOT NULL,
  `relation` varchar(30) COLLATE utf8mb4_unicode_ci NOT NULL,
  `parameter` varchar(30) COLLATE utf8mb4_unicode_ci NOT NULL,
  `depth` int(11) NOT NULL
) ENGINE=InnoDB DEFAULT CHARSET=utf8mb4 COLLATE=utf8mb4_unicode_ci;

--
-- Dumping data for table `ark_vocabulary_related`
--

INSERT INTO `ark_vocabulary_related` (`from_concept`, `from_term`, `to_concept`, `to_term`, `relation`, `parameter`, `depth`) VALUES
('core.item.status', 'allocated', 'core.item.status', 'deleted', 'transition', 'delete', 0),
('core.item.status', 'allocated', 'core.item.status', 'registered', 'transition', 'register', 0),
('core.item.status', 'allocated', 'core.item.status', 'void', 'transition', 'void', 0),
('core.item.status', 'registered', 'core.item.status', 'deleted', 'transition', 'delete', 0),
('core.item.status', 'registered', 'core.item.status', 'void', 'transition', 'void', 0),
('core.item.status', 'void', 'core.item.status', 'allocated', 'transition', 'allocate', 0),
('core.item.status', 'void', 'core.item.status', 'deleted', 'transition', 'delete', 0),
('core.item.status', 'void', 'core.item.status', 'registered', 'transition', 'register', 0),
('dime.denmark.admin', 'DK', 'dime.denmark.region', 'DK01', 'broader', '', 2),
('dime.denmark.admin', 'DK', 'dime.denmark.region', 'DK02', 'broader', '', 2),
('dime.denmark.admin', 'DK', 'dime.denmark.region', 'DK03', 'broader', '', 2),
('dime.denmark.admin', 'DK', 'dime.denmark.region', 'DK04', 'broader', '', 2),
('dime.denmark.admin', 'DK', 'dime.denmark.region', 'DK05', 'broader', '', 2),
('dime.denmark.region', 'DK01', 'dime.denmark.municipality', '101', 'broader', '', 3),
('dime.denmark.region', 'DK01', 'dime.denmark.municipality', '147', 'broader', '', 3),
('dime.denmark.region', 'DK01', 'dime.denmark.municipality', '151', 'broader', '', 3),
('dime.denmark.region', 'DK01', 'dime.denmark.municipality', '153', 'broader', '', 3),
('dime.denmark.region', 'DK01', 'dime.denmark.municipality', '155', 'broader', '', 3),
('dime.denmark.region', 'DK01', 'dime.denmark.municipality', '157', 'broader', '', 3),
('dime.denmark.region', 'DK01', 'dime.denmark.municipality', '159', 'broader', '', 3),
('dime.denmark.region', 'DK01', 'dime.denmark.municipality', '161', 'broader', '', 3),
('dime.denmark.region', 'DK01', 'dime.denmark.municipality', '163', 'broader', '', 3),
('dime.denmark.region', 'DK01', 'dime.denmark.municipality', '165', 'broader', '', 3),
('dime.denmark.region', 'DK01', 'dime.denmark.municipality', '167', 'broader', '', 3),
('dime.denmark.region', 'DK01', 'dime.denmark.municipality', '169', 'broader', '', 3),
('dime.denmark.region', 'DK01', 'dime.denmark.municipality', '173', 'broader', '', 3),
('dime.denmark.region', 'DK01', 'dime.denmark.municipality', '175', 'broader', '', 3),
('dime.denmark.region', 'DK01', 'dime.denmark.municipality', '183', 'broader', '', 3),
('dime.denmark.region', 'DK01', 'dime.denmark.municipality', '185', 'broader', '', 3),
('dime.denmark.region', 'DK01', 'dime.denmark.municipality', '187', 'broader', '', 3),
('dime.denmark.region', 'DK01', 'dime.denmark.municipality', '190', 'broader', '', 3),
('dime.denmark.region', 'DK01', 'dime.denmark.municipality', '201', 'broader', '', 3),
('dime.denmark.region', 'DK01', 'dime.denmark.municipality', '210', 'broader', '', 3),
('dime.denmark.region', 'DK01', 'dime.denmark.municipality', '217', 'broader', '', 3),
('dime.denmark.region', 'DK01', 'dime.denmark.municipality', '219', 'broader', '', 3),
('dime.denmark.region', 'DK01', 'dime.denmark.municipality', '223', 'broader', '', 3),
('dime.denmark.region', 'DK01', 'dime.denmark.municipality', '230', 'broader', '', 3),
('dime.denmark.region', 'DK01', 'dime.denmark.municipality', '240', 'broader', '', 3),
('dime.denmark.region', 'DK01', 'dime.denmark.municipality', '250', 'broader', '', 3),
('dime.denmark.region', 'DK01', 'dime.denmark.municipality', '260', 'broader', '', 3),
('dime.denmark.region', 'DK01', 'dime.denmark.municipality', '270', 'broader', '', 3),
('dime.denmark.region', 'DK01', 'dime.denmark.municipality', '400', 'broader', '', 3),
('dime.denmark.region', 'DK02', 'dime.denmark.municipality', '253', 'broader', '', 3),
('dime.denmark.region', 'DK02', 'dime.denmark.municipality', '259', 'broader', '', 3),
('dime.denmark.region', 'DK02', 'dime.denmark.municipality', '265', 'broader', '', 3),
('dime.denmark.region', 'DK02', 'dime.denmark.municipality', '269', 'broader', '', 3),
('dime.denmark.region', 'DK02', 'dime.denmark.municipality', '306', 'broader', '', 3),
('dime.denmark.region', 'DK02', 'dime.denmark.municipality', '316', 'broader', '', 3),
('dime.denmark.region', 'DK02', 'dime.denmark.municipality', '320', 'broader', '', 3),
('dime.denmark.region', 'DK02', 'dime.denmark.municipality', '326', 'broader', '', 3),
('dime.denmark.region', 'DK02', 'dime.denmark.municipality', '329', 'broader', '', 3),
('dime.denmark.region', 'DK02', 'dime.denmark.municipality', '330', 'broader', '', 3),
('dime.denmark.region', 'DK02', 'dime.denmark.municipality', '336', 'broader', '', 3),
('dime.denmark.region', 'DK02', 'dime.denmark.municipality', '340', 'broader', '', 3),
('dime.denmark.region', 'DK02', 'dime.denmark.municipality', '350', 'broader', '', 3),
('dime.denmark.region', 'DK02', 'dime.denmark.municipality', '360', 'broader', '', 3),
('dime.denmark.region', 'DK02', 'dime.denmark.municipality', '370', 'broader', '', 3),
('dime.denmark.region', 'DK02', 'dime.denmark.municipality', '376', 'broader', '', 3),
('dime.denmark.region', 'DK02', 'dime.denmark.municipality', '390', 'broader', '', 3),
('dime.denmark.region', 'DK03', 'dime.denmark.municipality', '410', 'broader', '', 3),
('dime.denmark.region', 'DK03', 'dime.denmark.municipality', '420', 'broader', '', 3),
('dime.denmark.region', 'DK03', 'dime.denmark.municipality', '430', 'broader', '', 3),
('dime.denmark.region', 'DK03', 'dime.denmark.municipality', '440', 'broader', '', 3),
('dime.denmark.region', 'DK03', 'dime.denmark.municipality', '450', 'broader', '', 3),
('dime.denmark.region', 'DK03', 'dime.denmark.municipality', '461', 'broader', '', 3),
('dime.denmark.region', 'DK03', 'dime.denmark.municipality', '479', 'broader', '', 3),
('dime.denmark.region', 'DK03', 'dime.denmark.municipality', '480', 'broader', '', 3),
('dime.denmark.region', 'DK03', 'dime.denmark.municipality', '482', 'broader', '', 3),
('dime.denmark.region', 'DK03', 'dime.denmark.municipality', '492', 'broader', '', 3),
('dime.denmark.region', 'DK03', 'dime.denmark.municipality', '510', 'broader', '', 3),
('dime.denmark.region', 'DK03', 'dime.denmark.municipality', '530', 'broader', '', 3),
('dime.denmark.region', 'DK03', 'dime.denmark.municipality', '540', 'broader', '', 3),
('dime.denmark.region', 'DK03', 'dime.denmark.municipality', '550', 'broader', '', 3),
('dime.denmark.region', 'DK03', 'dime.denmark.municipality', '561', 'broader', '', 3),
('dime.denmark.region', 'DK03', 'dime.denmark.municipality', '563', 'broader', '', 3),
('dime.denmark.region', 'DK03', 'dime.denmark.municipality', '573', 'broader', '', 3),
('dime.denmark.region', 'DK03', 'dime.denmark.municipality', '575', 'broader', '', 3),
('dime.denmark.region', 'DK03', 'dime.denmark.municipality', '580', 'broader', '', 3),
('dime.denmark.region', 'DK03', 'dime.denmark.municipality', '607', 'broader', '', 3),
('dime.denmark.region', 'DK03', 'dime.denmark.municipality', '621', 'broader', '', 3),
('dime.denmark.region', 'DK03', 'dime.denmark.municipality', '630', 'broader', '', 3),
('dime.denmark.region', 'DK04', 'dime.denmark.municipality', '615', 'broader', '', 3),
('dime.denmark.region', 'DK04', 'dime.denmark.municipality', '657', 'broader', '', 3),
('dime.denmark.region', 'DK04', 'dime.denmark.municipality', '661', 'broader', '', 3),
('dime.denmark.region', 'DK04', 'dime.denmark.municipality', '665', 'broader', '', 3),
('dime.denmark.region', 'DK04', 'dime.denmark.municipality', '671', 'broader', '', 3),
('dime.denmark.region', 'DK04', 'dime.denmark.municipality', '706', 'broader', '', 3),
('dime.denmark.region', 'DK04', 'dime.denmark.municipality', '707', 'broader', '', 3),
('dime.denmark.region', 'DK04', 'dime.denmark.municipality', '710', 'broader', '', 3),
('dime.denmark.region', 'DK04', 'dime.denmark.municipality', '727', 'broader', '', 3),
('dime.denmark.region', 'DK04', 'dime.denmark.municipality', '730', 'broader', '', 3),
('dime.denmark.region', 'DK04', 'dime.denmark.municipality', '740', 'broader', '', 3),
('dime.denmark.region', 'DK04', 'dime.denmark.municipality', '741', 'broader', '', 3),
('dime.denmark.region', 'DK04', 'dime.denmark.municipality', '746', 'broader', '', 3),
('dime.denmark.region', 'DK04', 'dime.denmark.municipality', '751', 'broader', '', 3),
('dime.denmark.region', 'DK04', 'dime.denmark.municipality', '756', 'broader', '', 3),
('dime.denmark.region', 'DK04', 'dime.denmark.municipality', '760', 'broader', '', 3),
('dime.denmark.region', 'DK04', 'dime.denmark.municipality', '766', 'broader', '', 3),
('dime.denmark.region', 'DK04', 'dime.denmark.municipality', '779', 'broader', '', 3),
('dime.denmark.region', 'DK04', 'dime.denmark.municipality', '791', 'broader', '', 3),
('dime.denmark.region', 'DK05', 'dime.denmark.municipality', '773', 'broader', '', 3),
('dime.denmark.region', 'DK05', 'dime.denmark.municipality', '787', 'broader', '', 3),
('dime.denmark.region', 'DK05', 'dime.denmark.municipality', '810', 'broader', '', 3),
('dime.denmark.region', 'DK05', 'dime.denmark.municipality', '813', 'broader', '', 3),
('dime.denmark.region', 'DK05', 'dime.denmark.municipality', '820', 'broader', '', 3),
('dime.denmark.region', 'DK05', 'dime.denmark.municipality', '825', 'broader', '', 3),
('dime.denmark.region', 'DK05', 'dime.denmark.municipality', '840', 'broader', '', 3),
('dime.denmark.region', 'DK05', 'dime.denmark.municipality', '846', 'broader', '', 3),
('dime.denmark.region', 'DK05', 'dime.denmark.municipality', '849', 'broader', '', 3),
('dime.denmark.region', 'DK05', 'dime.denmark.municipality', '851', 'broader', '', 3),
('dime.denmark.region', 'DK05', 'dime.denmark.municipality', '860', 'broader', '', 3),
('dime.find.custody', 'destroyed', 'dime.find.custody', 'held', 'transition', 'recover', 0),
('dime.find.custody', 'discarded', 'dime.find.custody', 'held', 'transition', 'recover', 0),
('dime.find.custody', 'held', 'dime.find.custody', 'destroyed', 'transition', 'destroy', 0),
('dime.find.custody', 'held', 'dime.find.custody', 'discarded', 'transition', 'discard', 0),
('dime.find.custody', 'held', 'dime.find.custody', 'lost', 'transition', 'lose', 0),
('dime.find.custody', 'held', 'dime.find.custody', 'requested', 'transition', 'request', 0),
('dime.find.custody', 'held', 'dime.find.custody', 'sent', 'transition', 'send', 0),
('dime.find.custody', 'lost', 'dime.find.custody', 'held', 'transition', 'recover', 0),
('dime.find.custody', 'requested', 'dime.find.custody', 'held', 'transition', 'decline', 0),
('dime.find.custody', 'requested', 'dime.find.custody', 'sent', 'transition', 'send', 0),
('dime.find.custody', 'sent', 'dime.find.custody', 'held', 'transition', 'receive', 0),
('dime.find.process', 'assessed', 'dime.find.process', 'accessioned', 'transition', 'accession', 0),
('dime.find.process', 'assessed', 'dime.find.process', 'released', 'transition', 'release', 0),
('dime.find.process', 'evaluated', 'dime.find.process', 'accessioned', 'transition', 'accession', 0),
('dime.find.process', 'evaluated', 'dime.find.process', 'assessed', 'transition', 'assess', 0),
('dime.find.process', 'evaluated', 'dime.find.process', 'released', 'transition', 'release', 0),
('dime.find.process', 'recorded', 'dime.find.process', 'deleted', 'transition', 'delete', 0),
('dime.find.process', 'recorded', 'dime.find.process', 'inactive', 'transition', 'report', 0),
('dime.find.process', 'recorded', 'dime.find.process', 'reported', 'transition', 'report', 0),
('dime.find.process', 'rejected', 'dime.find.process', 'deleted', 'transition', 'delete', 0),
('dime.find.process', 'reported', 'dime.find.process', 'deleted', 'transition', 'delete', 0),
('dime.find.process', 'reported', 'dime.find.process', 'rejected', 'transition', 'reject', 0),
('dime.find.process', 'reported', 'dime.find.process', 'validated', 'transition', 'validate', 0),
('dime.find.process', 'validated', 'dime.find.process', 'evaluated', 'transition', 'evaluate', 0),
('dime.find.subtype', 'accessory.button', 'dime.find.subtype', 'accessory.button.bar', 'broader', '', 3),
('dime.find.subtype', 'accessory.button', 'dime.find.subtype', 'accessory.button.other', 'broader', '', 3),
('dime.find.subtype', 'accessory.button', 'dime.find.subtype', 'accessory.button.round', 'broader', '', 3),
('dime.find.subtype', 'accessory.button', 'dime.find.subtype', 'accessory.button.stud', 'broader', '', 3),
('dime.find.subtype', 'accessory.fitting', 'dime.find.subtype', 'accessory.fitting.belt', 'broader', '', 3),
('dime.find.subtype', 'accessory.fitting', 'dime.find.subtype', 'accessory.fitting.other', 'broader', '', 3),
('dime.find.subtype', 'accessory.jewelery', 'dime.find.subtype', 'accessory.jewelery.bracelet', 'broader', '', 3),
('dime.find.subtype', 'accessory.jewelery', 'dime.find.subtype', 'accessory.jewelery.bracteate', 'broader', '', 3),
('dime.find.subtype', 'accessory.jewelery', 'dime.find.subtype', 'accessory.jewelery.earring', 'broader', '', 3),
('dime.find.subtype', 'accessory.jewelery', 'dime.find.subtype', 'accessory.jewelery.necklace', 'broader', '', 3),
('dime.find.subtype', 'accessory.jewelery', 'dime.find.subtype', 'accessory.jewelery.other', 'broader', '', 3),
('dime.find.subtype', 'accessory.jewelery', 'dime.find.subtype', 'accessory.jewelery.pasyning', 'broader', '', 3),
('dime.find.subtype', 'accessory.jewelery', 'dime.find.subtype', 'accessory.jewelery.pearl', 'broader', '', 3),
('dime.find.subtype', 'accessory.jewelery', 'dime.find.subtype', 'accessory.jewelery.pendant', 'broader', '', 3),
('dime.find.subtype', 'accessory.jewelery', 'dime.find.subtype', 'accessory.jewelery.ring', 'broader', '', 3),
('dime.find.subtype', 'coin.danish', 'dime.find.subtype', 'coin.danish.civilwar', 'broader', '', 3),
('dime.find.subtype', 'coin.danish', 'dime.find.subtype', 'coin.danish.early', 'broader', '', 3),
('dime.find.subtype', 'coin.danish', 'dime.find.subtype', 'coin.danish.hvide', 'broader', '', 3),
('dime.find.subtype', 'coin.danish', 'dime.find.subtype', 'coin.danish.klipping', 'broader', '', 3),
('dime.find.subtype', 'coin.danish', 'dime.find.subtype', 'coin.danish.other', 'broader', '', 3),
('dime.find.subtype', 'coin.danish', 'dime.find.subtype', 'coin.danish.ssling', 'broader', '', 3),
('dime.find.subtype', 'coin.danish', 'dime.find.subtype', 'coin.danish.sterling', 'broader', '', 3),
('dime.find.subtype', 'coin.foreign', 'dime.find.subtype', 'coin.foreign.hohlpfennig', 'broader', '', 3),
('dime.find.subtype', 'coin.foreign', 'dime.find.subtype', 'coin.foreign.hvide', 'broader', '', 3),
('dime.find.subtype', 'coin.foreign', 'dime.find.subtype', 'coin.foreign.other', 'broader', '', 3),
('dime.find.subtype', 'coin.foreign', 'dime.find.subtype', 'coin.foreign.sterling', 'broader', '', 3),
('dime.find.subtype', 'coin.foreign', 'dime.find.subtype', 'coin.foreign.tournois', 'broader', '', 3),
('dime.find.subtype', 'coin.modern', 'dime.find.subtype', 'coin.modern.danish', 'broader', '', 3),
('dime.find.subtype', 'coin.modern', 'dime.find.subtype', 'coin.modern.foreign', 'broader', '', 3),
('dime.find.subtype', 'coin.roman', 'dime.find.subtype', 'coin.roman.aureus', 'broader', '', 3),
('dime.find.subtype', 'coin.roman', 'dime.find.subtype', 'coin.roman.denarius', 'broader', '', 3),
('dime.find.subtype', 'coin.roman', 'dime.find.subtype', 'coin.roman.other', 'broader', '', 3),
('dime.find.subtype', 'coin.roman', 'dime.find.subtype', 'coin.roman.sestertius', 'broader', '', 3),
('dime.find.subtype', 'coin.roman', 'dime.find.subtype', 'coin.roman.siliqua', 'broader', '', 3),
('dime.find.subtype', 'coin.roman', 'dime.find.subtype', 'coin.roman.solidus', 'broader', '', 3),
('dime.find.subtype', 'coin.viking', 'dime.find.subtype', 'coin.viking.byzantine', 'broader', '', 3),
('dime.find.subtype', 'coin.viking', 'dime.find.subtype', 'coin.viking.carolingian', 'broader', '', 3),
('dime.find.subtype', 'coin.viking', 'dime.find.subtype', 'coin.viking.denarius', 'broader', '', 3),
('dime.find.subtype', 'coin.viking', 'dime.find.subtype', 'coin.viking.dirham', 'broader', '', 3),
('dime.find.subtype', 'coin.viking', 'dime.find.subtype', 'coin.viking.english', 'broader', '', 3),
('dime.find.subtype', 'coin.viking', 'dime.find.subtype', 'coin.viking.german', 'broader', '', 3),
('dime.find.subtype', 'coin.viking', 'dime.find.subtype', 'coin.viking.nordic', 'broader', '', 3),
('dime.find.subtype', 'coin.viking', 'dime.find.subtype', 'coin.viking.other', 'broader', '', 3),
('dime.find.subtype', 'coin.viking', 'dime.find.subtype', 'coin.viking.penny', 'broader', '', 3),
('dime.find.subtype', 'coin.viking', 'dime.find.subtype', 'coin.viking.phennig', 'broader', '', 3),
('dime.find.subtype', 'coin.viking', 'dime.find.subtype', 'coin.viking.sceat', 'broader', '', 3),
('dime.find.subtype', 'fibula.bow', 'dime.find.subtype', 'fibula.bow.ball', 'broader', '', 3),
('dime.find.subtype', 'fibula.bow', 'dime.find.subtype', 'fibula.bow.band', 'broader', '', 3),
('dime.find.subtype', 'fibula.bow', 'dime.find.subtype', 'fibula.bow.bilateral', 'broader', '', 3),
('dime.find.subtype', 'fibula.bow', 'dime.find.subtype', 'fibula.bow.button', 'broader', '', 3),
('dime.find.subtype', 'fibula.bow', 'dime.find.subtype', 'fibula.bow.cross', 'broader', '', 3),
('dime.find.subtype', 'fibula.bow', 'dime.find.subtype', 'fibula.bow.foot', 'broader', '', 3),
('dime.find.subtype', 'fibula.bow', 'dime.find.subtype', 'fibula.bow.high', 'broader', '', 3),
('dime.find.subtype', 'fibula.bow', 'dime.find.subtype', 'fibula.bow.other', 'broader', '', 3),
('dime.find.subtype', 'fibula.bow', 'dime.find.subtype', 'fibula.bow.relief', 'broader', '', 3),
('dime.find.subtype', 'fibula.bowl', 'dime.find.subtype', 'fibula.bowl.animal', 'broader', '', 3),
('dime.find.subtype', 'fibula.bowl', 'dime.find.subtype', 'fibula.bowl.circular', 'broader', '', 3),
('dime.find.subtype', 'fibula.bowl', 'dime.find.subtype', 'fibula.bowl.large', 'broader', '', 3),
('dime.find.subtype', 'fibula.bowl', 'dime.find.subtype', 'fibula.bowl.other', 'broader', '', 3),
('dime.find.subtype', 'fibula.bowl', 'dime.find.subtype', 'fibula.bowl.small', 'broader', '', 3),
('dime.find.subtype', 'fibula.circular', 'dime.find.subtype', 'fibula.circular.large', 'broader', '', 3),
('dime.find.subtype', 'fibula.circular', 'dime.find.subtype', 'fibula.circular.other', 'broader', '', 3),
('dime.find.subtype', 'fibula.circular', 'dime.find.subtype', 'fibula.circular.small', 'broader', '', 3),
('dime.find.subtype', 'fibula.circular', 'dime.find.subtype', 'fibula.circular.tin', 'broader', '', 3),
('dime.find.subtype', 'fibula.enamel', 'dime.find.subtype', 'fibula.enamel.central', 'broader', '', 3),
('dime.find.subtype', 'fibula.enamel', 'dime.find.subtype', 'fibula.enamel.cross', 'broader', '', 3),
('dime.find.subtype', 'fibula.enamel', 'dime.find.subtype', 'fibula.enamel.multiple', 'broader', '', 3),
('dime.find.subtype', 'fibula.enamel', 'dime.find.subtype', 'fibula.enamel.other', 'broader', '', 3),
('dime.find.subtype', 'fibula.equalarm', 'dime.find.subtype', 'fibula.equalarm.large', 'broader', '', 3),
('dime.find.subtype', 'fibula.equalarm', 'dime.find.subtype', 'fibula.equalarm.other', 'broader', '', 3),
('dime.find.subtype', 'fibula.equalarm', 'dime.find.subtype', 'fibula.equalarm.small', 'broader', '', 3),
('dime.find.subtype', 'fibula.healing', 'dime.find.subtype', 'fibula.healing.aalborg', 'broader', '', 3),
('dime.find.subtype', 'fibula.healing', 'dime.find.subtype', 'fibula.healing.lamb', 'broader', '', 3),
('dime.find.subtype', 'fibula.healing', 'dime.find.subtype', 'fibula.healing.other', 'broader', '', 3),
('dime.find.subtype', 'fibula.healing', 'dime.find.subtype', 'fibula.healing.urnes', 'broader', '', 3),
('dime.find.subtype', 'fibula.plate', 'dime.find.subtype', 'fibula.plate.bird', 'broader', '', 3),
('dime.find.subtype', 'fibula.plate', 'dime.find.subtype', 'fibula.plate.circular', 'broader', '', 3),
('dime.find.subtype', 'fibula.plate', 'dime.find.subtype', 'fibula.plate.coin', 'broader', '', 3),
('dime.find.subtype', 'fibula.plate', 'dime.find.subtype', 'fibula.plate.horse', 'broader', '', 3),
('dime.find.subtype', 'fibula.plate', 'dime.find.subtype', 'fibula.plate.other', 'broader', '', 3),
('dime.find.subtype', 'fibula.plate', 'dime.find.subtype', 'fibula.plate.oval', 'broader', '', 3),
('dime.find.subtype', 'fibula.plate', 'dime.find.subtype', 'fibula.plate.rhede', 'broader', '', 3),
('dime.find.subtype', 'fibula.plate', 'dime.find.subtype', 'fibula.plate.rectangular', 'broader', '', 3),
('dime.find.subtype', 'fibula.plate', 'dime.find.subtype', 'fibula.plate.ship', 'broader', '', 3),
('dime.find.subtype', 'fibula.plate', 'dime.find.subtype', 'fibula.plate.snake', 'broader', '', 3),
('dime.find.subtype', 'fibula.plate', 'dime.find.subtype', 'fibula.plate.swastika', 'broader', '', 3),
('dime.find.subtype', 'fibula.plate', 'dime.find.subtype', 'fibula.plate.tongue', 'broader', '', 3),
('dime.find.subtype', 'fibula.plate', 'dime.find.subtype', 'fibula.plate.valkyrie', 'broader', '', 3),
('dime.find.subtype', 'fibula.ring', 'dime.find.subtype', 'fibula.ring.circular', 'broader', '', 3),
('dime.find.subtype', 'fibula.ring', 'dime.find.subtype', 'fibula.ring.heart', 'broader', '', 3),
('dime.find.subtype', 'fibula.ring', 'dime.find.subtype', 'fibula.ring.other', 'broader', '', 3),
('dime.find.subtype', 'fibula.ring', 'dime.find.subtype', 'fibula.ring.star', 'broader', '', 3),
('dime.find.subtype', 'fibula.viking', 'dime.find.subtype', 'fibula.viking.other', 'broader', '', 3),
('dime.find.subtype', 'fibula.viking', 'dime.find.subtype', 'fibula.viking.rhombic', 'broader', '', 3),
('dime.find.subtype', 'fibula.viking', 'dime.find.subtype', 'fibula.viking.ring', 'broader', '', 3),
('dime.find.subtype', 'fibula.viking', 'dime.find.subtype', 'fibula.viking.roof', 'broader', '', 3),
('dime.find.subtype', 'military.fitting', 'dime.find.subtype', 'military.fitting.other', 'broader', '', 3),
('dime.find.subtype', 'military.fitting', 'dime.find.subtype', 'military.fitting.sheath', 'broader', '', 3),
('dime.find.subtype', 'military.fitting', 'dime.find.subtype', 'military.fitting.uniform', 'broader', '', 3),
('dime.find.subtype', 'military.melee', 'dime.find.subtype', 'military.melee.axe', 'broader', '', 3),
('dime.find.subtype', 'military.melee', 'dime.find.subtype', 'military.melee.blunt', 'broader', '', 3),
('dime.find.subtype', 'military.melee', 'dime.find.subtype', 'military.melee.knife', 'broader', '', 3),
('dime.find.subtype', 'military.melee', 'dime.find.subtype', 'military.melee.other', 'broader', '', 3),
('dime.find.subtype', 'military.melee', 'dime.find.subtype', 'military.melee.pointed', 'broader', '', 3),
('dime.find.subtype', 'military.melee', 'dime.find.subtype', 'military.melee.sword', 'broader', '', 3),
('dime.find.subtype', 'tool.equestrian', 'dime.find.subtype', 'tool.equestrian.bell', 'broader', '', 3),
('dime.find.subtype', 'tool.equestrian', 'dime.find.subtype', 'tool.equestrian.bridle', 'broader', '', 3),
('dime.find.subtype', 'tool.equestrian', 'dime.find.subtype', 'tool.equestrian.cheek', 'broader', '', 3),
('dime.find.subtype', 'tool.equestrian', 'dime.find.subtype', 'tool.equestrian.other', 'broader', '', 3),
('dime.find.subtype', 'tool.equestrian', 'dime.find.subtype', 'tool.equestrian.shoe', 'broader', '', 3),
('dime.find.subtype', 'tool.equestrian', 'dime.find.subtype', 'tool.equestrian.stirrup', 'broader', '', 3),
('dime.find.subtype', 'tool.equestrian', 'dime.find.subtype', 'tool.equestrian.tack', 'broader', '', 3),
('dime.find.subtype', 'tool.house', 'dime.find.subtype', 'tool.house.crockery', 'broader', '', 3),
('dime.find.subtype', 'tool.house', 'dime.find.subtype', 'tool.house.cutlery', 'broader', '', 3),
('dime.find.subtype', 'tool.house', 'dime.find.subtype', 'tool.house.fixtures', 'broader', '', 3),
('dime.find.subtype', 'tool.house', 'dime.find.subtype', 'tool.house.key', 'broader', '', 3),
('dime.find.subtype', 'tool.house', 'dime.find.subtype', 'tool.house.knife', 'broader', '', 3),
('dime.find.subtype', 'tool.house', 'dime.find.subtype', 'tool.house.light', 'broader', '', 3),
('dime.find.subtype', 'tool.house', 'dime.find.subtype', 'tool.house.lock', 'broader', '', 3),
('dime.find.subtype', 'tool.house', 'dime.find.subtype', 'tool.house.other', 'broader', '', 3),
('dime.find.subtype', 'tool.house', 'dime.find.subtype', 'tool.house.pot', 'broader', '', 3),
('dime.find.subtype', 'tool.house', 'dime.find.subtype', 'tool.house.scissors', 'broader', '', 3),
('dime.find.subtype', 'tool.house', 'dime.find.subtype', 'tool.house.striker', 'broader', '', 3),
('dime.find.subtype', 'tool.measure', 'dime.find.subtype', 'tool.measure.clip', 'broader', '', 3),
('dime.find.subtype', 'tool.measure', 'dime.find.subtype', 'tool.measure.ingot', 'broader', '', 3),
('dime.find.subtype', 'tool.measure', 'dime.find.subtype', 'tool.measure.scale', 'broader', '', 3),
('dime.find.subtype', 'tool.measure', 'dime.find.subtype', 'tool.measure.weight', 'broader', '', 3),
('dime.find.subtype', 'tool.textile', 'dime.find.subtype', 'tool.textile.case', 'broader', '', 3),
('dime.find.subtype', 'tool.textile', 'dime.find.subtype', 'tool.textile.needle', 'broader', '', 3),
('dime.find.subtype', 'tool.textile', 'dime.find.subtype', 'tool.textile.scissors', 'broader', '', 3),
('dime.find.subtype', 'tool.textile', 'dime.find.subtype', 'tool.textile.thimble', 'broader', '', 3),
('dime.find.subtype', 'tool.textile', 'dime.find.subtype', 'tool.textile.whorl', 'broader', '', 3),
('dime.find.subtype', 'tool.toilet', 'dime.find.subtype', 'tool.toilet.comb', 'broader', '', 3),
('dime.find.subtype', 'tool.toilet', 'dime.find.subtype', 'tool.toilet.ear', 'broader', '', 3),
('dime.find.subtype', 'tool.toilet', 'dime.find.subtype', 'tool.toilet.other', 'broader', '', 3),
('dime.find.subtype', 'tool.toilet', 'dime.find.subtype', 'tool.toilet.razor', 'broader', '', 3),
('dime.find.subtype', 'tool.toilet', 'dime.find.subtype', 'tool.toilet.tweezers', 'broader', '', 3),
('dime.find.subtype', 'tool.toy', 'dime.find.subtype', 'tool.toy.counter', 'broader', '', 3),
('dime.find.subtype', 'tool.toy', 'dime.find.subtype', 'tool.toy.dice', 'broader', '', 3),
('dime.find.subtype', 'tool.toy', 'dime.find.subtype', 'tool.toy.other', 'broader', '', 3),
('dime.find.subtype', 'tool.work', 'dime.find.subtype', 'tool.work.axe', 'broader', '', 3),
('dime.find.subtype', 'tool.work', 'dime.find.subtype', 'tool.work.chisel', 'broader', '', 3),
('dime.find.subtype', 'tool.work', 'dime.find.subtype', 'tool.work.drill', 'broader', '', 3),
('dime.find.subtype', 'tool.work', 'dime.find.subtype', 'tool.work.fitting', 'broader', '', 3),
('dime.find.subtype', 'tool.work', 'dime.find.subtype', 'tool.work.hammer', 'broader', '', 3),
('dime.find.subtype', 'tool.work', 'dime.find.subtype', 'tool.work.knife', 'broader', '', 3),
('dime.find.subtype', 'tool.work', 'dime.find.subtype', 'tool.work.nail', 'broader', '', 3),
('dime.find.subtype', 'tool.work', 'dime.find.subtype', 'tool.work.other', 'broader', '', 3),
('dime.find.subtype', 'tool.work', 'dime.find.subtype', 'tool.work.pliars', 'broader', '', 3),
('dime.find.subtype', 'tool.work', 'dime.find.subtype', 'tool.work.rivet', 'broader', '', 3),
('dime.find.subtype', 'tool.work', 'dime.find.subtype', 'tool.work.sickle', 'broader', '', 3),
('dime.find.subtype', 'tool.writing', 'dime.find.subtype', 'tool.writing.bylamulet', 'broader', '', 3),
('dime.find.subtype', 'tool.writing', 'dime.find.subtype', 'tool.writing.clasp', 'broader', '', 3),
('dime.find.subtype', 'tool.writing', 'dime.find.subtype', 'tool.writing.guldgubbe', 'broader', '', 3),
('dime.find.subtype', 'tool.writing', 'dime.find.subtype', 'tool.writing.runebrev', 'broader', '', 3),
('dime.find.subtype', 'tool.writing', 'dime.find.subtype', 'tool.writing.seal', 'broader', '', 3),
('dime.find.subtype', 'tool.writing', 'dime.find.subtype', 'tool.writing.stamp', 'broader', '', 3),
('dime.find.subtype', 'tool.writing', 'dime.find.subtype', 'tool.writing.stylus', 'broader', '', 3),
('dime.find.type', 'accessory', 'dime.find.subtype', 'accessory.bell', 'broader', '', 2),
('dime.find.type', 'accessory', 'dime.find.subtype', 'accessory.brooch', 'broader', '', 2),
('dime.find.type', 'accessory', 'dime.find.subtype', 'accessory.buckle', 'broader', '', 2),
('dime.find.type', 'accessory', 'dime.find.subtype', 'accessory.button', 'broader', '', 2),
('dime.find.type', 'accessory', 'dime.find.subtype', 'accessory.fitting', 'broader', '', 2),
('dime.find.type', 'accessory', 'dime.find.subtype', 'accessory.hook', 'broader', '', 2),
('dime.find.type', 'accessory', 'dime.find.subtype', 'accessory.jewelery', 'broader', '', 2),
('dime.find.type', 'accessory', 'dime.find.subtype', 'accessory.lace', 'broader', '', 2),
('dime.find.type', 'accessory', 'dime.find.subtype', 'accessory.medal', 'broader', '', 2),
('dime.find.type', 'accessory', 'dime.find.subtype', 'accessory.other', 'broader', '', 2),
('dime.find.type', 'accessory', 'dime.find.subtype', 'accessory.pilgrim', 'broader', '', 2),
('dime.find.type', 'accessory', 'dime.find.subtype', 'accessory.pin', 'broader', '', 2),
('dime.find.type', 'accessory', 'dime.find.subtype', 'accessory.tutulus', 'broader', '', 2),
('dime.find.type', 'coin', 'dime.find.subtype', 'coin.danish', 'broader', '', 2),
('dime.find.type', 'coin', 'dime.find.subtype', 'coin.foreign', 'broader', '', 2),
('dime.find.type', 'coin', 'dime.find.subtype', 'coin.jeton', 'broader', '', 2),
('dime.find.type', 'coin', 'dime.find.subtype', 'coin.modern', 'broader', '', 2),
('dime.find.type', 'coin', 'dime.find.subtype', 'coin.other', 'broader', '', 2),
('dime.find.type', 'coin', 'dime.find.subtype', 'coin.roman', 'broader', '', 2),
('dime.find.type', 'coin', 'dime.find.subtype', 'coin.viking', 'broader', '', 2),
('dime.find.type', 'fibula', 'dime.find.subtype', 'fibula.beak', 'broader', '', 2),
('dime.find.type', 'fibula', 'dime.find.subtype', 'fibula.bird.above', 'broader', '', 2),
('dime.find.type', 'fibula', 'dime.find.subtype', 'fibula.bird.profile', 'broader', '', 2),
('dime.find.type', 'fibula', 'dime.find.subtype', 'fibula.bow', 'broader', '', 2),
('dime.find.type', 'fibula', 'dime.find.subtype', 'fibula.bowl', 'broader', '', 2),
('dime.find.type', 'fibula', 'dime.find.subtype', 'fibula.circular', 'broader', '', 2),
('dime.find.type', 'fibula', 'dime.find.subtype', 'fibula.enamel', 'broader', '', 2),
('dime.find.type', 'fibula', 'dime.find.subtype', 'fibula.equalarm', 'broader', '', 2),
('dime.find.type', 'fibula', 'dime.find.subtype', 'fibula.healing', 'broader', '', 2),
('dime.find.type', 'fibula', 'dime.find.subtype', 'fibula.other', 'broader', '', 2),
('dime.find.type', 'fibula', 'dime.find.subtype', 'fibula.plate', 'broader', '', 2),
('dime.find.type', 'fibula', 'dime.find.subtype', 'fibula.ring', 'broader', '', 2),
('dime.find.type', 'fibula', 'dime.find.subtype', 'fibula.trilobal', 'broader', '', 2),
('dime.find.type', 'fibula', 'dime.find.subtype', 'fibula.viking', 'broader', '', 2),
('dime.find.type', 'metal', 'dime.find.subtype', 'metal.ingot', 'broader', '', 2),
('dime.find.type', 'metal', 'dime.find.subtype', 'metal.mold', 'broader', '', 2),
('dime.find.type', 'metal', 'dime.find.subtype', 'metal.other', 'broader', '', 2),
('dime.find.type', 'metal', 'dime.find.subtype', 'metal.rest', 'broader', '', 2),
('dime.find.type', 'metal', 'dime.find.subtype', 'metal.slag', 'broader', '', 2),
('dime.find.type', 'metal', 'dime.find.subtype', 'metal.tin', 'broader', '', 2),
('dime.find.type', 'military', 'dime.find.subtype', 'military.ammunition', 'broader', '', 2),
('dime.find.type', 'military', 'dime.find.subtype', 'military.armor', 'broader', '', 2),
('dime.find.type', 'military', 'dime.find.subtype', 'military.arrow', 'broader', '', 2),
('dime.find.type', 'military', 'dime.find.subtype', 'military.firearm', 'broader', '', 2),
('dime.find.type', 'military', 'dime.find.subtype', 'military.fitting', 'broader', '', 2),
('dime.find.type', 'military', 'dime.find.subtype', 'military.helmet', 'broader', '', 2),
('dime.find.type', 'military', 'dime.find.subtype', 'military.melee', 'broader', '', 2),
('dime.find.type', 'military', 'dime.find.subtype', 'military.other', 'broader', '', 2),
('dime.find.type', 'military', 'dime.find.subtype', 'military.shield', 'broader', '', 2),
('dime.find.type', 'tool', 'dime.find.subtype', 'tool.equestrian', 'broader', '', 2),
('dime.find.type', 'tool', 'dime.find.subtype', 'tool.house', 'broader', '', 2),
('dime.find.type', 'tool', 'dime.find.subtype', 'tool.measure', 'broader', '', 2),
('dime.find.type', 'tool', 'dime.find.subtype', 'tool.other', 'broader', '', 2),
('dime.find.type', 'tool', 'dime.find.subtype', 'tool.textile', 'broader', '', 2),
('dime.find.type', 'tool', 'dime.find.subtype', 'tool.toilet', 'broader', '', 2),
('dime.find.type', 'tool', 'dime.find.subtype', 'tool.toy', 'broader', '', 2),
('dime.find.type', 'tool', 'dime.find.subtype', 'tool.work', 'broader', '', 2),
('dime.find.type', 'tool', 'dime.find.subtype', 'tool.writing', 'broader', '', 2),
('dime.period', 'AXXX', 'dime.period', 'AMXX', 'broader', '', 2),
('dime.period', 'AXXX', 'dime.period', 'AXXX', 'broader', '', 1),
('dime.period', 'AXXX', 'dime.period', 'AYXX', 'broader', '', 2),
('dime.period', 'AXXX', 'dime.period', 'PALEO', 'broader', '', 2),
('dime.period', 'BXX', 'dime.period', 'BX1', 'broader', '', 3),
('dime.period', 'BXX', 'dime.period', 'BX2', 'broader', '', 3),
('dime.period', 'BXX', 'dime.period', 'BX3', 'broader', '', 3),
('dime.period', 'BXXX', 'dime.period', 'BXX', 'broader', '', 2),
('dime.period', 'BXXX', 'dime.period', 'BXXX', 'broader', '', 1),
('dime.period', 'BXXX', 'dime.period', 'BYXX', 'broader', '', 2),
('dime.period', 'BYXX', 'dime.period', 'BYX4', 'broader', '', 3),
('dime.period', 'BYXX', 'dime.period', 'BYX5', 'broader', '', 3),
('dime.period', 'BYXX', 'dime.period', 'BYX6', 'broader', '', 3),
('dime.period', 'CFX', 'dime.period', 'CF', 'broader', '', 4),
('dime.period', 'CFX', 'dime.period', 'CFM', 'broader', '', 4),
('dime.period', 'CFX', 'dime.period', 'CFY', 'broader', '', 4),
('dime.period', 'CR', 'dime.period', 'CRA', 'broader', '', 5),
('dime.period', 'CR', 'dime.period', 'CRB', 'broader', '', 5),
('dime.period', 'CRX', 'dime.period', 'CR', 'broader', '', 4),
('dime.period', 'CRX', 'dime.period', 'CRY', 'broader', '', 4),
('dime.period', 'CRY', 'dime.period', 'CRC', 'broader', '', 5),
('dime.period', 'CRY', 'dime.period', 'CRD', 'broader', '', 5),
('dime.period', 'CRY', 'dime.period', 'CRE', 'broader', '', 5),
('dime.period', 'CXX', 'dime.period', 'CFX', 'broader', '', 3),
('dime.period', 'CXX', 'dime.period', 'CRX', 'broader', '', 3),
('dime.period', 'CXXX', 'dime.period', 'CXX', 'broader', '', 2),
('dime.period', 'CXXX', 'dime.period', 'CXXX', 'broader', '', 1),
('dime.period', 'CXXX', 'dime.period', 'CYVX', 'broader', '', 2),
('dime.period', 'CXXX', 'dime.period', 'CYXX', 'broader', '', 2),
('dime.period', 'CYGX', 'dime.period', 'CYG', 'broader', '', 4),
('dime.period', 'CYGX', 'dime.period', 'CYGY', 'broader', '', 4),
('dime.period', 'CYVX', 'dime.period', 'CYV', 'broader', '', 4),
('dime.period', 'CYVX', 'dime.period', 'CYVY', 'broader', '', 4),
('dime.period', 'CYXX', 'dime.period', 'CYGX', 'broader', '', 3),
('dime.period', 'DXXX', 'dime.period', 'DXX', 'broader', '', 3),
('dime.period', 'DXXX', 'dime.period', 'DYX3', 'broader', '', 3),
('dime.period', 'DXXX', 'dime.period', 'DYX4', 'broader', '', 3),
('dime.period', 'FXXX', 'dime.period', 'FXX', 'broader', '', 3),
('dime.period', 'FXXX', 'dime.period', 'FMIN', 'broader', '', 3),
('dime.period', 'FXXX', 'dime.period', 'FMV1', 'broader', '', 3),
('dime.period', 'FXXX', 'dime.period', 'FMV2', 'broader', '', 3),
('dime.period', 'FXXX', 'dime.period', 'FMVM', 'broader', '', 3),
('dime.period', 'FXXX', 'dime.period', 'FYXX', 'broader', '', 3),
('dime.period', 'HXXX', 'dime.period', 'DXXX', 'broader', '', 2),
('dime.period', 'HXXX', 'dime.period', 'EXXX', 'broader', '', 2),
('dime.period', 'HXXX', 'dime.period', 'FXXX', 'broader', '', 2),
('dime.period', 'HXXX', 'dime.period', 'HXXX', 'broader', '', 1),
('dime.period', 'XXXX', 'dime.period', 'XXXX', 'broader', '', 1),
('dime.treasure', 'appraisal', 'dime.treasure', 'not', 'transition', 'assess', 0),
('dime.treasure', 'appraisal', 'dime.treasure', 'treasure', 'transition', 'assess', 0),
('dime.treasure', 'pending', 'dime.treasure', 'appraisal', 'transition', 'evaluate', 0),
('dime.treasure', 'pending', 'dime.treasure', 'not', 'transition', 'evaluate', 0);

-- --------------------------------------------------------

--
-- Table structure for table `ark_vocabulary_relation`
--

CREATE TABLE `ark_vocabulary_relation` (
  `relation` varchar(10) COLLATE utf8mb4_unicode_ci NOT NULL,
  `notation` varchar(3) COLLATE utf8mb4_unicode_ci NOT NULL,
  `recipricol` varchar(10) COLLATE utf8mb4_unicode_ci NOT NULL,
  `recipricol_notation` varchar(3) COLLATE utf8mb4_unicode_ci NOT NULL,
  `equivalence` tinyint(1) NOT NULL DEFAULT '0',
  `hierarchy` tinyint(1) NOT NULL DEFAULT '0',
  `associative` tinyint(1) NOT NULL DEFAULT '0',
  `description` text COLLATE utf8mb4_unicode_ci NOT NULL
) ENGINE=InnoDB DEFAULT CHARSET=utf8mb4 COLLATE=utf8mb4_unicode_ci;

--
-- Dumping data for table `ark_vocabulary_relation`
--

INSERT INTO `ark_vocabulary_relation` (`relation`, `notation`, `recipricol`, `recipricol_notation`, `equivalence`, `hierarchy`, `associative`, `description`) VALUES
('broader', 'BT', 'narrower', 'NT', 0, 1, 0, 'The \'Has A\' parent/child hierarchy relationship'),
('class', 'BTI', 'instance', 'NTI', 0, 1, 0, 'The \'Is A\' class/instance hierarchy relationship.'),
('related', 'RT', 'related', 'RT', 0, 0, 1, 'Related terms that are neither equivalent or hierarchical.'),
('sequence', 'RTS', '', '', 0, 0, 1, 'Related terms where one term follows another in a list.'),
('transition', 'RTT', '', '', 0, 0, 1, 'Related terms where one term follows another, i.e. a sequence or change of state.'),
('usedfor', 'UF', 'use', 'U', 1, 0, 0, 'Leads from the preferred entry term to the\\nnon-preferred term(s).'),
('whole', 'BTP', 'part', 'NTP', 0, 1, 0, 'The \'Part Of\' whole/part hierarchy relationship.');

-- --------------------------------------------------------

--
-- Table structure for table `ark_vocabulary_term`
--

CREATE TABLE `ark_vocabulary_term` (
  `concept` varchar(30) COLLATE utf8mb4_unicode_ci NOT NULL,
  `term` varchar(30) COLLATE utf8mb4_unicode_ci NOT NULL,
  `alias` varchar(50) COLLATE utf8mb4_unicode_ci NOT NULL,
  `is_default` tinyint(1) NOT NULL DEFAULT '0',
  `root` tinyint(1) NOT NULL DEFAULT '0',
  `enabled` tinyint(1) NOT NULL DEFAULT '1',
  `deprecated` tinyint(1) NOT NULL DEFAULT '0',
  `keyword` varchar(100) COLLATE utf8mb4_unicode_ci DEFAULT NULL,
  `description` varchar(100) COLLATE utf8mb4_unicode_ci NOT NULL
) ENGINE=InnoDB DEFAULT CHARSET=utf8mb4 COLLATE=utf8mb4_unicode_ci;

--
-- Dumping data for table `ark_vocabulary_term`
--

INSERT INTO `ark_vocabulary_term` (`concept`, `term`, `alias`, `is_default`, `root`, `enabled`, `deprecated`, `keyword`, `description`) VALUES
('core.actor.type', 'institution', '', 0, 0, 1, 0, 'core.actor.type.institution', ''),
('core.actor.type', 'museum', '', 0, 0, 1, 0, 'core.actor.type.museum', ''),
('core.actor.type', 'person', '', 0, 0, 1, 0, 'core.actor.type.person', ''),
('core.event.type', 'accessioned', '', 0, 0, 0, 0, 'dime.find.event.accessioned', ''),
('core.event.type', 'activated', '', 0, 0, 0, 0, 'core.actor.event.activated', ''),
('core.event.type', 'agreed', '', 0, 0, 0, 0, 'dime.find.event.agreed', ''),
('core.event.type', 'annotated', '', 0, 0, 0, 0, 'dime.find.event.annotated', ''),
('core.event.type', 'appraised', '', 0, 0, 0, 0, 'dime.find.event.appraised', ''),
('core.event.type', 'approved', '', 0, 0, 0, 0, 'core.actor.event.approved', ''),
('core.event.type', 'assessed', '', 0, 0, 0, 0, 'dime.find.event.assessed', ''),
('core.event.type', 'cancelled', '', 0, 0, 0, 0, 'core.actor.event.cancelled', ''),
('core.event.type', 'cited', '', 0, 0, 0, 0, 'dime.find.event.cited', ''),
('core.event.type', 'classified', '', 0, 0, 0, 0, 'dime.find.event.classified', ''),
('core.event.type', 'commented', '', 0, 0, 0, 0, 'dime.find.event.commented', ''),
('core.event.type', 'conserved', '', 0, 0, 0, 0, 'dime.find.event.conserved', ''),
('core.event.type', 'contacted', '', 0, 0, 0, 0, 'dime.find.event.contacted', ''),
('core.event.type', 'dated', '', 0, 0, 0, 0, 'dime.find.event.dated', ''),
('core.event.type', 'declined', '', 0, 0, 0, 0, 'dime.find.event.declined', ''),
('core.event.type', 'deleted', '', 0, 0, 0, 0, 'dime.find.event.deleted', ''),
('core.event.type', 'described', '', 0, 0, 0, 0, 'dime.find.event.described', ''),
('core.event.type', 'destroyed', '', 0, 0, 0, 0, 'dime.find.event.destroyed', ''),
('core.event.type', 'disagreed', '', 0, 0, 0, 0, 'dime.find.event.disagreed', ''),
('core.event.type', 'discarded', '', 0, 0, 0, 0, 'dime.find.event.discarded', ''),
('core.event.type', 'edited', '', 0, 0, 0, 0, 'dime.find.event.edited', ''),
('core.event.type', 'evaluated', '', 0, 0, 0, 0, 'dime.find.event.evaluated', ''),
('core.event.type', 'exported', '', 0, 0, 0, 0, 'dime.find.event.exported', ''),
('core.event.type', 'followed', '', 0, 0, 0, 0, 'dime.find.event.followed', ''),
('core.event.type', 'identified', '', 0, 0, 0, 0, 'dime.find.event.identified', ''),
('core.event.type', 'liked', '', 0, 0, 0, 0, 'dime.find.event.liked', ''),
('core.event.type', 'loaned', '', 0, 0, 0, 0, 'dime.find.event.loaned', ''),
('core.event.type', 'lost', '', 0, 0, 0, 0, 'dime.find.event.lost', ''),
('core.event.type', 'notified', '', 0, 0, 0, 0, 'dime.find.event.notified', ''),
('core.event.type', 'published', '', 0, 0, 0, 0, 'dime.find.event.published', ''),
('core.event.type', 'received', '', 0, 0, 0, 0, 'dime.find.event.received', ''),
('core.event.type', 'recorded', '', 0, 0, 0, 0, 'dime.find.event.recorded', ''),
('core.event.type', 'recovered', '', 0, 0, 0, 0, 'dime.find.event.recovered', ''),
('core.event.type', 'redacted', '', 0, 0, 0, 0, 'dime.find.event.redacted', ''),
('core.event.type', 'referred', '', 0, 0, 0, 0, 'dime.find.event.referred', ''),
('core.event.type', 'registered', '', 0, 0, 0, 0, 'core.actor.event.registered', ''),
('core.event.type', 'rejected', '', 0, 0, 0, 0, 'dime.find.event.rejected', ''),
('core.event.type', 'released', '', 0, 0, 0, 0, 'dime.find.event.released', ''),
('core.event.type', 'reported', '', 0, 0, 0, 0, 'dime.find.event.reported', ''),
('core.event.type', 'requested', '', 0, 0, 0, 0, 'dime.find.event.requested', ''),
('core.event.type', 'restored', '', 0, 0, 0, 0, 'core.actor.event.restored', ''),
('core.event.type', 'rewarded', '', 0, 0, 0, 0, 'dime.find.event.rewarded', ''),
('core.event.type', 'sent', '', 0, 0, 0, 0, 'dime.find.event.sent', ''),
('core.event.type', 'shared', '', 0, 0, 0, 0, 'dime.find.event.shared', ''),
('core.event.type', 'subscribed', '', 0, 0, 0, 0, 'dime.find.event.subscribed', ''),
('core.event.type', 'suppressed', '', 0, 0, 0, 0, 'dime.find.event.suppressed', ''),
('core.event.type', 'suspended', '', 0, 0, 0, 0, 'core.actor.event.suspended', ''),
('core.event.type', 'transferred', '', 0, 0, 0, 0, 'dime.find.event.transferred', ''),
('core.event.type', 'validated', '', 0, 0, 0, 0, 'dime.find.event.validated', ''),
('core.event.type', 'viewed', '', 0, 0, 0, 0, 'core.event.type.viewed', ''),
('core.event.type', 'withdrawn', '', 0, 0, 0, 0, 'dime.find.event.withdrawn', ''),
('core.file.status', 'checkedin', '', 0, 0, 1, 0, 'core.file.status.checkedin', ''),
('core.file.status', 'checkedout', '', 0, 0, 1, 0, 'core.file.status.checkedout', ''),
('core.file.status', 'expired', '', 0, 0, 1, 0, 'core.file.status.expired', ''),
('core.file.status', 'locked', '', 0, 0, 1, 0, 'core.file.status.locked', ''),
('core.file.status', 'new', '', 0, 0, 1, 0, 'core.file.status.new', ''),
('core.file.type', 'audio', '', 0, 0, 1, 0, 'core.file.type.audio', ''),
('core.file.type', 'document', '', 0, 0, 1, 0, 'core.file.type.document', ''),
('core.file.type', 'image', '', 0, 0, 1, 0, 'core.file.type.image', ''),
('core.file.type', 'other', '', 0, 0, 1, 0, 'core.file.type.other', ''),
('core.file.type', 'text', '', 0, 0, 1, 0, 'core.file.type.text', ''),
('core.file.type', 'video', '', 0, 0, 1, 0, 'core.file.type.video', ''),
('core.form.modus', 'active', '', 0, 0, 1, 0, 'core.form.mode.active', 'Form field is editable.'),
('core.form.modus', 'disabled', '', 0, 0, 1, 0, 'core.form.mode.disabled', 'Form field is Disabled.'),
('core.form.modus', 'hidden', '', 0, 0, 1, 0, 'core.form.mode.hidden', 'Form field is Hidden'),
('core.form.modus', 'readonly', '', 0, 0, 1, 0, 'core.form.mode.readonly', 'Form field is Readonly.'),
('core.form.modus', 'static', '', 0, 0, 1, 0, 'core.form.mode.static', 'Field is displayed but not as a form element.'),
('core.item.status', 'allocated', '', 0, 0, 1, 0, 'core.item.status.allocated', ''),
('core.item.status', 'deleted', '', 0, 0, 1, 0, 'core.item.status.deleted', ''),
('core.item.status', 'registered', '', 0, 0, 1, 0, 'core.item.status.registered', ''),
('core.item.status', 'void', '', 0, 0, 1, 0, 'core.item.status.void', ''),
('core.license', 'cc0', 'CC0', 0, 0, 1, 0, 'core.license.cc0', ''),
('core.license', 'ccbyncsa', 'CC BY-NC-SA', 1, 0, 1, 0, 'core.license.ccbyncsa', ''),
('core.license', 'ccbysa', 'CC BY-SA', 0, 0, 1, 0, 'core.license.ccbysa', ''),
('core.message.recipient.status', 'discarded', '', 0, 0, 1, 0, 'core.message.recipient.status.discarded', ''),
('core.message.recipient.status', 'read', '', 0, 0, 1, 0, 'core.message.recipient.status.read', ''),
('core.message.recipient.status', 'unread', '', 1, 0, 1, 0, 'core.message.recipient.status.unread', ''),
('core.message.status', 'draft', '', 0, 0, 1, 0, 'core.message.status.draft', ''),
('core.message.status', 'read', '', 0, 0, 1, 0, 'core.message.status.read', ''),
('core.message.status', 'sent', '', 0, 0, 1, 0, 'core.message.status.sent', ''),
('core.message.type', 'mail', '', 0, 0, 1, 0, 'core.message.type.mail', ''),
('core.message.type', 'notification', '', 0, 0, 1, 0, 'core.message.type.notification', ''),
('core.visibility', 'private', '', 1, 0, 1, 0, 'core.visibility.private', ''),
('core.visibility', 'public', '', 0, 0, 1, 0, 'core.visibility.public', ''),
('core.visibility', 'restricted', '', 0, 0, 1, 0, 'core.visibility.restricted', ''),
('core.workflow.role', 'admin', '', 0, 0, 1, 0, 'dime.role.admin', ''),
('core.workflow.role', 'anon', '', 0, 0, 1, 0, 'dime.role.anon', ''),
('core.workflow.role', 'appraiser', '', 0, 0, 1, 0, 'dime.role.appraiser', ''),
('core.workflow.role', 'curator', '', 0, 0, 1, 0, 'dime.role.curator', ''),
('core.workflow.role', 'detectorist', '', 1, 0, 1, 0, 'dime.role.detectorist', ''),
('core.workflow.role', 'registrar', '', 0, 0, 1, 0, 'dime.role.registrar', ''),
('core.workflow.role', 'researcher', '', 0, 0, 1, 0, 'dime.role.researcher', ''),
('country', 'AD', 'andorra', 0, 0, 1, 0, 'country.andorra', ''),
('country', 'AE', 'unitedarabemirates', 0, 0, 1, 0, 'country.unitedarabemirates', ''),
('country', 'AF', 'afghanistan', 0, 0, 1, 0, 'country.afghanistan', ''),
('country', 'AG', 'antigua', 0, 0, 1, 0, 'country.antigua', ''),
('country', 'AI', 'anguilla', 0, 0, 1, 0, 'country.anguilla', ''),
('country', 'AL', 'albania', 0, 0, 1, 0, 'country.albania', ''),
('country', 'AM', 'armenia', 0, 0, 1, 0, 'country.armenia', ''),
('country', 'AO', 'angola', 0, 0, 1, 0, 'country.angola', ''),
('country', 'AQ', 'antarctica', 0, 0, 1, 0, 'country.antarctica', ''),
('country', 'AR', 'argentina', 0, 0, 1, 0, 'country.argentina', ''),
('country', 'AS', 'americansamoa', 0, 0, 1, 0, 'country.americansamoa', ''),
('country', 'AT', 'austria', 0, 0, 1, 0, 'country.austria', ''),
('country', 'AU', 'australia', 0, 0, 1, 0, 'country.australia', ''),
('country', 'AW', 'aruba', 0, 0, 1, 0, 'country.aruba', ''),
('country', 'AX', 'alandislands', 0, 0, 1, 0, 'country.alandislands', ''),
('country', 'AZ', 'azerbaijan', 0, 0, 1, 0, 'country.azerbaijan', ''),
('country', 'BA', 'bosniaherzegovina', 0, 0, 1, 0, 'country.bosniaherzegovina', ''),
('country', 'BB', 'barbados', 0, 0, 1, 0, 'country.barbados', ''),
('country', 'BD', 'bangladesh', 0, 0, 1, 0, 'country.bangladesh', ''),
('country', 'BE', 'belgium', 0, 0, 1, 0, 'country.belgium', ''),
('country', 'BF', 'burkinafaso', 0, 0, 1, 0, 'country.burkinafaso', ''),
('country', 'BG', 'bulgaria', 0, 0, 1, 0, 'country.bulgaria', ''),
('country', 'BH', 'bahrain', 0, 0, 1, 0, 'country.bahrain', ''),
('country', 'BI', 'burundi', 0, 0, 1, 0, 'country.burundi', ''),
('country', 'BJ', 'benin', 0, 0, 1, 0, 'country.benin', ''),
('country', 'BL', 'saintbarthelemy', 0, 0, 1, 0, 'country.saintbarthelemy', ''),
('country', 'BM', 'bermuda', 0, 0, 1, 0, 'country.bermuda', ''),
('country', 'BN', 'brunei', 0, 0, 1, 0, 'country.brunei', ''),
('country', 'BO', 'bolivia', 0, 0, 1, 0, 'country.bolivia', ''),
('country', 'BQ', 'bonaire', 0, 0, 1, 0, 'country.bonaire', ''),
('country', 'BR', 'brazil', 0, 0, 1, 0, 'country.brazil', ''),
('country', 'BS', 'bahamas', 0, 0, 1, 0, 'country.bahamas', ''),
('country', 'BT', 'bhutan', 0, 0, 1, 0, 'country.bhutan', ''),
('country', 'BW', 'botswana', 0, 0, 1, 0, 'country.botswana', ''),
('country', 'BY', 'belarus', 0, 0, 1, 0, 'country.belarus', ''),
('country', 'BZ', 'belize', 0, 0, 1, 0, 'country.belize', ''),
('country', 'CA', 'canada', 0, 0, 1, 0, 'country.canada', ''),
('country', 'CC', 'cocosislands', 0, 0, 1, 0, 'country.cocosislands', ''),
('country', 'CD', 'democraticrepubliccongo', 0, 0, 1, 0, 'country.democraticrepubliccongo', ''),
('country', 'CF', 'centralafricanrepublic', 0, 0, 1, 0, 'country.centralafricanrepublic', ''),
('country', 'CG', 'congo', 0, 0, 1, 0, 'country.congo', ''),
('country', 'CH', 'switzerland', 0, 0, 1, 0, 'country.switzerland', ''),
('country', 'CI', 'cotedivoire', 0, 0, 1, 0, 'country.cotedivoire', ''),
('country', 'CK', 'cookislands', 0, 0, 1, 0, 'country.cookislands', ''),
('country', 'CL', 'chile', 0, 0, 1, 0, 'country.chile', ''),
('country', 'CM', 'cameroon', 0, 0, 1, 0, 'country.cameroon', ''),
('country', 'CN', 'china', 0, 0, 1, 0, 'country.china', ''),
('country', 'CO', 'colombia', 0, 0, 1, 0, 'country.colombia', ''),
('country', 'CR', 'costarica', 0, 0, 1, 0, 'country.costarica', ''),
('country', 'CU', 'cuba', 0, 0, 1, 0, 'country.cuba', ''),
('country', 'CV', 'caboverde', 0, 0, 1, 0, 'country.caboverde', ''),
('country', 'CW', 'curacao', 0, 0, 1, 0, 'country.curacao', ''),
('country', 'CX', 'christmasisland', 0, 0, 1, 0, 'country.christmasisland', ''),
('country', 'CY', 'cyprus', 0, 0, 1, 0, 'country.cyprus', ''),
('country', 'CZ', 'czechrepublic', 0, 0, 1, 0, 'country.czechrepublic', ''),
('country', 'DE', 'germany', 0, 0, 1, 0, 'country.germany', ''),
('country', 'DJ', 'djibouti', 0, 0, 1, 0, 'country.djibouti', ''),
('country', 'DK', 'denmark', 1, 0, 1, 0, 'country.denmark', ''),
('country', 'DM', 'dominica', 0, 0, 1, 0, 'country.dominica', ''),
('country', 'DO', 'dominicanrepublic', 0, 0, 1, 0, 'country.dominicanrepublic', ''),
('country', 'DZ', 'algeria', 0, 0, 1, 0, 'country.algeria', ''),
('country', 'EC', 'ecuador', 0, 0, 1, 0, 'country.ecuador', ''),
('country', 'EE', 'estonia', 0, 0, 1, 0, 'country.estonia', ''),
('country', 'EG', 'egypt', 0, 0, 1, 0, 'country.egypt', ''),
('country', 'EH', 'westernsahara', 0, 0, 1, 0, 'country.westernsahara', ''),
('country', 'ER', 'eritrea', 0, 0, 1, 0, 'country.eritrea', ''),
('country', 'ES', 'spain', 0, 0, 1, 0, 'country.spain', ''),
('country', 'ET', 'ethiopia', 0, 0, 1, 0, 'country.ethiopia', ''),
('country', 'FI', 'finland', 0, 0, 1, 0, 'country.finland', ''),
('country', 'FJ', 'fiji', 0, 0, 1, 0, 'country.fiji', ''),
('country', 'FK', 'falklandislands', 0, 0, 1, 0, 'country.falklandislands', ''),
('country', 'FM', 'micronesia', 0, 0, 1, 0, 'country.micronesia', ''),
('country', 'FO', 'faroeislands', 0, 0, 1, 0, 'country.faroeislands', ''),
('country', 'FR', 'france', 0, 0, 1, 0, 'country.france', ''),
('country', 'GA', 'gabon', 0, 0, 1, 0, 'country.gabon', ''),
('country', 'GB', 'unitedkingdom', 0, 0, 1, 0, 'country.unitedkingdom', ''),
('country', 'GD', 'grenada', 0, 0, 1, 0, 'country.grenada', ''),
('country', 'GE', 'georgia', 0, 0, 1, 0, 'country.georgia', ''),
('country', 'GF', 'frenchguiana', 0, 0, 1, 0, 'country.frenchguiana', ''),
('country', 'GG', 'guernsey', 0, 0, 1, 0, 'country.guernsey', ''),
('country', 'GH', 'ghana', 0, 0, 1, 0, 'country.ghana', ''),
('country', 'GI', 'gibraltar', 0, 0, 1, 0, 'country.gibraltar', ''),
('country', 'GL', 'greenland', 0, 0, 1, 0, 'country.greenland', ''),
('country', 'GM', 'gambia', 0, 0, 1, 0, 'country.gambia', ''),
('country', 'GN', 'guinea', 0, 0, 1, 0, 'country.guinea', ''),
('country', 'GP', 'guadeloupe', 0, 0, 1, 0, 'country.guadeloupe', ''),
('country', 'GQ', 'equatorialguinea', 0, 0, 1, 0, 'country.equatorialguinea', ''),
('country', 'GR', 'greece', 0, 0, 1, 0, 'country.greece', ''),
('country', 'GS', 'southgeorgia', 0, 0, 1, 0, 'country.southgeorgia', ''),
('country', 'GT', 'guatemala', 0, 0, 1, 0, 'country.guatemala', ''),
('country', 'GU', 'guam', 0, 0, 1, 0, 'country.guam', ''),
('country', 'GW', 'guinea-bissau', 0, 0, 1, 0, 'country.guinea-bissau', ''),
('country', 'GY', 'guyana', 0, 0, 1, 0, 'country.guyana', ''),
('country', 'HK', 'hongkong', 0, 0, 1, 0, 'country.hongkong', ''),
('country', 'HN', 'honduras', 0, 0, 1, 0, 'country.honduras', ''),
('country', 'HR', 'croatia', 0, 0, 1, 0, 'country.croatia', ''),
('country', 'HT', 'haiti', 0, 0, 1, 0, 'country.haiti', ''),
('country', 'HU', 'hungary', 0, 0, 1, 0, 'country.hungary', ''),
('country', 'ID', 'indonesia', 0, 0, 1, 0, 'country.indonesia', ''),
('country', 'IE', 'ireland', 0, 0, 1, 0, 'country.ireland', ''),
('country', 'IL', 'israel', 0, 0, 1, 0, 'country.israel', ''),
('country', 'IM', 'isleofman', 0, 0, 1, 0, 'country.isleofman', ''),
('country', 'IN', 'india', 0, 0, 1, 0, 'country.india', ''),
('country', 'IQ', 'iraq', 0, 0, 1, 0, 'country.iraq', ''),
('country', 'IR', 'iran', 0, 0, 1, 0, 'country.iran', ''),
('country', 'IS', 'iceland', 0, 0, 1, 0, 'country.iceland', ''),
('country', 'IT', 'italy', 0, 0, 1, 0, 'country.italy', ''),
('country', 'JE', 'jersey', 0, 0, 1, 0, 'country.jersey', ''),
('country', 'JM', 'jamaica', 0, 0, 1, 0, 'country.jamaica', ''),
('country', 'JO', 'jordan', 0, 0, 1, 0, 'country.jordan', ''),
('country', 'JP', 'japan', 0, 0, 1, 0, 'country.japan', ''),
('country', 'KE', 'kenya', 0, 0, 1, 0, 'country.kenya', ''),
('country', 'KG', 'kyrgyzstan', 0, 0, 1, 0, 'country.kyrgyzstan', ''),
('country', 'KH', 'cambodia', 0, 0, 1, 0, 'country.cambodia', ''),
('country', 'KI', 'kiribati', 0, 0, 1, 0, 'country.kiribati', ''),
('country', 'KM', 'comoros', 0, 0, 1, 0, 'country.comoros', ''),
('country', 'KN', 'saintkitts', 0, 0, 1, 0, 'country.saintkitts', ''),
('country', 'KP', 'northkorea', 0, 0, 1, 0, 'country.northkorea', ''),
('country', 'KR', 'southkorea', 0, 0, 1, 0, 'country.southkorea', ''),
('country', 'KW', 'kuwait', 0, 0, 1, 0, 'country.kuwait', ''),
('country', 'KY', 'caymanislands', 0, 0, 1, 0, 'country.caymanislands', ''),
('country', 'KZ', 'kazakhstan', 0, 0, 1, 0, 'country.kazakhstan', ''),
('country', 'LA', 'lao', 0, 0, 1, 0, 'country.lao', ''),
('country', 'LB', 'lebanon', 0, 0, 1, 0, 'country.lebanon', ''),
('country', 'LC', 'saintlucia', 0, 0, 1, 0, 'country.saintlucia', ''),
('country', 'LI', 'liechtenstein', 0, 0, 1, 0, 'country.liechtenstein', ''),
('country', 'LK', 'srilanka', 0, 0, 1, 0, 'country.srilanka', ''),
('country', 'LR', 'liberia', 0, 0, 1, 0, 'country.liberia', ''),
('country', 'LS', 'lesotho', 0, 0, 1, 0, 'country.lesotho', ''),
('country', 'LT', 'lithuania', 0, 0, 1, 0, 'country.lithuania', ''),
('country', 'LU', 'luxembourg', 0, 0, 1, 0, 'country.luxembourg', ''),
('country', 'LV', 'latvia', 0, 0, 1, 0, 'country.latvia', ''),
('country', 'LY', 'libya', 0, 0, 1, 0, 'country.libya', ''),
('country', 'MA', 'morocco', 0, 0, 1, 0, 'country.morocco', ''),
('country', 'MC', 'monaco', 0, 0, 1, 0, 'country.monaco', ''),
('country', 'MD', 'moldova', 0, 0, 1, 0, 'country.moldova', ''),
('country', 'ME', 'montenegro', 0, 0, 1, 0, 'country.montenegro', ''),
('country', 'MF', 'saintmartin', 0, 0, 1, 0, 'country.saintmartin', ''),
('country', 'MG', 'madagascar', 0, 0, 1, 0, 'country.madagascar', ''),
('country', 'MH', 'marshallislands', 0, 0, 1, 0, 'country.marshallislands', ''),
('country', 'MK', 'macedonia', 0, 0, 1, 0, 'country.macedonia', ''),
('country', 'ML', 'mali', 0, 0, 1, 0, 'country.mali', ''),
('country', 'MM', 'myanmar', 0, 0, 1, 0, 'country.myanmar', ''),
('country', 'MN', 'mongolia', 0, 0, 1, 0, 'country.mongolia', ''),
('country', 'MO', 'macao', 0, 0, 1, 0, 'country.macao', ''),
('country', 'MP', 'northernmarianaislands', 0, 0, 1, 0, 'country.northernmarianaislands', ''),
('country', 'MQ', 'martinique', 0, 0, 1, 0, 'country.martinique', ''),
('country', 'MR', 'mauritania', 0, 0, 1, 0, 'country.mauritania', ''),
('country', 'MS', 'montserrat', 0, 0, 1, 0, 'country.montserrat', ''),
('country', 'MT', 'malta', 0, 0, 1, 0, 'country.malta', ''),
('country', 'MU', 'mauritius', 0, 0, 1, 0, 'country.mauritius', ''),
('country', 'MV', 'maldives', 0, 0, 1, 0, 'country.maldives', ''),
('country', 'MW', 'malawi', 0, 0, 1, 0, 'country.malawi', ''),
('country', 'MX', 'mexico', 0, 0, 1, 0, 'country.mexico', ''),
('country', 'MY', 'malaysia', 0, 0, 1, 0, 'country.malaysia', ''),
('country', 'MZ', 'mozambique', 0, 0, 1, 0, 'country.mozambique', ''),
('country', 'NA', 'namibia', 0, 0, 1, 0, 'country.namibia', ''),
('country', 'NC', 'newcaledonia', 0, 0, 1, 0, 'country.newcaledonia', ''),
('country', 'NE', 'niger', 0, 0, 1, 0, 'country.niger', ''),
('country', 'NF', 'norfolkisland', 0, 0, 1, 0, 'country.norfolkisland', ''),
('country', 'NG', 'nigeria', 0, 0, 1, 0, 'country.nigeria', ''),
('country', 'NI', 'nicaragua', 0, 0, 1, 0, 'country.nicaragua', ''),
('country', 'NL', 'netherlands', 0, 0, 1, 0, 'country.netherlands', ''),
('country', 'NO', 'norway', 0, 0, 1, 0, 'country.norway', ''),
('country', 'NP', 'nepal', 0, 0, 1, 0, 'country.nepal', ''),
('country', 'NR', 'nauru', 0, 0, 1, 0, 'country.nauru', ''),
('country', 'NU', 'niue', 0, 0, 1, 0, 'country.niue', ''),
('country', 'NZ', 'newzealand', 0, 0, 1, 0, 'country.newzealand', ''),
('country', 'OM', 'oman', 0, 0, 1, 0, 'country.oman', ''),
('country', 'PA', 'panama', 0, 0, 1, 0, 'country.panama', ''),
('country', 'PE', 'peru', 0, 0, 1, 0, 'country.peru', ''),
('country', 'PF', 'frenchpolynesia', 0, 0, 1, 0, 'country.frenchpolynesia', ''),
('country', 'PG', 'papuanewguinea', 0, 0, 1, 0, 'country.papuanewguinea', ''),
('country', 'PH', 'philippines', 0, 0, 1, 0, 'country.philippines', ''),
('country', 'PK', 'pakistan', 0, 0, 1, 0, 'country.pakistan', ''),
('country', 'PL', 'poland', 0, 0, 1, 0, 'country.poland', ''),
('country', 'PM', 'saintpierremiquelon', 0, 0, 1, 0, 'country.saintpierremiquelon', ''),
('country', 'PN', 'pitcairn', 0, 0, 1, 0, 'country.pitcairn', ''),
('country', 'PR', 'puertorico', 0, 0, 1, 0, 'country.puertorico', ''),
('country', 'PS', 'palestine', 0, 0, 1, 0, 'country.palestine', ''),
('country', 'PT', 'portugal', 0, 0, 1, 0, 'country.portugal', ''),
('country', 'PW', 'palau', 0, 0, 1, 0, 'country.palau', ''),
('country', 'PY', 'paraguay', 0, 0, 1, 0, 'country.paraguay', ''),
('country', 'QA', 'qatar', 0, 0, 1, 0, 'country.qatar', ''),
('country', 'RE', 'reunion', 0, 0, 1, 0, 'country.reunion', ''),
('country', 'RO', 'romania', 0, 0, 1, 0, 'country.romania', ''),
('country', 'RS', 'serbia', 0, 0, 1, 0, 'country.serbia', ''),
('country', 'RU', 'russia', 0, 0, 1, 0, 'country.russia', ''),
('country', 'RW', 'rwanda', 0, 0, 1, 0, 'country.rwanda', ''),
('country', 'SA', 'saudiarabia', 0, 0, 1, 0, 'country.saudiarabia', ''),
('country', 'SB', 'solomonislands', 0, 0, 1, 0, 'country.solomonislands', ''),
('country', 'SC', 'seychelles', 0, 0, 1, 0, 'country.seychelles', ''),
('country', 'SD', 'sudan', 0, 0, 1, 0, 'country.sudan', ''),
('country', 'SE', 'sweden', 0, 0, 1, 0, 'country.sweden', ''),
('country', 'SG', 'singapore', 0, 0, 1, 0, 'country.singapore', ''),
('country', 'SH', 'sainthelena', 0, 0, 1, 0, 'country.sainthelena', ''),
('country', 'SI', 'slovenia', 0, 0, 1, 0, 'country.slovenia', ''),
('country', 'SJ', 'svalbard', 0, 0, 1, 0, 'country.svalbard', ''),
('country', 'SK', 'slovakia', 0, 0, 1, 0, 'country.slovakia', ''),
('country', 'SL', 'sierraleone', 0, 0, 1, 0, 'country.sierraleone', ''),
('country', 'SM', 'sanmarino', 0, 0, 1, 0, 'country.sanmarino', ''),
('country', 'SN', 'senegal', 0, 0, 1, 0, 'country.senegal', ''),
('country', 'SO', 'somalia', 0, 0, 1, 0, 'country.somalia', ''),
('country', 'SR', 'suriname', 0, 0, 1, 0, 'country.suriname', ''),
('country', 'SS', 'southsudan', 0, 0, 1, 0, 'country.southsudan', ''),
('country', 'ST', 'saotome', 0, 0, 1, 0, 'country.saotome', ''),
('country', 'SV', 'elsalvador', 0, 0, 1, 0, 'country.elsalvador', ''),
('country', 'SX', 'sintmaarten', 0, 0, 1, 0, 'country.sintmaarten', ''),
('country', 'SY', 'syria', 0, 0, 1, 0, 'country.syria', ''),
('country', 'SZ', 'swaziland', 0, 0, 1, 0, 'country.swaziland', ''),
('country', 'TC', 'turkscaicos', 0, 0, 1, 0, 'country.turkscaicos', ''),
('country', 'TD', 'chad', 0, 0, 1, 0, 'country.chad', ''),
('country', 'TG', 'togo', 0, 0, 1, 0, 'country.togo', ''),
('country', 'TH', 'thailand', 0, 0, 1, 0, 'country.thailand', ''),
('country', 'TJ', 'tajikistan', 0, 0, 1, 0, 'country.tajikistan', ''),
('country', 'TK', 'tokelau', 0, 0, 1, 0, 'country.tokelau', ''),
('country', 'TL', 'timorleste', 0, 0, 1, 0, 'country.timorleste', ''),
('country', 'TM', 'turkmenistan', 0, 0, 1, 0, 'country.turkmenistan', ''),
('country', 'TN', 'tunisia', 0, 0, 1, 0, 'country.tunisia', ''),
('country', 'TO', 'tonga', 0, 0, 1, 0, 'country.tonga', ''),
('country', 'TR', 'turkey', 0, 0, 1, 0, 'country.turkey', ''),
('country', 'TT', 'trinidadtobago', 0, 0, 1, 0, 'country.trinidadtobago', ''),
('country', 'TV', 'tuvalu', 0, 0, 1, 0, 'country.tuvalu', ''),
('country', 'TW', 'taiwan', 0, 0, 1, 0, 'country.taiwan', ''),
('country', 'TZ', 'tanzania', 0, 0, 1, 0, 'country.tanzania', ''),
('country', 'UA', 'ukraine', 0, 0, 1, 0, 'country.ukraine', ''),
('country', 'UG', 'uganda', 0, 0, 1, 0, 'country.uganda', ''),
('country', 'US', 'unitedstatesamerica', 0, 0, 1, 0, 'country.unitedstatesamerica', ''),
('country', 'UY', 'uruguay', 0, 0, 1, 0, 'country.uruguay', ''),
('country', 'UZ', 'uzbekistan', 0, 0, 1, 0, 'country.uzbekistan', ''),
('country', 'VA', 'vatican', 0, 0, 1, 0, 'country.vatican', ''),
('country', 'VC', 'saintvincent', 0, 0, 1, 0, 'country.saintvincent', ''),
('country', 'VE', 'venezuela', 0, 0, 1, 0, 'country.venezuela', ''),
('country', 'VG', 'britishvirginislands', 0, 0, 1, 0, 'country.britishvirginislands', ''),
('country', 'VI', 'usvirginislands', 0, 0, 1, 0, 'country.usvirginislands', ''),
('country', 'VN', 'vietnam', 0, 0, 1, 0, 'country.vietnam', ''),
('country', 'VU', 'vanuatu', 0, 0, 1, 0, 'country.vanuatu', ''),
('country', 'WF', 'wallisfutuna', 0, 0, 1, 0, 'country.wallisfutuna', ''),
('country', 'WS', 'samoa', 0, 0, 1, 0, 'country.samoa', ''),
('country', 'YE', 'yemen', 0, 0, 1, 0, 'country.yemen', ''),
('country', 'YT', 'mayotte', 0, 0, 1, 0, 'country.mayotte', ''),
('country', 'ZA', 'southafrica', 0, 0, 1, 0, 'country.southafrica', ''),
('country', 'ZM', 'zambia', 0, 0, 1, 0, 'country.zambia', ''),
('country', 'ZW', 'zimbabwe', 0, 0, 1, 0, 'country.zimbabwe', ''),
('dime.denmark.admin', 'DK', 'denmark', 1, 0, 1, 0, 'dime.denmark.admin.denmark', ''),
('dime.denmark.municipality', '101', 'kobenhavn', 0, 0, 1, 0, 'dime.kommune.kobenhavn', ''),
('dime.denmark.municipality', '147', 'frederiksbeg', 0, 0, 1, 0, 'dime.kommune.frederiksbeg', ''),
('dime.denmark.municipality', '151', 'ballerup', 0, 0, 1, 0, 'dime.kommune.ballerup', ''),
('dime.denmark.municipality', '153', 'brondby', 0, 0, 1, 0, 'dime.kommune.brondby', ''),
('dime.denmark.municipality', '155', 'dragor', 0, 0, 1, 0, 'dime.kommune.dragor', ''),
('dime.denmark.municipality', '157', 'gentofte', 0, 0, 1, 0, 'dime.kommune.gentofte', ''),
('dime.denmark.municipality', '159', 'gladsaxe', 0, 0, 1, 0, 'dime.kommune.gladsaxe', ''),
('dime.denmark.municipality', '161', 'glostrup', 0, 0, 1, 0, 'dime.kommune.glostrup', ''),
('dime.denmark.municipality', '163', 'herlev', 0, 0, 1, 0, 'dime.kommune.herlev', ''),
('dime.denmark.municipality', '165', 'albertslund', 0, 0, 1, 0, 'dime.kommune.albertslund', ''),
('dime.denmark.municipality', '167', 'hvidovre', 0, 0, 1, 0, 'dime.kommune.hvidovre', ''),
('dime.denmark.municipality', '169', 'hojetaastrup', 0, 0, 1, 0, 'dime.kommune.hojetaastrup', ''),
('dime.denmark.municipality', '173', 'lyngbytaarbaek', 0, 0, 1, 0, 'dime.kommune.lyngbytaarbaek', ''),
('dime.denmark.municipality', '175', 'rodovre', 0, 0, 1, 0, 'dime.kommune.rodovre', ''),
('dime.denmark.municipality', '183', 'ishoj', 0, 0, 1, 0, 'dime.kommune.ishoj', ''),
('dime.denmark.municipality', '185', 'tarnby', 0, 0, 1, 0, 'dime.kommune.tarnby', ''),
('dime.denmark.municipality', '187', 'vallensbaek', 0, 0, 1, 0, 'dime.kommune.vallensbaek', ''),
('dime.denmark.municipality', '190', 'fureso', 0, 0, 1, 0, 'dime.kommune.fureso', ''),
('dime.denmark.municipality', '201', 'allerod', 0, 0, 1, 0, 'dime.kommune.allerod', ''),
('dime.denmark.municipality', '210', 'fredensborg', 0, 0, 1, 0, 'dime.kommune.fredensborg', ''),
('dime.denmark.municipality', '217', 'helsingor', 0, 0, 1, 0, 'dime.kommune.helsingor', ''),
('dime.denmark.municipality', '219', 'hillerod', 0, 0, 1, 0, 'dime.kommune.hillerod', ''),
('dime.denmark.municipality', '223', 'horsholm', 0, 0, 1, 0, 'dime.kommune.horsholm', ''),
('dime.denmark.municipality', '230', 'rudersdal', 0, 0, 1, 0, 'dime.kommune.rudersdal', ''),
('dime.denmark.municipality', '240', 'egedal', 0, 0, 1, 0, 'dime.kommune.egedal', ''),
('dime.denmark.municipality', '250', 'frederikssund', 0, 0, 1, 0, 'dime.kommune.frederikssund', ''),
('dime.denmark.municipality', '253', 'greve', 0, 0, 1, 0, 'dime.kommune.greve', ''),
('dime.denmark.municipality', '259', 'koge', 0, 0, 1, 0, 'dime.kommune.koge', ''),
('dime.denmark.municipality', '260', 'halsnaes', 0, 0, 1, 0, 'dime.kommune.halsnaes', ''),
('dime.denmark.municipality', '265', 'roskilde', 0, 0, 1, 0, 'dime.kommune.roskilde', ''),
('dime.denmark.municipality', '269', 'solrod', 0, 0, 1, 0, 'dime.kommune.solrod', ''),
('dime.denmark.municipality', '270', 'gribskov', 0, 0, 1, 0, 'dime.kommune.gribskov', ''),
('dime.denmark.municipality', '306', 'odsherred', 0, 0, 1, 0, 'dime.kommune.odsherred', ''),
('dime.denmark.municipality', '316', 'holbaek', 0, 0, 1, 0, 'dime.kommune.holbaek', ''),
('dime.denmark.municipality', '320', 'faxe', 0, 0, 1, 0, 'dime.kommune.faxe', ''),
('dime.denmark.municipality', '326', 'kalundborg', 0, 0, 1, 0, 'dime.kommune.kalundborg', ''),
('dime.denmark.municipality', '329', 'ringsted', 0, 0, 1, 0, 'dime.kommune.ringsted', ''),
('dime.denmark.municipality', '330', 'slagelse', 0, 0, 1, 0, 'dime.kommune.slagelse', ''),
('dime.denmark.municipality', '336', 'stevns', 0, 0, 1, 0, 'dime.kommune.stevns', ''),
('dime.denmark.municipality', '340', 'soro', 0, 0, 1, 0, 'dime.kommune.soro', ''),
('dime.denmark.municipality', '350', 'lejre', 0, 0, 1, 0, 'dime.kommune.lejre', ''),
('dime.denmark.municipality', '360', 'lolland', 0, 0, 1, 0, 'dime.kommune.lolland', ''),
('dime.denmark.municipality', '370', 'naestved', 0, 0, 1, 0, 'dime.kommune.naestved', ''),
('dime.denmark.municipality', '376', 'guldborgsund', 0, 0, 1, 0, 'dime.kommune.guldborgsund', ''),
('dime.denmark.municipality', '390', 'vordingborg', 0, 0, 1, 0, 'dime.kommune.vordingborg', ''),
('dime.denmark.municipality', '400', 'bornholm', 0, 0, 1, 0, 'dime.kommune.bornholm', ''),
('dime.denmark.municipality', '410', 'middelfart', 0, 0, 1, 0, 'dime.kommune.middelfart', ''),
('dime.denmark.municipality', '420', 'assens', 0, 0, 1, 0, 'dime.kommune.assens', ''),
('dime.denmark.municipality', '430', 'faaborgmidtfyn', 0, 0, 1, 0, 'dime.kommune.faaborgmidtfyn', ''),
('dime.denmark.municipality', '440', 'kerteminde', 0, 0, 1, 0, 'dime.kommune.kerteminde', ''),
('dime.denmark.municipality', '450', 'nyborg', 0, 0, 1, 0, 'dime.kommune.nyborg', ''),
('dime.denmark.municipality', '461', 'odense', 0, 0, 1, 0, 'dime.kommune.odense', ''),
('dime.denmark.municipality', '479', 'svendborg', 0, 0, 1, 0, 'dime.kommune.svendborg', ''),
('dime.denmark.municipality', '480', 'nordfyns', 0, 0, 1, 0, 'dime.kommune.nordfyns', ''),
('dime.denmark.municipality', '482', 'langeland', 0, 0, 1, 0, 'dime.kommune.langeland', ''),
('dime.denmark.municipality', '492', 'aero', 0, 0, 1, 0, 'dime.kommune.aero', ''),
('dime.denmark.municipality', '510', 'haderslev', 0, 0, 1, 0, 'dime.kommune.haderslev', ''),
('dime.denmark.municipality', '530', 'billund', 0, 0, 1, 0, 'dime.kommune.billund', ''),
('dime.denmark.municipality', '540', 'sonderborg', 0, 0, 1, 0, 'dime.kommune.sonderborg', ''),
('dime.denmark.municipality', '550', 'tonder', 0, 0, 1, 0, 'dime.kommune.tonder', ''),
('dime.denmark.municipality', '561', 'esbjerg', 0, 0, 1, 0, 'dime.kommune.esbjerg', ''),
('dime.denmark.municipality', '563', 'fano', 0, 0, 1, 0, 'dime.kommune.fano', ''),
('dime.denmark.municipality', '573', 'varde', 0, 0, 1, 0, 'dime.kommune.varde', ''),
('dime.denmark.municipality', '575', 'vejen', 0, 0, 1, 0, 'dime.kommune.vejen', ''),
('dime.denmark.municipality', '580', 'aabenraa', 0, 0, 1, 0, 'dime.kommune.aabenraa', ''),
('dime.denmark.municipality', '607', 'fredericia', 0, 0, 1, 0, 'dime.kommune.fredericia', ''),
('dime.denmark.municipality', '615', 'horsens', 0, 0, 1, 0, 'dime.kommune.horsens', ''),
('dime.denmark.municipality', '621', 'kolding', 0, 0, 1, 0, 'dime.kommune.kolding', ''),
('dime.denmark.municipality', '630', 'vejle', 0, 0, 1, 0, 'dime.kommune.vejle', ''),
('dime.denmark.municipality', '657', 'herning', 0, 0, 1, 0, 'dime.kommune.herning', ''),
('dime.denmark.municipality', '661', 'holstebro', 0, 0, 1, 0, 'dime.kommune.holstebro', ''),
('dime.denmark.municipality', '665', 'lemvig', 0, 0, 1, 0, 'dime.kommune.lemvig', ''),
('dime.denmark.municipality', '671', 'struer', 0, 0, 1, 0, 'dime.kommune.struer', ''),
('dime.denmark.municipality', '706', 'syddjurs', 0, 0, 1, 0, 'dime.kommune.syddjurs', ''),
('dime.denmark.municipality', '707', 'norddjurs', 0, 0, 1, 0, 'dime.kommune.norddjurs', ''),
('dime.denmark.municipality', '710', 'favrskov', 0, 0, 1, 0, 'dime.kommune.favrskov', ''),
('dime.denmark.municipality', '727', 'odder', 0, 0, 1, 0, 'dime.kommune.odder', ''),
('dime.denmark.municipality', '730', 'randers', 0, 0, 1, 0, 'dime.kommune.randers', ''),
('dime.denmark.municipality', '740', 'silkeborg', 0, 0, 1, 0, 'dime.kommune.silkeborg', ''),
('dime.denmark.municipality', '741', 'samso', 0, 0, 1, 0, 'dime.kommune.samso', ''),
('dime.denmark.municipality', '746', 'skanderborg', 0, 0, 1, 0, 'dime.kommune.skanderborg', ''),
('dime.denmark.municipality', '751', 'arhus', 0, 0, 1, 0, 'dime.kommune.arhus', ''),
('dime.denmark.municipality', '756', 'ikastbrande', 0, 0, 1, 0, 'dime.kommune.ikastbrande', ''),
('dime.denmark.municipality', '760', 'ringkobingskjern', 0, 0, 1, 0, 'dime.kommune.ringkobingskjern', ''),
('dime.denmark.municipality', '766', 'hedensted', 0, 0, 1, 0, 'dime.kommune.hedensted', ''),
('dime.denmark.municipality', '773', 'morso', 0, 0, 1, 0, 'dime.kommune.morso', ''),
('dime.denmark.municipality', '779', 'skive', 0, 0, 1, 0, 'dime.kommune.skive', ''),
('dime.denmark.municipality', '787', 'thisted', 0, 0, 1, 0, 'dime.kommune.thisted', ''),
('dime.denmark.municipality', '791', 'viborg', 0, 0, 1, 0, 'dime.kommune.viborg', ''),
('dime.denmark.municipality', '810', 'bronderslev', 0, 0, 1, 0, 'dime.kommune.bronderslev', ''),
('dime.denmark.municipality', '813', 'frederikshavn', 0, 0, 1, 0, 'dime.kommune.frederikshavn', ''),
('dime.denmark.municipality', '820', 'vesthimmerland', 0, 0, 1, 0, 'dime.kommune.vesthimmerland', ''),
('dime.denmark.municipality', '825', 'laeso', 0, 0, 1, 0, 'dime.kommune.laeso', ''),
('dime.denmark.municipality', '840', 'rebild', 0, 0, 1, 0, 'dime.kommune.rebild', ''),
('dime.denmark.municipality', '846', 'mariagerfjord', 0, 0, 1, 0, 'dime.kommune.mariagerfjord', ''),
('dime.denmark.municipality', '849', 'jammerbugt', 0, 0, 1, 0, 'dime.kommune.jammerbugt', ''),
('dime.denmark.municipality', '851', 'aalborg', 0, 0, 1, 0, 'dime.kommune.aalborg', ''),
('dime.denmark.municipality', '860', 'hjorring', 0, 0, 1, 0, 'dime.kommune.hjorring', ''),
('dime.denmark.region', 'DK01', 'hovedstaden', 0, 0, 1, 0, 'dime.region.hovedstaden', ''),
('dime.denmark.region', 'DK02', 'sjaelland', 0, 0, 1, 0, 'dime.region.sjaelland', ''),
('dime.denmark.region', 'DK03', 'syddanmark', 0, 0, 1, 0, 'dime.region.syddanmark', ''),
('dime.denmark.region', 'DK04', 'midtjylland', 0, 0, 1, 0, 'dime.region.midtjylland', ''),
('dime.denmark.region', 'DK05', 'nordjylland', 0, 0, 1, 0, 'dime.region.nordjylland', ''),
('dime.find.condition', 'fragmented', '', 0, 0, 1, 0, 'dime.find.condition.fragmented', ''),
('dime.find.condition', 'modified', '', 0, 0, 1, 0, 'dime.find.condition.modified', ''),
('dime.find.condition', 'unfinished', '', 0, 0, 1, 0, 'dime.find.condition.unfinished', ''),
('dime.find.condition', 'whole', '', 0, 0, 1, 0, 'dime.find.condition.whole', ''),
('dime.find.custody', 'destroyed', '', 0, 0, 1, 0, 'dime.find.custody.destroyed', ''),
('dime.find.custody', 'discarded', '', 0, 0, 1, 0, 'dime.find.custody.discarded', ''),
('dime.find.custody', 'held', '', 0, 1, 1, 0, 'dime.find.custody.held', ''),
('dime.find.custody', 'lost', '', 0, 0, 1, 0, 'dime.find.custody.lost', ''),
('dime.find.custody', 'requested', '', 0, 0, 1, 0, 'dime.find.custody.requested', ''),
('dime.find.custody', 'sent', '', 0, 0, 1, 0, 'dime.find.custody.sent', ''),
('dime.find.process', 'accessioned', '', 0, 0, 1, 0, 'dime.find.process.accessioned', ''),
('dime.find.process', 'assessed', '', 0, 0, 1, 0, 'dime.find.process.assessed', ''),
('dime.find.process', 'deleted', '', 0, 0, 1, 0, 'dime.find.process.deleted', ''),
('dime.find.process', 'evaluated', '', 0, 0, 1, 0, 'dime.find.process.evaluated', ''),
('dime.find.process', 'inactive', '', 0, 0, 1, 0, 'dime.find.process.inactive', ''),
('dime.find.process', 'recorded', '', 0, 1, 1, 0, 'dime.find.process.recorded', ''),
('dime.find.process', 'rejected', '', 0, 0, 1, 0, 'dime.find.process.rejected', ''),
('dime.find.process', 'released', '', 0, 0, 1, 0, 'dime.find.process.released', ''),
('dime.find.process', 'reported', '', 0, 0, 1, 0, 'dime.find.process.reported', ''),
('dime.find.process', 'validated', '', 0, 0, 1, 0, 'dime.find.process.validated', ''),
('dime.find.secondary', 'enamel', '', 0, 0, 1, 0, 'dime.find.secondary.enamel', ''),
('dime.find.secondary', 'gilded', '', 0, 0, 1, 0, 'dime.find.secondary.gilded', ''),
('dime.find.secondary', 'glass', '', 0, 0, 1, 0, 'dime.find.secondary.glass', ''),
('dime.find.secondary', 'iron', '', 0, 0, 1, 0, 'dime.find.secondary.iron', ''),
('dime.find.secondary', 'looped', '', 0, 0, 1, 0, 'dime.find.secondary.looped', ''),
('dime.find.secondary', 'niello', '', 0, 0, 1, 0, 'dime.find.secondary.niello', ''),
('dime.find.secondary', 'organic', '', 0, 0, 1, 0, 'dime.find.secondary.organic', ''),
('dime.find.secondary', 'stone', '', 0, 0, 1, 0, 'dime.find.secondary.stone', ''),
('dime.find.secondary', 'tinned', '', 0, 0, 1, 0, 'dime.find.secondary.tinned', ''),
('dime.find.secondary', 'zz', 'other', 0, 0, 1, 0, 'dime.find.secondary.other', ''),
('dime.find.subtype', 'accessory.bell', '', 0, 0, 0, 0, 'dime.find.subtype.accessory.bell', ''),
('dime.find.subtype', 'accessory.brooch', '', 0, 0, 0, 0, 'dime.find.subtype.accessory.brooch', ''),
('dime.find.subtype', 'accessory.buckle', '', 0, 0, 0, 0, 'dime.find.subtype.accessory.buckle', ''),
('dime.find.subtype', 'accessory.button', '', 0, 0, 0, 0, 'dime.find.subtype.accessory.button', ''),
('dime.find.subtype', 'accessory.button.bar', '', 0, 0, 0, 0, 'dime.find.subtype.accessory.button.bar', ''),
('dime.find.subtype', 'accessory.button.other', '', 0, 0, 0, 0, 'dime.find.subtype.accessory.button.other', ''),
('dime.find.subtype', 'accessory.button.round', '', 0, 0, 0, 0, 'dime.find.subtype.accessory.button.round', ''),
('dime.find.subtype', 'accessory.button.stud', '', 0, 0, 0, 0, 'dime.find.subtype.accessory.button.stud', ''),
('dime.find.subtype', 'accessory.fitting', '', 0, 0, 0, 0, 'dime.find.subtype.accessory.fitting', ''),
('dime.find.subtype', 'accessory.fitting.belt', '', 0, 0, 0, 0, 'dime.find.subtype.accessory.fitting.belt', ''),
('dime.find.subtype', 'accessory.fitting.other', '', 0, 0, 0, 0, 'dime.find.subtype.accessory.fitting.other', ''),
('dime.find.subtype', 'accessory.hook', '', 0, 0, 0, 0, 'dime.find.subtype.accessory.hook', ''),
('dime.find.subtype', 'accessory.jewelery', '', 0, 0, 0, 0, 'dime.find.subtype.accessory.jewelery', ''),
('dime.find.subtype', 'accessory.jewelery.bracelet', '', 0, 0, 0, 0, 'dime.find.subtype.accessory.jewelery.bracelet', ''),
('dime.find.subtype', 'accessory.jewelery.bracteate', '', 0, 0, 0, 0, 'dime.find.subtype.accessory.jewelery.bracteate', ''),
('dime.find.subtype', 'accessory.jewelery.earring', '', 0, 0, 0, 0, 'dime.find.subtype.accessory.jewelery.earring', ''),
('dime.find.subtype', 'accessory.jewelery.necklace', '', 0, 0, 0, 0, 'dime.find.subtype.accessory.jewelery.necklace', ''),
('dime.find.subtype', 'accessory.jewelery.other', '', 0, 0, 0, 0, 'dime.find.subtype.accessory.jewelery.other', ''),
('dime.find.subtype', 'accessory.jewelery.pasyning', '', 0, 0, 0, 0, 'dime.find.subtype.accessory.jewelery.pasyning', ''),
('dime.find.subtype', 'accessory.jewelery.pearl', '', 0, 0, 0, 0, 'dime.find.subtype.accessory.jewelery.pearl', ''),
('dime.find.subtype', 'accessory.jewelery.pendant', '', 0, 0, 0, 0, 'dime.find.subtype.accessory.jewelery.pendant', ''),
('dime.find.subtype', 'accessory.jewelery.ring', '', 0, 0, 0, 0, 'dime.find.subtype.accessory.jewelery.ring', ''),
('dime.find.subtype', 'accessory.lace', '', 0, 0, 0, 0, 'dime.find.subtype.accessory.lace', ''),
('dime.find.subtype', 'accessory.medal', '', 0, 0, 0, 0, 'dime.find.subtype.accessory.medal', ''),
('dime.find.subtype', 'accessory.other', '', 0, 0, 0, 0, 'dime.find.subtype.accessory.other', ''),
('dime.find.subtype', 'accessory.pilgrim', '', 0, 0, 0, 0, 'dime.find.subtype.accessory.pilgrim', ''),
('dime.find.subtype', 'accessory.pin', '', 0, 0, 0, 0, 'dime.find.subtype.accessory.pin', ''),
('dime.find.subtype', 'accessory.tutulus', '', 0, 0, 0, 0, 'dime.find.subtype.accessory.tutulus', ''),
('dime.find.subtype', 'coin.danish', '', 0, 0, 0, 0, 'dime.find.subtype.coin.danish', ''),
('dime.find.subtype', 'coin.danish.civilwar', '', 0, 0, 0, 0, 'dime.find.subtype.coin.danish.civilwar', ''),
('dime.find.subtype', 'coin.danish.early', '', 0, 0, 0, 0, 'dime.find.subtype.coin.danish.early', ''),
('dime.find.subtype', 'coin.danish.hvide', '', 0, 0, 0, 0, 'dime.find.subtype.coin.danish.hvide', ''),
('dime.find.subtype', 'coin.danish.klipping', '', 0, 0, 0, 0, 'dime.find.subtype.coin.danish.klipping', ''),
('dime.find.subtype', 'coin.danish.other', '', 0, 0, 0, 0, 'dime.find.subtype.coin.danish.other', ''),
('dime.find.subtype', 'coin.danish.ssling', '', 0, 0, 0, 0, 'dime.find.subtype.coin.danish.ssling', ''),
('dime.find.subtype', 'coin.danish.sterling', '', 0, 0, 0, 0, 'dime.find.subtype.coin.danish.sterling', ''),
('dime.find.subtype', 'coin.foreign', '', 0, 0, 0, 0, 'dime.find.subtype.coin.foreign', ''),
('dime.find.subtype', 'coin.foreign.hohlpfennig', '', 0, 0, 0, 0, 'dime.find.subtype.coin.foreign.hohlpfennig', ''),
('dime.find.subtype', 'coin.foreign.hvide', '', 0, 0, 0, 0, 'dime.find.subtype.coin.foreign.hvide', ''),
('dime.find.subtype', 'coin.foreign.other', '', 0, 0, 0, 0, 'dime.find.subtype.coin.foreign.other', ''),
('dime.find.subtype', 'coin.foreign.sterling', '', 0, 0, 0, 0, 'dime.find.subtype.coin.foreign.sterling', ''),
('dime.find.subtype', 'coin.foreign.tournois', '', 0, 0, 0, 0, 'dime.find.subtype.coin.foreign.tournois', ''),
('dime.find.subtype', 'coin.jeton', '', 0, 0, 0, 0, 'dime.find.subtype.coin.jeton', ''),
('dime.find.subtype', 'coin.modern', '', 0, 0, 0, 0, 'dime.find.subtype.coin.modern', ''),
('dime.find.subtype', 'coin.modern.danish', '', 0, 0, 0, 0, 'dime.find.subtype.coin.modern.danish', ''),
('dime.find.subtype', 'coin.modern.foreign', '', 0, 0, 0, 0, 'dime.find.subtype.coin.modern.foreign', ''),
('dime.find.subtype', 'coin.other', '', 0, 0, 0, 0, 'dime.find.subtype.coin.other', ''),
('dime.find.subtype', 'coin.roman', '', 0, 0, 0, 0, 'dime.find.subtype.coin.roman', ''),
('dime.find.subtype', 'coin.roman.aureus', '', 0, 0, 0, 0, 'dime.find.subtype.coin.roman.aureus', ''),
('dime.find.subtype', 'coin.roman.denarius', '', 0, 0, 0, 0, 'dime.find.subtype.coin.roman.denarius', ''),
('dime.find.subtype', 'coin.roman.other', '', 0, 0, 0, 0, 'dime.find.subtype.coin.roman.other', ''),
('dime.find.subtype', 'coin.roman.sestertius', '', 0, 0, 0, 0, 'dime.find.subtype.coin.roman.sestertius', ''),
('dime.find.subtype', 'coin.roman.siliqua', '', 0, 0, 0, 0, 'dime.find.subtype.coin.roman.siliqua', ''),
('dime.find.subtype', 'coin.roman.solidus', '', 0, 0, 0, 0, 'dime.find.subtype.coin.roman.solidus', ''),
('dime.find.subtype', 'coin.viking', '', 0, 0, 0, 0, 'dime.find.subtype.coin.viking', ''),
('dime.find.subtype', 'coin.viking.byzantine', '', 0, 0, 0, 0, 'dime.find.subtype.coin.viking.byzantine', ''),
('dime.find.subtype', 'coin.viking.carolingian', '', 0, 0, 0, 0, 'dime.find.subtype.coin.viking.carolingian', ''),
('dime.find.subtype', 'coin.viking.denarius', '', 0, 0, 0, 0, 'dime.find.subtype.coin.viking.denarius', ''),
('dime.find.subtype', 'coin.viking.dirham', '', 0, 0, 0, 0, 'dime.find.subtype.coin.viking.dirham', ''),
('dime.find.subtype', 'coin.viking.english', '', 0, 0, 0, 0, 'dime.find.subtype.coin.viking.english', ''),
('dime.find.subtype', 'coin.viking.german', '', 0, 0, 0, 0, 'dime.find.subtype.coin.viking.german', ''),
('dime.find.subtype', 'coin.viking.nordic', '', 0, 0, 0, 0, 'dime.find.subtype.coin.viking.nordic', ''),
('dime.find.subtype', 'coin.viking.other', '', 0, 0, 0, 0, 'dime.find.subtype.coin.viking.other', ''),
('dime.find.subtype', 'coin.viking.penny', '', 0, 0, 0, 0, 'dime.find.subtype.coin.viking.penny', ''),
('dime.find.subtype', 'coin.viking.phennig', '', 0, 0, 0, 0, 'dime.find.subtype.coin.viking.phennig', ''),
('dime.find.subtype', 'coin.viking.sceat', '', 0, 0, 0, 0, 'dime.find.subtype.coin.viking.sceat', ''),
('dime.find.subtype', 'fibula.beak', '', 0, 0, 1, 0, 'dime.find.subtype.fibula.beak', ''),
('dime.find.subtype', 'fibula.bird.above', '', 0, 0, 0, 0, 'dime.find.subtype.fibula.bird.above', ''),
('dime.find.subtype', 'fibula.bird.profile', '', 0, 0, 0, 0, 'dime.find.subtype.fibula.bird.profile', ''),
('dime.find.subtype', 'fibula.bow', '', 0, 0, 0, 0, 'dime.find.subtype.fibula.bow', ''),
('dime.find.subtype', 'fibula.bow.ball', '', 0, 0, 0, 0, 'dime.find.subtype.fibula.bow.ball', ''),
('dime.find.subtype', 'fibula.bow.band', '', 0, 0, 0, 0, 'dime.find.subtype.fibula.bow.band', ''),
('dime.find.subtype', 'fibula.bow.bilateral', '', 0, 0, 0, 0, 'dime.find.subtype.fibula.bow.bilateral', ''),
('dime.find.subtype', 'fibula.bow.button', '', 0, 0, 0, 0, 'dime.find.subtype.fibula.bow.button', ''),
('dime.find.subtype', 'fibula.bow.cross', '', 0, 0, 0, 0, 'dime.find.subtype.fibula.bow.cross', ''),
('dime.find.subtype', 'fibula.bow.foot', '', 0, 0, 0, 0, 'dime.find.subtype.fibula.bow.foot', ''),
('dime.find.subtype', 'fibula.bow.high', '', 0, 0, 0, 0, 'dime.find.subtype.fibula.bow.high', ''),
('dime.find.subtype', 'fibula.bow.other', '', 0, 0, 0, 0, 'dime.find.subtype.fibula.bow.other', ''),
('dime.find.subtype', 'fibula.bow.relief', '', 0, 0, 0, 0, 'dime.find.subtype.fibula.bow.relief', ''),
('dime.find.subtype', 'fibula.bowl', '', 0, 0, 0, 0, 'dime.find.subtype.fibula.bowl', ''),
('dime.find.subtype', 'fibula.bowl.animal', '', 0, 0, 0, 0, 'dime.find.subtype.fibula.bowl.animal', ''),
('dime.find.subtype', 'fibula.bowl.circular', '', 0, 0, 0, 0, 'dime.find.subtype.fibula.bowl.circular', ''),
('dime.find.subtype', 'fibula.bowl.large', '', 0, 0, 0, 0, 'dime.find.subtype.fibula.bowl.large', ''),
('dime.find.subtype', 'fibula.bowl.other', '', 0, 0, 0, 0, 'dime.find.subtype.fibula.bowl.other', ''),
('dime.find.subtype', 'fibula.bowl.small', '', 0, 0, 0, 0, 'dime.find.subtype.fibula.bowl.small', ''),
('dime.find.subtype', 'fibula.circular', '', 0, 0, 0, 0, 'dime.find.subtype.fibula.circular', ''),
('dime.find.subtype', 'fibula.circular.large', '', 0, 0, 0, 0, 'dime.find.subtype.fibula.circular.large', ''),
('dime.find.subtype', 'fibula.circular.other', '', 0, 0, 0, 0, 'dime.find.subtype.fibula.circular.other', ''),
('dime.find.subtype', 'fibula.circular.small', '', 0, 0, 0, 0, 'dime.find.subtype.fibula.circular.small', ''),
('dime.find.subtype', 'fibula.circular.tin', '', 0, 0, 0, 0, 'dime.find.subtype.fibula.circular.tin', ''),
('dime.find.subtype', 'fibula.enamel', '', 0, 0, 0, 0, 'dime.find.subtype.fibula.enamel', ''),
('dime.find.subtype', 'fibula.enamel.central', '', 0, 0, 0, 0, 'dime.find.subtype.fibula.enamel.central', ''),
('dime.find.subtype', 'fibula.enamel.cross', '', 0, 0, 0, 0, 'dime.find.subtype.fibula.enamel.cross', ''),
('dime.find.subtype', 'fibula.enamel.multiple', '', 0, 0, 0, 0, 'dime.find.subtype.fibula.enamel.multiple', ''),
('dime.find.subtype', 'fibula.enamel.other', '', 0, 0, 0, 0, 'dime.find.subtype.fibula.enamel.other', ''),
('dime.find.subtype', 'fibula.equalarm', '', 0, 0, 0, 0, 'dime.find.subtype.fibula.equalarm', ''),
('dime.find.subtype', 'fibula.equalarm.large', '', 0, 0, 0, 0, 'dime.find.subtype.fibula.equalarm.large', ''),
('dime.find.subtype', 'fibula.equalarm.other', '', 0, 0, 0, 0, 'dime.find.subtype.fibula.equalarm.other', ''),
('dime.find.subtype', 'fibula.equalarm.small', '', 0, 0, 0, 0, 'dime.find.subtype.fibula.equalarm.small', ''),
('dime.find.subtype', 'fibula.healing', '', 0, 0, 0, 0, 'dime.find.subtype.fibula.healing', ''),
('dime.find.subtype', 'fibula.healing.aalborg', '', 0, 0, 0, 0, 'dime.find.subtype.fibula.healing.aalborg', ''),
('dime.find.subtype', 'fibula.healing.lamb', '', 0, 0, 0, 0, 'dime.find.subtype.fibula.healing.lamb', ''),
('dime.find.subtype', 'fibula.healing.other', '', 0, 0, 0, 0, 'dime.find.subtype.fibula.healing.other', ''),
('dime.find.subtype', 'fibula.healing.urnes', '', 0, 0, 0, 0, 'dime.find.subtype.fibula.healing.urnes', ''),
('dime.find.subtype', 'fibula.other', '', 0, 0, 0, 0, 'dime.find.subtype.fibula.other', ''),
('dime.find.subtype', 'fibula.plate', '', 0, 0, 0, 0, 'dime.find.subtype.fibula.plate', ''),
('dime.find.subtype', 'fibula.plate.bird', '', 0, 0, 0, 0, 'dime.find.subtype.fibula.plate.bird', ''),
('dime.find.subtype', 'fibula.plate.circular', '', 0, 0, 0, 0, 'dime.find.subtype.fibula.plate.circular', ''),
('dime.find.subtype', 'fibula.plate.coin', '', 0, 0, 0, 0, 'dime.find.subtype.fibula.plate.coin', ''),
('dime.find.subtype', 'fibula.plate.horse', '', 0, 0, 0, 0, 'dime.find.subtype.fibula.plate.horse', ''),
('dime.find.subtype', 'fibula.plate.other', '', 0, 0, 0, 0, 'dime.find.subtype.fibula.plate.other', ''),
('dime.find.subtype', 'fibula.plate.oval', '', 0, 0, 0, 0, 'dime.find.subtype.fibula.plate.oval', ''),
('dime.find.subtype', 'fibula.plate.rhede', '', 0, 0, 0, 0, 'dime.find.subtype.fibula.plate.rhede', ''),
('dime.find.subtype', 'fibula.plate.rectangular', '', 0, 0, 0, 0, 'dime.find.subtype.fibula.plate.rectangular', ''),
('dime.find.subtype', 'fibula.plate.ship', '', 0, 0, 0, 0, 'dime.find.subtype.fibula.plate.ship', ''),
('dime.find.subtype', 'fibula.plate.snake', '', 0, 0, 0, 0, 'dime.find.subtype.fibula.plate.snake', ''),
('dime.find.subtype', 'fibula.plate.swastika', '', 0, 0, 0, 0, 'dime.find.subtype.fibula.plate.swastika', ''),
('dime.find.subtype', 'fibula.plate.tongue', '', 0, 0, 0, 0, 'dime.find.subtype.fibula.plate.tongue', ''),
('dime.find.subtype', 'fibula.plate.valkyrie', '', 0, 0, 0, 0, 'dime.find.subtype.fibula.plate.valkyrie', ''),
('dime.find.subtype', 'fibula.ring', '', 0, 0, 0, 0, 'dime.find.subtype.fibula.ring', ''),
('dime.find.subtype', 'fibula.ring.circular', '', 0, 0, 0, 0, 'dime.find.subtype.fibula.ring.circular', ''),
('dime.find.subtype', 'fibula.ring.heart', '', 0, 0, 0, 0, 'dime.find.subtype.fibula.ring.heart', ''),
('dime.find.subtype', 'fibula.ring.other', '', 0, 0, 0, 0, 'dime.find.subtype.fibula.ring.other', ''),
('dime.find.subtype', 'fibula.ring.star', '', 0, 0, 0, 0, 'dime.find.subtype.fibula.ring.star', ''),
('dime.find.subtype', 'fibula.trilobal', '', 0, 0, 0, 0, 'dime.find.subtype.fibula.trilobal', ''),
('dime.find.subtype', 'fibula.viking', '', 0, 0, 0, 0, 'dime.find.subtype.fibula.viking', ''),
('dime.find.subtype', 'fibula.viking.other', '', 0, 0, 0, 0, 'dime.find.subtype.fibula.viking.other', ''),
('dime.find.subtype', 'fibula.viking.rhombic', '', 0, 0, 0, 0, 'dime.find.subtype.fibula.viking.rhombic', ''),
('dime.find.subtype', 'fibula.viking.ring', '', 0, 0, 0, 0, 'dime.find.subtype.fibula.viking.ring', ''),
('dime.find.subtype', 'fibula.viking.roof', '', 0, 0, 0, 0, 'dime.find.subtype.fibula.viking.roof', ''),
('dime.find.subtype', 'metal.ingot', '', 0, 0, 0, 0, 'dime.find.subtype.metal.ingot', ''),
('dime.find.subtype', 'metal.mold', '', 0, 0, 0, 0, 'dime.find.subtype.metal.mold', ''),
('dime.find.subtype', 'metal.other', '', 0, 0, 0, 0, 'dime.find.subtype.metal.other', ''),
('dime.find.subtype', 'metal.rest', '', 0, 0, 0, 0, 'dime.find.subtype.metal.rest', ''),
('dime.find.subtype', 'metal.slag', '', 0, 0, 0, 0, 'dime.find.subtype.metal.slag', ''),
('dime.find.subtype', 'metal.tin', '', 0, 0, 0, 0, 'dime.find.subtype.metal.tin', ''),
('dime.find.subtype', 'military.ammunition', '', 0, 0, 0, 0, 'dime.find.subtype.military.ammunition', ''),
('dime.find.subtype', 'military.armor', '', 0, 0, 0, 0, 'dime.find.subtype.military.armor', ''),
('dime.find.subtype', 'military.arrow', '', 0, 0, 0, 0, 'dime.find.subtype.military.arrow', ''),
('dime.find.subtype', 'military.firearm', '', 0, 0, 0, 0, 'dime.find.subtype.military.firearm', '');
INSERT INTO `ark_vocabulary_term` (`concept`, `term`, `alias`, `is_default`, `root`, `enabled`, `deprecated`, `keyword`, `description`) VALUES
('dime.find.subtype', 'military.fitting', '', 0, 0, 0, 0, 'dime.find.subtype.military.fitting', ''),
('dime.find.subtype', 'military.fitting.other', '', 0, 0, 0, 0, 'dime.find.subtype.military.fitting.other', ''),
('dime.find.subtype', 'military.fitting.sheath', '', 0, 0, 0, 0, 'dime.find.subtype.military.fitting.sheath', ''),
('dime.find.subtype', 'military.fitting.uniform', '', 0, 0, 0, 0, 'dime.find.subtype.military.fitting.uniform', ''),
('dime.find.subtype', 'military.helmet', '', 0, 0, 0, 0, 'dime.find.subtype.military.helmet', ''),
('dime.find.subtype', 'military.melee', '', 0, 0, 0, 0, 'dime.find.subtype.military.melee', ''),
('dime.find.subtype', 'military.melee.axe', '', 0, 0, 0, 0, 'dime.find.subtype.military.melee.axe', ''),
('dime.find.subtype', 'military.melee.blunt', '', 0, 0, 0, 0, 'dime.find.subtype.military.melee.blunt', ''),
('dime.find.subtype', 'military.melee.knife', '', 0, 0, 0, 0, 'dime.find.subtype.military.melee.knife', ''),
('dime.find.subtype', 'military.melee.other', '', 0, 0, 0, 0, 'dime.find.subtype.military.melee.other', ''),
('dime.find.subtype', 'military.melee.pointed', '', 0, 0, 0, 0, 'dime.find.subtype.military.melee.pointed', ''),
('dime.find.subtype', 'military.melee.sword', '', 0, 0, 0, 0, 'dime.find.subtype.military.melee.sword', ''),
('dime.find.subtype', 'military.other', '', 0, 0, 0, 0, 'dime.find.subtype.military.other', ''),
('dime.find.subtype', 'military.shield', '', 0, 0, 0, 0, 'dime.find.subtype.military.shield', ''),
('dime.find.subtype', 'tool.equestrian', '', 0, 0, 0, 0, 'dime.find.subtype.tool.equestrian', ''),
('dime.find.subtype', 'tool.equestrian.bell', '', 0, 0, 0, 0, 'dime.find.subtype.tool.equestrian.bell', ''),
('dime.find.subtype', 'tool.equestrian.bridle', '', 0, 0, 0, 0, 'dime.find.subtype.tool.equestrian.bridle', ''),
('dime.find.subtype', 'tool.equestrian.cheek', '', 0, 0, 0, 0, 'dime.find.subtype.tool.equestrian.cheek', ''),
('dime.find.subtype', 'tool.equestrian.other', '', 0, 0, 0, 0, 'dime.find.subtype.tool.equestrian.other', ''),
('dime.find.subtype', 'tool.equestrian.shoe', '', 0, 0, 0, 0, 'dime.find.subtype.tool.equestrian.shoe', ''),
('dime.find.subtype', 'tool.equestrian.stirrup', '', 0, 0, 0, 0, 'dime.find.subtype.tool.equestrian.stirrup', ''),
('dime.find.subtype', 'tool.equestrian.tack', '', 0, 0, 0, 0, 'dime.find.subtype.tool.equestrian.tack', ''),
('dime.find.subtype', 'tool.house', '', 0, 0, 0, 0, 'dime.find.subtype.tool.house', ''),
('dime.find.subtype', 'tool.house.crockery', '', 0, 0, 0, 0, 'dime.find.subtype.tool.house.crockery', ''),
('dime.find.subtype', 'tool.house.cutlery', '', 0, 0, 0, 0, 'dime.find.subtype.tool.house.cutlery', ''),
('dime.find.subtype', 'tool.house.fixtures', '', 0, 0, 0, 0, 'dime.find.subtype.tool.house.fixtures', ''),
('dime.find.subtype', 'tool.house.key', '', 0, 0, 0, 0, 'dime.find.subtype.tool.house.key', ''),
('dime.find.subtype', 'tool.house.knife', '', 0, 0, 0, 0, 'dime.find.subtype.tool.house.knife', ''),
('dime.find.subtype', 'tool.house.light', '', 0, 0, 0, 0, 'dime.find.subtype.tool.house.light', ''),
('dime.find.subtype', 'tool.house.lock', '', 0, 0, 0, 0, 'dime.find.subtype.tool.house.lock', ''),
('dime.find.subtype', 'tool.house.other', '', 0, 0, 0, 0, 'dime.find.subtype.tool.house.other', ''),
('dime.find.subtype', 'tool.house.pot', '', 0, 0, 0, 0, 'dime.find.subtype.tool.house.pot', ''),
('dime.find.subtype', 'tool.house.scissors', '', 0, 0, 0, 0, 'dime.find.subtype.tool.house.scissors', ''),
('dime.find.subtype', 'tool.house.striker', '', 0, 0, 0, 0, 'dime.find.subtype.tool.house.striker', ''),
('dime.find.subtype', 'tool.measure', '', 0, 0, 0, 0, 'dime.find.subtype.tool.measure', ''),
('dime.find.subtype', 'tool.measure.clip', '', 0, 0, 0, 0, 'dime.find.subtype.tool.measure.clip', ''),
('dime.find.subtype', 'tool.measure.ingot', '', 0, 0, 0, 0, 'dime.find.subtype.tool.measure.ingot', ''),
('dime.find.subtype', 'tool.measure.scale', '', 0, 0, 0, 0, 'dime.find.subtype.tool.measure.scale', ''),
('dime.find.subtype', 'tool.measure.weight', '', 0, 0, 0, 0, 'dime.find.subtype.tool.measure.weight', ''),
('dime.find.subtype', 'tool.other', '', 0, 0, 0, 0, 'dime.find.subtype.tool.other', ''),
('dime.find.subtype', 'tool.textile', '', 0, 0, 0, 0, 'dime.find.subtype.tool.textile', ''),
('dime.find.subtype', 'tool.textile.case', '', 0, 0, 0, 0, 'dime.find.subtype.tool.textile.case', ''),
('dime.find.subtype', 'tool.textile.needle', '', 0, 0, 0, 0, 'dime.find.subtype.tool.textile.needle', ''),
('dime.find.subtype', 'tool.textile.scissors', '', 0, 0, 0, 0, 'dime.find.subtype.tool.textile.scissors', ''),
('dime.find.subtype', 'tool.textile.thimble', '', 0, 0, 0, 0, 'dime.find.subtype.tool.textile.thimble', ''),
('dime.find.subtype', 'tool.textile.whorl', '', 0, 0, 0, 0, 'dime.find.subtype.tool.textile.whorl', ''),
('dime.find.subtype', 'tool.toilet', '', 0, 0, 0, 0, 'dime.find.subtype.tool.toilet', ''),
('dime.find.subtype', 'tool.toilet.comb', '', 0, 0, 0, 0, 'dime.find.subtype.tool.toilet.comb', ''),
('dime.find.subtype', 'tool.toilet.ear', '', 0, 0, 0, 0, 'dime.find.subtype.tool.toilet.ear', ''),
('dime.find.subtype', 'tool.toilet.other', '', 0, 0, 0, 0, 'dime.find.subtype.tool.toilet.other', ''),
('dime.find.subtype', 'tool.toilet.razor', '', 0, 0, 0, 0, 'dime.find.subtype.tool.toilet.razor', ''),
('dime.find.subtype', 'tool.toilet.tweezers', '', 0, 0, 0, 0, 'dime.find.subtype.tool.toilet.tweezers', ''),
('dime.find.subtype', 'tool.toy', '', 0, 0, 0, 0, 'dime.find.subtype.tool.toy', ''),
('dime.find.subtype', 'tool.toy.counter', '', 0, 0, 0, 0, 'dime.find.subtype.tool.toy.counter', ''),
('dime.find.subtype', 'tool.toy.dice', '', 0, 0, 0, 0, 'dime.find.subtype.tool.toy.dice', ''),
('dime.find.subtype', 'tool.toy.other', '', 0, 0, 0, 0, 'dime.find.subtype.tool.toy.other', ''),
('dime.find.subtype', 'tool.work', '', 0, 0, 0, 0, 'dime.find.subtype.tool.work', ''),
('dime.find.subtype', 'tool.work.axe', '', 0, 0, 0, 0, 'dime.find.subtype.tool.work.axe', ''),
('dime.find.subtype', 'tool.work.chisel', '', 0, 0, 0, 0, 'dime.find.subtype.tool.work.chisel', ''),
('dime.find.subtype', 'tool.work.drill', '', 0, 0, 0, 0, 'dime.find.subtype.tool.work.drill', ''),
('dime.find.subtype', 'tool.work.fitting', '', 0, 0, 0, 0, 'dime.find.subtype.tool.work.fitting', ''),
('dime.find.subtype', 'tool.work.hammer', '', 0, 0, 0, 0, 'dime.find.subtype.tool.work.hammer', ''),
('dime.find.subtype', 'tool.work.knife', '', 0, 0, 0, 0, 'dime.find.subtype.tool.work.knife', ''),
('dime.find.subtype', 'tool.work.nail', '', 0, 0, 0, 0, 'dime.find.subtype.tool.work.nail', ''),
('dime.find.subtype', 'tool.work.other', '', 0, 0, 0, 0, 'dime.find.subtype.tool.work.other', ''),
('dime.find.subtype', 'tool.work.pliars', '', 0, 0, 0, 0, 'dime.find.subtype.tool.work.pliars', ''),
('dime.find.subtype', 'tool.work.rivet', '', 0, 0, 0, 0, 'dime.find.subtype.tool.work.rivet', ''),
('dime.find.subtype', 'tool.work.sickle', '', 0, 0, 0, 0, 'dime.find.subtype.tool.work.sickle', ''),
('dime.find.subtype', 'tool.writing', '', 0, 0, 0, 0, 'dime.find.subtype.tool.writing', ''),
('dime.find.subtype', 'tool.writing.bylamulet', '', 0, 0, 0, 0, 'dime.find.subtype.tool.writing.bylamulet', ''),
('dime.find.subtype', 'tool.writing.clasp', '', 0, 0, 0, 0, 'dime.find.subtype.tool.writing.clasp', ''),
('dime.find.subtype', 'tool.writing.guldgubbe', '', 0, 0, 0, 0, 'dime.find.subtype.tool.writing.guldgubbe', ''),
('dime.find.subtype', 'tool.writing.runebrev', '', 0, 0, 0, 0, 'dime.find.subtype.tool.writing.runebrev', ''),
('dime.find.subtype', 'tool.writing.seal', '', 0, 0, 0, 0, 'dime.find.subtype.tool.writing.seal', ''),
('dime.find.subtype', 'tool.writing.stamp', '', 0, 0, 0, 0, 'dime.find.subtype.tool.writing.stamp', ''),
('dime.find.subtype', 'tool.writing.stylus', '', 0, 0, 0, 0, 'dime.find.subtype.tool.writing.stylus', ''),
('dime.find.type', 'accessory', '', 0, 0, 1, 0, 'dime.find.type.accessory', ''),
('dime.find.type', 'coin', '', 0, 0, 1, 0, 'dime.find.type.coin', ''),
('dime.find.type', 'fibula', '', 0, 0, 1, 0, 'dime.find.type.fibula', ''),
('dime.find.type', 'metal', '', 0, 0, 1, 0, 'dime.find.type.metal', ''),
('dime.find.type', 'military', '', 0, 0, 1, 0, 'dime.find.type.military', ''),
('dime.find.type', 'tool', '', 0, 0, 1, 0, 'dime.find.type.tool', ''),
('dime.material', 'ag', 'silver', 0, 0, 1, 0, 'dime.material.silver', ''),
('dime.material', 'al', 'aluminium', 0, 0, 1, 0, 'dime.material.aluminium', ''),
('dime.material', 'au', 'gold', 0, 0, 1, 0, 'dime.material.gold', ''),
('dime.material', 'cu', 'copper', 0, 0, 1, 0, 'dime.material.copper', ''),
('dime.material', 'cual', 'copperalloy', 0, 0, 1, 0, 'dime.material.copperalloy', ''),
('dime.material', 'fe', 'iron', 0, 0, 1, 0, 'dime.material.iron', ''),
('dime.material', 'pb', 'lead', 0, 0, 1, 0, 'dime.material.lead', ''),
('dime.material', 'sa', 'tin', 0, 0, 1, 0, 'dime.material.tin', ''),
('dime.material', 'xx', 'othermetal', 0, 0, 1, 0, 'dime.material.othermetal', ''),
('dime.period', 'AMXX', 'mesolithic', 0, 0, 1, 0, 'dime.period.mesolithic', 'Mesolithic'),
('dime.period', 'AXXX', 'stone', 0, 0, 1, 0, 'dime.period.stone', 'Stone Age'),
('dime.period', 'AYXX', 'neolithic', 0, 0, 1, 0, 'dime.period.neolithic', 'Neolithic'),
('dime.period', 'BX1', 'bronze.1', 0, 0, 1, 0, 'dime.period.bronze.1', 'Bronze Age Period 1'),
('dime.period', 'BX2', 'bronze.2', 0, 0, 1, 0, 'dime.period.bronze.2', 'Bronze Age Period 2'),
('dime.period', 'BX3', 'bronze.3', 0, 0, 1, 0, 'dime.period.bronze.3', 'Bronze Age Period 3'),
('dime.period', 'BXX', 'bronze.early', 0, 0, 1, 0, 'dime.period.bronze.early', 'Early Bronze Age'),
('dime.period', 'BXXX', 'bronze', 0, 0, 1, 0, 'dime.period.bronze', 'Bronze Age'),
('dime.period', 'BYX4', 'bronze.4', 0, 0, 1, 0, 'dime.period.bronze.4', 'Bronze Age Period 4'),
('dime.period', 'BYX5', 'bronze.5', 0, 0, 1, 0, 'dime.period.bronze.5', 'Bronze Age Period 5'),
('dime.period', 'BYX6', 'bronze.6', 0, 0, 1, 0, 'dime.period.bronze.6', 'Bronze Age Period 6'),
('dime.period', 'BYXX', 'bronze.late', 0, 0, 1, 0, 'dime.period.bronze.late', 'Late Bronze Age'),
('dime.period', 'CF', 'iron.preroman.early', 0, 0, 1, 0, 'dime.period.iron.preroman.early', 'Early Pre-Roman Iron Age'),
('dime.period', 'CFM', 'iron.preroman.middle', 0, 0, 1, 0, 'dime.period.iron.preroman.middle', 'Middle Pre-Roman Iron Age'),
('dime.period', 'CFX', 'iron.preroman', 0, 0, 1, 0, 'dime.period.iron.preroman', 'Pre-Roman Iron Age'),
('dime.period', 'CFY', 'iron.preroman.late', 0, 0, 1, 0, 'dime.period.iron.preroman.late', 'Late Pre-Roman Iron Age'),
('dime.period', 'CRA', 'iron.roman.early.b1', 0, 0, 1, 0, 'dime.period.iron.roman.early.b1', 'Early Roman Iron Age B1'),
('dime.period', 'CR', 'iron.roman.early', 0, 0, 1, 0, 'dime.period.iron.roman.early', 'Early Roman Iron Age'),
('dime.period', 'CRB', 'iron.roman.early.b2', 0, 0, 1, 0, 'dime.period.iron.roman.early.b2', 'Early Roman Iron Age B2'),
('dime.period', 'CRC', 'iron.roman.late.c1', 0, 0, 1, 0, 'dime.period.iron.roman.late.c1', 'Late Roman Iron Age C1'),
('dime.period', 'CRD', 'iron.roman.late.c2', 0, 0, 1, 0, 'dime.period.iron.roman.late.c2', 'Late Roman Iron Age C2'),
('dime.period', 'CRE', 'iron.roman.late.c3', 0, 0, 1, 0, 'dime.period.iron.roman.late.c3', 'Late Roman Iron Age C3'),
('dime.period', 'CRX', 'iron.roman', 0, 0, 1, 0, 'dime.period.iron.roman', 'Roman Iron Age'),
('dime.period', 'CRY', 'iron.roman.late', 0, 0, 1, 0, 'dime.period.iron.roman.late', 'Late Roman Iron Age'),
('dime.period', 'CXX', 'iron.early', 0, 0, 1, 0, 'dime.period.iron.early', 'Early Iron Age'),
('dime.period', 'CXXX', 'iron', 0, 0, 1, 0, 'dime.period.iron', 'Iron Age'),
('dime.period', 'CYG', 'iron.germainic.early', 0, 0, 1, 0, 'dime.period.iron.germainic.early', 'Early Germanic Iron Age'),
('dime.period', 'CYGX', 'iron.germainic', 0, 0, 1, 0, 'dime.period.iron.germainic', 'Germanic Iron Age'),
('dime.period', 'CYGY', 'iron.germainic.late', 0, 0, 1, 0, 'dime.period.iron.germainic.late', 'Late Germanic Iron Age'),
('dime.period', 'CYV', 'viking.early', 0, 0, 1, 0, 'dime.period.viking.early', 'Early Viking Age'),
('dime.period', 'CYVX', 'viking', 0, 0, 1, 0, 'dime.period.viking', 'Viking Age'),
('dime.period', 'CYVY', 'viking.late', 0, 0, 1, 0, 'dime.period.viking.late', 'Late Viking Age'),
('dime.period', 'CYXX', 'iron.late', 0, 0, 1, 0, 'dime.period.iron.late', 'Late Iron Age'),
('dime.period', 'DXX', 'medieval.early', 0, 0, 1, 0, 'dime.period.medieval.early', 'Early Medieval'),
('dime.period', 'DXXX', 'medieval', 0, 0, 1, 0, 'dime.period.medieval', 'Medieval'),
('dime.period', 'DYX3', 'medieval.high', 0, 0, 1, 0, 'dime.period.medieval.high', 'High Medieval'),
('dime.period', 'DYX4', 'medieval.late', 0, 0, 1, 0, 'dime.period.medieval.late', 'Late Medieval'),
('dime.period', 'EXXX', 'reformation', 0, 0, 1, 0, 'dime.period.reformation', 'Reformation'),
('dime.period', 'FXX', 'absolutism', 0, 0, 1, 0, 'dime.period.absolutism', 'Absolutism'),
('dime.period', 'FMIN', 'industrial', 0, 0, 1, 0, 'dime.period.industrial', 'Industrial Age'),
('dime.period', 'FMV1', 'ww1', 0, 0, 1, 0, 'dime.period.ww1', 'First World War'),
('dime.period', 'FMV2', 'ww2', 0, 0, 1, 0, 'dime.period.ww2', 'Second World War'),
('dime.period', 'FMVM', 'interwar', 0, 0, 1, 0, 'dime.period.interwar', 'Interwar Years'),
('dime.period', 'FXXX', 'modern', 0, 0, 1, 0, 'dime.period.modern', 'Modern Age'),
('dime.period', 'FYXX', 'welfare', 0, 0, 1, 0, 'dime.period.welfare', 'Welfare Age'),
('dime.period', 'HXXX', 'historic', 0, 0, 1, 0, 'dime.period.historic', 'Historic Age'),
('dime.period', 'PALEO', 'palaeolithic', 0, 0, 1, 0, 'dime.period.palaeolithic', 'Palaeolithic'),
('dime.period', 'VEM', 'viking.medieval', 0, 0, 1, 0, 'dime.period.viking.medieval', 'Viking / Early Medieval '),
('dime.period', 'XXXX', 'undated', 0, 0, 1, 0, 'dime.period.undated', 'Undated'),
('dime.treasure', 'appraisal', '', 0, 0, 1, 0, 'dime.treasure.appraisal', ''),
('dime.treasure', 'not', '', 0, 0, 1, 0, 'dime.treasure.not', ''),
('dime.treasure', 'pending', '', 0, 1, 1, 0, 'dime.treasure.pending', ''),
('dime.treasure', 'treasure', '', 0, 0, 1, 0, 'dime.treasure.treasure', ''),
('dime.user.terms', 'v1', '', 1, 0, 1, 0, 'dime.user.terms.v1', ''),
('distance', 'km', 'kilometre', 0, 0, 1, 0, 'length.kilometre', ''),
('distance', 'm', 'metre', 0, 0, 1, 0, 'length.metre', ''),
('distance', 'mm', 'millimetre', 0, 0, 1, 0, 'length.millimetre', ''),
('distance', 'nm', 'nanometre', 0, 0, 1, 0, 'length.nanometre', ''),
('distance', 'm', 'nanometre', 0, 0, 1, 0, 'length.micrometre', ''),
('language', 'aa', 'afar', 0, 0, 1, 0, 'language.afar', ''),
('language', 'ab', 'abkhazian', 0, 0, 1, 0, 'language.abkhazian', ''),
('language', 'ace', 'achinese', 0, 0, 1, 0, 'language.achinese', ''),
('language', 'ach', 'acoli', 0, 0, 1, 0, 'language.acoli', ''),
('language', 'ada', 'adangme', 0, 0, 1, 0, 'language.adangme', ''),
('language', 'ady', 'adyghe', 0, 0, 1, 0, 'language.adyghe', ''),
('language', 'ae', 'avestan', 0, 0, 1, 0, 'language.avestan', ''),
('language', 'aeb', 'arabic.tunisian', 0, 0, 1, 0, 'language.arabic.tunisian', ''),
('language', 'af', 'afrikaans', 0, 0, 1, 0, 'language.afrikaans', ''),
('language', 'afh', 'afrihili', 0, 0, 1, 0, 'language.afrihili', ''),
('language', 'agq', 'aghem', 0, 0, 1, 0, 'language.aghem', ''),
('language', 'ain', 'ainu', 0, 0, 1, 0, 'language.ainu', ''),
('language', 'ak', 'akan', 0, 0, 1, 0, 'language.akan', ''),
('language', 'akk', 'akkadian', 0, 0, 1, 0, 'language.akkadian', ''),
('language', 'akz', 'alabama', 0, 0, 1, 0, 'language.alabama', ''),
('language', 'ale', 'aleut', 0, 0, 1, 0, 'language.aleut', ''),
('language', 'aln', 'albanian.gheg', 0, 0, 1, 0, 'language.albanian.gheg', ''),
('language', 'alt', 'altai.southern', 0, 0, 1, 0, 'language.altai.southern', ''),
('language', 'am', 'amharic', 0, 0, 1, 0, 'language.amharic', ''),
('language', 'an', 'aragonese', 0, 0, 1, 0, 'language.aragonese', ''),
('language', 'ang', 'english.old', 0, 0, 1, 0, 'language.english.old', ''),
('language', 'anp', 'angika', 0, 0, 1, 0, 'language.angika', ''),
('language', 'ar', 'arabic', 0, 0, 1, 0, 'language.arabic', ''),
('language', 'ar-001', 'arabic.modern', 0, 0, 1, 0, 'language.arabic.modern', ''),
('language', 'arc', 'aramaic', 0, 0, 1, 0, 'language.aramaic', ''),
('language', 'arn', 'mapuche', 0, 0, 1, 0, 'language.mapuche', ''),
('language', 'aro', 'araona', 0, 0, 1, 0, 'language.araona', ''),
('language', 'arp', 'arapaho', 0, 0, 1, 0, 'language.arapaho', ''),
('language', 'arq', 'arabic.algerian', 0, 0, 1, 0, 'language.arabic.algerian', ''),
('language', 'arw', 'arawak', 0, 0, 1, 0, 'language.arawak', ''),
('language', 'ary', 'arabic.moroccan', 0, 0, 1, 0, 'language.arabic.moroccan', ''),
('language', 'arz', 'arabic.egyptian', 0, 0, 1, 0, 'language.arabic.egyptian', ''),
('language', 'as', 'assamese', 0, 0, 1, 0, 'language.assamese', ''),
('language', 'asa', 'asu', 0, 0, 1, 0, 'language.asu', ''),
('language', 'ast', 'asturian', 0, 0, 1, 0, 'language.asturian', ''),
('language', 'av', 'avaric', 0, 0, 1, 0, 'language.avaric', ''),
('language', 'avk', 'kotava', 0, 0, 1, 0, 'language.kotava', ''),
('language', 'awa', 'awadhi', 0, 0, 1, 0, 'language.awadhi', ''),
('language', 'ay', 'aymara', 0, 0, 1, 0, 'language.aymara', ''),
('language', 'az', 'azerbaijani', 0, 0, 1, 0, 'language.azerbaijani', ''),
('language', 'ba', 'bashkir', 0, 0, 1, 0, 'language.bashkir', ''),
('language', 'bal', 'baluchi', 0, 0, 1, 0, 'language.baluchi', ''),
('language', 'ban', 'balinese', 0, 0, 1, 0, 'language.balinese', ''),
('language', 'bar', 'bavarian', 0, 0, 1, 0, 'language.bavarian', ''),
('language', 'bas', 'basaa', 0, 0, 1, 0, 'language.basaa', ''),
('language', 'bax', 'bamun', 0, 0, 1, 0, 'language.bamun', ''),
('language', 'bbc', 'bataktoba', 0, 0, 1, 0, 'language.bataktoba', ''),
('language', 'bbj', 'ghomala', 0, 0, 1, 0, 'language.ghomala', ''),
('language', 'be', 'belarusian', 0, 0, 1, 0, 'language.belarusian', ''),
('language', 'bej', 'beja', 0, 0, 1, 0, 'language.beja', ''),
('language', 'bem', 'bemba', 0, 0, 1, 0, 'language.bemba', ''),
('language', 'bew', 'betawi', 0, 0, 1, 0, 'language.betawi', ''),
('language', 'bez', 'bena', 0, 0, 1, 0, 'language.bena', ''),
('language', 'bfd', 'bafut', 0, 0, 1, 0, 'language.bafut', ''),
('language', 'bfq', 'badaga', 0, 0, 1, 0, 'language.badaga', ''),
('language', 'bg', 'bulgarian', 0, 0, 1, 0, 'language.bulgarian', ''),
('language', 'bgn', 'balochi.western', 0, 0, 1, 0, 'language.balochi.western', ''),
('language', 'bho', 'bhojpuri', 0, 0, 1, 0, 'language.bhojpuri', ''),
('language', 'bi', 'bislama', 0, 0, 1, 0, 'language.bislama', ''),
('language', 'bik', 'bikol', 0, 0, 1, 0, 'language.bikol', ''),
('language', 'bin', 'bini', 0, 0, 1, 0, 'language.bini', ''),
('language', 'bjn', 'banjar', 0, 0, 1, 0, 'language.banjar', ''),
('language', 'bkm', 'kom', 0, 0, 1, 0, 'language.kom', ''),
('language', 'bla', 'siksika', 0, 0, 1, 0, 'language.siksika', ''),
('language', 'bm', 'bambara', 0, 0, 1, 0, 'language.bambara', ''),
('language', 'bn', 'bengali', 0, 0, 1, 0, 'language.bengali', ''),
('language', 'bo', 'tibetan', 0, 0, 1, 0, 'language.tibetan', ''),
('language', 'bpy', 'bishnupriya', 0, 0, 1, 0, 'language.bishnupriya', ''),
('language', 'bqi', 'bakhtiari', 0, 0, 1, 0, 'language.bakhtiari', ''),
('language', 'br', 'breton', 0, 0, 1, 0, 'language.breton', ''),
('language', 'bra', 'braj', 0, 0, 1, 0, 'language.braj', ''),
('language', 'brh', 'brahui', 0, 0, 1, 0, 'language.brahui', ''),
('language', 'brx', 'bodo', 0, 0, 1, 0, 'language.bodo', ''),
('language', 'bs', 'bosnian', 0, 0, 1, 0, 'language.bosnian', ''),
('language', 'bss', 'akoose', 0, 0, 1, 0, 'language.akoose', ''),
('language', 'bua', 'buriat', 0, 0, 1, 0, 'language.buriat', ''),
('language', 'bug', 'buginese', 0, 0, 1, 0, 'language.buginese', ''),
('language', 'bum', 'bulu', 0, 0, 1, 0, 'language.bulu', ''),
('language', 'byn', 'blin', 0, 0, 1, 0, 'language.blin', ''),
('language', 'byv', 'medumba', 0, 0, 1, 0, 'language.medumba', ''),
('language', 'ca', 'catalan', 0, 0, 1, 0, 'language.catalan', ''),
('language', 'cad', 'caddo', 0, 0, 1, 0, 'language.caddo', ''),
('language', 'car', 'carib', 0, 0, 1, 0, 'language.carib', ''),
('language', 'cay', 'cayuga', 0, 0, 1, 0, 'language.cayuga', ''),
('language', 'cch', 'atsam', 0, 0, 1, 0, 'language.atsam', ''),
('language', 'ce', 'chechen', 0, 0, 1, 0, 'language.chechen', ''),
('language', 'ceb', 'cebuano', 0, 0, 1, 0, 'language.cebuano', ''),
('language', 'cgg', 'chiga', 0, 0, 1, 0, 'language.chiga', ''),
('language', 'ch', 'chamorro', 0, 0, 1, 0, 'language.chamorro', ''),
('language', 'chb', 'chibcha', 0, 0, 1, 0, 'language.chibcha', ''),
('language', 'chg', 'chagatai', 0, 0, 1, 0, 'language.chagatai', ''),
('language', 'chk', 'chuukese', 0, 0, 1, 0, 'language.chuukese', ''),
('language', 'chm', 'mari', 0, 0, 1, 0, 'language.mari', ''),
('language', 'chn', 'jargon.chinook', 0, 0, 1, 0, 'language.jargon.chinook', ''),
('language', 'cho', 'choctaw', 0, 0, 1, 0, 'language.choctaw', ''),
('language', 'chp', 'chipewyan', 0, 0, 1, 0, 'language.chipewyan', ''),
('language', 'chr', 'cherokee', 0, 0, 1, 0, 'language.cherokee', ''),
('language', 'chy', 'cheyenne', 0, 0, 1, 0, 'language.cheyenne', ''),
('language', 'ckb', 'kurdish.central', 0, 0, 1, 0, 'language.kurdish.central', ''),
('language', 'co', 'corsican', 0, 0, 1, 0, 'language.corsican', ''),
('language', 'cop', 'coptic', 0, 0, 1, 0, 'language.coptic', ''),
('language', 'cps', 'capiznon', 0, 0, 1, 0, 'language.capiznon', ''),
('language', 'cr', 'cree', 0, 0, 1, 0, 'language.cree', ''),
('language', 'crh', 'turkish.crimean', 0, 0, 1, 0, 'language.turkish.crimean', ''),
('language', 'cs', 'czech', 0, 0, 1, 0, 'language.czech', ''),
('language', 'csb', 'kashubian', 0, 0, 1, 0, 'language.kashubian', ''),
('language', 'cu', 'slavic.church', 0, 0, 1, 0, 'language.slavic.church', ''),
('language', 'cv', 'chuvash', 0, 0, 1, 0, 'language.chuvash', ''),
('language', 'cy', 'welsh', 0, 0, 1, 0, 'language.welsh', ''),
('language', 'da', 'danish', 0, 0, 1, 0, 'language.danish', ''),
('language', 'dak', 'dakota', 0, 0, 1, 0, 'language.dakota', ''),
('language', 'dar', 'dargwa', 0, 0, 1, 0, 'language.dargwa', ''),
('language', 'dav', 'taita', 0, 0, 1, 0, 'language.taita', ''),
('language', 'de', 'german', 0, 0, 1, 0, 'language.german', ''),
('language', 'de-AT', 'german.austrian', 0, 0, 1, 0, 'language.german.austrian', ''),
('language', 'de-CH', 'german.swisshigh', 0, 0, 1, 0, 'language.german.swisshigh', ''),
('language', 'del', 'delaware', 0, 0, 1, 0, 'language.delaware', ''),
('language', 'den', 'slave', 0, 0, 1, 0, 'language.slave', ''),
('language', 'dgr', 'dogrib', 0, 0, 1, 0, 'language.dogrib', ''),
('language', 'din', 'dinka', 0, 0, 1, 0, 'language.dinka', ''),
('language', 'dje', 'zarma', 0, 0, 1, 0, 'language.zarma', ''),
('language', 'doi', 'dogri', 0, 0, 1, 0, 'language.dogri', ''),
('language', 'dsb', 'sorbian.lower', 0, 0, 1, 0, 'language.sorbian.lower', ''),
('language', 'dtp', 'dusun.central', 0, 0, 1, 0, 'language.dusun.central', ''),
('language', 'dua', 'duala', 0, 0, 1, 0, 'language.duala', ''),
('language', 'dum', 'dutch.middle', 0, 0, 1, 0, 'language.dutch.middle', ''),
('language', 'dv', 'divehi', 0, 0, 1, 0, 'language.divehi', ''),
('language', 'dyo', 'jolafonyi', 0, 0, 1, 0, 'language.jolafonyi', ''),
('language', 'dyu', 'dyula', 0, 0, 1, 0, 'language.dyula', ''),
('language', 'dz', 'dzongkha', 0, 0, 1, 0, 'language.dzongkha', ''),
('language', 'dzg', 'dazaga', 0, 0, 1, 0, 'language.dazaga', ''),
('language', 'ebu', 'embu', 0, 0, 1, 0, 'language.embu', ''),
('language', 'ee', 'ewe', 0, 0, 1, 0, 'language.ewe', ''),
('language', 'efi', 'efik', 0, 0, 1, 0, 'language.efik', ''),
('language', 'egl', 'emilian', 0, 0, 1, 0, 'language.emilian', ''),
('language', 'egy', 'egyptian.ancient', 0, 0, 1, 0, 'language.egyptian.ancient', ''),
('language', 'eka', 'ekajuk', 0, 0, 1, 0, 'language.ekajuk', ''),
('language', 'el', 'greek', 0, 0, 1, 0, 'language.greek', ''),
('language', 'elx', 'elamite', 0, 0, 1, 0, 'language.elamite', ''),
('language', 'en', 'english', 0, 0, 1, 0, 'language.english', ''),
('language', 'en-AU', 'english.australian', 0, 0, 1, 0, 'language.english.australian', ''),
('language', 'en-CA', 'english.canadian', 0, 0, 1, 0, 'language.english.canadian', ''),
('language', 'en-GB', 'english.british', 0, 0, 1, 0, 'language.english.british', ''),
('language', 'en-US', 'english.american', 0, 0, 1, 0, 'language.english.american', ''),
('language', 'enm', 'english.middle', 0, 0, 1, 0, 'language.english.middle', ''),
('language', 'eo', 'esperanto', 0, 0, 1, 0, 'language.esperanto', ''),
('language', 'es', 'spanish', 0, 0, 1, 0, 'language.spanish', ''),
('language', 'es-419', 'spanish.latinamerican', 0, 0, 1, 0, 'Language.spanish.latinamerican', ''),
('language', 'es-ES', 'spanish.european', 0, 0, 1, 0, 'language.spanish.european', ''),
('language', 'es-MX', 'spanish.mexican', 0, 0, 1, 0, 'language.spanish.mexican', ''),
('language', 'esu', 'yupik.central', 0, 0, 1, 0, 'language.yupik.central', ''),
('language', 'et', 'estonian', 0, 0, 1, 0, 'language.estonian', ''),
('language', 'eu', 'basque', 0, 0, 1, 0, 'language.basque', ''),
('language', 'ewo', 'ewondo', 0, 0, 1, 0, 'language.ewondo', ''),
('language', 'ext', 'extremaduran', 0, 0, 1, 0, 'language.extremaduran', ''),
('language', 'fa', 'persian', 0, 0, 1, 0, 'language.persian', ''),
('language', 'fan', 'fang', 0, 0, 1, 0, 'language.fang', ''),
('language', 'fat', 'fanti', 0, 0, 1, 0, 'language.fanti', ''),
('language', 'ff', 'fulah', 0, 0, 1, 0, 'language.fulah', ''),
('language', 'fi', 'finnish', 0, 0, 1, 0, 'language.finnish', ''),
('language', 'fil', 'filipino', 0, 0, 1, 0, 'language.filipino', ''),
('language', 'fit', 'finnish.tornedalen', 0, 0, 1, 0, 'language.finnish.tornedalen', ''),
('language', 'fj', 'fijian', 0, 0, 1, 0, 'language.fijian', ''),
('language', 'fo', 'faroese', 0, 0, 1, 0, 'language.faroese', ''),
('language', 'fon', 'fon', 0, 0, 1, 0, 'language.fon', ''),
('language', 'fr', 'french', 0, 0, 1, 0, 'language.french', ''),
('language', 'fr-CA', 'french.canadian', 0, 0, 1, 0, 'language.french.canadian', ''),
('language', 'fr-CH', 'french.swiss', 0, 0, 1, 0, 'language.french.swiss', ''),
('language', 'frc', 'french.cajun', 0, 0, 1, 0, 'language.french.cajun', ''),
('language', 'frm', 'french.middle', 0, 0, 1, 0, 'language.french.middle', ''),
('language', 'fro', 'french.old', 0, 0, 1, 0, 'language.french.old', ''),
('language', 'frp', 'arpitan', 0, 0, 1, 0, 'language.arpitan', ''),
('language', 'frr', 'frisian.northern', 0, 0, 1, 0, 'language.frisian.northern', ''),
('language', 'frs', 'frisian.eastern', 0, 0, 1, 0, 'language.frisian.eastern', ''),
('language', 'fur', 'friulian', 0, 0, 1, 0, 'language.friulian', ''),
('language', 'fy', 'frisian.western', 0, 0, 1, 0, 'language.frisian.western', ''),
('language', 'ga', 'irish', 0, 0, 1, 0, 'language.irish', ''),
('language', 'gaa', 'ga', 0, 0, 1, 0, 'language.ga', ''),
('language', 'gag', 'gagauz', 0, 0, 1, 0, 'language.gagauz', ''),
('language', 'gan', 'chinese.gan', 0, 0, 1, 0, 'language.chinese.gan', ''),
('language', 'gay', 'gayo', 0, 0, 1, 0, 'language.gayo', ''),
('language', 'gba', 'gbaya', 0, 0, 1, 0, 'language.gbaya', ''),
('language', 'gbz', 'dari.zoroastrian', 0, 0, 1, 0, 'language.dari.zoroastrian', ''),
('language', 'gd', 'gaelic.scottish', 0, 0, 1, 0, 'language.gaelic.scottish', ''),
('language', 'gez', 'geez', 0, 0, 1, 0, 'language.geez', ''),
('language', 'gil', 'gilbertese', 0, 0, 1, 0, 'language.gilbertese', ''),
('language', 'gl', 'galician', 0, 0, 1, 0, 'language.galician', ''),
('language', 'glk', 'gilaki', 0, 0, 1, 0, 'language.gilaki', ''),
('language', 'gmh', 'german.middlehigh', 0, 0, 1, 0, 'language.german.middlehigh', ''),
('language', 'gn', 'guarani', 0, 0, 1, 0, 'language.guarani', ''),
('language', 'goh', 'german.oldhigh', 0, 0, 1, 0, 'language.german.oldhigh', ''),
('language', 'gom', 'konkani.goan', 0, 0, 1, 0, 'language.konkani.goan', ''),
('language', 'gon', 'gondi', 0, 0, 1, 0, 'language.gondi', ''),
('language', 'gor', 'gorontalo', 0, 0, 1, 0, 'language.gorontalo', ''),
('language', 'got', 'gothic', 0, 0, 1, 0, 'language.gothic', ''),
('language', 'grb', 'grebo', 0, 0, 1, 0, 'language.grebo', ''),
('language', 'grc', 'greek.ancient', 0, 0, 1, 0, 'language.greek.ancient', ''),
('language', 'gsw', 'german.swiss', 0, 0, 1, 0, 'language.german.swiss', ''),
('language', 'gu', 'gujarati', 0, 0, 1, 0, 'language.gujarati', ''),
('language', 'guc', 'wayuu', 0, 0, 1, 0, 'language.wayuu', ''),
('language', 'gur', 'frafra', 0, 0, 1, 0, 'language.frafra', ''),
('language', 'guz', 'gusii', 0, 0, 1, 0, 'language.gusii', ''),
('language', 'gv', 'manx', 0, 0, 1, 0, 'language.manx', ''),
('language', 'gwi', 'gwichin', 0, 0, 1, 0, 'language.gwichin', ''),
('language', 'ha', 'hausa', 0, 0, 1, 0, 'language.hausa', ''),
('language', 'hai', 'haida', 0, 0, 1, 0, 'language.haida', ''),
('language', 'hak', 'chinese.hakka', 0, 0, 1, 0, 'language.chinese.hakka', ''),
('language', 'haw', 'hawaiian', 0, 0, 1, 0, 'language.hawaiian', ''),
('language', 'he', 'hebrew', 0, 0, 1, 0, 'language.hebrew', ''),
('language', 'hi', 'hindi', 0, 0, 1, 0, 'language.hindi', ''),
('language', 'hif', 'hindi.fiji', 0, 0, 1, 0, 'language.hindi.fiji', ''),
('language', 'hil', 'hiligaynon', 0, 0, 1, 0, 'language.hiligaynon', ''),
('language', 'hit', 'hittite', 0, 0, 1, 0, 'language.hittite', ''),
('language', 'hmn', 'hmong', 0, 0, 1, 0, 'language.hmong', ''),
('language', 'ho', 'motu.hiri', 0, 0, 1, 0, 'language.motu.hiri', ''),
('language', 'hr', 'croatian', 0, 0, 1, 0, 'language.croatian', ''),
('language', 'hsb', 'sorbian.upper', 0, 0, 1, 0, 'language.sorbian.upper', ''),
('language', 'hsn', 'chinese.xiang', 0, 0, 1, 0, 'language.chinese.xiang', ''),
('language', 'ht', 'creole.haitian', 0, 0, 1, 0, 'language.creole.haitian', ''),
('language', 'hu', 'hungarian', 0, 0, 1, 0, 'language.hungarian', ''),
('language', 'hup', 'hupa', 0, 0, 1, 0, 'language.hupa', ''),
('language', 'hy', 'armenian', 0, 0, 1, 0, 'language.armenian', ''),
('language', 'hz', 'herero', 0, 0, 1, 0, 'language.herero', ''),
('language', 'ia', 'interlingua', 0, 0, 1, 0, 'language.interlingua', ''),
('language', 'iba', 'iban', 0, 0, 1, 0, 'language.iban', ''),
('language', 'ibb', 'ibibio', 0, 0, 1, 0, 'language.ibibio', ''),
('language', 'id', 'indonesian', 0, 0, 1, 0, 'language.indonesian', ''),
('language', 'ie', 'interlingue', 0, 0, 1, 0, 'language.interlingue', ''),
('language', 'ig', 'igbo', 0, 0, 1, 0, 'language.igbo', ''),
('language', 'ii', 'yi.sichuan', 0, 0, 1, 0, 'language.yi.sichuan', ''),
('language', 'ik', 'inupiaq', 0, 0, 1, 0, 'language.inupiaq', ''),
('language', 'ilo', 'iloko', 0, 0, 1, 0, 'language.iloko', ''),
('language', 'inh', 'ingush', 0, 0, 1, 0, 'language.ingush', ''),
('language', 'io', 'ido', 0, 0, 1, 0, 'language.ido', ''),
('language', 'is', 'icelandic', 0, 0, 1, 0, 'language.icelandic', ''),
('language', 'it', 'italian', 0, 0, 1, 0, 'language.italian', ''),
('language', 'iu', 'inuktitut', 0, 0, 1, 0, 'language.inuktitut', ''),
('language', 'izh', 'ingrian', 0, 0, 1, 0, 'language.ingrian', ''),
('language', 'ja', 'japanese', 0, 0, 1, 0, 'language.japanese', ''),
('language', 'jam', 'english.jamaicancreole ', 0, 0, 1, 0, 'language.english.jamaicancreole ', ''),
('language', 'jbo', 'lojban', 0, 0, 1, 0, 'language.lojban', ''),
('language', 'jgo', 'ngomba', 0, 0, 1, 0, 'language.ngomba', ''),
('language', 'jmc', 'machame', 0, 0, 1, 0, 'language.machame', ''),
('language', 'jpr', 'judeopersian', 0, 0, 1, 0, 'language.judeopersian', ''),
('language', 'jrb', 'judeoarabic', 0, 0, 1, 0, 'language.judeoarabic', ''),
('language', 'jut', 'jutish', 0, 0, 1, 0, 'language.jutish', ''),
('language', 'jv', 'javanese', 0, 0, 1, 0, 'language.javanese', ''),
('language', 'ka', 'georgian', 0, 0, 1, 0, 'language.georgian', ''),
('language', 'kaa', 'karakalpak', 0, 0, 1, 0, 'language.karakalpak', ''),
('language', 'kab', 'kabyle', 0, 0, 1, 0, 'language.kabyle', ''),
('language', 'kac', 'kachin', 0, 0, 1, 0, 'language.kachin', ''),
('language', 'kaj', 'jju', 0, 0, 1, 0, 'language.jju', ''),
('language', 'kam', 'kamba', 0, 0, 1, 0, 'language.kamba', ''),
('language', 'kaw', 'kawi', 0, 0, 1, 0, 'language.kawi', ''),
('language', 'kbd', 'kabardian', 0, 0, 1, 0, 'language.kabardian', ''),
('language', 'kbl', 'kanembu', 0, 0, 1, 0, 'language.kanembu', ''),
('language', 'kcg', 'tyap', 0, 0, 1, 0, 'language.tyap', ''),
('language', 'kde', 'makonde', 0, 0, 1, 0, 'language.makonde', ''),
('language', 'kea', 'kabuverdianu', 0, 0, 1, 0, 'language.kabuverdianu', ''),
('language', 'ken', 'kenyang', 0, 0, 1, 0, 'language.kenyang', ''),
('language', 'kfo', 'koro', 0, 0, 1, 0, 'language.koro', ''),
('language', 'kg', 'kongo', 0, 0, 1, 0, 'language.kongo', ''),
('language', 'kgp', 'kaingang', 0, 0, 1, 0, 'language.kaingang', ''),
('language', 'kha', 'khasi', 0, 0, 1, 0, 'language.khasi', ''),
('language', 'kho', 'khotanese', 0, 0, 1, 0, 'language.khotanese', ''),
('language', 'khq', 'chiini.koyra', 0, 0, 1, 0, 'language.chiini.koyra', ''),
('language', 'khw', 'khowar', 0, 0, 1, 0, 'language.khowar', ''),
('language', 'ki', 'kikuyu', 0, 0, 1, 0, 'language.kikuyu', ''),
('language', 'kiu', 'kirmanjki', 0, 0, 1, 0, 'language.kirmanjki', ''),
('language', 'kj', 'kuanyama', 0, 0, 1, 0, 'language.kuanyama', ''),
('language', 'kk', 'kazakh', 0, 0, 1, 0, 'language.kazakh', ''),
('language', 'kkj', 'kako', 0, 0, 1, 0, 'language.kako', ''),
('language', 'kl', 'kalaallisut', 0, 0, 1, 0, 'language.kalaallisut', ''),
('language', 'kln', 'kalenjin', 0, 0, 1, 0, 'language.kalenjin', ''),
('language', 'km', 'khmer', 0, 0, 1, 0, 'language.khmer', ''),
('language', 'kmb', 'kimbundu', 0, 0, 1, 0, 'language.kimbundu', ''),
('language', 'kn', 'kannada', 0, 0, 1, 0, 'language.kannada', ''),
('language', 'ko', 'korean', 0, 0, 1, 0, 'language.korean', ''),
('language', 'koi', 'komi.permyak', 0, 0, 1, 0, 'language.komi.permyak', ''),
('language', 'kok', 'konkani', 0, 0, 1, 0, 'language.konkani', ''),
('language', 'kos', 'kosraean', 0, 0, 1, 0, 'language.kosraean', ''),
('language', 'kpe', 'kpelle', 0, 0, 1, 0, 'language.kpelle', ''),
('language', 'kr', 'kanuri', 0, 0, 1, 0, 'language.kanuri', ''),
('language', 'krc', 'karachaybalkar', 0, 0, 1, 0, 'language.karachaybalkar', ''),
('language', 'kri', 'krio', 0, 0, 1, 0, 'language.krio', ''),
('language', 'krj', 'kinaraya', 0, 0, 1, 0, 'language.kinaraya', ''),
('language', 'krl', 'karelian', 0, 0, 1, 0, 'language.karelian', ''),
('language', 'kru', 'kurukh', 0, 0, 1, 0, 'language.kurukh', ''),
('language', 'ks', 'kashmiri', 0, 0, 1, 0, 'language.kashmiri', ''),
('language', 'ksb', 'shambala', 0, 0, 1, 0, 'language.shambala', ''),
('language', 'ksf', 'bafia', 0, 0, 1, 0, 'language.bafia', ''),
('language', 'ksh', 'colognian', 0, 0, 1, 0, 'language.colognian', ''),
('language', 'ku', 'kurdish', 0, 0, 1, 0, 'language.kurdish', ''),
('language', 'kum', 'kumyk', 0, 0, 1, 0, 'language.kumyk', ''),
('language', 'kut', 'kutenai', 0, 0, 1, 0, 'language.kutenai', ''),
('language', 'kv', 'komi', 0, 0, 1, 0, 'language.komi', ''),
('language', 'kw', 'cornish', 0, 0, 1, 0, 'language.cornish', ''),
('language', 'ky', 'kyrgyz', 0, 0, 1, 0, 'language.kyrgyz', ''),
('language', 'la', 'latin', 0, 0, 1, 0, 'language.latin', ''),
('language', 'lad', 'ladino', 0, 0, 1, 0, 'language.ladino', ''),
('language', 'lag', 'langi', 0, 0, 1, 0, 'language.langi', ''),
('language', 'lah', 'lahnda', 0, 0, 1, 0, 'language.lahnda', ''),
('language', 'lam', 'lamba', 0, 0, 1, 0, 'language.lamba', ''),
('language', 'lb', 'luxembourgish', 0, 0, 1, 0, 'language.luxembourgish', ''),
('language', 'lez', 'lezghian', 0, 0, 1, 0, 'language.lezghian', ''),
('language', 'lfn', 'linguafranca.nova', 0, 0, 1, 0, 'language.linguafranca.nova', ''),
('language', 'lg', 'ganda', 0, 0, 1, 0, 'language.ganda', ''),
('language', 'li', 'limburgish', 0, 0, 1, 0, 'language.limburgish', ''),
('language', 'lij', 'ligurian', 0, 0, 1, 0, 'language.ligurian', ''),
('language', 'liv', 'livonian', 0, 0, 1, 0, 'language.livonian', ''),
('language', 'lkt', 'lakota', 0, 0, 1, 0, 'language.lakota', ''),
('language', 'lmo', 'lombard', 0, 0, 1, 0, 'language.lombard', ''),
('language', 'ln', 'lingala', 0, 0, 1, 0, 'language.lingala', ''),
('language', 'lo', 'lao', 0, 0, 1, 0, 'language.lao', ''),
('language', 'lol', 'mongo', 0, 0, 1, 0, 'language.mongo', ''),
('language', 'loz', 'lozi', 0, 0, 1, 0, 'language.lozi', ''),
('language', 'lrc', 'luri.northern', 0, 0, 1, 0, 'language.luri.northern', ''),
('language', 'lt', 'lithuanian', 0, 0, 1, 0, 'language.lithuanian', ''),
('language', 'ltg', 'latgalian', 0, 0, 1, 0, 'language.latgalian', ''),
('language', 'lu', 'luba.katanga', 0, 0, 1, 0, 'language.luba.katanga', ''),
('language', 'lua', 'luba.lulua', 0, 0, 1, 0, 'language.luba.lulua', ''),
('language', 'lui', 'luiseno', 0, 0, 1, 0, 'language.luiseno', ''),
('language', 'lun', 'lunda', 0, 0, 1, 0, 'language.lunda', ''),
('language', 'luo', 'luo', 0, 0, 1, 0, 'language.luo', ''),
('language', 'lus', 'mizo', 0, 0, 1, 0, 'language.mizo', ''),
('language', 'luy', 'luyia', 0, 0, 1, 0, 'language.luyia', ''),
('language', 'lv', 'latvian', 0, 0, 1, 0, 'language.latvian', ''),
('language', 'lzh', 'chinese.literary', 0, 0, 1, 0, 'language.chinese.literary', ''),
('language', 'lzz', 'laz', 0, 0, 1, 0, 'language.laz', ''),
('language', 'mad', 'madurese', 0, 0, 1, 0, 'language.madurese', ''),
('language', 'maf', 'mafa', 0, 0, 1, 0, 'language.mafa', ''),
('language', 'mag', 'magahi', 0, 0, 1, 0, 'language.magahi', ''),
('language', 'mai', 'maithili', 0, 0, 1, 0, 'language.maithili', ''),
('language', 'mak', 'makasar', 0, 0, 1, 0, 'language.makasar', ''),
('language', 'man', 'mandingo', 0, 0, 1, 0, 'language.mandingo', ''),
('language', 'mas', 'masai', 0, 0, 1, 0, 'language.masai', ''),
('language', 'mde', 'maba', 0, 0, 1, 0, 'language.maba', ''),
('language', 'mdf', 'moksha', 0, 0, 1, 0, 'language.moksha', ''),
('language', 'mdr', 'mandar', 0, 0, 1, 0, 'language.mandar', ''),
('language', 'men', 'mende', 0, 0, 1, 0, 'language.mende', ''),
('language', 'mer', 'meru', 0, 0, 1, 0, 'language.meru', ''),
('language', 'mfe', 'morisyen', 0, 0, 1, 0, 'language.morisyen', ''),
('language', 'mg', 'malagasy', 0, 0, 1, 0, 'language.malagasy', ''),
('language', 'mga', 'irish.middle', 0, 0, 1, 0, 'language.irish.middle', ''),
('language', 'mgh', 'makhuwameetto', 0, 0, 1, 0, 'language.makhuwameetto', ''),
('language', 'mgo', 'meta', 0, 0, 1, 0, 'language.meta', ''),
('language', 'mh', 'marshallese', 0, 0, 1, 0, 'language.marshallese', ''),
('language', 'mi', 'maori', 0, 0, 1, 0, 'language.maori', ''),
('language', 'mic', 'micmac', 0, 0, 1, 0, 'language.micmac', ''),
('language', 'min', 'minangkabau', 0, 0, 1, 0, 'language.minangkabau', ''),
('language', 'mk', 'macedonian', 0, 0, 1, 0, 'language.macedonian', ''),
('language', 'ml', 'malayalam', 0, 0, 1, 0, 'language.malayalam', ''),
('language', 'mn', 'mongolian', 0, 0, 1, 0, 'language.mongolian', ''),
('language', 'mnc', 'manchu', 0, 0, 1, 0, 'language.manchu', ''),
('language', 'mni', 'manipuri', 0, 0, 1, 0, 'language.manipuri', ''),
('language', 'moh', 'mohawk', 0, 0, 1, 0, 'language.mohawk', ''),
('language', 'mos', 'mossi', 0, 0, 1, 0, 'language.mossi', ''),
('language', 'mr', 'marathi', 0, 0, 1, 0, 'language.marathi', ''),
('language', 'mrj', 'mari.western', 0, 0, 1, 0, 'language.mari.western', ''),
('language', 'ms', 'malay', 0, 0, 1, 0, 'language.malay', ''),
('language', 'mt', 'maltese', 0, 0, 1, 0, 'language.maltese', ''),
('language', 'mua', 'mundang', 0, 0, 1, 0, 'language.mundang', ''),
('language', 'mul', 'multiple', 0, 0, 1, 0, 'language.multiple', ''),
('language', 'mus', 'creek', 0, 0, 1, 0, 'language.creek', ''),
('language', 'mwl', 'mirandese', 0, 0, 1, 0, 'language.mirandese', ''),
('language', 'mwr', 'marwari', 0, 0, 1, 0, 'language.marwari', ''),
('language', 'mwv', 'mentawai', 0, 0, 1, 0, 'language.mentawai', ''),
('language', 'my', 'burmese', 0, 0, 1, 0, 'language.burmese', ''),
('language', 'mye', 'myene', 0, 0, 1, 0, 'language.myene', ''),
('language', 'myv', 'erzya', 0, 0, 1, 0, 'language.erzya', ''),
('language', 'mzn', 'mazanderani', 0, 0, 1, 0, 'language.mazanderani', ''),
('language', 'na', 'nauru', 0, 0, 1, 0, 'language.nauru', ''),
('language', 'nan', 'chinese.minnan', 0, 0, 1, 0, 'language.chinese.minnan', ''),
('language', 'nap', 'neapolitan', 0, 0, 1, 0, 'language.neapolitan', ''),
('language', 'naq', 'nama', 0, 0, 1, 0, 'language.nama', ''),
('language', 'nb', 'norwegian.bokml', 0, 0, 1, 0, 'language.norwegian.bokml', ''),
('language', 'nd', 'ndebele.north', 0, 0, 1, 0, 'language.ndebele.north', ''),
('language', 'nds', 'german.low', 0, 0, 1, 0, 'language.german.low', ''),
('language', 'nds-NL', 'saxon.low', 0, 0, 1, 0, 'language.saxon.low', ''),
('language', 'ne', 'nepali', 0, 0, 1, 0, 'language.nepali', ''),
('language', 'new', 'newari', 0, 0, 1, 0, 'language.newari', ''),
('language', 'ng', 'ndonga', 0, 0, 1, 0, 'language.ndonga', ''),
('language', 'nia', 'nias', 0, 0, 1, 0, 'language.nias', ''),
('language', 'niu', 'niuean', 0, 0, 1, 0, 'language.niuean', ''),
('language', 'njo', 'aonaga', 0, 0, 1, 0, 'language.aonaga', ''),
('language', 'nl', 'dutch', 0, 0, 1, 0, 'language.dutch', ''),
('language', 'nl-BE', 'flemish', 0, 0, 1, 0, 'language.flemish', ''),
('language', 'nmg', 'kwasio', 0, 0, 1, 0, 'language.kwasio', ''),
('language', 'nn', 'norwegian.nynorsk', 0, 0, 1, 0, 'language.norwegian.nynorsk', ''),
('language', 'nnh', 'ngiemboon', 0, 0, 1, 0, 'language.ngiemboon', ''),
('language', 'no', 'norwegian', 0, 0, 1, 0, 'language.norwegian', ''),
('language', 'nog', 'nogai', 0, 0, 1, 0, 'language.nogai', ''),
('language', 'non', 'norse.old', 0, 0, 1, 0, 'language.norse.old', ''),
('language', 'nov', 'novial', 0, 0, 1, 0, 'language.novial', ''),
('language', 'nqo', 'nko', 0, 0, 1, 0, 'language.nko', ''),
('language', 'nr', 'ndebele.south', 0, 0, 1, 0, 'language.ndebele.south', ''),
('language', 'nso', 'sotho.northern', 0, 0, 1, 0, 'language.sotho.northern', ''),
('language', 'nus', 'nuer', 0, 0, 1, 0, 'language.nuer', ''),
('language', 'nv', 'navajo', 0, 0, 1, 0, 'language.navajo', ''),
('language', 'nwc', 'newari.classical', 0, 0, 1, 0, 'language.newari.classical', ''),
('language', 'ny', 'nyanja', 0, 0, 1, 0, 'language.nyanja', ''),
('language', 'nym', 'nyamwezi', 0, 0, 1, 0, 'language.nyamwezi', ''),
('language', 'nyn', 'nyankole', 0, 0, 1, 0, 'language.nyankole', ''),
('language', 'nyo', 'nyoro', 0, 0, 1, 0, 'language.nyoro', ''),
('language', 'nzi', 'nzima', 0, 0, 1, 0, 'language.nzima', ''),
('language', 'oc', 'occitan', 0, 0, 1, 0, 'language.occitan', ''),
('language', 'oj', 'ojibwa', 0, 0, 1, 0, 'language.ojibwa', ''),
('language', 'om', 'oromo', 0, 0, 1, 0, 'language.oromo', ''),
('language', 'or', 'oriya', 0, 0, 1, 0, 'language.oriya', ''),
('language', 'os', 'ossetic', 0, 0, 1, 0, 'language.ossetic', ''),
('language', 'osa', 'osage', 0, 0, 1, 0, 'language.osage', ''),
('language', 'ota', 'turkish.ottoman', 0, 0, 1, 0, 'language.turkish.ottoman', ''),
('language', 'pa', 'punjabi', 0, 0, 1, 0, 'language.punjabi', ''),
('language', 'pag', 'pangasinan', 0, 0, 1, 0, 'language.pangasinan', ''),
('language', 'pal', 'pahlavi', 0, 0, 1, 0, 'language.pahlavi', ''),
('language', 'pam', 'pampanga', 0, 0, 1, 0, 'language.pampanga', ''),
('language', 'pap', 'papiamento', 0, 0, 1, 0, 'language.papiamento', ''),
('language', 'pau', 'palauan', 0, 0, 1, 0, 'language.palauan', ''),
('language', 'pcd', 'picard', 0, 0, 1, 0, 'language.picard', ''),
('language', 'pdc', 'german.pennsylvania', 0, 0, 1, 0, 'language.german.pennsylvania', ''),
('language', 'pdt', 'plautdietsch', 0, 0, 1, 0, 'language.plautdietsch', ''),
('language', 'peo', 'persian.old', 0, 0, 1, 0, 'language.persian.old', ''),
('language', 'pfl', 'german.palatine', 0, 0, 1, 0, 'language.german.palatine', ''),
('language', 'phn', 'phoenician', 0, 0, 1, 0, 'language.phoenician', ''),
('language', 'pi', 'pali', 0, 0, 1, 0, 'language.pali', ''),
('language', 'pl', 'polish', 0, 0, 1, 0, 'language.polish', ''),
('language', 'pms', 'piedmontese', 0, 0, 1, 0, 'language.piedmontese', ''),
('language', 'pnt', 'pontic', 0, 0, 1, 0, 'language.pontic', ''),
('language', 'pon', 'pohnpeian', 0, 0, 1, 0, 'language.pohnpeian', ''),
('language', 'prg', 'prussian', 0, 0, 1, 0, 'language.prussian', ''),
('language', 'pro', 'provenal.old', 0, 0, 1, 0, 'language.provenal.old', ''),
('language', 'ps', 'pashto', 0, 0, 1, 0, 'language.pashto', ''),
('language', 'pt', 'portuguese', 0, 0, 1, 0, 'language.portuguese', ''),
('language', 'pt-BR', 'portuguese.brazilian', 0, 0, 1, 0, 'language.portuguese.brazilian', ''),
('language', 'pt-PT', 'portuguese.european', 0, 0, 1, 0, 'language.portuguese.european', ''),
('language', 'qu', 'quechua', 0, 0, 1, 0, 'language.quechua', ''),
('language', 'quc', 'kiche', 0, 0, 1, 0, 'language.kiche', ''),
('language', 'qug', 'quichua.chimborazohighland', 0, 0, 1, 0, 'language.quichua.chimborazohighland', ''),
('language', 'raj', 'rajasthani', 0, 0, 1, 0, 'language.rajasthani', ''),
('language', 'rap', 'rapanui', 0, 0, 1, 0, 'language.rapanui', ''),
('language', 'rar', 'rarotongan', 0, 0, 1, 0, 'language.rarotongan', ''),
('language', 'rgn', 'romagnol', 0, 0, 1, 0, 'language.romagnol', ''),
('language', 'rif', 'riffian', 0, 0, 1, 0, 'language.riffian', ''),
('language', 'rm', 'romansh', 0, 0, 1, 0, 'language.romansh', ''),
('language', 'rn', 'rundi', 0, 0, 1, 0, 'language.rundi', ''),
('language', 'ro', 'romanian', 0, 0, 1, 0, 'language.romanian', ''),
('language', 'ro-MD', 'moldavian', 0, 0, 1, 0, 'language.moldavian', ''),
('language', 'rof', 'rombo', 0, 0, 1, 0, 'language.rombo', ''),
('language', 'rom', 'romany', 0, 0, 1, 0, 'language.romany', ''),
('language', 'root', 'root', 0, 0, 1, 0, 'language.root', ''),
('language', 'rtm', 'rotuman', 0, 0, 1, 0, 'language.rotuman', ''),
('language', 'ru', 'russian', 0, 0, 1, 0, 'language.russian', ''),
('language', 'rue', 'rusyn', 0, 0, 1, 0, 'language.rusyn', ''),
('language', 'rug', 'roviana', 0, 0, 1, 0, 'language.roviana', ''),
('language', 'rup', 'aromanian', 0, 0, 1, 0, 'language.aromanian', ''),
('language', 'rw', 'kinyarwanda', 0, 0, 1, 0, 'language.kinyarwanda', ''),
('language', 'rwk', 'rwa', 0, 0, 1, 0, 'language.rwa', ''),
('language', 'sa', 'sanskrit', 0, 0, 1, 0, 'language.sanskrit', ''),
('language', 'sad', 'sandawe', 0, 0, 1, 0, 'language.sandawe', ''),
('language', 'sah', 'sakha', 0, 0, 1, 0, 'language.sakha', ''),
('language', 'sam', 'aramaic.samaritan', 0, 0, 1, 0, 'language.aramaic.samaritan', ''),
('language', 'saq', 'samburu', 0, 0, 1, 0, 'language.samburu', ''),
('language', 'sas', 'sasak', 0, 0, 1, 0, 'language.sasak', ''),
('language', 'sat', 'santali', 0, 0, 1, 0, 'language.santali', ''),
('language', 'saz', 'saurashtra', 0, 0, 1, 0, 'language.saurashtra', ''),
('language', 'sba', 'ngambay', 0, 0, 1, 0, 'language.ngambay', ''),
('language', 'sbp', 'sangu', 0, 0, 1, 0, 'language.sangu', ''),
('language', 'sc', 'sardinian', 0, 0, 1, 0, 'language.sardinian', ''),
('language', 'scn', 'sicilian', 0, 0, 1, 0, 'language.sicilian', ''),
('language', 'sco', 'scots', 0, 0, 1, 0, 'language.scots', ''),
('language', 'sd', 'sindhi', 0, 0, 1, 0, 'language.sindhi', ''),
('language', 'sdc', 'sardinian.sassarese', 0, 0, 1, 0, 'language.sardinian.sassarese', ''),
('language', 'sdh', 'southern kurdish', 0, 0, 1, 0, 'language.southern kurdish', ''),
('language', 'se', 'northern sami', 0, 0, 1, 0, 'language.northern sami', ''),
('language', 'see', 'seneca', 0, 0, 1, 0, 'language.seneca', ''),
('language', 'seh', 'sena', 0, 0, 1, 0, 'language.sena', ''),
('language', 'sei', 'seri', 0, 0, 1, 0, 'language.seri', ''),
('language', 'sel', 'selkup', 0, 0, 1, 0, 'language.selkup', ''),
('language', 'ses', 'senni.koyraboro', 0, 0, 1, 0, 'language.senni.koyraboro', ''),
('language', 'sg', 'sango', 0, 0, 1, 0, 'language.sango', ''),
('language', 'sga', 'irish.old', 0, 0, 1, 0, 'language.irish.old', ''),
('language', 'sgs', 'samogitian', 0, 0, 1, 0, 'language.samogitian', ''),
('language', 'sh', 'serbocroatian', 0, 0, 1, 0, 'language.serbocroatian', ''),
('language', 'shi', 'tachelhit', 0, 0, 1, 0, 'language.tachelhit', ''),
('language', 'shn', 'shan', 0, 0, 1, 0, 'language.shan', ''),
('language', 'shu', 'arabic.chadian', 0, 0, 1, 0, 'language.arabic.chadian', ''),
('language', 'si', 'sinhala', 0, 0, 1, 0, 'language.sinhala', ''),
('language', 'sid', 'sidamo', 0, 0, 1, 0, 'language.sidamo', ''),
('language', 'sk', 'slovak', 0, 0, 1, 0, 'language.slovak', ''),
('language', 'sl', 'slovenian', 0, 0, 1, 0, 'language.slovenian', ''),
('language', 'sli', 'silesian.lower', 0, 0, 1, 0, 'language.silesian.lower', ''),
('language', 'sly', 'selayar', 0, 0, 1, 0, 'language.selayar', ''),
('language', 'sm', 'samoan', 0, 0, 1, 0, 'language.samoan', ''),
('language', 'sma', 'sami.southern', 0, 0, 1, 0, 'language.sami.southern', ''),
('language', 'smj', 'sami.lule', 0, 0, 1, 0, 'language.sami.lule', ''),
('language', 'smn', 'sami.inari', 0, 0, 1, 0, 'language.sami.inari', ''),
('language', 'sms', 'sami.skolt', 0, 0, 1, 0, 'language.sami.skolt', ''),
('language', 'sn', 'shona', 0, 0, 1, 0, 'language.shona', ''),
('language', 'snk', 'soninke', 0, 0, 1, 0, 'language.soninke', ''),
('language', 'so', 'somali', 0, 0, 1, 0, 'language.somali', ''),
('language', 'sog', 'sogdien', 0, 0, 1, 0, 'language.sogdien', ''),
('language', 'sq', 'albanian', 0, 0, 1, 0, 'language.albanian', ''),
('language', 'sr', 'serbian', 0, 0, 1, 0, 'language.serbian', ''),
('language', 'srn', 'tongo.sranan', 0, 0, 1, 0, 'language.tongo.sranan', ''),
('language', 'srr', 'serer', 0, 0, 1, 0, 'language.serer', ''),
('language', 'ss', 'swati', 0, 0, 1, 0, 'language.swati', ''),
('language', 'ssy', 'saho', 0, 0, 1, 0, 'language.saho', ''),
('language', 'st', 'sotho.southern', 0, 0, 1, 0, 'language.sotho.southern', ''),
('language', 'stq', 'frisian.saterland', 0, 0, 1, 0, 'language.frisian.saterland', ''),
('language', 'su', 'sundanese', 0, 0, 1, 0, 'language.sundanese', ''),
('language', 'suk', 'sukuma', 0, 0, 1, 0, 'language.sukuma', ''),
('language', 'sus', 'susu', 0, 0, 1, 0, 'language.susu', ''),
('language', 'sux', 'sumerian', 0, 0, 1, 0, 'language.sumerian', ''),
('language', 'sv', 'swedish', 0, 0, 1, 0, 'language.swedish', ''),
('language', 'sw', 'swahili', 0, 0, 1, 0, 'language.swahili', ''),
('language', 'sw-CD', 'swahili.congo', 0, 0, 1, 0, 'language.swahili.congo', ''),
('language', 'swb', 'comorian', 0, 0, 1, 0, 'language.comorian', ''),
('language', 'syc', 'syriac.classical', 0, 0, 1, 0, 'language.syriac.classical', ''),
('language', 'syr', 'syriac', 0, 0, 1, 0, 'language.syriac', ''),
('language', 'szl', 'silesian', 0, 0, 1, 0, 'language.silesian', ''),
('language', 'ta', 'tamil', 0, 0, 1, 0, 'language.tamil', ''),
('language', 'tcy', 'tulu', 0, 0, 1, 0, 'language.tulu', ''),
('language', 'te', 'telugu', 0, 0, 1, 0, 'language.telugu', ''),
('language', 'tem', 'timne', 0, 0, 1, 0, 'language.timne', ''),
('language', 'teo', 'teso', 0, 0, 1, 0, 'language.teso', '');
INSERT INTO `ark_vocabulary_term` (`concept`, `term`, `alias`, `is_default`, `root`, `enabled`, `deprecated`, `keyword`, `description`) VALUES
('language', 'ter', 'tereno', 0, 0, 1, 0, 'language.tereno', ''),
('language', 'tet', 'tetum', 0, 0, 1, 0, 'language.tetum', ''),
('language', 'tg', 'tajik', 0, 0, 1, 0, 'language.tajik', ''),
('language', 'th', 'thai', 0, 0, 1, 0, 'language.thai', ''),
('language', 'ti', 'tigrinya', 0, 0, 1, 0, 'language.tigrinya', ''),
('language', 'tig', 'tigre', 0, 0, 1, 0, 'language.tigre', ''),
('language', 'tiv', 'tiv', 0, 0, 1, 0, 'language.tiv', ''),
('language', 'tk', 'turkmen', 0, 0, 1, 0, 'language.turkmen', ''),
('language', 'tkl', 'tokelau', 0, 0, 1, 0, 'language.tokelau', ''),
('language', 'tkr', 'tsakhur', 0, 0, 1, 0, 'language.tsakhur', ''),
('language', 'tl', 'tagalog', 0, 0, 1, 0, 'language.tagalog', ''),
('language', 'tlh', 'klingon', 0, 0, 1, 0, 'language.klingon', ''),
('language', 'tli', 'tlingit', 0, 0, 1, 0, 'language.tlingit', ''),
('language', 'tly', 'talysh', 0, 0, 1, 0, 'language.talysh', ''),
('language', 'tmh', 'tamashek', 0, 0, 1, 0, 'language.tamashek', ''),
('language', 'tn', 'tswana', 0, 0, 1, 0, 'language.tswana', ''),
('language', 'to', 'tongan', 0, 0, 1, 0, 'language.tongan', ''),
('language', 'tog', 'tonga.nyasa', 0, 0, 1, 0, 'language.tonga.nyasa', ''),
('language', 'tpi', 'pisin.tok', 0, 0, 1, 0, 'language.pisin.tok', ''),
('language', 'tr', 'turkish', 0, 0, 1, 0, 'language.turkish', ''),
('language', 'tru', 'turoyo', 0, 0, 1, 0, 'language.turoyo', ''),
('language', 'trv', 'taroko', 0, 0, 1, 0, 'language.taroko', ''),
('language', 'ts', 'tsonga', 0, 0, 1, 0, 'language.tsonga', ''),
('language', 'tsd', 'tsakonian', 0, 0, 1, 0, 'language.tsakonian', ''),
('language', 'tsi', 'tsimshian', 0, 0, 1, 0, 'language.tsimshian', ''),
('language', 'tt', 'tatar', 0, 0, 1, 0, 'language.tatar', ''),
('language', 'ttt', 'tat.muslim', 0, 0, 1, 0, 'language.tat.muslim', ''),
('language', 'tum', 'tumbuka', 0, 0, 1, 0, 'language.tumbuka', ''),
('language', 'tvl', 'tuvalu', 0, 0, 1, 0, 'language.tuvalu', ''),
('language', 'tw', 'twi', 0, 0, 1, 0, 'language.twi', ''),
('language', 'twq', 'tasawaq', 0, 0, 1, 0, 'language.tasawaq', ''),
('language', 'ty', 'tahitian', 0, 0, 1, 0, 'language.tahitian', ''),
('language', 'tyv', 'tuvinian', 0, 0, 1, 0, 'language.tuvinian', ''),
('language', 'tzm', 'tamazight.centralatlas', 0, 0, 1, 0, 'language.tamazight.centralatlas', ''),
('language', 'udm', 'udmurt', 0, 0, 1, 0, 'language.udmurt', ''),
('language', 'ug', 'uyghur', 0, 0, 1, 0, 'language.uyghur', ''),
('language', 'uga', 'ugaritic', 0, 0, 1, 0, 'language.ugaritic', ''),
('language', 'uk', 'ukrainian', 0, 0, 1, 0, 'language.ukrainian', ''),
('language', 'umb', 'umbundu', 0, 0, 1, 0, 'language.umbundu', ''),
('language', 'und', 'unknown', 0, 0, 1, 0, 'language.unknown', ''),
('language', 'ur', 'urdu', 0, 0, 1, 0, 'language.urdu', ''),
('language', 'uz', 'uzbek', 0, 0, 1, 0, 'language.uzbek', ''),
('language', 'vai', 'vai', 0, 0, 1, 0, 'language.vai', ''),
('language', 've', 'venda', 0, 0, 1, 0, 'language.venda', ''),
('language', 'vec', 'venetian', 0, 0, 1, 0, 'language.venetian', ''),
('language', 'vep', 'veps', 0, 0, 1, 0, 'language.veps', ''),
('language', 'vi', 'vietnamese', 0, 0, 1, 0, 'language.vietnamese', ''),
('language', 'vls', 'flemish.west', 0, 0, 1, 0, 'language.flemish.west', ''),
('language', 'vmf', 'franconian.main', 0, 0, 1, 0, 'language.franconian.main', ''),
('language', 'vo', 'volapk', 0, 0, 1, 0, 'language.volapk', ''),
('language', 'vot', 'votic', 0, 0, 1, 0, 'language.votic', ''),
('language', 'vro', 'vro', 0, 0, 1, 0, 'language.vro', ''),
('language', 'vun', 'vunjo', 0, 0, 1, 0, 'language.vunjo', ''),
('language', 'wa', 'walloon', 0, 0, 1, 0, 'language.walloon', ''),
('language', 'wae', 'walser', 0, 0, 1, 0, 'language.walser', ''),
('language', 'wal', 'wolaytta', 0, 0, 1, 0, 'language.wolaytta', ''),
('language', 'war', 'waray', 0, 0, 1, 0, 'language.waray', ''),
('language', 'was', 'washo', 0, 0, 1, 0, 'language.washo', ''),
('language', 'wbp', 'warlpiri', 0, 0, 1, 0, 'language.warlpiri', ''),
('language', 'wo', 'wolof', 0, 0, 1, 0, 'language.wolof', ''),
('language', 'wuu', 'chinese.wu', 0, 0, 1, 0, 'language.chinese.wu', ''),
('language', 'xal', 'kalmyk', 0, 0, 1, 0, 'language.kalmyk', ''),
('language', 'xh', 'xhosa', 0, 0, 1, 0, 'language.xhosa', ''),
('language', 'xmf', 'mingrelian', 0, 0, 1, 0, 'language.mingrelian', ''),
('language', 'xog', 'soga', 0, 0, 1, 0, 'language.soga', ''),
('language', 'yao', 'yao', 0, 0, 1, 0, 'language.yao', ''),
('language', 'yap', 'yapese', 0, 0, 1, 0, 'language.yapese', ''),
('language', 'yav', 'yangben', 0, 0, 1, 0, 'language.yangben', ''),
('language', 'ybb', 'yemba', 0, 0, 1, 0, 'language.yemba', ''),
('language', 'yi', 'yiddish', 0, 0, 1, 0, 'language.yiddish', ''),
('language', 'yo', 'yoruba', 0, 0, 1, 0, 'language.yoruba', ''),
('language', 'yrl', 'nheengatu', 0, 0, 1, 0, 'language.nheengatu', ''),
('language', 'yue', 'cantonese', 0, 0, 1, 0, 'language.cantonese', ''),
('language', 'za', 'zhuang', 0, 0, 1, 0, 'language.zhuang', ''),
('language', 'zap', 'zapotec', 0, 0, 1, 0, 'language.zapotec', ''),
('language', 'zbl', 'blissymbols', 0, 0, 1, 0, 'language.blissymbols', ''),
('language', 'zea', 'zeelandic', 0, 0, 1, 0, 'language.zeelandic', ''),
('language', 'zen', 'zenaga', 0, 0, 1, 0, 'language.zenaga', ''),
('language', 'zgh', 'tamazight.standardmoroccan', 0, 0, 1, 0, 'language.tamazight.standardmoroccan', ''),
('language', 'zh', 'chinese', 0, 0, 1, 0, 'language.chinese', ''),
('language', 'zh-Hans', 'chinese.simplified', 0, 0, 1, 0, 'language.chinese.simplified', ''),
('language', 'zh-Hant', 'chinese.traditional', 0, 0, 1, 0, 'language.chinese.traditional', ''),
('language', 'zu', 'zulu', 0, 0, 1, 0, 'language.zulu', ''),
('language', 'zun', 'zuni', 0, 0, 1, 0, 'language.zuni', ''),
('language', 'zxx', 'none', 0, 0, 1, 0, 'language.none', ''),
('language', 'zza', 'zaza', 0, 0, 1, 0, 'language.zaza', ''),
('mass', 'g', 'gram', 0, 0, 1, 0, 'mass.gram', ''),
('mass', 'kg', 'kilogram', 0, 0, 1, 0, 'mass.kilogram', ''),
('mass', 'mg', 'milligram', 0, 0, 1, 0, 'mass.milligram', ''),
('mass', 't', 'tonne', 0, 0, 1, 0, 'mass.tonne', ''),
('mass', 'g', 'microgram', 0, 0, 1, 0, 'mass.microgram', ''),
('mediatype', 'image/jpeg', 'jpeg', 0, 0, 1, 0, 'mediatype.image.jpeg', ''),
('mediatype', 'image/png', 'png', 0, 0, 1, 0, 'mediatype.image.png', ''),
('mediatype', 'text/html', 'html', 0, 0, 1, 0, 'mediatype.text.html', ''),
('mediatype', 'text/plain', 'plain', 0, 0, 1, 0, 'mediatype.text.plain', ''),
('spatial.crs', 'EPSG:4326', 'WGS84', 0, 0, 1, 0, 'crs.wgs84', ''),
('spatial.format', 'geojson', '', 0, 0, 1, 0, 'spatial.format.geojson', ''),
('spatial.format', 'gpx', '', 0, 0, 1, 0, 'spatial.format.gpx', ''),
('spatial.format', 'wkt', '', 0, 0, 1, 0, 'spatial.format.wkt', '');

-- --------------------------------------------------------

--
-- Table structure for table `ark_vocabulary_type`
--

CREATE TABLE `ark_vocabulary_type` (
  `type` varchar(10) COLLATE utf8mb4_unicode_ci NOT NULL,
  `equivalence` tinyint(1) NOT NULL DEFAULT '0',
  `hierarchy` tinyint(1) NOT NULL DEFAULT '0',
  `association` tinyint(1) NOT NULL DEFAULT '0',
  `enabled` tinyint(1) NOT NULL DEFAULT '0',
  `deprecated` tinyint(1) NOT NULL DEFAULT '0',
  `keyword` varchar(100) COLLATE utf8mb4_unicode_ci DEFAULT NULL,
  `description` text COLLATE utf8mb4_unicode_ci NOT NULL
) ENGINE=InnoDB DEFAULT CHARSET=utf8mb4 COLLATE=utf8mb4_unicode_ci;

--
-- Dumping data for table `ark_vocabulary_type`
--

INSERT INTO `ark_vocabulary_type` (`type`, `equivalence`, `hierarchy`, `association`, `enabled`, `deprecated`, `keyword`, `description`) VALUES
('list', 0, 0, 0, 1, 0, 'vocabulary.type.list', 'A list of valid terms'),
('ring', 1, 0, 0, 0, 0, 'vocabulary.type.ring', 'A list of equivalent terms'),
('taxonomy', 0, 1, 0, 1, 0, 'vocabulary.type.taxonomy', 'A hierarchy of related terms'),
('thesaurus', 1, 1, 1, 0, 0, 'vocabulary.type.thesaurus', 'A collection of related terms');

-- --------------------------------------------------------

--
-- Table structure for table `ark_workflow_action`
--

CREATE TABLE `ark_workflow_action` (
  `schma` varchar(30) COLLATE utf8mb4_unicode_ci NOT NULL,
  `action` varchar(30) COLLATE utf8mb4_unicode_ci NOT NULL,
  `event_vocabulary` varchar(30) COLLATE utf8mb4_unicode_ci NOT NULL,
  `event_term` varchar(30) COLLATE utf8mb4_unicode_ci NOT NULL,
  `agent` varchar(30) COLLATE utf8mb4_unicode_ci DEFAULT NULL,
  `default_permission` tinyint(1) NOT NULL DEFAULT '0',
  `default_agency` tinyint(1) NOT NULL DEFAULT '0',
  `default_condition` tinyint(1) NOT NULL DEFAULT '0',
  `default_allowance` tinyint(1) NOT NULL DEFAULT '0',
  `enabled` tinyint(1) NOT NULL DEFAULT '1',
  `keyword` varchar(100) COLLATE utf8mb4_unicode_ci DEFAULT NULL
) ENGINE=InnoDB DEFAULT CHARSET=utf8mb4 COLLATE=utf8mb4_unicode_ci ROW_FORMAT=COMPACT;

--
-- Dumping data for table `ark_workflow_action`
--

INSERT INTO `ark_workflow_action` (`schma`, `action`, `event_vocabulary`, `event_term`, `agent`, `default_permission`, `default_agency`, `default_condition`, `default_allowance`, `enabled`, `keyword`) VALUES
('core.actor', 'activate', 'core.event.type', 'activated', NULL, 0, 1, 0, 0, 1, 'dime.action.activate'),
('core.actor', 'approve', 'core.event.type', 'approved', NULL, 0, 1, 0, 0, 1, 'dime.action.approve'),
('core.actor', 'cancel', 'core.event.type', 'cancelled', NULL, 0, 1, 0, 0, 1, 'dime.action.cancel'),
('core.actor', 'edit', 'core.event.type', 'edited', NULL, 0, 1, 0, 0, 1, 'dime.action.edit'),
('core.actor', 'register', 'core.event.type', 'registered', 'registrar', 1, 1, 1, 1, 1, 'dime.action.register'),
('core.actor', 'restore', 'core.event.type', 'restored', NULL, 0, 1, 0, 0, 1, 'dime.action.restore'),
('core.actor', 'suspend', 'core.event.type', 'suspended', NULL, 0, 1, 0, 0, 1, 'dime.action.suspend'),
('core.actor', 'view', 'core.event.type', 'viewed', NULL, 0, 1, 0, 0, 1, 'dime.action.view'),
('dime.find', 'accession', 'core.event.type', 'accessioned', NULL, 0, 0, 0, 0, 1, 'dime.action.accession'),
('dime.find', 'agree', 'core.event.type', 'agreed', NULL, 0, 0, 0, 0, 1, 'dime.action.agree'),
('dime.find', 'annotate', 'core.event.type', 'annotated', NULL, 0, 0, 0, 0, 1, 'dime.action.annotate'),
('dime.find', 'appraise', 'core.event.type', 'appraised', 'appraiser', 0, 0, 0, 0, 1, 'dime.action.appraise'),
('dime.find', 'assess', 'core.event.type', 'assessed', 'assessor', 0, 0, 0, 0, 1, 'dime.action.assess'),
('dime.find', 'cite', 'core.event.type', 'cited', NULL, 0, 0, 0, 0, 1, 'dime.action.cite'),
('dime.find', 'classify', 'core.event.type', 'classified', NULL, 0, 0, 0, 0, 1, 'dime.action.classify'),
('dime.find', 'comment', 'core.event.type', 'commented', NULL, 0, 0, 0, 0, 1, 'dime.action.comment'),
('dime.find', 'conserve', 'core.event.type', 'conserved', NULL, 0, 0, 0, 0, 1, 'dime.action.conserve'),
('dime.find', 'contact', 'core.event.type', 'contacted', NULL, 0, 0, 0, 0, 1, 'dime.action.contact'),
('dime.find', 'date', 'core.event.type', 'dated', NULL, 0, 0, 0, 0, 1, 'dime.action.date'),
('dime.find', 'decline', 'core.event.type', 'declined', NULL, 0, 0, 0, 0, 1, 'dime.action.decline'),
('dime.find', 'delete', 'core.event.type', 'deleted', NULL, 0, 0, 0, 0, 1, 'dime.action.delete'),
('dime.find', 'describe', 'core.event.type', 'described', NULL, 0, 0, 0, 0, 1, 'dime.action.describe'),
('dime.find', 'destroy', 'core.event.type', 'destroyed', NULL, 0, 0, 0, 0, 1, 'dime.action.destroy'),
('dime.find', 'disagree', 'core.event.type', 'disagreed', NULL, 0, 0, 0, 0, 1, 'dime.action.disagree'),
('dime.find', 'discard', 'core.event.type', 'discarded', NULL, 0, 0, 0, 0, 1, 'dime.action.discard'),
('dime.find', 'edit', 'core.event.type', 'edited', NULL, 0, 0, 1, 0, 1, 'dime.action.edit'),
('dime.find', 'evaluate', 'core.event.type', 'evaluated', NULL, 0, 0, 0, 0, 1, 'dime.action.evaluate'),
('dime.find', 'export', 'core.event.type', 'exported', NULL, 0, 0, 0, 0, 1, 'dime.action.export'),
('dime.find', 'follow', 'core.event.type', 'followed', NULL, 0, 0, 0, 0, 1, 'dime.action.follow'),
('dime.find', 'identify', 'core.event.type', 'identified', NULL, 0, 0, 0, 0, 1, 'dime.action.identify'),
('dime.find', 'like', 'core.event.type', 'liked', NULL, 0, 0, 0, 0, 1, 'dime.action.like'),
('dime.find', 'loan', 'core.event.type', 'loaned', NULL, 0, 0, 0, 0, 1, 'dime.action.loan'),
('dime.find', 'lose', 'core.event.type', 'lost', NULL, 0, 0, 0, 0, 1, 'dime.action.lose'),
('dime.find', 'notify', 'core.event.type', 'notified', NULL, 0, 0, 0, 0, 1, 'dime.action.notify'),
('dime.find', 'publish', 'core.event.type', 'published', NULL, 0, 0, 0, 0, 1, 'dime.action.publish'),
('dime.find', 'receive', 'core.event.type', 'received', NULL, 0, 0, 0, 0, 1, 'dime.action.receive'),
('dime.find', 'record', 'core.event.type', 'recorded', 'recorder', 1, 1, 1, 0, 1, 'dime.action.record'),
('dime.find', 'recover', 'core.event.type', 'recovered', NULL, 0, 0, 0, 0, 1, 'dime.action.recover'),
('dime.find', 'redact', 'core.event.type', 'redacted', NULL, 0, 0, 0, 0, 1, 'dime.action.redact'),
('dime.find', 'refer', 'core.event.type', 'referred', NULL, 0, 0, 0, 0, 1, 'dime.action.refer'),
('dime.find', 'reject', 'core.event.type', 'rejected', NULL, 0, 0, 0, 0, 1, 'dime.action.reject'),
('dime.find', 'release', 'core.event.type', 'released', NULL, 0, 0, 0, 0, 1, 'dime.action.release'),
('dime.find', 'report', 'core.event.type', 'reported', 'reporter', 1, 0, 0, 1, 1, 'dime.action.report'),
('dime.find', 'request', 'core.event.type', 'requested', NULL, 0, 0, 0, 0, 1, 'dime.action.request'),
('dime.find', 'reward', 'core.event.type', 'rewarded', NULL, 0, 0, 0, 0, 1, 'dime.action.reward'),
('dime.find', 'send', 'core.event.type', 'sent', NULL, 0, 0, 0, 0, 1, 'dime.action.send'),
('dime.find', 'share', 'core.event.type', 'shared', NULL, 0, 0, 0, 0, 1, 'dime.action.share'),
('dime.find', 'subscribe', 'core.event.type', 'subscribed', NULL, 0, 0, 0, 0, 1, 'dime.action.subscribe'),
('dime.find', 'suppress', 'core.event.type', 'suppressed', NULL, 0, 0, 0, 0, 1, 'dime.action.suppress'),
('dime.find', 'transfer', 'core.event.type', 'transferred', NULL, 0, 0, 0, 0, 1, 'dime.action.transfer'),
('dime.find', 'validate', 'core.event.type', 'validated', NULL, 0, 0, 0, 0, 1, 'dime.action.validate'),
('dime.find', 'view', 'core.event.type', 'viewed', NULL, 0, 0, 1, 0, 1, 'dime.action.view'),
('dime.find', 'withdraw', 'core.event.type', 'withdrawn', NULL, 0, 0, 0, 0, 1, 'dime.action.withdraw');

-- --------------------------------------------------------

--
-- Table structure for table `ark_workflow_agency`
--

CREATE TABLE `ark_workflow_agency` (
  `schma` varchar(30) COLLATE utf8mb4_unicode_ci NOT NULL,
  `action` varchar(30) COLLATE utf8mb4_unicode_ci NOT NULL,
  `type` varchar(30) COLLATE utf8mb4_unicode_ci NOT NULL,
  `attribute` varchar(30) COLLATE utf8mb4_unicode_ci NOT NULL,
  `operator` varchar(10) COLLATE utf8mb4_unicode_ci NOT NULL DEFAULT 'eq'
) ENGINE=InnoDB DEFAULT CHARSET=utf8mb4 COLLATE=utf8mb4_unicode_ci ROW_FORMAT=COMPACT;

--
-- Dumping data for table `ark_workflow_agency`
--

INSERT INTO `ark_workflow_agency` (`schma`, `action`, `type`, `attribute`, `operator`) VALUES
('dime.find', 'accession', 'find', 'custodian', 'is'),
('dime.find', 'conserve', 'find', 'custodian', 'is'),
('dime.find', 'decline', 'find', 'custodian', 'is'),
('dime.find', 'delete', 'find', 'finder', 'is'),
('dime.find', 'destroy', 'find', 'custodian', 'is'),
('dime.find', 'discard', 'find', 'owner', 'is'),
('dime.find', 'edit', 'find', 'custodian', 'is'),
('dime.find', 'edit', 'find', 'finder', 'is'),
('dime.find', 'edit', 'find', 'owner', 'is'),
('dime.find', 'loan', 'find', 'owner', 'is'),
('dime.find', 'lose', 'find', 'custodian', 'is'),
('dime.find', 'publish', 'find', 'owner', 'is'),
('dime.find', 'receive', 'find', 'recipient', 'is'),
('dime.find', 'record', 'find', 'finder', 'is'),
('dime.find', 'recover', 'find', 'custodian', 'is'),
('dime.find', 'recover', 'find', 'owner', 'is'),
('dime.find', 'redact', 'find', 'owner', 'is'),
('dime.find', 'report', 'find', 'custodian', 'is'),
('dime.find', 'report', 'find', 'finder', 'is'),
('dime.find', 'report', 'find', 'owner', 'is'),
('dime.find', 'request', 'find', 'custodian', 'not'),
('dime.find', 'send', 'find', 'custodian', 'is'),
('dime.find', 'suppress', 'find', 'owner', 'is'),
('dime.find', 'transfer', 'find', 'owner', 'is'),
('dime.find', 'view', 'find', 'finder', 'is'),
('dime.find', 'withdraw', 'find', 'recipient', 'is');

-- --------------------------------------------------------

--
-- Table structure for table `ark_workflow_allow`
--

CREATE TABLE `ark_workflow_allow` (
  `schma` varchar(30) COLLATE utf8mb4_unicode_ci NOT NULL,
  `action` varchar(30) COLLATE utf8mb4_unicode_ci NOT NULL,
  `role` varchar(30) COLLATE utf8mb4_unicode_ci NOT NULL,
  `operator` varchar(10) COLLATE utf8mb4_unicode_ci NOT NULL DEFAULT 'is'
) ENGINE=InnoDB DEFAULT CHARSET=utf8mb4 COLLATE=utf8mb4_unicode_ci ROW_FORMAT=COMPACT;

--
-- Dumping data for table `ark_workflow_allow`
--

INSERT INTO `ark_workflow_allow` (`schma`, `action`, `role`, `operator`) VALUES
('core.actor', 'activate', 'admin', 'is'),
('core.actor', 'activate', 'registrar', 'is'),
('core.actor', 'approve', 'admin', 'is'),
('core.actor', 'approve', 'registrar', 'is'),
('core.actor', 'cancel', 'admin', 'is'),
('core.actor', 'cancel', 'registrar', 'is'),
('core.actor', 'edit', 'anonymous', 'not'),
('core.actor', 'restore', 'admin', 'is'),
('core.actor', 'restore', 'registrar', 'is'),
('core.actor', 'suspend', 'admin', 'is'),
('core.actor', 'suspend', 'registrar', 'is'),
('core.actor', 'view', 'admin', 'is'),
('core.actor', 'view', 'anonymous', 'is'),
('core.actor', 'view', 'appraiser', 'is'),
('core.actor', 'view', 'curator', 'is'),
('core.actor', 'view', 'detectorist', 'is'),
('core.actor', 'view', 'registrar', 'is'),
('core.actor', 'view', 'researcher', 'is'),
('dime.find', 'accession', 'appraiser', 'is'),
('dime.find', 'accession', 'curator', 'is'),
('dime.find', 'accession', 'registrar', 'is'),
('dime.find', 'appraise', 'appraiser', 'is'),
('dime.find', 'assess', 'curator', 'is'),
('dime.find', 'assess', 'registrar', 'is'),
('dime.find', 'conserve', 'appraiser', 'is'),
('dime.find', 'conserve', 'curator', 'is'),
('dime.find', 'conserve', 'registrar', 'is'),
('dime.find', 'delete', 'admin', 'is'),
('dime.find', 'delete', 'detectorist', 'is'),
('dime.find', 'delete', 'registrar', 'is'),
('dime.find', 'edit', 'admin', 'is'),
('dime.find', 'edit', 'detectorist', 'is'),
('dime.find', 'edit', 'registrar', 'is'),
('dime.find', 'edit', 'researcher', 'is'),
('dime.find', 'record', 'detectorist', 'is'),
('dime.find', 'reject', 'registrar', 'is'),
('dime.find', 'release', 'appraiser', 'is'),
('dime.find', 'release', 'registrar', 'is'),
('dime.find', 'reward', 'appraiser', 'is'),
('dime.find', 'validate', 'registrar', 'is'),
('dime.find', 'view', 'admin', 'is'),
('dime.find', 'view', 'anonymous', 'is'),
('dime.find', 'view', 'appraiser', 'is'),
('dime.find', 'view', 'curator', 'is'),
('dime.find', 'view', 'detectorist', 'is'),
('dime.find', 'view', 'registrar', 'is'),
('dime.find', 'view', 'researcher', 'is');

-- --------------------------------------------------------

--
-- Table structure for table `ark_workflow_condition`
--

CREATE TABLE `ark_workflow_condition` (
  `schma` varchar(30) COLLATE utf8mb4_unicode_ci NOT NULL,
  `action` varchar(30) COLLATE utf8mb4_unicode_ci NOT NULL,
  `type` varchar(30) COLLATE utf8mb4_unicode_ci NOT NULL,
  `attribute` varchar(30) COLLATE utf8mb4_unicode_ci NOT NULL,
  `grp` int(11) NOT NULL DEFAULT '0',
  `operator` varchar(10) COLLATE utf8mb4_unicode_ci NOT NULL DEFAULT 'eq',
  `value` varchar(4000) COLLATE utf8mb4_unicode_ci DEFAULT NULL
) ENGINE=InnoDB DEFAULT CHARSET=utf8mb4 COLLATE=utf8mb4_unicode_ci ROW_FORMAT=COMPACT;

--
-- Dumping data for table `ark_workflow_condition`
--

INSERT INTO `ark_workflow_condition` (`schma`, `action`, `type`, `attribute`, `grp`, `operator`, `value`) VALUES
('dime.find', 'accession', 'find', 'process', 0, 'eq', 'dime.process.assessed'),
('dime.find', 'accession', 'find', 'process', 1, 'eq', 'dime.process.appraised'),
('dime.find', 'appraise', 'find', 'process', 0, 'eq', 'dime.process.assessed'),
('dime.find', 'appraise', 'find', 'treasure', 0, 'eq', 'dime.treasure.appraisal'),
('dime.find', 'assess', 'find', 'process', 0, 'eq', 'dime.process.validated'),
('dime.find', 'assess', 'find', 'treasure', 0, 'eq', 'dime.treasure.pending'),
('dime.find', 'conserve', 'find', 'custody', 0, 'eq', 'dime.custody.held'),
('dime.find', 'decline', 'find', 'custody', 0, 'eq', 'dime.custody.requested'),
('dime.find', 'discard', 'find', 'process', 0, 'eq', 'dime.process.recorded'),
('dime.find', 'discard', 'find', 'process', 1, 'eq', 'dime.process.accessioned'),
('dime.find', 'discard', 'find', 'process', 2, 'eq', 'dime.process.released'),
('dime.find', 'loan', 'find', 'process', 1, 'eq', 'dime.process.accessioned'),
('dime.find', 'loan', 'find', 'process', 2, 'eq', 'dime.process.released'),
('dime.find', 'receive', 'find', 'custody', 0, 'eq', 'dime.custody.sent'),
('dime.find', 'recover', 'find', 'custody', 0, 'eq', 'dime.custody.lost'),
('dime.find', 'recover', 'find', 'custody', 1, 'eq', 'dime.custody.discarded'),
('dime.find', 'recover', 'find', 'custody', 3, 'eq', 'dime.custody.destroyed'),
('dime.find', 'reject', 'find', 'process', 0, 'eq', 'dime.process.reported'),
('dime.find', 'release', 'find', 'process', 0, 'eq', 'dime.process.assessed'),
('dime.find', 'release', 'find', 'process', 1, 'eq', 'dime.process.appraised'),
('dime.find', 'report', 'find', 'process', 0, 'eq', 'dime.process.recorded'),
('dime.find', 'request', 'find', 'custody', 0, 'eq', 'dime.custody.held'),
('dime.find', 'reward', 'find', 'process', 0, 'eq', 'dime.process.appraised'),
('dime.find', 'reward', 'find', 'treasure', 0, 'eq', 'dime.treasure.treasure'),
('dime.find', 'send', 'find', 'custody', 0, 'eq', 'dime.custody.held'),
('dime.find', 'validate', 'find', 'process', 0, 'eq', 'dime.process.reported'),
('dime.find', 'withdraw', 'find', 'custody', 0, 'eq', 'dime.custody.requested');

-- --------------------------------------------------------

--
-- Table structure for table `ark_workflow_grant`
--

CREATE TABLE `ark_workflow_grant` (
  `role` varchar(30) COLLATE utf8mb4_unicode_ci NOT NULL,
  `permission` varchar(30) COLLATE utf8mb4_unicode_ci NOT NULL
) ENGINE=InnoDB DEFAULT CHARSET=utf8mb4 COLLATE=utf8mb4_unicode_ci ROW_FORMAT=COMPACT;

--
-- Dumping data for table `ark_workflow_grant`
--

INSERT INTO `ark_workflow_grant` (`role`, `permission`) VALUES
('admin', 'core.actor.read'),
('admin', 'core.actor.update'),
('admin', 'core.admin'),
('admin', 'core.admin.system'),
('admin', 'core.admin.user'),
('admin', 'core.message.read'),
('admin', 'core.message.update'),
('admin', 'dime.find.create'),
('admin', 'dime.find.read'),
('admin', 'dime.find.read.custody'),
('admin', 'dime.find.read.finddate'),
('admin', 'dime.find.read.finder'),
('admin', 'dime.find.read.location'),
('admin', 'dime.find.read.owner'),
('admin', 'dime.find.read.process'),
('admin', 'dime.find.read.treasure'),
('admin', 'dime.find.treasure.claim'),
('admin', 'dime.find.update'),
('admin', 'dime.find.update.custody'),
('admin', 'dime.find.update.finddate'),
('admin', 'dime.find.update.finder'),
('admin', 'dime.find.update.location'),
('admin', 'dime.find.update.owner'),
('admin', 'dime.find.update.process'),
('admin', 'dime.find.update.treasure'),
('anonymous', 'core.actor.read'),
('anonymous', 'core.page.read'),
('anonymous', 'core.user.confirm'),
('anonymous', 'core.user.login'),
('anonymous', 'core.user.register'),
('anonymous', 'core.user.reset'),
('anonymous', 'dime.find.read'),
('appraiser', 'core.actor.read'),
('appraiser', 'core.actor.update'),
('appraiser', 'core.message.read'),
('appraiser', 'core.message.update'),
('curator', 'core.actor.read'),
('curator', 'core.actor.update'),
('curator', 'core.message.read'),
('curator', 'core.message.update'),
('detectorist', 'core.actor.read'),
('detectorist', 'core.actor.update'),
('detectorist', 'core.message.read'),
('detectorist', 'core.message.update'),
('detectorist', 'dime.find.read'),
('detectorist', 'dime.find.read.process'),
('detectorist', 'dime.find.read.treasure'),
('detectorist', 'dime.find.update'),
('registrar', 'core.actor.read'),
('registrar', 'core.actor.update'),
('registrar', 'core.admin'),
('registrar', 'core.admin.user'),
('registrar', 'core.message.read'),
('registrar', 'core.message.update'),
('registrar', 'dime.find.create'),
('registrar', 'dime.find.read'),
('registrar', 'dime.find.read.custody'),
('registrar', 'dime.find.read.finddate'),
('registrar', 'dime.find.read.finder'),
('registrar', 'dime.find.read.location'),
('registrar', 'dime.find.read.owner'),
('registrar', 'dime.find.read.process'),
('registrar', 'dime.find.read.treasure'),
('registrar', 'dime.find.treasure.claim'),
('registrar', 'dime.find.update'),
('registrar', 'dime.find.update.custody'),
('registrar', 'dime.find.update.finddate'),
('registrar', 'dime.find.update.finder'),
('registrar', 'dime.find.update.location'),
('registrar', 'dime.find.update.museum_id'),
('registrar', 'dime.find.update.owner'),
('registrar', 'dime.find.update.process'),
('registrar', 'dime.find.update.treasure'),
('researcher', 'core.actor.read'),
('researcher', 'core.actor.update'),
('researcher', 'core.file.read'),
('researcher', 'core.message.read'),
('researcher', 'core.message.update'),
('researcher', 'dime.find.read'),
('researcher', 'dime.find.read.finddate'),
('researcher', 'dime.find.read.location'),
('researcher', 'dime.find.read.treasure');

-- --------------------------------------------------------

--
-- Table structure for table `ark_workflow_notify`
--

CREATE TABLE `ark_workflow_notify` (
  `schma` varchar(30) COLLATE utf8mb4_unicode_ci NOT NULL,
  `action` varchar(30) COLLATE utf8mb4_unicode_ci NOT NULL,
  `type` varchar(30) COLLATE utf8mb4_unicode_ci NOT NULL,
  `attribute` varchar(30) COLLATE utf8mb4_unicode_ci NOT NULL,
  `keyword` varchar(30) COLLATE utf8mb4_unicode_ci NOT NULL
) ENGINE=InnoDB DEFAULT CHARSET=utf8mb4 COLLATE=utf8mb4_unicode_ci ROW_FORMAT=COMPACT;

--
-- Dumping data for table `ark_workflow_notify`
--

INSERT INTO `ark_workflow_notify` (`schma`, `action`, `type`, `attribute`, `keyword`) VALUES
('core.actor', 'register', 'person', 'museum', ''),
('dime.find', 'accession', 'find', 'finder', ''),
('dime.find', 'accession', 'find', 'museum', ''),
('dime.find', 'accession', 'find', 'owner', ''),
('dime.find', 'appraise', 'find', 'finder', ''),
('dime.find', 'appraise', 'find', 'museum', ''),
('dime.find', 'appraise', 'find', 'owner', ''),
('dime.find', 'assess', 'find', 'custodian', ''),
('dime.find', 'assess', 'find', 'finder', ''),
('dime.find', 'assess', 'find', 'owner', ''),
('dime.find', 'conserve', 'find', 'finder', ''),
('dime.find', 'conserve', 'find', 'owner', ''),
('dime.find', 'decline', 'find', 'owner', ''),
('dime.find', 'decline', 'find', 'recipient', ''),
('dime.find', 'delete', 'find', 'finder', ''),
('dime.find', 'delete', 'find', 'owner', ''),
('dime.find', 'destroy', 'find', 'custodian', ''),
('dime.find', 'destroy', 'find', 'owner', ''),
('dime.find', 'discard', 'find', 'custodian', ''),
('dime.find', 'discard', 'find', 'owner', ''),
('dime.find', 'edit', 'find', 'finder', ''),
('dime.find', 'loan', 'find', 'custodian', ''),
('dime.find', 'loan', 'find', 'owner', ''),
('dime.find', 'lose', 'find', 'custodian', ''),
('dime.find', 'lose', 'find', 'owner', ''),
('dime.find', 'receive', 'find', 'custodian', ''),
('dime.find', 'receive', 'find', 'owner', ''),
('dime.find', 'record', 'find', 'finder', ''),
('dime.find', 'recover', 'find', 'custodian', ''),
('dime.find', 'recover', 'find', 'owner', ''),
('dime.find', 'reject', 'find', 'custodian', ''),
('dime.find', 'reject', 'find', 'finder', ''),
('dime.find', 'reject', 'find', 'owner', ''),
('dime.find', 'release', 'find', 'finder', ''),
('dime.find', 'release', 'find', 'museum', ''),
('dime.find', 'release', 'find', 'owner', ''),
('dime.find', 'report', 'find', 'custodian', ''),
('dime.find', 'report', 'find', 'finder', ''),
('dime.find', 'report', 'find', 'museum', ''),
('dime.find', 'report', 'find', 'owner', ''),
('dime.find', 'request', 'find', 'custodian', ''),
('dime.find', 'request', 'find', 'owner', ''),
('dime.find', 'reward', 'find', 'finder', ''),
('dime.find', 'reward', 'find', 'museum', ''),
('dime.find', 'send', 'find', 'owner', ''),
('dime.find', 'send', 'find', 'recipient', ''),
('dime.find', 'transfer', 'find', 'custodian', ''),
('dime.find', 'transfer', 'find', 'owner', ''),
('dime.find', 'validate', 'find', 'custodian', ''),
('dime.find', 'validate', 'find', 'finder', ''),
('dime.find', 'validate', 'find', 'owner', ''),
('dime.find', 'withdraw', 'find', 'custodian', ''),
('dime.find', 'withdraw', 'find', 'owner', '');

-- --------------------------------------------------------

--
-- Table structure for table `ark_workflow_permission`
--

CREATE TABLE `ark_workflow_permission` (
  `permission` varchar(30) COLLATE utf8mb4_unicode_ci NOT NULL,
  `enabled` tinyint(1) NOT NULL DEFAULT '1',
  `keyword` varchar(100) COLLATE utf8mb4_unicode_ci DEFAULT NULL
) ENGINE=InnoDB DEFAULT CHARSET=utf8mb4 COLLATE=utf8mb4_unicode_ci ROW_FORMAT=COMPACT;

--
-- Dumping data for table `ark_workflow_permission`
--

INSERT INTO `ark_workflow_permission` (`permission`, `enabled`, `keyword`) VALUES
('core.actor.create', 1, NULL),
('core.actor.delete', 1, NULL),
('core.actor.read', 1, NULL),
('core.actor.register', 1, NULL),
('core.actor.update', 1, NULL),
('core.admin', 1, NULL),
('core.admin.system', 1, NULL),
('core.admin.user', 1, NULL),
('core.event.create', 1, NULL),
('core.event.delete', 1, NULL),
('core.event.read', 1, NULL),
('core.event.update', 1, NULL),
('core.file.create', 1, NULL),
('core.file.delete', 1, NULL),
('core.file.read', 1, NULL),
('core.file.update', 1, NULL),
('core.message.create', 1, NULL),
('core.message.delete', 1, NULL),
('core.message.read', 1, NULL),
('core.message.update', 1, NULL),
('core.page.create', 1, NULL),
('core.page.delete', 1, NULL),
('core.page.read', 1, NULL),
('core.page.update', 1, NULL),
('core.user.confirm', 1, NULL),
('core.user.login', 1, NULL),
('core.user.logout', 1, NULL),
('core.user.register', 1, NULL),
('core.user.reset', 1, NULL),
('dime.find.create', 1, NULL),
('dime.find.delete', 1, NULL),
('dime.find.read', 1, NULL),
('dime.find.read.custody', 1, NULL),
('dime.find.read.finddate', 1, NULL),
('dime.find.read.finder', 1, NULL),
('dime.find.read.location', 1, NULL),
('dime.find.read.owner', 1, NULL),
('dime.find.read.process', 1, NULL),
('dime.find.read.treasure', 1, NULL),
('dime.find.treasure.claim', 1, NULL),
('dime.find.update', 1, NULL),
('dime.find.update.custody', 1, NULL),
('dime.find.update.finddate', 1, NULL),
('dime.find.update.finder', 1, NULL),
('dime.find.update.location', 1, NULL),
('dime.find.update.museum_id', 1, NULL),
('dime.find.update.owner', 1, NULL),
('dime.find.update.process', 1, NULL),
('dime.find.update.treasure', 1, NULL);

-- --------------------------------------------------------

--
-- Table structure for table `ark_workflow_role`
--

CREATE TABLE `ark_workflow_role` (
  `role` varchar(30) COLLATE utf8mb4_unicode_ci NOT NULL,
  `proxy_for` varchar(30) COLLATE utf8mb4_unicode_ci DEFAULT NULL,
  `enabled` tinyint(1) NOT NULL DEFAULT '1',
  `keyword` varchar(100) COLLATE utf8mb4_unicode_ci DEFAULT NULL
) ENGINE=InnoDB DEFAULT CHARSET=utf8mb4 COLLATE=utf8mb4_unicode_ci ROW_FORMAT=COMPACT;

--
-- Dumping data for table `ark_workflow_role`
--

INSERT INTO `ark_workflow_role` (`role`, `proxy_for`, `enabled`, `keyword`) VALUES
('admin', 'museum', 1, 'dime.role.admin'),
('anonymous', NULL, 1, 'dime.role.anon'),
('appraiser', 'museum', 1, 'dime.role.appraiser'),
('curator', 'museum', 1, 'dime.role.curator'),
('detectorist', NULL, 1, 'dime.role.detectorist'),
('registrar', 'museum', 1, 'dime.role.registrar'),
('researcher', 'museum', 1, 'dime.role.researcher');

-- --------------------------------------------------------

--
-- Table structure for table `ark_workflow_trigger`
--

CREATE TABLE `ark_workflow_trigger` (
  `schma` varchar(30) COLLATE utf8mb4_unicode_ci NOT NULL,
  `action` varchar(30) COLLATE utf8mb4_unicode_ci NOT NULL,
  `trigger_schma` varchar(30) COLLATE utf8mb4_unicode_ci NOT NULL,
  `trigger_action` varchar(30) COLLATE utf8mb4_unicode_ci NOT NULL
) ENGINE=InnoDB DEFAULT CHARSET=utf8mb4 COLLATE=utf8mb4_unicode_ci ROW_FORMAT=COMPACT;

--
-- Dumping data for table `ark_workflow_trigger`
--

INSERT INTO `ark_workflow_trigger` (`schma`, `action`, `trigger_schma`, `trigger_action`) VALUES
('dime.find', 'assess', 'dime.find', 'send'),
('dime.find', 'release', 'dime.find', 'send');

-- --------------------------------------------------------

--
-- Table structure for table `ark_workflow_update`
--

CREATE TABLE `ark_workflow_update` (
  `schma` varchar(30) COLLATE utf8mb4_unicode_ci NOT NULL,
  `action` varchar(30) COLLATE utf8mb4_unicode_ci NOT NULL,
  `type` varchar(30) COLLATE utf8mb4_unicode_ci NOT NULL,
  `attribute` varchar(30) COLLATE utf8mb4_unicode_ci NOT NULL,
  `actor` tinyint(1) DEFAULT NULL,
  `subject` tinyint(1) DEFAULT NULL,
  `clear` tinyint(1) DEFAULT NULL,
  `term` varchar(30) COLLATE utf8mb4_unicode_ci DEFAULT NULL
) ENGINE=InnoDB DEFAULT CHARSET=utf8mb4 COLLATE=utf8mb4_unicode_ci ROW_FORMAT=COMPACT;

--
-- Dumping data for table `ark_workflow_update`
--

INSERT INTO `ark_workflow_update` (`schma`, `action`, `type`, `attribute`, `actor`, `subject`, `clear`, `term`) VALUES
('dime.find', 'delete', 'find', 'custody', NULL, NULL, NULL, 'sent'),
('dime.find', 'delete', 'find', 'process', NULL, NULL, NULL, 'deleted'),
('dime.find', 'receive', 'find', 'custodian', 1, NULL, NULL, NULL),
('dime.find', 'receive', 'find', 'custody', NULL, NULL, NULL, 'held'),
('dime.find', 'receive', 'find', 'recipient', NULL, NULL, NULL, NULL),
('dime.find', 'record', 'find', 'custodian', 1, NULL, NULL, NULL),
('dime.find', 'record', 'find', 'custody', NULL, NULL, NULL, 'held'),
('dime.find', 'record', 'find', 'finder', 1, NULL, NULL, NULL),
('dime.find', 'record', 'find', 'owner', 1, NULL, NULL, NULL),
('dime.find', 'record', 'find', 'process', NULL, NULL, NULL, 'recorded'),
('dime.find', 'record', 'find', 'treasure', NULL, NULL, NULL, 'pending'),
('dime.find', 'report', 'find', 'process', NULL, NULL, NULL, 'reported'),
('dime.find', 'send', 'find', 'custody', NULL, NULL, NULL, 'sent'),
('dime.find', 'send', 'find', 'recipient', NULL, 1, NULL, NULL);

--
-- Indexes for dumped tables
--

--
-- Indexes for table `ark_config_error`
--
ALTER TABLE `ark_config_error`
  ADD PRIMARY KEY (`code`);

--
-- Indexes for table `ark_config_flash`
--
ALTER TABLE `ark_config_flash`
  ADD PRIMARY KEY (`id`);

--
-- Indexes for table `ark_datatype`
--
ALTER TABLE `ark_datatype`
  ADD PRIMARY KEY (`datatype`),
  ADD KEY `format_vocabulary` (`format_vocabulary`),
  ADD KEY `parameter_vocabulary` (`parameter_vocabulary`),
  ADD KEY `datatype_translation` (`keyword`);

--
-- Indexes for table `ark_format`
--
ALTER TABLE `ark_format`
  ADD PRIMARY KEY (`format`),
  ADD KEY `fragment_type` (`datatype`),
  ADD KEY `parameter_vocabulary` (`parameter_vocabulary`),
  ADD KEY `format_vocabulary` (`format_vocabulary`),
  ADD KEY `format_translation` (`keyword`);

--
-- Indexes for table `ark_format_attribute`
--
ALTER TABLE `ark_format_attribute`
  ADD PRIMARY KEY (`parent`,`attribute`),
  ADD KEY `vocabulary` (`vocabulary`),
  ADD KEY `format` (`format`),
  ADD KEY `format_attribute_translation` (`keyword`);

--
-- Indexes for table `ark_format_blob`
--
ALTER TABLE `ark_format_blob`
  ADD PRIMARY KEY (`format`);

--
-- Indexes for table `ark_format_boolean`
--
ALTER TABLE `ark_format_boolean`
  ADD PRIMARY KEY (`format`);

--
-- Indexes for table `ark_format_date`
--
ALTER TABLE `ark_format_date`
  ADD PRIMARY KEY (`format`);

--
-- Indexes for table `ark_format_datetime`
--
ALTER TABLE `ark_format_datetime`
  ADD PRIMARY KEY (`format`);

--
-- Indexes for table `ark_format_decimal`
--
ALTER TABLE `ark_format_decimal`
  ADD PRIMARY KEY (`format`);

--
-- Indexes for table `ark_format_float`
--
ALTER TABLE `ark_format_float`
  ADD PRIMARY KEY (`format`);

--
-- Indexes for table `ark_format_integer`
--
ALTER TABLE `ark_format_integer`
  ADD PRIMARY KEY (`format`);

--
-- Indexes for table `ark_format_item`
--
ALTER TABLE `ark_format_item`
  ADD PRIMARY KEY (`format`),
  ADD KEY `module` (`module`);

--
-- Indexes for table `ark_format_object`
--
ALTER TABLE `ark_format_object`
  ADD PRIMARY KEY (`format`);

--
-- Indexes for table `ark_format_spatial`
--
ALTER TABLE `ark_format_spatial`
  ADD PRIMARY KEY (`format`);

--
-- Indexes for table `ark_format_string`
--
ALTER TABLE `ark_format_string`
  ADD PRIMARY KEY (`format`);

--
-- Indexes for table `ark_format_text`
--
ALTER TABLE `ark_format_text`
  ADD PRIMARY KEY (`format`);

--
-- Indexes for table `ark_format_time`
--
ALTER TABLE `ark_format_time`
  ADD PRIMARY KEY (`format`);

--
-- Indexes for table `ark_instance`
--
ALTER TABLE `ark_instance`
  ADD PRIMARY KEY (`instance`);

--
-- Indexes for table `ark_instance_schema`
--
ALTER TABLE `ark_instance_schema`
  ADD PRIMARY KEY (`instance`,`schma`),
  ADD KEY `schma` (`schma`);

--
-- Indexes for table `ark_map`
--
ALTER TABLE `ark_map`
  ADD PRIMARY KEY (`map`),
  ADD KEY `map_translation` (`keyword`);

--
-- Indexes for table `ark_map_layer`
--
ALTER TABLE `ark_map_layer`
  ADD PRIMARY KEY (`source`,`layer`),
  ADD KEY `map_layer_translation` (`keyword`);

--
-- Indexes for table `ark_map_legend`
--
ALTER TABLE `ark_map_legend`
  ADD PRIMARY KEY (`map`,`source`,`layer`),
  ADD UNIQUE KEY `sequence` (`map`,`source`,`layer`,`seq`) USING BTREE,
  ADD KEY `legend_layer` (`source`,`layer`),
  ADD KEY `map_legend_translation` (`keyword`);

--
-- Indexes for table `ark_map_source`
--
ALTER TABLE `ark_map_source`
  ADD PRIMARY KEY (`source`),
  ADD KEY `map_source_translation` (`keyword`);

--
-- Indexes for table `ark_module`
--
ALTER TABLE `ark_module`
  ADD PRIMARY KEY (`module`),
  ADD UNIQUE KEY `tbl` (`tbl`),
  ADD UNIQUE KEY `classname` (`classname`),
  ADD UNIQUE KEY `resource` (`resource`),
  ADD UNIQUE KEY `entity` (`entity`),
  ADD KEY `module_translation` (`keyword`);

--
-- Indexes for table `ark_route`
--
ALTER TABLE `ark_route`
  ADD PRIMARY KEY (`route`),
  ADD KEY `page` (`page`);

--
-- Indexes for table `ark_schema`
--
ALTER TABLE `ark_schema`
  ADD PRIMARY KEY (`schma`),
  ADD KEY `module` (`module`),
  ADD KEY `type_vocabulary` (`vocabulary`),
  ADD KEY `view` (`view`),
  ADD KEY `edit` (`edit`),
  ADD KEY `remove` (`remove`),
  ADD KEY `new` (`new`),
  ADD KEY `schema_translation` (`keyword`);

--
-- Indexes for table `ark_schema_association`
--
ALTER TABLE `ark_schema_association`
  ADD PRIMARY KEY (`schma`,`type`,`association`) USING BTREE,
  ADD KEY `inverse_schema` (`inverse`),
  ADD KEY `module1` (`module1`,`schema1`),
  ADD KEY `module2` (`module2`,`schema2`),
  ADD KEY `schema_association_translation` (`keyword`);

--
-- Indexes for table `ark_schema_attribute`
--
ALTER TABLE `ark_schema_attribute`
  ADD PRIMARY KEY (`schma`,`type`,`attribute`) USING BTREE,
  ADD KEY `format` (`format`),
  ADD KEY `vocabulary` (`vocabulary`),
  ADD KEY `view` (`view`),
  ADD KEY `edit` (`edit`),
  ADD KEY `schema_attribute_translation` (`keyword`);

--
-- Indexes for table `ark_schema_item`
--
ALTER TABLE `ark_schema_item`
  ADD PRIMARY KEY (`attribute`) USING BTREE,
  ADD KEY `format` (`format`),
  ADD KEY `vocabulary` (`vocabulary`);

--
-- Indexes for table `ark_translation`
--
ALTER TABLE `ark_translation`
  ADD PRIMARY KEY (`keyword`),
  ADD KEY `domain` (`domain`);

--
-- Indexes for table `ark_translation_domain`
--
ALTER TABLE `ark_translation_domain`
  ADD PRIMARY KEY (`domain`),
  ADD KEY `translation_domain_translation` (`keyword`);

--
-- Indexes for table `ark_translation_language`
--
ALTER TABLE `ark_translation_language`
  ADD PRIMARY KEY (`language`);

--
-- Indexes for table `ark_translation_message`
--
ALTER TABLE `ark_translation_message`
  ADD PRIMARY KEY (`language`,`keyword`,`role`),
  ADD KEY `keyword` (`keyword`),
  ADD KEY `role` (`role`);

--
-- Indexes for table `ark_translation_parameter`
--
ALTER TABLE `ark_translation_parameter`
  ADD PRIMARY KEY (`keyword`,`parameter`);

--
-- Indexes for table `ark_translation_role`
--
ALTER TABLE `ark_translation_role`
  ADD PRIMARY KEY (`role`),
  ADD KEY `translation_role_translation` (`keyword`);

--
-- Indexes for table `ark_view_element`
--
ALTER TABLE `ark_view_element`
  ADD PRIMARY KEY (`element`),
  ADD KEY `type` (`type`),
  ADD KEY `view_translation` (`keyword`);

--
-- Indexes for table `ark_view_field`
--
ALTER TABLE `ark_view_field`
  ADD PRIMARY KEY (`element`),
  ADD KEY `schma` (`schma`),
  ADD KEY `field_attribute` (`schma`,`item_type`,`attribute`);

--
-- Indexes for table `ark_view_grid`
--
ALTER TABLE `ark_view_grid`
  ADD PRIMARY KEY (`grp`,`item_type`,`row`,`col`,`seq`),
  ADD KEY `child` (`element`),
  ADD KEY `map` (`map`),
  ADD KEY `keyword` (`keyword`),
  ADD KEY `vocabulary` (`vocabulary`);

--
-- Indexes for table `ark_view_group`
--
ALTER TABLE `ark_view_group`
  ADD PRIMARY KEY (`element`);

--
-- Indexes for table `ark_view_nav`
--
ALTER TABLE `ark_view_nav`
  ADD PRIMARY KEY (`element`),
  ADD UNIQUE KEY `parent` (`parent`,`seq`);

--
-- Indexes for table `ark_view_page`
--
ALTER TABLE `ark_view_page`
  ADD PRIMARY KEY (`element`),
  ADD KEY `navbar_element` (`header`),
  ADD KEY `sidebar_element` (`sidebar`),
  ADD KEY `content_element` (`content`),
  ADD KEY `footer_element` (`footer`),
  ADD KEY `view_permission` (`view`),
  ADD KEY `edit_permission` (`edit`);

--
-- Indexes for table `ark_view_tree`
--
ALTER TABLE `ark_view_tree`
  ADD PRIMARY KEY (`id`),
  ADD KEY `depth` (`depth`),
  ADD KEY `ancestor` (`ancestor`),
  ADD KEY `descendent` (`descendant`);

--
-- Indexes for table `ark_view_type`
--
ALTER TABLE `ark_view_type`
  ADD PRIMARY KEY (`type`),
  ADD KEY `view_type_keyword` (`keyword`);

--
-- Indexes for table `ark_view_widget`
--
ALTER TABLE `ark_view_widget`
  ADD PRIMARY KEY (`element`);

--
-- Indexes for table `ark_vocabulary`
--
ALTER TABLE `ark_vocabulary`
  ADD PRIMARY KEY (`concept`),
  ADD KEY `type` (`type`),
  ADD KEY `vocabulary_translation` (`keyword`);

--
-- Indexes for table `ark_vocabulary_collected`
--
ALTER TABLE `ark_vocabulary_collected`
  ADD PRIMARY KEY (`concept`,`collection`,`term`);

--
-- Indexes for table `ark_vocabulary_collection`
--
ALTER TABLE `ark_vocabulary_collection`
  ADD PRIMARY KEY (`concept`,`collection`);

--
-- Indexes for table `ark_vocabulary_parameter`
--
ALTER TABLE `ark_vocabulary_parameter`
  ADD PRIMARY KEY (`concept`,`term`,`name`),
  ADD KEY `concept` (`concept`,`term`);

--
-- Indexes for table `ark_vocabulary_related`
--
ALTER TABLE `ark_vocabulary_related`
  ADD PRIMARY KEY (`from_concept`,`from_term`,`to_concept`,`to_term`),
  ADD KEY `relation` (`relation`),
  ADD KEY `from_term` (`from_concept`,`from_term`) USING BTREE,
  ADD KEY `to_term` (`to_concept`,`to_term`) USING BTREE;

--
-- Indexes for table `ark_vocabulary_relation`
--
ALTER TABLE `ark_vocabulary_relation`
  ADD PRIMARY KEY (`relation`);

--
-- Indexes for table `ark_vocabulary_term`
--
ALTER TABLE `ark_vocabulary_term`
  ADD PRIMARY KEY (`concept`,`term`),
  ADD UNIQUE KEY `keyword` (`keyword`);

--
-- Indexes for table `ark_vocabulary_type`
--
ALTER TABLE `ark_vocabulary_type`
  ADD PRIMARY KEY (`type`),
  ADD KEY `vocabulary_type_translation` (`keyword`);

--
-- Indexes for table `ark_workflow_action`
--
ALTER TABLE `ark_workflow_action`
  ADD PRIMARY KEY (`schma`,`action`),
  ADD KEY `event_vocabulary` (`event_vocabulary`,`event_term`),
  ADD KEY `workflow_action_translation` (`keyword`);

--
-- Indexes for table `ark_workflow_agency`
--
ALTER TABLE `ark_workflow_agency`
  ADD PRIMARY KEY (`schma`,`action`,`type`,`attribute`),
  ADD KEY `schma` (`schma`,`type`,`attribute`);

--
-- Indexes for table `ark_workflow_allow`
--
ALTER TABLE `ark_workflow_allow`
  ADD PRIMARY KEY (`schma`,`action`,`role`),
  ADD KEY `schma` (`schma`),
  ADD KEY `role` (`role`);

--
-- Indexes for table `ark_workflow_condition`
--
ALTER TABLE `ark_workflow_condition`
  ADD PRIMARY KEY (`schma`,`action`,`type`,`attribute`,`grp`),
  ADD KEY `schma` (`schma`,`type`,`attribute`);

--
-- Indexes for table `ark_workflow_grant`
--
ALTER TABLE `ark_workflow_grant`
  ADD PRIMARY KEY (`role`,`permission`),
  ADD KEY `permission` (`permission`);

--
-- Indexes for table `ark_workflow_notify`
--
ALTER TABLE `ark_workflow_notify`
  ADD PRIMARY KEY (`schma`,`action`,`type`,`attribute`),
  ADD KEY `schma` (`schma`,`type`,`attribute`);

--
-- Indexes for table `ark_workflow_permission`
--
ALTER TABLE `ark_workflow_permission`
  ADD PRIMARY KEY (`permission`),
  ADD KEY `workflow_permission_keyword` (`keyword`);

--
-- Indexes for table `ark_workflow_role`
--
ALTER TABLE `ark_workflow_role`
  ADD PRIMARY KEY (`role`),
  ADD KEY `workflow_role_translation` (`keyword`);

--
-- Indexes for table `ark_workflow_trigger`
--
ALTER TABLE `ark_workflow_trigger`
  ADD PRIMARY KEY (`schma`,`action`,`trigger_schma`,`trigger_action`),
  ADD KEY `schma` (`schma`),
  ADD KEY `trigger_schma` (`trigger_schma`,`trigger_action`);

--
-- Indexes for table `ark_workflow_update`
--
ALTER TABLE `ark_workflow_update`
  ADD PRIMARY KEY (`schma`,`action`,`type`,`attribute`),
  ADD KEY `schma` (`schma`,`type`,`attribute`);

--
-- AUTO_INCREMENT for dumped tables
--

--
-- AUTO_INCREMENT for table `ark_config_flash`
--
ALTER TABLE `ark_config_flash`
  MODIFY `id` int(11) NOT NULL AUTO_INCREMENT, AUTO_INCREMENT=5;
--
-- AUTO_INCREMENT for table `ark_view_tree`
--
ALTER TABLE `ark_view_tree`
  MODIFY `id` int(11) NOT NULL AUTO_INCREMENT, AUTO_INCREMENT=18;
--
-- Constraints for dumped tables
--

--
-- Constraints for table `ark_datatype`
--
ALTER TABLE `ark_datatype`
  ADD CONSTRAINT `datatype_format_vocabulary` FOREIGN KEY (`format_vocabulary`) REFERENCES `ark_vocabulary` (`concept`) ON UPDATE CASCADE,
  ADD CONSTRAINT `datatype_parameter_vocabulary` FOREIGN KEY (`parameter_vocabulary`) REFERENCES `ark_vocabulary` (`concept`) ON UPDATE CASCADE,
  ADD CONSTRAINT `datatype_translation` FOREIGN KEY (`keyword`) REFERENCES `ark_translation` (`keyword`) ON UPDATE CASCADE;

--
-- Constraints for table `ark_format`
--
ALTER TABLE `ark_format`
  ADD CONSTRAINT `format_datatype` FOREIGN KEY (`datatype`) REFERENCES `ark_datatype` (`datatype`) ON DELETE CASCADE ON UPDATE CASCADE,
  ADD CONSTRAINT `format_format_vocabulary` FOREIGN KEY (`format_vocabulary`) REFERENCES `ark_vocabulary` (`concept`) ON UPDATE CASCADE,
  ADD CONSTRAINT `format_parameter_vocabulary` FOREIGN KEY (`parameter_vocabulary`) REFERENCES `ark_vocabulary` (`concept`) ON UPDATE CASCADE,
  ADD CONSTRAINT `format_translation` FOREIGN KEY (`keyword`) REFERENCES `ark_translation` (`keyword`) ON UPDATE CASCADE;

--
-- Constraints for table `ark_format_attribute`
--
ALTER TABLE `ark_format_attribute`
  ADD CONSTRAINT `format_attribute_format` FOREIGN KEY (`format`) REFERENCES `ark_format` (`format`) ON DELETE CASCADE ON UPDATE CASCADE,
  ADD CONSTRAINT `format_attribute_parent` FOREIGN KEY (`parent`) REFERENCES `ark_format` (`format`) ON DELETE CASCADE ON UPDATE CASCADE,
  ADD CONSTRAINT `format_attribute_translation` FOREIGN KEY (`keyword`) REFERENCES `ark_translation` (`keyword`) ON UPDATE CASCADE,
  ADD CONSTRAINT `format_attribute_vocabulary` FOREIGN KEY (`vocabulary`) REFERENCES `ark_vocabulary` (`concept`) ON UPDATE CASCADE;

--
-- Constraints for table `ark_format_blob`
--
ALTER TABLE `ark_format_blob`
  ADD CONSTRAINT `ark_format_blob_ibfk_1` FOREIGN KEY (`format`) REFERENCES `ark_format` (`format`) ON DELETE CASCADE ON UPDATE CASCADE;

--
-- Constraints for table `ark_format_boolean`
--
ALTER TABLE `ark_format_boolean`
  ADD CONSTRAINT `ark_format_boolean_ibfk_1` FOREIGN KEY (`format`) REFERENCES `ark_format` (`format`) ON DELETE CASCADE ON UPDATE CASCADE;

--
-- Constraints for table `ark_format_datetime`
--
ALTER TABLE `ark_format_datetime`
  ADD CONSTRAINT `ark_format_datetime_ibfk_1` FOREIGN KEY (`format`) REFERENCES `ark_format` (`format`) ON DELETE CASCADE ON UPDATE CASCADE;

--
-- Constraints for table `ark_format_decimal`
--
ALTER TABLE `ark_format_decimal`
  ADD CONSTRAINT `ark_format_decimal_ibfk_1` FOREIGN KEY (`format`) REFERENCES `ark_format` (`format`) ON DELETE CASCADE ON UPDATE CASCADE;

--
-- Constraints for table `ark_format_float`
--
ALTER TABLE `ark_format_float`
  ADD CONSTRAINT `ark_format_float_ibfk_1` FOREIGN KEY (`format`) REFERENCES `ark_format` (`format`) ON DELETE CASCADE ON UPDATE CASCADE;

--
-- Constraints for table `ark_format_integer`
--
ALTER TABLE `ark_format_integer`
  ADD CONSTRAINT `ark_format_integer_ibfk_1` FOREIGN KEY (`format`) REFERENCES `ark_format` (`format`) ON DELETE CASCADE ON UPDATE CASCADE;

--
-- Constraints for table `ark_format_item`
--
ALTER TABLE `ark_format_item`
  ADD CONSTRAINT `ark_format_item_ibfk_1` FOREIGN KEY (`format`) REFERENCES `ark_format` (`format`) ON DELETE CASCADE ON UPDATE CASCADE,
  ADD CONSTRAINT `ark_format_item_ibfk_2` FOREIGN KEY (`module`) REFERENCES `ark_module` (`module`) ON DELETE CASCADE ON UPDATE CASCADE;

--
-- Constraints for table `ark_format_object`
--
ALTER TABLE `ark_format_object`
  ADD CONSTRAINT `ark_format_object_ibfk_1` FOREIGN KEY (`format`) REFERENCES `ark_format` (`format`) ON DELETE CASCADE ON UPDATE CASCADE;

--
-- Constraints for table `ark_format_spatial`
--
ALTER TABLE `ark_format_spatial`
  ADD CONSTRAINT `ark_format_spatial_ibfk_1` FOREIGN KEY (`format`) REFERENCES `ark_format` (`format`) ON DELETE CASCADE ON UPDATE CASCADE;

--
-- Constraints for table `ark_format_string`
--
ALTER TABLE `ark_format_string`
  ADD CONSTRAINT `ark_format_string_ibfk_1` FOREIGN KEY (`format`) REFERENCES `ark_format` (`format`) ON DELETE CASCADE ON UPDATE CASCADE;

--
-- Constraints for table `ark_format_text`
--
ALTER TABLE `ark_format_text`
  ADD CONSTRAINT `ark_format_text_ibfk_1` FOREIGN KEY (`format`) REFERENCES `ark_format` (`format`) ON DELETE CASCADE ON UPDATE CASCADE;

--
-- Constraints for table `ark_instance_schema`
--
ALTER TABLE `ark_instance_schema`
  ADD CONSTRAINT `ark_instance_schema_ibfk_1` FOREIGN KEY (`instance`) REFERENCES `ark_instance` (`instance`) ON DELETE CASCADE ON UPDATE CASCADE,
  ADD CONSTRAINT `ark_instance_schema_ibfk_2` FOREIGN KEY (`schma`) REFERENCES `ark_schema` (`schma`) ON DELETE CASCADE ON UPDATE CASCADE;

--
-- Constraints for table `ark_map`
--
ALTER TABLE `ark_map`
  ADD CONSTRAINT `map_translation` FOREIGN KEY (`keyword`) REFERENCES `ark_translation` (`keyword`) ON UPDATE CASCADE;

--
-- Constraints for table `ark_map_layer`
--
ALTER TABLE `ark_map_layer`
  ADD CONSTRAINT `map_layer_source` FOREIGN KEY (`source`) REFERENCES `ark_map_source` (`source`) ON DELETE CASCADE ON UPDATE CASCADE,
  ADD CONSTRAINT `map_layer_translation` FOREIGN KEY (`keyword`) REFERENCES `ark_translation` (`keyword`) ON UPDATE CASCADE;

--
-- Constraints for table `ark_map_legend`
--
ALTER TABLE `ark_map_legend`
  ADD CONSTRAINT `map_legend_layer` FOREIGN KEY (`source`,`layer`) REFERENCES `ark_map_layer` (`source`, `layer`) ON DELETE CASCADE ON UPDATE CASCADE,
  ADD CONSTRAINT `map_legend_map` FOREIGN KEY (`map`) REFERENCES `ark_map` (`map`) ON DELETE CASCADE ON UPDATE CASCADE,
  ADD CONSTRAINT `map_legend_translation` FOREIGN KEY (`keyword`) REFERENCES `ark_translation` (`keyword`) ON UPDATE CASCADE;

--
-- Constraints for table `ark_map_source`
--
ALTER TABLE `ark_map_source`
  ADD CONSTRAINT `map_source_translation` FOREIGN KEY (`keyword`) REFERENCES `ark_translation` (`keyword`) ON UPDATE CASCADE;

--
-- Constraints for table `ark_module`
--
ALTER TABLE `ark_module`
  ADD CONSTRAINT `module_translation` FOREIGN KEY (`keyword`) REFERENCES `ark_translation` (`keyword`) ON UPDATE CASCADE;

--
-- Constraints for table `ark_route`
--
ALTER TABLE `ark_route`
  ADD CONSTRAINT `ark_route_ibfk_1` FOREIGN KEY (`page`) REFERENCES `ark_view_page` (`element`);

--
-- Constraints for table `ark_schema`
--
ALTER TABLE `ark_schema`
  ADD CONSTRAINT `schema_edit_permission` FOREIGN KEY (`edit`) REFERENCES `ark_workflow_permission` (`permission`) ON UPDATE CASCADE,
  ADD CONSTRAINT `schema_module` FOREIGN KEY (`module`) REFERENCES `ark_module` (`module`) ON DELETE CASCADE ON UPDATE CASCADE,
  ADD CONSTRAINT `schema_new_permission` FOREIGN KEY (`new`) REFERENCES `ark_workflow_permission` (`permission`) ON UPDATE CASCADE,
  ADD CONSTRAINT `schema_remove_permission` FOREIGN KEY (`remove`) REFERENCES `ark_workflow_permission` (`permission`) ON UPDATE CASCADE,
  ADD CONSTRAINT `schema_translation` FOREIGN KEY (`keyword`) REFERENCES `ark_translation` (`keyword`) ON UPDATE CASCADE,
  ADD CONSTRAINT `schema_view_permission` FOREIGN KEY (`view`) REFERENCES `ark_workflow_permission` (`permission`) ON UPDATE CASCADE,
  ADD CONSTRAINT `schema_vocabulary` FOREIGN KEY (`vocabulary`) REFERENCES `ark_vocabulary` (`concept`) ON DELETE SET NULL ON UPDATE CASCADE;

--
-- Constraints for table `ark_schema_association`
--
ALTER TABLE `ark_schema_association`
  ADD CONSTRAINT `schema_association_from` FOREIGN KEY (`module1`,`schema1`) REFERENCES `ark_schema` (`module`, `schma`) ON DELETE CASCADE ON UPDATE CASCADE,
  ADD CONSTRAINT `schema_association_schema` FOREIGN KEY (`schma`) REFERENCES `ark_schema` (`schma`) ON DELETE CASCADE ON UPDATE CASCADE,
  ADD CONSTRAINT `schema_association_to` FOREIGN KEY (`module2`,`schema2`) REFERENCES `ark_schema` (`module`, `schma`) ON DELETE CASCADE ON UPDATE CASCADE,
  ADD CONSTRAINT `schema_association_translation` FOREIGN KEY (`keyword`) REFERENCES `ark_translation` (`keyword`) ON UPDATE CASCADE;

--
-- Constraints for table `ark_schema_attribute`
--
ALTER TABLE `ark_schema_attribute`
  ADD CONSTRAINT `schema_attribute_edit_permission` FOREIGN KEY (`edit`) REFERENCES `ark_workflow_permission` (`permission`) ON UPDATE CASCADE,
  ADD CONSTRAINT `schema_attribute_format` FOREIGN KEY (`format`) REFERENCES `ark_format` (`format`) ON UPDATE CASCADE,
  ADD CONSTRAINT `schema_attribute_schema` FOREIGN KEY (`schma`) REFERENCES `ark_schema` (`schma`) ON DELETE CASCADE ON UPDATE CASCADE,
  ADD CONSTRAINT `schema_attribute_translation` FOREIGN KEY (`keyword`) REFERENCES `ark_translation` (`keyword`) ON DELETE SET NULL ON UPDATE CASCADE,
  ADD CONSTRAINT `schema_attribute_view_permission` FOREIGN KEY (`view`) REFERENCES `ark_workflow_permission` (`permission`) ON UPDATE CASCADE,
  ADD CONSTRAINT `schema_attribute_vocabulary` FOREIGN KEY (`vocabulary`) REFERENCES `ark_vocabulary` (`concept`) ON UPDATE CASCADE;

--
-- Constraints for table `ark_translation`
--
ALTER TABLE `ark_translation`
  ADD CONSTRAINT `translation_domain` FOREIGN KEY (`domain`) REFERENCES `ark_translation_domain` (`domain`) ON DELETE CASCADE ON UPDATE CASCADE;

--
-- Constraints for table `ark_translation_domain`
--
ALTER TABLE `ark_translation_domain`
  ADD CONSTRAINT `translation_domain_translation` FOREIGN KEY (`keyword`) REFERENCES `ark_translation` (`keyword`) ON UPDATE CASCADE;

--
-- Constraints for table `ark_translation_message`
--
ALTER TABLE `ark_translation_message`
  ADD CONSTRAINT `translation_message_keyword` FOREIGN KEY (`keyword`) REFERENCES `ark_translation` (`keyword`) ON DELETE CASCADE ON UPDATE CASCADE,
  ADD CONSTRAINT `translation_message_language` FOREIGN KEY (`language`) REFERENCES `ark_translation_language` (`language`) ON DELETE CASCADE ON UPDATE CASCADE,
  ADD CONSTRAINT `translation_message_role` FOREIGN KEY (`role`) REFERENCES `ark_translation_role` (`role`) ON DELETE CASCADE ON UPDATE CASCADE;

--
-- Constraints for table `ark_translation_parameter`
--
ALTER TABLE `ark_translation_parameter`
  ADD CONSTRAINT `translation_parameter_keyword` FOREIGN KEY (`keyword`) REFERENCES `ark_translation` (`keyword`) ON DELETE CASCADE ON UPDATE CASCADE;

--
-- Constraints for table `ark_translation_role`
--
ALTER TABLE `ark_translation_role`
  ADD CONSTRAINT `translation_role_translation` FOREIGN KEY (`keyword`) REFERENCES `ark_translation` (`keyword`) ON UPDATE CASCADE;

--
-- Constraints for table `ark_view_element`
--
ALTER TABLE `ark_view_element`
  ADD CONSTRAINT `element_type` FOREIGN KEY (`type`) REFERENCES `ark_view_type` (`type`) ON UPDATE CASCADE,
  ADD CONSTRAINT `view_translation` FOREIGN KEY (`keyword`) REFERENCES `ark_translation` (`keyword`) ON UPDATE CASCADE;

--
-- Constraints for table `ark_view_field`
--
ALTER TABLE `ark_view_field`
  ADD CONSTRAINT `field_attribute` FOREIGN KEY (`schma`,`item_type`,`attribute`) REFERENCES `ark_schema_attribute` (`schma`, `type`, `attribute`) ON DELETE CASCADE ON UPDATE CASCADE,
  ADD CONSTRAINT `field_element` FOREIGN KEY (`element`) REFERENCES `ark_view_element` (`element`) ON DELETE CASCADE ON UPDATE CASCADE;

--
-- Constraints for table `ark_view_grid`
--
ALTER TABLE `ark_view_grid`
  ADD CONSTRAINT `grid_element` FOREIGN KEY (`element`) REFERENCES `ark_view_element` (`element`) ON DELETE CASCADE ON UPDATE CASCADE,
  ADD CONSTRAINT `keyword` FOREIGN KEY (`keyword`) REFERENCES `ark_translation` (`keyword`) ON UPDATE CASCADE,
  ADD CONSTRAINT `layout` FOREIGN KEY (`grp`) REFERENCES `ark_view_group` (`element`) ON DELETE CASCADE ON UPDATE CASCADE,
  ADD CONSTRAINT `map` FOREIGN KEY (`map`) REFERENCES `ark_map` (`map`) ON UPDATE CASCADE,
  ADD CONSTRAINT `vocabulary` FOREIGN KEY (`vocabulary`) REFERENCES `ark_vocabulary` (`concept`) ON DELETE SET NULL ON UPDATE CASCADE;

--
-- Constraints for table `ark_view_group`
--
ALTER TABLE `ark_view_group`
  ADD CONSTRAINT `layout_element` FOREIGN KEY (`element`) REFERENCES `ark_view_element` (`element`) ON DELETE CASCADE ON UPDATE CASCADE;

--
-- Constraints for table `ark_view_nav`
--
ALTER TABLE `ark_view_nav`
  ADD CONSTRAINT `nav_element` FOREIGN KEY (`element`) REFERENCES `ark_view_element` (`element`) ON DELETE CASCADE ON UPDATE CASCADE,
  ADD CONSTRAINT `nav_parent` FOREIGN KEY (`parent`) REFERENCES `ark_view_nav` (`element`) ON DELETE CASCADE ON UPDATE CASCADE;

--
-- Constraints for table `ark_view_page`
--
ALTER TABLE `ark_view_page`
  ADD CONSTRAINT `content_element` FOREIGN KEY (`content`) REFERENCES `ark_view_group` (`element`) ON DELETE SET NULL ON UPDATE CASCADE,
  ADD CONSTRAINT `edit_permission` FOREIGN KEY (`edit`) REFERENCES `ark_workflow_permission` (`permission`) ON DELETE SET NULL ON UPDATE CASCADE,
  ADD CONSTRAINT `footer_element` FOREIGN KEY (`footer`) REFERENCES `ark_view_group` (`element`) ON DELETE SET NULL ON UPDATE CASCADE,
  ADD CONSTRAINT `header_element` FOREIGN KEY (`header`) REFERENCES `ark_view_group` (`element`) ON DELETE SET NULL ON UPDATE CASCADE,
  ADD CONSTRAINT `sidebar_element` FOREIGN KEY (`sidebar`) REFERENCES `ark_view_group` (`element`) ON DELETE SET NULL ON UPDATE CASCADE,
  ADD CONSTRAINT `view_permission` FOREIGN KEY (`view`) REFERENCES `ark_workflow_permission` (`permission`) ON DELETE SET NULL ON UPDATE CASCADE;

--
-- Constraints for table `ark_view_tree`
--
ALTER TABLE `ark_view_tree`
  ADD CONSTRAINT `ancestor_element` FOREIGN KEY (`ancestor`) REFERENCES `ark_view_element` (`element`) ON DELETE CASCADE ON UPDATE CASCADE,
  ADD CONSTRAINT `descendent_element` FOREIGN KEY (`descendant`) REFERENCES `ark_view_element` (`element`) ON DELETE CASCADE ON UPDATE CASCADE;

--
-- Constraints for table `ark_view_type`
--
ALTER TABLE `ark_view_type`
  ADD CONSTRAINT `view_type_keyword` FOREIGN KEY (`keyword`) REFERENCES `ark_translation` (`keyword`) ON DELETE CASCADE ON UPDATE CASCADE;

--
-- Constraints for table `ark_view_widget`
--
ALTER TABLE `ark_view_widget`
  ADD CONSTRAINT `widget_element` FOREIGN KEY (`element`) REFERENCES `ark_view_element` (`element`) ON DELETE CASCADE ON UPDATE CASCADE;

--
-- Constraints for table `ark_vocabulary`
--
ALTER TABLE `ark_vocabulary`
  ADD CONSTRAINT `vocabulary_translation` FOREIGN KEY (`keyword`) REFERENCES `ark_translation` (`keyword`) ON UPDATE CASCADE,
  ADD CONSTRAINT `vocabulary_type` FOREIGN KEY (`type`) REFERENCES `ark_vocabulary_type` (`type`) ON DELETE CASCADE ON UPDATE CASCADE;

--
-- Constraints for table `ark_vocabulary_parameter`
--
ALTER TABLE `ark_vocabulary_parameter`
  ADD CONSTRAINT `ark_vocabulary_parameter_ibfk_1` FOREIGN KEY (`concept`,`term`) REFERENCES `ark_vocabulary_term` (`concept`, `term`) ON DELETE CASCADE ON UPDATE CASCADE;

--
-- Constraints for table `ark_vocabulary_related`
--
ALTER TABLE `ark_vocabulary_related`
  ADD CONSTRAINT `vocabulary_related_from` FOREIGN KEY (`from_concept`,`from_term`) REFERENCES `ark_vocabulary_term` (`concept`, `term`) ON DELETE CASCADE ON UPDATE CASCADE,
  ADD CONSTRAINT `vocabulary_related_relation` FOREIGN KEY (`relation`) REFERENCES `ark_vocabulary_relation` (`relation`) ON DELETE CASCADE,
  ADD CONSTRAINT `vocabulary_related_to` FOREIGN KEY (`to_concept`,`to_term`) REFERENCES `ark_vocabulary_term` (`concept`, `term`) ON DELETE CASCADE ON UPDATE CASCADE;

--
-- Constraints for table `ark_vocabulary_term`
--
ALTER TABLE `ark_vocabulary_term`
  ADD CONSTRAINT `vocabulary_term_concept` FOREIGN KEY (`concept`) REFERENCES `ark_vocabulary` (`concept`) ON DELETE CASCADE ON UPDATE CASCADE,
  ADD CONSTRAINT `vocabulary_term_translation` FOREIGN KEY (`keyword`) REFERENCES `ark_translation` (`keyword`) ON UPDATE CASCADE;

--
-- Constraints for table `ark_vocabulary_type`
--
ALTER TABLE `ark_vocabulary_type`
  ADD CONSTRAINT `vocabulary_type_translation` FOREIGN KEY (`keyword`) REFERENCES `ark_translation` (`keyword`) ON UPDATE CASCADE;

--
-- Constraints for table `ark_workflow_action`
--
ALTER TABLE `ark_workflow_action`
  ADD CONSTRAINT `workflow_action_schema` FOREIGN KEY (`schma`) REFERENCES `ark_schema` (`schma`) ON DELETE CASCADE ON UPDATE CASCADE,
  ADD CONSTRAINT `workflow_action_term` FOREIGN KEY (`event_vocabulary`,`event_term`) REFERENCES `ark_vocabulary_term` (`concept`, `term`) ON UPDATE CASCADE,
  ADD CONSTRAINT `workflow_action_translation` FOREIGN KEY (`keyword`) REFERENCES `ark_translation` (`keyword`) ON UPDATE CASCADE;

--
-- Constraints for table `ark_workflow_agency`
--
ALTER TABLE `ark_workflow_agency`
  ADD CONSTRAINT `workflow_agency_action` FOREIGN KEY (`schma`,`action`) REFERENCES `ark_workflow_action` (`schma`, `action`) ON DELETE CASCADE ON UPDATE CASCADE,
  ADD CONSTRAINT `workflow_agency_attribute` FOREIGN KEY (`schma`,`type`,`attribute`) REFERENCES `ark_schema_attribute` (`schma`, `type`, `attribute`) ON DELETE CASCADE ON UPDATE CASCADE;

--
-- Constraints for table `ark_workflow_allow`
--
ALTER TABLE `ark_workflow_allow`
  ADD CONSTRAINT `workflow_allow_action` FOREIGN KEY (`schma`,`action`) REFERENCES `ark_workflow_action` (`schma`, `action`) ON DELETE CASCADE ON UPDATE CASCADE,
  ADD CONSTRAINT `workflow_allow_role` FOREIGN KEY (`role`) REFERENCES `ark_workflow_role` (`role`) ON DELETE CASCADE ON UPDATE CASCADE;

--
-- Constraints for table `ark_workflow_condition`
--
ALTER TABLE `ark_workflow_condition`
  ADD CONSTRAINT `workflow_condition_action` FOREIGN KEY (`schma`,`action`) REFERENCES `ark_workflow_action` (`schma`, `action`) ON DELETE CASCADE ON UPDATE CASCADE,
  ADD CONSTRAINT `workflow_condition_attribute` FOREIGN KEY (`schma`,`type`,`attribute`) REFERENCES `ark_schema_attribute` (`schma`, `type`, `attribute`) ON DELETE CASCADE ON UPDATE CASCADE;

--
-- Constraints for table `ark_workflow_grant`
--
ALTER TABLE `ark_workflow_grant`
  ADD CONSTRAINT `workflow_grant_permission` FOREIGN KEY (`permission`) REFERENCES `ark_workflow_permission` (`permission`) ON DELETE CASCADE ON UPDATE CASCADE,
  ADD CONSTRAINT `workflow_grant_role` FOREIGN KEY (`role`) REFERENCES `ark_workflow_role` (`role`) ON DELETE CASCADE ON UPDATE CASCADE;

--
-- Constraints for table `ark_workflow_notify`
--
ALTER TABLE `ark_workflow_notify`
  ADD CONSTRAINT `workflow_notify_action` FOREIGN KEY (`schma`,`action`) REFERENCES `ark_workflow_action` (`schma`, `action`) ON DELETE CASCADE ON UPDATE CASCADE,
  ADD CONSTRAINT `workflow_notify_attribute` FOREIGN KEY (`schma`,`type`,`attribute`) REFERENCES `ark_schema_attribute` (`schma`, `type`, `attribute`) ON DELETE CASCADE ON UPDATE CASCADE;

--
-- Constraints for table `ark_workflow_permission`
--
ALTER TABLE `ark_workflow_permission`
  ADD CONSTRAINT `workflow_permission_keyword` FOREIGN KEY (`keyword`) REFERENCES `ark_translation` (`keyword`) ON UPDATE CASCADE;

--
-- Constraints for table `ark_workflow_role`
--
ALTER TABLE `ark_workflow_role`
  ADD CONSTRAINT `workflow_role_translation` FOREIGN KEY (`keyword`) REFERENCES `ark_translation` (`keyword`) ON UPDATE CASCADE;

--
-- Constraints for table `ark_workflow_trigger`
--
ALTER TABLE `ark_workflow_trigger`
  ADD CONSTRAINT `workflow_trigger_action` FOREIGN KEY (`schma`,`action`) REFERENCES `ark_workflow_action` (`schma`, `action`) ON DELETE CASCADE ON UPDATE CASCADE,
  ADD CONSTRAINT `workflow_trigger_trigger` FOREIGN KEY (`trigger_schma`,`trigger_action`) REFERENCES `ark_workflow_action` (`schma`, `action`) ON DELETE CASCADE ON UPDATE CASCADE;

--
-- Constraints for table `ark_workflow_update`
--
ALTER TABLE `ark_workflow_update`
  ADD CONSTRAINT `workflow_update_action` FOREIGN KEY (`schma`,`action`) REFERENCES `ark_workflow_action` (`schma`, `action`) ON DELETE CASCADE ON UPDATE CASCADE,
  ADD CONSTRAINT `workflow_update_attribute` FOREIGN KEY (`schma`,`type`,`attribute`) REFERENCES `ark_schema_attribute` (`schma`, `type`, `attribute`) ON DELETE CASCADE ON UPDATE CASCADE;
COMMIT;

/*!40101 SET CHARACTER_SET_CLIENT=@OLD_CHARACTER_SET_CLIENT */;
/*!40101 SET CHARACTER_SET_RESULTS=@OLD_CHARACTER_SET_RESULTS */;
/*!40101 SET COLLATION_CONNECTION=@OLD_COLLATION_CONNECTION */;
