-- phpMyAdmin SQL Dump
-- version 4.7.8
-- https://www.phpmyadmin.net/
--
-- Host: localhost
-- Generation Time: Apr 05, 2018 at 11:39 AM
-- Server version: 10.2.14-MariaDB
-- PHP Version: 7.1.16

SET FOREIGN_KEY_CHECKS=0;
SET SQL_MODE = "NO_AUTO_VALUE_ON_ZERO";
SET AUTOCOMMIT = 0;
START TRANSACTION;
SET time_zone = "+00:00";


/*!40101 SET @OLD_CHARACTER_SET_CLIENT=@@CHARACTER_SET_CLIENT */;
/*!40101 SET @OLD_CHARACTER_SET_RESULTS=@@CHARACTER_SET_RESULTS */;
/*!40101 SET @OLD_COLLATION_CONNECTION=@@COLLATION_CONNECTION */;
/*!40101 SET NAMES utf8mb4 */;

--
-- Database: `dime_ark_config`
--

-- --------------------------------------------------------

--
-- Table structure for table `ark_dataclass`
--

CREATE TABLE `ark_dataclass` (
  `dataclass` varchar(30) COLLATE utf8mb4_unicode_ci NOT NULL,
  `datatype` varchar(10) COLLATE utf8mb4_unicode_ci NOT NULL,
  `span` tinyint(1) NOT NULL DEFAULT 0,
  `multiple` tinyint(1) NOT NULL DEFAULT 0,
  `value_name` varchar(30) COLLATE utf8mb4_unicode_ci DEFAULT NULL,
  `format_name` varchar(30) COLLATE utf8mb4_unicode_ci DEFAULT NULL,
  `format_vocabulary` varchar(30) COLLATE utf8mb4_unicode_ci DEFAULT NULL,
  `parameter_name` varchar(30) COLLATE utf8mb4_unicode_ci DEFAULT NULL,
  `parameter_vocabulary` varchar(30) COLLATE utf8mb4_unicode_ci DEFAULT NULL,
  `entity` varchar(100) COLLATE utf8mb4_unicode_ci DEFAULT NULL,
  `form_type` varchar(100) COLLATE utf8mb4_unicode_ci DEFAULT NULL,
  `active_form_type` varchar(100) COLLATE utf8mb4_unicode_ci DEFAULT NULL,
  `readonly_form_type` varchar(100) COLLATE utf8mb4_unicode_ci DEFAULT NULL,
  `static_form_type` varchar(100) COLLATE utf8mb4_unicode_ci DEFAULT NULL,
  `parameter_form_type` varchar(100) COLLATE utf8mb4_unicode_ci DEFAULT NULL,
  `format_form_type` varchar(100) COLLATE utf8mb4_unicode_ci DEFAULT NULL,
  `sortable` tinyint(1) NOT NULL DEFAULT 1,
  `searchable` tinyint(1) NOT NULL DEFAULT 1,
  `enabled` tinyint(1) NOT NULL DEFAULT 1,
  `deprecated` tinyint(1) NOT NULL DEFAULT 0,
  `keyword` varchar(100) COLLATE utf8mb4_unicode_ci DEFAULT NULL
) ENGINE=InnoDB DEFAULT CHARSET=utf8mb4 COLLATE=utf8mb4_unicode_ci;

--
-- Dumping data for table `ark_dataclass`
--

INSERT INTO `ark_dataclass` (`dataclass`, `datatype`, `span`, `multiple`, `value_name`, `format_name`, `format_vocabulary`, `parameter_name`, `parameter_vocabulary`, `entity`, `form_type`, `active_form_type`, `readonly_form_type`, `static_form_type`, `parameter_form_type`, `format_form_type`, `sortable`, `searchable`, `enabled`, `deprecated`, `keyword`) VALUES
('actor', 'item', 0, 0, NULL, NULL, NULL, NULL, NULL, 'ARK\\Security\\Actor', NULL, 'Symfony\\Component\\Form\\Extension\\Core\\Type\\ChoiceType', NULL, NULL, NULL, NULL, 0, 0, 1, 0, 'core.actor'),
('address', 'structure', 0, 0, NULL, NULL, NULL, NULL, NULL, NULL, NULL, NULL, NULL, NULL, NULL, NULL, 0, 1, 1, 0, 'format.address'),
('assert', 'boolean', 0, 0, NULL, NULL, NULL, NULL, NULL, NULL, NULL, NULL, NULL, NULL, NULL, NULL, 1, 1, 1, 0, 'format.boolean'),
('blob', 'blob', 0, 0, NULL, NULL, NULL, NULL, NULL, NULL, NULL, NULL, NULL, NULL, NULL, NULL, 0, 0, 1, 0, 'format.blob'),
('boolean', 'boolean', 0, 0, NULL, NULL, NULL, NULL, NULL, NULL, NULL, NULL, NULL, NULL, NULL, NULL, 1, 1, 1, 0, 'format.boolean'),
('classification', 'structure', 0, 0, NULL, NULL, NULL, NULL, NULL, NULL, NULL, 'Symfony\\Component\\Form\\Extension\\Core\\Type\\ChoiceType', NULL, NULL, NULL, NULL, 0, 1, 1, 0, 'dime.find.classification'),
('color', 'string', 0, 0, NULL, NULL, NULL, NULL, NULL, NULL, NULL, NULL, NULL, NULL, NULL, NULL, 1, 1, 1, 0, 'format.colour'),
('date', 'date', 0, 0, NULL, NULL, NULL, NULL, NULL, NULL, NULL, NULL, NULL, NULL, NULL, NULL, 1, 1, 1, 0, 'format.date'),
('date_historical', 'date', 0, 0, NULL, NULL, NULL, NULL, NULL, NULL, NULL, NULL, NULL, NULL, NULL, NULL, 1, 1, 1, 0, 'format.date'),
('datetime', 'datetime', 0, 0, NULL, NULL, NULL, NULL, NULL, NULL, NULL, NULL, NULL, NULL, NULL, NULL, 1, 1, 1, 0, 'format.datetime'),
('dating', 'structure', 0, 0, NULL, NULL, NULL, NULL, NULL, NULL, NULL, 'Symfony\\Component\\Form\\Extension\\Core\\Type\\IntegerType', NULL, NULL, NULL, NULL, 0, 1, 1, 0, 'format.dating'),
('decimal', 'decimal', 0, 0, NULL, NULL, NULL, NULL, NULL, NULL, NULL, NULL, NULL, NULL, NULL, NULL, 1, 1, 1, 0, 'format.decimal'),
('denmark', 'spatial', 0, 0, NULL, NULL, NULL, NULL, NULL, NULL, NULL, NULL, NULL, NULL, NULL, NULL, 0, 1, 1, 0, 'format.wkt'),
('description', 'structure', 0, 0, NULL, NULL, NULL, NULL, NULL, NULL, NULL, 'Symfony\\Component\\Form\\Extension\\Core\\Type\\TextareaType', NULL, NULL, NULL, NULL, 0, 1, 1, 0, 'format.address'),
('dispatch', 'structure', 0, 0, NULL, NULL, NULL, NULL, NULL, NULL, NULL, NULL, NULL, NULL, NULL, NULL, 0, 1, 1, 0, 'format.recipient'),
('distance', 'decimal', 0, 0, NULL, NULL, NULL, 'unit', 'distance', NULL, 'ARK\\Form\\Type\\UnitPropertyType', NULL, NULL, NULL, 'Symfony\\Component\\Form\\Extension\\Core\\Type\\ChoiceType', NULL, 1, 1, 1, 0, 'format.distance'),
('email', 'string', 0, 0, NULL, NULL, NULL, NULL, NULL, NULL, NULL, NULL, NULL, NULL, NULL, NULL, 1, 1, 1, 0, 'format.email'),
('event', 'item', 0, 0, NULL, NULL, NULL, NULL, NULL, 'ARK\\Entity\\Event', NULL, NULL, NULL, NULL, NULL, NULL, 0, 1, 1, 0, 'format.event'),
('file', 'item', 0, 0, NULL, NULL, NULL, NULL, NULL, 'ARK\\File\\File', NULL, 'Symfony\\Component\\Form\\Extension\\Core\\Type\\FileType', NULL, NULL, NULL, NULL, 0, 0, 1, 0, 'format.file'),
('float', 'float', 0, 0, NULL, NULL, NULL, NULL, NULL, NULL, NULL, NULL, NULL, NULL, NULL, NULL, 1, 1, 1, 0, 'format.float'),
('html', 'text', 0, 0, NULL, NULL, NULL, NULL, NULL, NULL, NULL, NULL, NULL, NULL, NULL, NULL, 1, 1, 1, 0, 'format.html'),
('identifier', 'string', 0, 0, NULL, NULL, NULL, NULL, NULL, NULL, NULL, NULL, NULL, NULL, NULL, NULL, 1, 1, 1, 0, 'format.identifier'),
('image', 'item', 0, 0, NULL, NULL, NULL, NULL, NULL, 'ARK\\File\\Image', 'ARK\\Form\\Type\\FilePropertyType', 'Symfony\\Component\\Form\\Extension\\Core\\Type\\FileType', NULL, 'ARK\\Form\\Type\\ImageCollectionType', NULL, NULL, 0, 0, 1, 0, 'format.image'),
('integer', 'integer', 0, 0, NULL, NULL, NULL, NULL, NULL, NULL, NULL, NULL, NULL, NULL, NULL, NULL, 1, 1, 1, 0, 'format.integer'),
('item', 'item', 0, 0, NULL, NULL, NULL, NULL, NULL, NULL, NULL, NULL, NULL, NULL, NULL, NULL, 0, 0, 1, 0, 'format.item'),
('key', 'string', 0, 0, NULL, NULL, NULL, NULL, NULL, NULL, NULL, NULL, NULL, NULL, NULL, NULL, 1, 1, 1, 0, 'format.key'),
('line', 'spatial', 0, 0, NULL, NULL, NULL, NULL, NULL, NULL, NULL, NULL, NULL, NULL, NULL, NULL, 0, 1, 1, 0, NULL),
('markdown', 'text', 0, 0, NULL, NULL, NULL, NULL, NULL, NULL, NULL, NULL, NULL, NULL, NULL, NULL, 1, 1, 1, 0, 'format.markdown'),
('mass', 'decimal', 0, 0, NULL, NULL, NULL, 'unit', 'mass', NULL, 'ARK\\Form\\Type\\UnitPropertyType', NULL, NULL, NULL, 'Symfony\\Component\\Form\\Extension\\Core\\Type\\ChoiceType', NULL, 1, 1, 1, 0, 'format.mass'),
('message', 'item', 0, 0, NULL, NULL, NULL, NULL, NULL, 'ARK\\Message\\Message', NULL, NULL, NULL, NULL, NULL, NULL, 0, 0, 1, 0, 'core.actor.format'),
('module', 'string', 0, 0, NULL, NULL, NULL, NULL, NULL, NULL, NULL, NULL, NULL, NULL, NULL, NULL, 0, 0, 1, 0, 'format.module'),
('money', 'decimal', 0, 0, NULL, NULL, NULL, NULL, NULL, NULL, NULL, NULL, NULL, NULL, NULL, NULL, 1, 1, 1, 0, 'format.money'),
('monthday', 'string', 0, 0, NULL, NULL, NULL, NULL, NULL, NULL, NULL, NULL, NULL, NULL, NULL, NULL, 1, 1, 1, 0, 'format.yearmonth'),
('multiline', 'spatial', 0, 0, NULL, NULL, NULL, NULL, NULL, NULL, NULL, NULL, NULL, NULL, NULL, NULL, 0, 1, 1, 0, NULL),
('multipoint', 'spatial', 0, 0, NULL, NULL, NULL, NULL, NULL, NULL, NULL, NULL, NULL, NULL, NULL, NULL, 0, 1, 1, 0, NULL),
('multipolygon', 'spatial', 0, 0, NULL, NULL, NULL, NULL, NULL, NULL, NULL, NULL, NULL, NULL, NULL, NULL, 0, 1, 1, 0, NULL),
('museum', 'item', 0, 0, NULL, NULL, NULL, NULL, NULL, 'DIME\\Entity\\Museum', NULL, 'Symfony\\Component\\Form\\Extension\\Core\\Type\\ChoiceType', NULL, NULL, NULL, NULL, 0, 0, 1, 0, 'core.actor.class.museum'),
('ordinaldate', 'string', 0, 0, NULL, NULL, NULL, NULL, NULL, NULL, NULL, NULL, NULL, NULL, NULL, NULL, 1, 1, 1, 0, 'format.ordinaldate'),
('password', 'string', 0, 0, NULL, NULL, NULL, NULL, NULL, NULL, NULL, NULL, NULL, NULL, NULL, NULL, 1, 1, 1, 0, 'format.password'),
('percent', 'float', 0, 0, NULL, NULL, NULL, NULL, NULL, NULL, NULL, NULL, NULL, NULL, NULL, NULL, 1, 1, 1, 0, 'format.percent'),
('person', 'item', 0, 0, NULL, NULL, NULL, NULL, NULL, 'ARK\\Security\\Person', NULL, 'Symfony\\Component\\Form\\Extension\\Core\\Type\\ChoiceType', NULL, NULL, NULL, NULL, 0, 0, 1, 0, 'core.actor.class.person'),
('plaintext', 'text', 0, 0, NULL, NULL, NULL, NULL, NULL, NULL, NULL, NULL, NULL, NULL, NULL, NULL, 1, 1, 1, 0, 'format.localtext'),
('point', 'spatial', 0, 0, NULL, NULL, NULL, NULL, NULL, NULL, NULL, NULL, NULL, NULL, NULL, NULL, 0, 1, 1, 0, NULL),
('polygon', 'spatial', 0, 0, NULL, NULL, NULL, NULL, NULL, NULL, NULL, NULL, NULL, NULL, NULL, NULL, 0, 1, 1, 0, NULL),
('richtext', 'text', 0, 0, NULL, NULL, NULL, NULL, NULL, NULL, NULL, NULL, NULL, NULL, NULL, NULL, 1, 1, 1, 0, 'format.richtext'),
('shorttext', 'text', 0, 0, NULL, NULL, NULL, NULL, NULL, NULL, NULL, 'Symfony\\Component\\Form\\Extension\\Core\\Type\\TextType', NULL, NULL, NULL, NULL, 1, 1, 1, 0, 'format.shortlocaltext'),
('string', 'string', 0, 0, NULL, NULL, NULL, NULL, NULL, NULL, NULL, NULL, NULL, NULL, NULL, NULL, 1, 1, 1, 0, 'format.string'),
('telephone', 'string', 0, 0, NULL, NULL, NULL, NULL, NULL, NULL, NULL, NULL, NULL, NULL, NULL, NULL, 1, 1, 1, 0, 'format.telephone'),
('term', 'string', 0, 0, 'term', NULL, NULL, 'concept', NULL, 'ARK\\Vocabulary\\Term', NULL, 'Symfony\\Component\\Form\\Extension\\Core\\Type\\ChoiceType', NULL, NULL, 'Symfony\\Component\\Form\\Extension\\Core\\Type\\ChoiceType', NULL, 1, 1, 1, 0, 'format.identifier'),
('ternary', 'boolean', 0, 0, NULL, NULL, NULL, NULL, NULL, NULL, NULL, NULL, NULL, NULL, NULL, NULL, 1, 1, 1, 0, 'format.boolean'),
('time', 'time', 0, 0, NULL, NULL, NULL, NULL, NULL, NULL, NULL, NULL, NULL, NULL, NULL, NULL, 1, 1, 1, 0, 'format.time'),
('url', 'text', 0, 0, NULL, NULL, NULL, NULL, NULL, NULL, NULL, 'Symfony\\Component\\Form\\Extension\\Core\\Type\\TextType', NULL, NULL, NULL, NULL, 1, 1, 1, 0, 'format.url'),
('version', 'structure', 0, 0, NULL, NULL, NULL, NULL, NULL, 'ARK\\File\\FileVersion', 'ARK\\Form\\Type\\FilePropertyType', NULL, NULL, NULL, NULL, NULL, 0, 1, 1, 0, 'format.fileversion'),
('weekdate', 'string', 0, 0, NULL, NULL, NULL, NULL, NULL, NULL, NULL, NULL, NULL, NULL, NULL, NULL, 1, 1, 1, 0, 'format.weekdate'),
('year', 'integer', 0, 0, NULL, NULL, NULL, NULL, NULL, NULL, NULL, NULL, NULL, NULL, NULL, NULL, 1, 1, 1, 0, 'format.year'),
('yearmonth', 'string', 0, 0, NULL, NULL, NULL, NULL, NULL, NULL, NULL, NULL, NULL, NULL, NULL, NULL, 1, 1, 1, 0, 'format.yearmonth'),
('yearspan', 'integer', 1, 0, NULL, NULL, NULL, NULL, NULL, NULL, NULL, NULL, NULL, NULL, NULL, NULL, 1, 1, 1, 0, 'format.yearspan'),
('yearweek', 'string', 0, 0, NULL, NULL, NULL, NULL, NULL, NULL, NULL, NULL, NULL, NULL, NULL, NULL, 1, 1, 1, 0, 'format.yearweek');

-- --------------------------------------------------------

--
-- Table structure for table `ark_dataclass_attribute`
--

CREATE TABLE `ark_dataclass_attribute` (
  `parent` varchar(30) COLLATE utf8mb4_unicode_ci NOT NULL,
  `attribute` varchar(30) COLLATE utf8mb4_unicode_ci NOT NULL,
  `dataclass` varchar(30) COLLATE utf8mb4_unicode_ci NOT NULL,
  `sequence` int(11) NOT NULL,
  `root` tinyint(1) NOT NULL DEFAULT 0,
  `span` tinyint(1) NOT NULL DEFAULT 0,
  `minimum` int(11) NOT NULL DEFAULT 0,
  `maximum` int(11) NOT NULL DEFAULT 1,
  `unique_values` int(11) NOT NULL DEFAULT 1,
  `additional_values` int(11) NOT NULL DEFAULT 0,
  `vocabulary` varchar(30) COLLATE utf8mb4_unicode_ci DEFAULT NULL,
  `enabled` tinyint(1) NOT NULL DEFAULT 1,
  `deprecated` tinyint(1) NOT NULL DEFAULT 0,
  `keyword` varchar(100) COLLATE utf8mb4_unicode_ci DEFAULT NULL
) ENGINE=InnoDB DEFAULT CHARSET=utf8mb4 COLLATE=utf8mb4_unicode_ci;

--
-- Dumping data for table `ark_dataclass_attribute`
--

INSERT INTO `ark_dataclass_attribute` (`parent`, `attribute`, `dataclass`, `sequence`, `root`, `span`, `minimum`, `maximum`, `unique_values`, `additional_values`, `vocabulary`, `enabled`, `deprecated`, `keyword`) VALUES
('address', 'city', 'string', 2, 0, 0, 0, 1, 1, 0, NULL, 1, 0, 'format.address.city'),
('address', 'country', 'term', 6, 0, 0, 1, 1, 1, 0, 'country', 1, 0, 'format.address.country'),
('address', 'postcode', 'string', 4, 0, 0, 0, 1, 1, 0, NULL, 1, 0, NULL),
('address', 'street', 'string', 0, 1, 0, 1, 1, 1, 0, NULL, 1, 0, 'format.address.street'),
('classification', 'event', 'event', 2, 0, 0, 1, 1, 1, 0, 'core.event.class', 1, 0, 'format.classification.classified'),
('classification', 'subtype', 'term', 0, 1, 0, 1, 1, 1, 0, 'dime.find.subtype', 1, 0, 'format.classification.class'),
('dating', 'entered', 'identifier', 0, 0, 0, 1, 1, 1, 0, NULL, 1, 0, 'core.format.dating.type'),
('dating', 'event', 'event', 6, 0, 0, 1, 1, 1, 0, NULL, 1, 0, 'format.dating.dated'),
('dating', 'period', 'term', 4, 0, 1, 1, 1, 1, 0, 'dime.period', 1, 0, 'format.dating.period'),
('dating', 'year', 'integer', 2, 1, 1, 1, 1, 1, 0, NULL, 1, 0, 'format.dating.year'),
('description', 'event', 'event', 2, 1, 0, 1, 1, 1, 0, NULL, 1, 0, 'format.description.described'),
('description', 'text', 'plaintext', 0, 0, 0, 1, 1, 1, 0, NULL, 1, 0, 'format.description.text'),
('dispatch', 'read', 'datetime', 4, 0, 0, 1, 1, 1, 0, NULL, 1, 0, 'format.recipient.read_on'),
('dispatch', 'recipient', 'actor', 2, 0, 0, 1, 1, 1, 0, NULL, 1, 0, 'format.recipient.sent_to'),
('dispatch', 'role', 'identifier', 6, 0, 0, 1, 1, 1, 0, NULL, 1, 0, 'format.recipient.sent_to'),
('dispatch', 'status', 'term', 0, 1, 0, 1, 1, 1, 0, 'core.message.recipient.status', 1, 0, 'format.recipient.status'),
('version', 'created', 'datetime', 10, 1, 0, 1, 1, 1, 0, NULL, 1, 0, 'format.fileversion.created'),
('version', 'creator', 'string', 12, 1, 0, 1, 1, 1, 0, NULL, 1, 0, 'format.fileversion.creator'),
('version', 'expires', 'datetime', 18, 1, 0, 1, 1, 1, 0, NULL, 1, 0, 'format.fileversion.expires'),
('version', 'extension', 'string', 4, 1, 0, 1, 1, 1, 0, NULL, 1, 0, NULL),
('version', 'modified', 'datetime', 14, 1, 0, 1, 1, 1, 0, NULL, 1, 0, 'format.fileversion.modified'),
('version', 'modifier', 'string', 16, 1, 0, 1, 1, 1, 0, NULL, 1, 0, 'format.fileversion.modifier'),
('version', 'name', 'string', 2, 1, 0, 1, 1, 1, 0, NULL, 1, 0, 'format.fileversion.name'),
('version', 'path', 'string', 0, 1, 0, 1, 1, 1, 0, NULL, 1, 0, NULL),
('version', 'sequence', 'integer', 6, 1, 0, 1, 1, 1, 0, NULL, 1, 0, 'format.fileversion.sequence'),
('version', 'version', 'string', 8, 1, 0, 1, 1, 1, 0, NULL, 1, 0, 'format.fileversion.string');

-- --------------------------------------------------------

--
-- Table structure for table `ark_dataclass_blob`
--

CREATE TABLE `ark_dataclass_blob` (
  `dataclass` varchar(30) COLLATE utf8mb4_unicode_ci NOT NULL,
  `preset` blob DEFAULT NULL
) ENGINE=InnoDB DEFAULT CHARSET=utf8mb4 COLLATE=utf8mb4_unicode_ci;

--
-- Dumping data for table `ark_dataclass_blob`
--

INSERT INTO `ark_dataclass_blob` (`dataclass`, `preset`) VALUES
('blob', NULL);

-- --------------------------------------------------------

--
-- Table structure for table `ark_dataclass_boolean`
--

CREATE TABLE `ark_dataclass_boolean` (
  `dataclass` varchar(30) COLLATE utf8mb4_unicode_ci NOT NULL,
  `preset` tinyint(1) DEFAULT NULL
) ENGINE=InnoDB DEFAULT CHARSET=utf8mb4 COLLATE=utf8mb4_unicode_ci;

--
-- Dumping data for table `ark_dataclass_boolean`
--

INSERT INTO `ark_dataclass_boolean` (`dataclass`, `preset`) VALUES
('assert', 1),
('boolean', 0),
('ternary', NULL);

-- --------------------------------------------------------

--
-- Table structure for table `ark_dataclass_date`
--

CREATE TABLE `ark_dataclass_date` (
  `dataclass` varchar(30) COLLATE utf8mb4_unicode_ci NOT NULL,
  `pattern` varchar(255) COLLATE utf8mb4_unicode_ci DEFAULT NULL,
  `unicode` varchar(50) COLLATE utf8mb4_unicode_ci DEFAULT NULL,
  `php` varchar(30) COLLATE utf8mb4_unicode_ci DEFAULT NULL,
  `preset` date DEFAULT NULL,
  `minimum` varchar(50) COLLATE utf8mb4_unicode_ci DEFAULT NULL,
  `exclusive_minimum` tinyint(1) NOT NULL DEFAULT 0,
  `maximum` varchar(50) COLLATE utf8mb4_unicode_ci DEFAULT NULL,
  `exclusive_maximum` tinyint(1) NOT NULL DEFAULT 0
) ENGINE=InnoDB DEFAULT CHARSET=utf8mb4 COLLATE=utf8mb4_unicode_ci;

--
-- Dumping data for table `ark_dataclass_date`
--

INSERT INTO `ark_dataclass_date` (`dataclass`, `pattern`, `unicode`, `php`, `preset`, `minimum`, `exclusive_minimum`, `maximum`, `exclusive_maximum`) VALUES
('date', '^([0-9]{4})(-)(1[0-2]|0[1-9])\\\\2(3[01]|0[1-9]|[12][0-9])$', NULL, 'Y-m-d', NULL, NULL, 0, NULL, 0),
('date_historical', '^([0-9]{4})(-)(1[0-2]|0[1-9])\\\\2(3[01]|0[1-9]|[12][0-9])$', NULL, 'Y-m-d', NULL, NULL, 0, 'today', 0),
('ordinaldate', '^([0-9]{4})-(36[0-6]|3[0-5][0-9]|[12][0-9]{2}|0[1-9][0-9]|00[1-9])$', NULL, 'Y-z', NULL, NULL, 0, NULL, 0),
('weekdate', '^([0-9]{4})-W(5[0-3]|[1-4][0-9]|0[1-9])-([1-7])$', NULL, 'o-W-N', NULL, NULL, 0, NULL, 0);

-- --------------------------------------------------------

--
-- Table structure for table `ark_dataclass_datetime`
--

CREATE TABLE `ark_dataclass_datetime` (
  `dataclass` varchar(30) COLLATE utf8mb4_unicode_ci NOT NULL,
  `pattern` varchar(255) COLLATE utf8mb4_unicode_ci DEFAULT NULL,
  `unicode` varchar(50) COLLATE utf8mb4_unicode_ci DEFAULT NULL,
  `php` varchar(50) COLLATE utf8mb4_unicode_ci DEFAULT NULL,
  `preset` datetime DEFAULT NULL,
  `minimum` varchar(50) COLLATE utf8mb4_unicode_ci DEFAULT NULL,
  `exclusive_minimum` tinyint(1) NOT NULL DEFAULT 0,
  `maximum` varchar(50) COLLATE utf8mb4_unicode_ci DEFAULT NULL,
  `exclusive_maximum` tinyint(1) NOT NULL DEFAULT 0
) ENGINE=InnoDB DEFAULT CHARSET=utf8mb4 COLLATE=utf8mb4_unicode_ci;

--
-- Dumping data for table `ark_dataclass_datetime`
--

INSERT INTO `ark_dataclass_datetime` (`dataclass`, `pattern`, `unicode`, `php`, `preset`, `minimum`, `exclusive_minimum`, `maximum`, `exclusive_maximum`) VALUES
('datetime', '^([0-9]{4})-(1[0-2]|0[1-9])-(3[01]|0[1-9]|[12][0-9])T(2[0-3]|[01][0-9]):([0-5][0-9]):([0-5][0-9])$', NULL, 'c', NULL, NULL, 0, NULL, 0);

-- --------------------------------------------------------

--
-- Table structure for table `ark_dataclass_decimal`
--

CREATE TABLE `ark_dataclass_decimal` (
  `dataclass` varchar(30) COLLATE utf8mb4_unicode_ci NOT NULL,
  `prec` int(11) NOT NULL DEFAULT 200,
  `scale` int(11) NOT NULL DEFAULT 0,
  `minimum` varchar(200) COLLATE utf8mb4_unicode_ci DEFAULT NULL,
  `exclusive_minimum` tinyint(1) NOT NULL DEFAULT 0,
  `maximum` varchar(200) COLLATE utf8mb4_unicode_ci DEFAULT NULL,
  `exclusive_maximum` tinyint(1) NOT NULL DEFAULT 0,
  `multiple_of` varchar(200) COLLATE utf8mb4_unicode_ci DEFAULT NULL,
  `preset` varchar(200) COLLATE utf8mb4_unicode_ci DEFAULT NULL
) ENGINE=InnoDB DEFAULT CHARSET=utf8mb4 COLLATE=utf8mb4_unicode_ci;

--
-- Dumping data for table `ark_dataclass_decimal`
--

INSERT INTO `ark_dataclass_decimal` (`dataclass`, `prec`, `scale`, `minimum`, `exclusive_minimum`, `maximum`, `exclusive_maximum`, `multiple_of`, `preset`) VALUES
('decimal', 100, 100, NULL, 0, NULL, 0, '', NULL),
('mass', 100, 100, NULL, 0, NULL, 0, '', NULL),
('money', 198, 2, NULL, 0, NULL, 0, '0.01', NULL);

-- --------------------------------------------------------

--
-- Table structure for table `ark_dataclass_float`
--

CREATE TABLE `ark_dataclass_float` (
  `dataclass` varchar(30) COLLATE utf8mb4_unicode_ci NOT NULL,
  `minimum` double DEFAULT NULL,
  `exclusive_minimum` tinyint(1) NOT NULL DEFAULT 0,
  `maximum` double DEFAULT NULL,
  `exclusive_maximum` tinyint(1) NOT NULL DEFAULT 0,
  `multiple_of` double DEFAULT NULL,
  `preset` double DEFAULT NULL
) ENGINE=InnoDB DEFAULT CHARSET=utf8mb4 COLLATE=utf8mb4_unicode_ci;

--
-- Dumping data for table `ark_dataclass_float`
--

INSERT INTO `ark_dataclass_float` (`dataclass`, `minimum`, `exclusive_minimum`, `maximum`, `exclusive_maximum`, `multiple_of`, `preset`) VALUES
('float', NULL, 0, NULL, 0, NULL, NULL),
('percent', 0, 0, 100, 0, NULL, NULL);

-- --------------------------------------------------------

--
-- Table structure for table `ark_dataclass_integer`
--

CREATE TABLE `ark_dataclass_integer` (
  `dataclass` varchar(30) COLLATE utf8mb4_unicode_ci NOT NULL,
  `minimum` int(11) DEFAULT NULL,
  `exclusive_minimum` tinyint(1) NOT NULL DEFAULT 0,
  `maximum` int(11) DEFAULT NULL,
  `exclusive_maximum` tinyint(1) NOT NULL DEFAULT 0,
  `multiple_of` int(11) DEFAULT 1,
  `preset` int(11) DEFAULT NULL
) ENGINE=InnoDB DEFAULT CHARSET=utf8mb4 COLLATE=utf8mb4_unicode_ci;

--
-- Dumping data for table `ark_dataclass_integer`
--

INSERT INTO `ark_dataclass_integer` (`dataclass`, `minimum`, `exclusive_minimum`, `maximum`, `exclusive_maximum`, `multiple_of`, `preset`) VALUES
('integer', -2147483648, 0, 2147483647, 0, 1, NULL);

-- --------------------------------------------------------

--
-- Table structure for table `ark_dataclass_item`
--

CREATE TABLE `ark_dataclass_item` (
  `dataclass` varchar(30) COLLATE utf8mb4_unicode_ci NOT NULL,
  `module` varchar(30) COLLATE utf8mb4_unicode_ci DEFAULT NULL,
  `preset` varchar(30) COLLATE utf8mb4_unicode_ci DEFAULT NULL
) ENGINE=InnoDB DEFAULT CHARSET=utf8mb4 COLLATE=utf8mb4_unicode_ci;

--
-- Dumping data for table `ark_dataclass_item`
--

INSERT INTO `ark_dataclass_item` (`dataclass`, `module`, `preset`) VALUES
('actor', 'actor', NULL),
('event', 'event', NULL),
('file', 'file', NULL),
('item', NULL, NULL),
('museum', 'actor', NULL),
('person', 'actor', NULL);

-- --------------------------------------------------------

--
-- Table structure for table `ark_dataclass_spatial`
--

CREATE TABLE `ark_dataclass_spatial` (
  `dataclass` varchar(30) COLLATE utf8mb4_unicode_ci NOT NULL,
  `geometry` varchar(20) COLLATE utf8mb4_unicode_ci NOT NULL DEFAULT 'Point',
  `has_z` tinyint(1) NOT NULL DEFAULT 1,
  `has_m` tinyint(1) NOT NULL DEFAULT 0,
  `format` varchar(30) COLLATE utf8mb4_unicode_ci DEFAULT NULL,
  `srid` int(11) NOT NULL DEFAULT 0,
  `envelope` varchar(100) COLLATE utf8mb4_unicode_ci DEFAULT NULL,
  `preset` longtext COLLATE utf8mb4_unicode_ci DEFAULT NULL
) ENGINE=InnoDB DEFAULT CHARSET=utf8mb4 COLLATE=utf8mb4_unicode_ci;

--
-- Dumping data for table `ark_dataclass_spatial`
--

INSERT INTO `ark_dataclass_spatial` (`dataclass`, `geometry`, `has_z`, `has_m`, `format`, `srid`, `envelope`, `preset`) VALUES
('denmark', 'MultiPoint', 1, 0, 'wkt', 4326, 'MULTIPOINT (7.99 54.52, 15.21 57.80)', NULL),
('line', 'LineString', 1, 0, 'wkt', 0, NULL, NULL),
('multiline', 'MultiLineString', 1, 0, 'wkt', 0, NULL, NULL),
('multipoint', 'MultiPoint', 1, 0, 'wkt', 0, NULL, NULL),
('multipolygon', 'MultiPolygon', 1, 0, 'wkt', 0, NULL, NULL),
('point', 'Point', 1, 0, 'wkt', 0, NULL, NULL),
('polygon', 'Polygon', 1, 0, 'wkt', 0, NULL, NULL);

-- --------------------------------------------------------

--
-- Table structure for table `ark_dataclass_string`
--

CREATE TABLE `ark_dataclass_string` (
  `dataclass` varchar(30) COLLATE utf8mb4_unicode_ci NOT NULL,
  `pattern` varchar(255) COLLATE utf8mb4_unicode_ci NOT NULL,
  `min_length` int(11) NOT NULL,
  `max_length` int(11) NOT NULL,
  `default_size` int(11) NOT NULL,
  `preset` varchar(4000) COLLATE utf8mb4_unicode_ci DEFAULT NULL
) ENGINE=InnoDB DEFAULT CHARSET=utf8mb4 COLLATE=utf8mb4_unicode_ci;

--
-- Dumping data for table `ark_dataclass_string`
--

INSERT INTO `ark_dataclass_string` (`dataclass`, `pattern`, `min_length`, `max_length`, `default_size`, `preset`) VALUES
('color', '^#([A-Fa-f0-9]{6}|[A-Fa-f0-9]{3})$', 4, 7, 10, NULL),
('email', '^(?!^.{254})(([^@]+)@([^@]+))$', 3, 254, 30, NULL),
('identifier', '^(\\w{1,30})$', 1, 30, 30, NULL),
('key', '^(\\w{1,50})$', 1, 50, 50, NULL),
('module', '^(\\w{1,3})$', 3, 3, 3, NULL),
('monthday', '^(1[0-2]|0[1-9])\\\\2(3[01]|0[1-9]|[12][0-9])$', 6, 7, 7, NULL),
('telephone', '^([0-9+\\(\\)#\\.\\s\\/x-]+)$', 1, 30, 30, NULL),
('term', '^(\\w{1,30})$', 1, 30, 30, NULL),
('yearmonth', '^([0-9]{4})-(1[0-2]|0[1-9])$', 6, 7, 7, NULL),
('yearweek', '^([0-9]{4})-W(5[0-3]|[1-4][0-9]|0[1-9])$', 7, 8, 8, NULL);

-- --------------------------------------------------------

--
-- Table structure for table `ark_dataclass_structure`
--

CREATE TABLE `ark_dataclass_structure` (
  `dataclass` varchar(30) COLLATE utf8mb4_unicode_ci NOT NULL
) ENGINE=InnoDB DEFAULT CHARSET=utf8mb4 COLLATE=utf8mb4_unicode_ci;

--
-- Dumping data for table `ark_dataclass_structure`
--

INSERT INTO `ark_dataclass_structure` (`dataclass`) VALUES
('address'),
('dispatch'),
('distance'),
('mass'),
('version');

-- --------------------------------------------------------

--
-- Table structure for table `ark_dataclass_text`
--

CREATE TABLE `ark_dataclass_text` (
  `dataclass` varchar(30) COLLATE utf8mb4_unicode_ci NOT NULL,
  `mediatype` varchar(30) COLLATE utf8mb4_unicode_ci NOT NULL,
  `min_length` int(11) NOT NULL,
  `max_length` int(11) NOT NULL,
  `default_size` int(11) NOT NULL,
  `preset` longtext COLLATE utf8mb4_unicode_ci DEFAULT NULL
) ENGINE=InnoDB DEFAULT CHARSET=utf8mb4 COLLATE=utf8mb4_unicode_ci;

--
-- Dumping data for table `ark_dataclass_text`
--

INSERT INTO `ark_dataclass_text` (`dataclass`, `mediatype`, `min_length`, `max_length`, `default_size`, `preset`) VALUES
('html', 'text/html', 1, 1431655765, 30, NULL),
('markdown', 'text/markdown', 1, 1431655765, 30, NULL),
('plaintext', 'text/plain', 1, 1431655765, 30, NULL),
('richtext', 'text/richtext', 1, 1431655765, 30, NULL),
('shorttext', 'text/plain', 1, 100, 30, NULL),
('url', 'text/url', 1, 2083, 50, NULL);

-- --------------------------------------------------------

--
-- Table structure for table `ark_dataclass_time`
--

CREATE TABLE `ark_dataclass_time` (
  `dataclass` varchar(30) COLLATE utf8mb4_unicode_ci NOT NULL,
  `pattern` varchar(255) COLLATE utf8mb4_unicode_ci DEFAULT NULL,
  `unicode` varchar(50) COLLATE utf8mb4_unicode_ci DEFAULT NULL,
  `php` varchar(50) COLLATE utf8mb4_unicode_ci DEFAULT NULL,
  `preset` time DEFAULT NULL,
  `minimum` varchar(50) COLLATE utf8mb4_unicode_ci DEFAULT NULL,
  `exclusive_minimum` tinyint(1) NOT NULL DEFAULT 0,
  `maximum` varchar(50) COLLATE utf8mb4_unicode_ci DEFAULT NULL,
  `exclusive_maximum` tinyint(1) NOT NULL DEFAULT 0
) ENGINE=InnoDB DEFAULT CHARSET=utf8mb4 COLLATE=utf8mb4_unicode_ci;

--
-- Dumping data for table `ark_dataclass_time`
--

INSERT INTO `ark_dataclass_time` (`dataclass`, `pattern`, `unicode`, `php`, `preset`, `minimum`, `exclusive_minimum`, `maximum`, `exclusive_maximum`) VALUES
('time', '^(2[0-3]|[01][0-9]):([0-5][0-9])$', NULL, 'H:i:s', NULL, NULL, 0, NULL, 0);

-- --------------------------------------------------------

--
-- Table structure for table `ark_dataclass_type`
--

CREATE TABLE `ark_dataclass_type` (
  `datatype` varchar(30) COLLATE utf8mb4_unicode_ci NOT NULL,
  `number` tinyint(1) NOT NULL,
  `temporal` tinyint(1) NOT NULL,
  `structure` tinyint(1) NOT NULL DEFAULT 0,
  `compound` tinyint(1) NOT NULL DEFAULT 0,
  `storage_type` varchar(30) COLLATE utf8mb4_unicode_ci NOT NULL,
  `storage_size` int(11) DEFAULT NULL,
  `value_name` varchar(30) COLLATE utf8mb4_unicode_ci DEFAULT NULL,
  `parameter_name` varchar(30) COLLATE utf8mb4_unicode_ci DEFAULT NULL,
  `parameter_vocabulary` varchar(30) COLLATE utf8mb4_unicode_ci DEFAULT NULL,
  `format_name` varchar(30) COLLATE utf8mb4_unicode_ci DEFAULT NULL,
  `format_vocabulary` varchar(30) COLLATE utf8mb4_unicode_ci DEFAULT NULL,
  `spanable` tinyint(1) NOT NULL DEFAULT 1,
  `model_table` varchar(50) COLLATE utf8mb4_unicode_ci NOT NULL,
  `model_entity` varchar(100) COLLATE utf8mb4_unicode_ci NOT NULL,
  `data_table` varchar(50) COLLATE utf8mb4_unicode_ci NOT NULL,
  `data_entity` varchar(100) COLLATE utf8mb4_unicode_ci NOT NULL,
  `form_type` varchar(100) COLLATE utf8mb4_unicode_ci DEFAULT NULL,
  `active_form_type` varchar(100) COLLATE utf8mb4_unicode_ci DEFAULT NULL,
  `readonly_form_type` varchar(100) COLLATE utf8mb4_unicode_ci DEFAULT NULL,
  `static_form_type` varchar(100) COLLATE utf8mb4_unicode_ci DEFAULT NULL,
  `parameter_form_type` varchar(100) COLLATE utf8mb4_unicode_ci DEFAULT NULL,
  `format_form_type` varchar(100) COLLATE utf8mb4_unicode_ci DEFAULT NULL,
  `enabled` tinyint(1) NOT NULL DEFAULT 1,
  `deprecated` tinyint(1) NOT NULL DEFAULT 0,
  `keyword` varchar(100) COLLATE utf8mb4_unicode_ci DEFAULT NULL
) ENGINE=InnoDB DEFAULT CHARSET=utf8mb4 COLLATE=utf8mb4_unicode_ci;

--
-- Dumping data for table `ark_dataclass_type`
--

INSERT INTO `ark_dataclass_type` (`datatype`, `number`, `temporal`, `structure`, `compound`, `storage_type`, `storage_size`, `value_name`, `parameter_name`, `parameter_vocabulary`, `format_name`, `format_vocabulary`, `spanable`, `model_table`, `model_entity`, `data_table`, `data_entity`, `form_type`, `active_form_type`, `readonly_form_type`, `static_form_type`, `parameter_form_type`, `format_form_type`, `enabled`, `deprecated`, `keyword`) VALUES
('blob', 0, 0, 0, 1, 'blob', NULL, 'blob', NULL, NULL, 'mediatype', 'mediatype', 0, 'ark_dataclass_blob', 'ARK\\Model\\Dataclass\\BlobDataclass', 'ark_fragment_blob', 'ARK\\Model\\Fragment\\BlobFragment', NULL, NULL, NULL, NULL, NULL, 'Symfony\\Component\\Form\\Extension\\Core\\Type\\ChoiceType', 1, 0, 'core.datatype.blob'),
('boolean', 0, 0, 0, 0, 'boolean', NULL, NULL, NULL, NULL, NULL, NULL, 0, 'ark_dataclass_boolean', 'ARK\\Model\\Dataclass\\BooleanDataclass', 'ark_fragment_boolean', 'ARK\\Model\\Fragment\\BooleanFragment', 'ARK\\Form\\Type\\ScalarPropertyType', 'Symfony\\Component\\Form\\Extension\\Core\\Type\\CheckboxType', NULL, 'ARK\\Form\\Type\\StaticType', NULL, NULL, 1, 0, 'core.datatype.boolean'),
('date', 0, 1, 0, 0, 'date', NULL, NULL, NULL, NULL, NULL, NULL, 1, 'ark_dataclass_datetime', 'ARK\\Model\\Dataclass\\DateDataclass', 'ark_fragment_date', 'ARK\\Model\\Fragment\\DateFragment', 'ARK\\Form\\Type\\ScalarPropertyType', 'Symfony\\Component\\Form\\Extension\\Core\\Type\\DateType', NULL, 'ARK\\Form\\Type\\StaticType', NULL, NULL, 1, 0, 'core.datatype.date'),
('datetime', 0, 1, 0, 0, 'datetime', NULL, 'datetime', 'timezone', NULL, NULL, NULL, 1, 'ark_dataclass_datetime', 'ARK\\Model\\Dataclass\\DateTimeDataclass', 'ark_fragment_datetime', 'ARK\\Model\\Fragment\\DateTimeFragment', 'ARK\\Form\\Type\\ScalarPropertyType', 'Symfony\\Component\\Form\\Extension\\Core\\Type\\DateTimeType', NULL, 'ARK\\Form\\Type\\StaticType', 'Symfony\\Component\\Form\\Extension\\Core\\Type\\ChoiceType', NULL, 1, 0, 'core.datatype.datetime'),
('decimal', 1, 0, 0, 0, 'string', 200, NULL, NULL, NULL, NULL, NULL, 1, 'ark_dataclass_decimal', 'ARK\\Model\\Dataclass\\DecimalDataclass', 'ark_fragment_decimal', 'ARK\\Model\\Fragment\\DecimalFragment', 'ARK\\Form\\Type\\ScalarPropertyType', 'Symfony\\Component\\Form\\Extension\\Core\\Type\\NumberType', NULL, 'ARK\\Form\\Type\\StaticType', NULL, NULL, 1, 0, 'core.datatype.decimal'),
('float', 1, 0, 0, 0, 'float', NULL, NULL, NULL, NULL, NULL, NULL, 1, 'ark_dataclass_float', 'ARK\\Model\\Dataclass\\FloatDataclass', 'ark_fragment_float', 'ARK\\Model\\Fragment\\FloatFragment', 'ARK\\Form\\Type\\ScalarPropertyType', 'Symfony\\Component\\Form\\Extension\\Core\\Type\\NumberType', NULL, 'ARK\\Form\\Type\\StaticType', NULL, NULL, 1, 0, 'core.datatype.float'),
('integer', 1, 0, 0, 0, 'integer', NULL, NULL, NULL, NULL, NULL, NULL, 1, 'ark_dataclass_integer', 'ARK\\Model\\Dataclass\\IntegerDataclass', 'ark_fragment_integer', 'ARK\\Model\\Fragment\\IntegerFragment', 'ARK\\Form\\Type\\ScalarPropertyType', 'Symfony\\Component\\Form\\Extension\\Core\\Type\\IntegerType', NULL, 'ARK\\Form\\Type\\StaticType', NULL, NULL, 1, 0, 'core.datatype.integer'),
('item', 0, 0, 0, 1, 'string', 30, 'id', 'module', NULL, NULL, NULL, 1, 'ark_dataclass_item', 'ARK\\Model\\Dataclass\\ItemDataclass', 'ark_fragment_item', 'ARK\\Model\\Fragment\\ItemFragment', 'ARK\\Form\\Type\\ScalarPropertyType', NULL, NULL, 'ARK\\Form\\Type\\StaticType', 'Symfony\\Component\\Form\\Extension\\Core\\Type\\ChoiceType', NULL, 1, 0, 'core.datatype.item'),
('spatial', 0, 0, 0, 1, 'string', 1431655765, 'geometry', 'srid', 'spatial.crs', 'format', 'spatial.format', 0, 'ark_dataclass_spatial', 'ARK\\Model\\Dataclass\\SpatialDataclass', 'ark_fragment_spatial', 'ARK\\Model\\Fragment\\SpatialFragment', 'ARK\\Form\\Type\\WktPropertyType', 'Symfony\\Component\\Form\\Extension\\Core\\Type\\TextType', NULL, 'ARK\\Form\\Type\\StaticType', 'Symfony\\Component\\Form\\Extension\\Core\\Type\\ChoiceType', 'Symfony\\Component\\Form\\Extension\\Core\\Type\\ChoiceType', 1, 0, 'core.datatype.spatial'),
('string', 0, 0, 0, 0, 'string', 4000, NULL, NULL, NULL, NULL, NULL, 1, 'ark_dataclass_string', 'ARK\\Model\\Dataclass\\StringDataclass', 'ark_fragment_string', 'ARK\\Model\\Fragment\\StringFragment', 'ARK\\Form\\Type\\ScalarPropertyType', 'Symfony\\Component\\Form\\Extension\\Core\\Type\\TextType', NULL, 'ARK\\Form\\Type\\StaticType', NULL, NULL, 1, 0, 'core.datatype.string'),
('structure', 0, 0, 1, 0, 'integer', 0, NULL, NULL, NULL, NULL, NULL, 0, 'ark_dataclass_structure', 'ARK\\Model\\Dataclass\\StructureDataclass', 'ark_fragment_structure', 'ARK\\Model\\Fragment\\StructureFragment', 'ARK\\Form\\Type\\StructureType', NULL, NULL, 'ARK\\Form\\Type\\StaticType', NULL, NULL, 1, 0, 'core.datatype.structure'),
('text', 0, 0, 0, 1, 'string', 1431655765, 'content', 'language', 'language', 'mediatype', 'mediatype', 0, 'ark_dataclass_text', 'ARK\\Model\\Dataclass\\TextDataclass', 'ark_fragment_text', 'ARK\\Model\\Fragment\\TextFragment', 'ARK\\Form\\Type\\LocalTextPropertyType', 'Symfony\\Component\\Form\\Extension\\Core\\Type\\TextareaType', NULL, 'ARK\\Form\\Type\\StaticType', NULL, NULL, 1, 0, 'core.datatype.text'),
('time', 0, 1, 0, 0, 'time', NULL, NULL, NULL, NULL, NULL, NULL, 1, 'ark_dataclass_datetime', 'ARK\\Model\\Dataclass\\TimeDataclass', 'ark_fragment_time', 'ARK\\Model\\Fragment\\TimeFragment', 'ARK\\Form\\Type\\ScalarPropertyType', 'Symfony\\Component\\Form\\Extension\\Core\\Type\\TimeType', NULL, 'ARK\\Form\\Type\\StaticType', NULL, NULL, 1, 0, 'core.datatype.time');

-- --------------------------------------------------------

--
-- Table structure for table `ark_map`
--

CREATE TABLE `ark_map` (
  `map` varchar(30) COLLATE utf8mb4_unicode_ci NOT NULL,
  `draggable` tinyint(1) NOT NULL DEFAULT 1,
  `clickable` tinyint(1) NOT NULL DEFAULT 1,
  `zoomable` tinyint(1) NOT NULL DEFAULT 1,
  `zoom` int(11) NOT NULL,
  `min_zoom` int(11) DEFAULT NULL,
  `max_zoom` int(11) DEFAULT NULL,
  `srid` int(11) DEFAULT NULL,
  `center` varchar(50) COLLATE utf8mb4_unicode_ci NOT NULL,
  `extent` varchar(100) COLLATE utf8mb4_unicode_ci DEFAULT NULL,
  `keyword` varchar(100) COLLATE utf8mb4_unicode_ci DEFAULT NULL,
  `options` varchar(4000) COLLATE utf8mb4_unicode_ci DEFAULT NULL
) ENGINE=InnoDB DEFAULT CHARSET=utf8mb4 COLLATE=utf8mb4_unicode_ci;

--
-- Dumping data for table `ark_map`
--

INSERT INTO `ark_map` (`map`, `draggable`, `clickable`, `zoomable`, `zoom`, `min_zoom`, `max_zoom`, `srid`, `center`, `extent`, `keyword`, `options`) VALUES
('dime_map_pick', 1, 1, 1, 5, 5, 16, 3857, 'POINT (1155972 7580813)', 'MULTIPOINT (831000 7230000, 1750000 7950000)', 'dime.map.user', ''),
('dime_map_public', 1, 1, 1, 7, 6, 16, 3857, 'POINT (1155972 7580813)', 'MULTIPOINT (831000 7230000, 1750000 7950000)', 'dime.map.public', ''),
('dime_map_user', 1, 1, 1, 7, 6, 16, 3857, 'POINT (1155972 7580813)', 'MULTIPOINT (831000 7230000, 1750000 7950000)', 'dime.map.user', '');

-- --------------------------------------------------------

--
-- Table structure for table `ark_map_layer`
--

CREATE TABLE `ark_map_layer` (
  `source` varchar(30) COLLATE utf8mb4_unicode_ci NOT NULL,
  `layer` varchar(30) COLLATE utf8mb4_unicode_ci NOT NULL,
  `source_name` varchar(50) COLLATE utf8mb4_unicode_ci NOT NULL,
  `keyword` varchar(100) COLLATE utf8mb4_unicode_ci DEFAULT NULL,
  `url` varchar(2000) COLLATE utf8mb4_unicode_ci DEFAULT NULL,
  `options` varchar(4000) COLLATE utf8mb4_unicode_ci DEFAULT NULL,
  `parameters` varchar(4000) COLLATE utf8mb4_unicode_ci DEFAULT NULL
) ENGINE=InnoDB DEFAULT CHARSET=utf8mb4 COLLATE=utf8mb4_unicode_ci;

--
-- Dumping data for table `ark_map_layer`
--

INSERT INTO `ark_map_layer` (`source`, `layer`, `source_name`, `keyword`, `url`, `options`, `parameters`) VALUES
('bing', 'aerial', 'Aerial', 'map.layer.bing.aerial', '', NULL, NULL),
('bing', 'aerialwithlabels', 'AerialWithLabels', 'map.layer.bing.aerialwithlabels', '', NULL, NULL),
('bing', 'road', 'Road', 'map.layer.bing.road', '', NULL, NULL),
('kortforsyningen', 'foraar', 'orto_foraar', 'dime.map.layer.foraar', 'https://kortforsyningen.kms.dk/service?servicename=orto_foraar&service=WMS&layers=orto_foraar', NULL, '{\"LAYERS\": \"orto_foraar\", \"VERSION\": \"1.1.1\", \"FORMAT\": \"image/png\", \"TILED\": true,\"TRANSPARENT\":\"TRUE\"}'),
('kortforsyningen', 'hb', 'topo20_hoeje_maalebordsblade', 'dime.map.layer.hb', 'https://kortforsyningen.kms.dk/service?servicename=topo20_hoeje_maalebordsblade&service=WMS', NULL, '{\"LAYERS\": \"dtk_hoeje_maalebordsblade\", \"VERSION\": \"1.1.1\", \"FORMAT\": \"image/png\", \"TILED\": true,\"TRANSPARENT\":\"TRUE\"}'),
('kortforsyningen', 'skaermkort', 'topo_skaermkort', 'dime.map.layer.skaermkort', 'https://kortforsyningen.kms.dk/service?servicename=topo_skaermkort&service=WMS&layers=topo_skaermkort', NULL, '{\"LAYERS\": \"topo_skaermkort\", \"VERSION\": \"1.1.1\", \"FORMAT\": \"image/png\", \"TILED\": true,\"TRANSPARENT\":\"TRUE\" }');

-- --------------------------------------------------------

--
-- Table structure for table `ark_map_legend`
--

CREATE TABLE `ark_map_legend` (
  `map` varchar(30) COLLATE utf8mb4_unicode_ci NOT NULL,
  `source` varchar(30) COLLATE utf8mb4_unicode_ci NOT NULL,
  `layer` varchar(30) COLLATE utf8mb4_unicode_ci NOT NULL,
  `seq` int(11) NOT NULL,
  `is_default` tinyint(1) NOT NULL DEFAULT 0,
  `visible` tinyint(1) NOT NULL DEFAULT 0,
  `enabled` tinyint(1) NOT NULL DEFAULT 1,
  `keyword` varchar(100) COLLATE utf8mb4_unicode_ci DEFAULT NULL,
  `options` varchar(4000) COLLATE utf8mb4_unicode_ci DEFAULT NULL
) ENGINE=InnoDB DEFAULT CHARSET=utf8mb4 COLLATE=utf8mb4_unicode_ci;

--
-- Dumping data for table `ark_map_legend`
--

INSERT INTO `ark_map_legend` (`map`, `source`, `layer`, `seq`, `is_default`, `visible`, `enabled`, `keyword`, `options`) VALUES
('dime_map_pick', 'bing', 'aerialwithlabels', 1, 1, 1, 1, NULL, ''),
('dime_map_public', 'bing', 'aerial', 2, 0, 0, 1, NULL, ''),
('dime_map_public', 'bing', 'aerialwithlabels', 1, 1, 1, 1, NULL, ''),
('dime_map_public', 'bing', 'road', 3, 0, 0, 1, NULL, ''),
('dime_map_public', 'kortforsyningen', 'foraar', 4, 0, 0, 1, NULL, ''),
('dime_map_public', 'kortforsyningen', 'hb', 6, 0, 0, 1, NULL, ''),
('dime_map_public', 'kortforsyningen', 'skaermkort', 5, 0, 0, 1, NULL, ''),
('dime_map_user', 'bing', 'aerial', 2, 0, 0, 1, NULL, ''),
('dime_map_user', 'bing', 'aerialwithlabels', 1, 1, 1, 1, NULL, ''),
('dime_map_user', 'bing', 'road', 3, 0, 0, 1, NULL, ''),
('dime_map_user', 'kortforsyningen', 'foraar', 4, 0, 0, 1, NULL, ''),
('dime_map_user', 'kortforsyningen', 'hb', 6, 0, 0, 1, NULL, ''),
('dime_map_user', 'kortforsyningen', 'skaermkort', 5, 0, 0, 1, NULL, '');

-- --------------------------------------------------------

--
-- Table structure for table `ark_map_source`
--

CREATE TABLE `ark_map_source` (
  `source` varchar(30) COLLATE utf8mb4_unicode_ci NOT NULL,
  `type` varchar(30) COLLATE utf8mb4_unicode_ci NOT NULL,
  `subtype` varchar(30) COLLATE utf8mb4_unicode_ci NOT NULL,
  `format` varchar(30) COLLATE utf8mb4_unicode_ci NOT NULL,
  `view_class` varchar(100) COLLATE utf8mb4_unicode_ci NOT NULL,
  `keyword` varchar(100) COLLATE utf8mb4_unicode_ci DEFAULT NULL,
  `ticket` varchar(100) COLLATE utf8mb4_unicode_ci DEFAULT NULL,
  `ticket_expiry` datetime DEFAULT NULL,
  `options` varchar(4000) COLLATE utf8mb4_unicode_ci DEFAULT NULL
) ENGINE=InnoDB DEFAULT CHARSET=utf8mb4 COLLATE=utf8mb4_unicode_ci;

--
-- Dumping data for table `ark_map_source`
--

INSERT INTO `ark_map_source` (`source`, `type`, `subtype`, `format`, `view_class`, `keyword`, `ticket`, `ticket_expiry`, `options`) VALUES
('bing', 'raster', 'tile', 'bing', 'BingMaps', 'map.source.bing', 'Ak5AqjsEQ44KtAl7jHhrjGuzNshN1fZv3MOx2MUi0p4zFmq6XeWLKmyqeP2UgJK3', NULL, ''),
('kortforsyningen', 'raster', 'tile', 'wms', 'TileWMS', 'map.source.kfs', '', NULL, '');

-- --------------------------------------------------------

--
-- Table structure for table `ark_model`
--

CREATE TABLE `ark_model` (
  `model` varchar(30) COLLATE utf8mb4_unicode_ci NOT NULL,
  `enabled` tinyint(1) NOT NULL DEFAULT 1,
  `deprecated` tinyint(1) NOT NULL DEFAULT 0,
  `keyword` varchar(100) COLLATE utf8mb4_unicode_ci DEFAULT NULL
) ENGINE=InnoDB DEFAULT CHARSET=utf8mb4 COLLATE=utf8mb4_unicode_ci;

--
-- Dumping data for table `ark_model`
--

INSERT INTO `ark_model` (`model`, `enabled`, `deprecated`, `keyword`) VALUES
('dime', 1, 0, NULL);

-- --------------------------------------------------------

--
-- Table structure for table `ark_model_association`
--

CREATE TABLE `ark_model_association` (
  `model` varchar(30) COLLATE utf8mb4_unicode_ci NOT NULL,
  `schma` varchar(30) COLLATE utf8mb4_unicode_ci NOT NULL,
  `class` varchar(30) COLLATE utf8mb4_unicode_ci NOT NULL,
  `association` varchar(30) COLLATE utf8mb4_unicode_ci NOT NULL,
  `schema1` varchar(30) COLLATE utf8mb4_unicode_ci NOT NULL,
  `schema2` varchar(30) COLLATE utf8mb4_unicode_ci DEFAULT NULL,
  `enabled` tinyint(1) NOT NULL DEFAULT 1,
  `deprecated` tinyint(1) NOT NULL DEFAULT 0,
  `keyword` varchar(100) COLLATE utf8mb4_unicode_ci DEFAULT NULL
) ENGINE=InnoDB DEFAULT CHARSET=utf8mb4 COLLATE=utf8mb4_unicode_ci;

-- --------------------------------------------------------

--
-- Table structure for table `ark_model_attribute`
--

CREATE TABLE `ark_model_attribute` (
  `schma` varchar(30) COLLATE utf8mb4_unicode_ci NOT NULL,
  `class` varchar(30) COLLATE utf8mb4_unicode_ci NOT NULL,
  `attribute` varchar(30) COLLATE utf8mb4_unicode_ci NOT NULL,
  `dataclass` varchar(30) COLLATE utf8mb4_unicode_ci NOT NULL,
  `vocabulary` varchar(30) COLLATE utf8mb4_unicode_ci DEFAULT NULL,
  `event` varchar(30) COLLATE utf8mb4_unicode_ci DEFAULT NULL,
  `visibility` varchar(30) COLLATE utf8mb4_unicode_ci NOT NULL DEFAULT 'public',
  `view_permission` varchar(30) COLLATE utf8mb4_unicode_ci DEFAULT NULL,
  `edit_permission` varchar(30) COLLATE utf8mb4_unicode_ci DEFAULT NULL,
  `span` tinyint(1) NOT NULL DEFAULT 0,
  `minimum` int(11) NOT NULL DEFAULT 0,
  `maximum` int(11) NOT NULL DEFAULT 1,
  `unique_values` int(11) NOT NULL DEFAULT 1,
  `additional_values` int(11) NOT NULL DEFAULT 0,
  `enabled` tinyint(1) NOT NULL DEFAULT 1,
  `deprecated` tinyint(1) NOT NULL DEFAULT 0,
  `keyword` varchar(100) COLLATE utf8mb4_unicode_ci DEFAULT NULL
) ENGINE=InnoDB DEFAULT CHARSET=utf8mb4 COLLATE=utf8mb4_unicode_ci;

--
-- Dumping data for table `ark_model_attribute`
--

INSERT INTO `ark_model_attribute` (`schma`, `class`, `attribute`, `dataclass`, `vocabulary`, `event`, `visibility`, `view_permission`, `edit_permission`, `span`, `minimum`, `maximum`, `unique_values`, `additional_values`, `enabled`, `deprecated`, `keyword`) VALUES
('core.actor', 'actor', 'address', 'address', NULL, NULL, 'public', NULL, NULL, 0, 1, 1, 1, 0, 1, 0, 'core.actor.address'),
('core.actor', 'actor', 'avatar', 'image', NULL, NULL, 'public', NULL, NULL, 0, 0, 1, 1, 0, 1, 0, 'core.actor.avatar'),
('core.actor', 'actor', 'biography', 'plaintext', NULL, NULL, 'public', NULL, NULL, 0, 0, 1, 1, 0, 1, 0, 'core.actor.biography'),
('core.actor', 'actor', 'class', 'term', 'core.actor.class', NULL, 'restricted', 'core.actor.read', 'core.actor.update', 0, 1, 1, 1, 0, 1, 0, 'core.actor.class'),
('core.actor', 'actor', 'email', 'email', NULL, NULL, 'restricted', 'core.actor.read', 'core.actor.update', 0, 1, 1, 1, 0, 1, 0, 'core.actor.email'),
('core.actor', 'actor', 'fullname', 'shorttext', NULL, NULL, 'public', NULL, NULL, 0, 1, 1, 1, 0, 1, 0, 'core.actor.fullname'),
('core.actor', 'actor', 'id', 'identifier', NULL, NULL, 'restricted', 'core.actor.read', 'core.actor.update', 0, 1, 1, 1, 0, 1, 0, 'core.actor.id'),
('core.actor', 'actor', 'initials', 'shorttext', NULL, NULL, 'public', NULL, NULL, 0, 1, 1, 1, 0, 1, 0, 'core.actor.initials'),
('core.actor', 'actor', 'shortname', 'shorttext', NULL, NULL, 'public', NULL, NULL, 0, 0, 1, 1, 0, 1, 0, 'core.actor.shortname'),
('core.actor', 'actor', 'telephone', 'telephone', NULL, NULL, 'restricted', 'core.actor.read', 'core.actor.update', 0, 1, 1, 1, 0, 1, 0, 'core.actor.telephone'),
('core.actor', 'museum', 'municipality', 'term', 'dime.denmark.municipality', NULL, 'public', NULL, NULL, 0, 0, 0, 1, 0, 1, 0, 'dime.actor.municipality'),
('core.actor', 'museum', 'participating', 'boolean', NULL, NULL, 'public', NULL, NULL, 0, 0, 1, 1, 0, 1, 0, 'dime.actor.participating'),
('core.actor', 'person', 'detectorist_id', 'identifier', NULL, NULL, 'restricted', 'core.actor.read', 'core.admin.user', 0, 0, 1, 1, 0, 1, 0, 'dime.user.detectorist.id'),
('core.actor', 'person', 'status', 'term', 'core.security.user.status', NULL, 'restricted', 'core.admin.user', 'core.admin.user', 0, 1, 1, 1, 0, 1, 0, 'core.security.user.status'),
('core.actor', 'person', 'terms', 'term', 'core.user.terms', NULL, 'restricted', 'core.actor.read', 'core.actor.update', 0, 1, 1, 1, 0, 1, 0, 'core.user.terms'),
('core.event', 'event', 'agents', 'actor', NULL, NULL, 'public', NULL, NULL, 0, 1, 0, 1, 0, 1, 0, 'core.event.agent'),
('core.event', 'event', 'class', 'term', 'core.event.class', NULL, 'public', NULL, NULL, 0, 1, 1, 1, 0, 1, 0, 'core.event.class'),
('core.event', 'event', 'id', 'identifier', NULL, NULL, 'public', NULL, NULL, 0, 1, 1, 1, 0, 1, 0, 'core.event.id'),
('core.event', 'event', 'object', 'item', NULL, NULL, 'public', NULL, NULL, 0, 1, 1, 1, 0, 1, 0, 'core.event.object'),
('core.event', 'event', 'occurred', 'datetime', NULL, NULL, 'public', NULL, NULL, 0, 1, 1, 1, 0, 1, 0, 'core.event.occurred'),
('core.file', 'file', 'class', 'term', 'core.file.class', NULL, 'public', NULL, NULL, 0, 1, 1, 1, 0, 1, 0, 'core.file.class'),
('core.file', 'file', 'copyright', 'actor', NULL, NULL, 'public', NULL, NULL, 0, 1, 1, 1, 0, 1, 0, 'core.file.copyright'),
('core.file', 'file', 'description', 'plaintext', NULL, NULL, 'public', NULL, NULL, 0, 0, 1, 1, 0, 1, 0, 'core.file.description'),
('core.file', 'file', 'id', 'identifier', NULL, NULL, 'public', NULL, NULL, 0, 1, 1, 1, 0, 1, 0, 'core.file.id'),
('core.file', 'file', 'license', 'term', 'core.license', NULL, 'public', NULL, NULL, 0, 1, 1, 1, 0, 1, 0, 'core.file.status'),
('core.file', 'file', 'mediatype', 'term', 'mediatype', NULL, 'public', NULL, NULL, 0, 1, 1, 1, 0, 1, 0, 'core.file.mediatype'),
('core.file', 'file', 'status', 'term', 'core.file.status', NULL, 'public', NULL, NULL, 0, 1, 1, 1, 0, 1, 0, 'core.file.status'),
('core.file', 'file', 'title', 'shorttext', NULL, NULL, 'public', NULL, NULL, 0, 1, 1, 1, 0, 1, 0, 'core.file.title'),
('core.file', 'file', 'versions', 'version', NULL, NULL, 'public', NULL, NULL, 0, 1, 0, 1, 0, 1, 0, 'core.file.versions'),
('core.message', 'message', 'attachments', 'file', NULL, NULL, 'public', NULL, NULL, 0, 0, 0, 1, 0, 1, 0, 'core.message.mail.attachments'),
('core.message', 'message', 'body', 'plaintext', NULL, NULL, 'public', NULL, NULL, 0, 1, 1, 1, 0, 1, 0, 'core.message.body'),
('core.message', 'message', 'class', 'term', 'core.message.class', NULL, 'public', NULL, NULL, 0, 1, 1, 1, 0, 1, 0, 'core.message.class'),
('core.message', 'message', 'id', 'identifier', NULL, NULL, 'public', NULL, NULL, 0, 1, 1, 1, 0, 1, 0, 'core.message.id'),
('core.message', 'message', 'recipients', 'dispatch', NULL, NULL, 'public', NULL, NULL, 0, 1, 0, 1, 0, 1, 0, 'core.message.recipients'),
('core.message', 'message', 'sender', 'actor', NULL, NULL, 'public', NULL, NULL, 0, 1, 1, 1, 0, 1, 0, 'core.message.sender'),
('core.message', 'message', 'sent', 'datetime', NULL, NULL, 'public', NULL, NULL, 0, 1, 1, 1, 0, 1, 0, 'core.message.sent_at'),
('core.message', 'message', 'subject', 'shorttext', NULL, NULL, 'public', NULL, NULL, 0, 1, 1, 1, 0, 1, 0, 'core.message.subject'),
('core.message', 'notification', 'event', 'event', NULL, NULL, 'public', NULL, NULL, 0, 1, 1, 1, 0, 1, 0, 'core.message.notification.event'),
('core.page', 'page', 'content', 'html', NULL, NULL, 'public', NULL, NULL, 0, 1, 1, 1, 0, 1, 0, 'property.content'),
('core.page', 'page', 'id', 'identifier', NULL, NULL, 'public', NULL, NULL, 0, 1, 1, 1, 0, 1, 0, 'core.page.id'),
('dime.find', 'coin', 'issuer', 'shorttext', NULL, NULL, 'public', NULL, NULL, 0, 0, 1, 1, 0, 1, 0, 'dime.find.issuer'),
('dime.find', 'coin', 'mint', 'shorttext', NULL, NULL, 'public', NULL, NULL, 0, 0, 1, 1, 0, 1, 0, 'dime.find.mint'),
('dime.find', 'find', 'case', 'identifier', NULL, NULL, 'restricted', 'dime.find.read.case', 'dime.find.update.case', 0, 0, 1, 1, 0, 1, 0, 'dime.find.case'),
('dime.find', 'find', 'claim', 'file', NULL, NULL, 'restricted', 'dime.find.treasure.claim', 'dime.find.treasure.claim', 0, 0, 1, 1, 1, 1, 0, 'dime.find.claim'),
('dime.find', 'find', 'class', 'term', 'dime.find.class', NULL, 'public', NULL, NULL, 0, 1, 1, 1, 0, 1, 0, 'dime.find.class'),
('dime.find', 'find', 'classification', 'classification', NULL, NULL, 'public', NULL, NULL, 0, 0, 1, 1, 0, 1, 0, 'dime.find.classification'),
('dime.find', 'find', 'condition', 'term', 'dime.find.condition', NULL, 'public', NULL, NULL, 0, 0, 1, 1, 0, 1, 0, 'dime.find.condition'),
('dime.find', 'find', 'custodian', 'actor', NULL, NULL, 'restricted', 'dime.find.read.custody', 'dime.find.update.custody', 0, 1, 1, 1, 0, 1, 0, 'dime.find.custodian'),
('dime.find', 'find', 'custody', 'term', 'dime.find.custody', NULL, 'restricted', 'dime.find.read.custody', 'dime.find.update.custody', 0, 1, 1, 1, 0, 1, 0, 'dime.find.custody'),
('dime.find', 'find', 'dating', 'dating', NULL, NULL, 'public', NULL, NULL, 0, 0, 1, 1, 0, 1, 0, 'dime.find.dating'),
('dime.find', 'find', 'description', 'description', NULL, NULL, 'public', NULL, NULL, 0, 0, 1, 1, 0, 1, 0, 'dime.find.description'),
('dime.find', 'find', 'finddate', 'date_historical', NULL, NULL, 'restricted', 'dime.find.read.finddate', 'dime.find.update.finddate', 0, 0, 1, 1, 0, 1, 0, 'dime.find.finddate'),
('dime.find', 'find', 'finder', 'person', NULL, NULL, 'restricted', 'dime.find.read.finder', 'dime.find.update.finder', 0, 1, 1, 1, 0, 1, 0, 'dime.find.finder'),
('dime.find', 'find', 'finder_id', 'identifier', NULL, NULL, 'restricted', 'dime.find.read.finder', 'dime.find.update.finder', 0, 0, 1, 1, 0, 1, 0, 'dime.find.finder_id'),
('dime.find', 'find', 'finder_place', 'identifier', NULL, NULL, 'restricted', 'dime.find.read.finder', 'dime.find.update.finder', 0, 0, 1, 1, 0, 1, 0, 'dime.find.finder_place'),
('dime.find', 'find', 'id', 'identifier', NULL, NULL, 'public', NULL, NULL, 0, 1, 1, 1, 0, 1, 0, 'dime.find.id'),
('dime.find', 'find', 'image', 'image', NULL, NULL, 'public', NULL, NULL, 0, 0, 3, 1, 1, 1, 0, 'dime.find.images'),
('dime.find', 'find', 'length', 'distance', NULL, NULL, 'public', NULL, NULL, 0, 0, 1, 1, 0, 1, 0, 'dime.find.length'),
('dime.find', 'find', 'location', 'point', NULL, NULL, 'restricted', 'dime.find.read.location', 'dime.find.update.location', 0, 1, 1, 1, 0, 1, 0, 'dime.find.location'),
('dime.find', 'find', 'material', 'term', 'dime.material', NULL, 'public', NULL, NULL, 0, 1, 1, 1, 0, 1, 0, 'dime.find.material'),
('dime.find', 'find', 'municipality', 'term', 'dime.denmark.municipality', NULL, 'public', NULL, NULL, 0, 1, 1, 1, 0, 1, 0, 'dime.find.municipality'),
('dime.find', 'find', 'museum', 'museum', NULL, NULL, 'public', NULL, NULL, 0, 1, 1, 1, 0, 1, 0, 'core.actor.class.museum'),
('dime.find', 'find', 'museum_id', 'identifier', NULL, NULL, 'restricted', 'dime.find.read.museum_id', 'dime.find.update.museum_id', 0, 0, 1, 1, 0, 1, 0, 'dime.find.museum_id'),
('dime.find', 'find', 'owner', 'actor', NULL, NULL, 'restricted', 'dime.find.read.owner', 'dime.find.update.owner', 0, 1, 1, 1, 0, 1, 0, 'dime.find.owner'),
('dime.find', 'find', 'process', 'term', 'dime.find.process', NULL, 'public', NULL, NULL, 0, 1, 1, 1, 0, 1, 0, 'dime.find.process'),
('dime.find', 'find', 'publish', 'date', NULL, NULL, 'public', NULL, NULL, 0, 0, 1, 1, 0, 1, 0, 'dime.find.publish'),
('dime.find', 'find', 'recipient', 'actor', NULL, NULL, 'restricted', 'dime.find.read.custody', 'dime.find.update.custody', 0, 0, 1, 1, 0, 1, 0, 'dime.find.recipient'),
('dime.find', 'find', 'recorder', 'actor', NULL, NULL, 'restricted', 'dime.find.read.finder', 'dime.find.update.finder', 0, 1, 1, 1, 0, 1, 0, 'dime.find.recorder'),
('dime.find', 'find', 'secondary', 'term', 'dime.find.secondary', NULL, 'public', NULL, NULL, 0, 0, 0, 1, 0, 1, 0, 'dime.find.material.secondary'),
('dime.find', 'find', 'treasure', 'term', 'dime.treasure', NULL, 'public', NULL, NULL, 0, 1, 1, 1, 0, 1, 0, 'dime.find.treasure'),
('dime.find', 'find', 'visibility', 'term', 'core.visibility', NULL, 'public', NULL, NULL, 0, 1, 1, 1, 0, 1, 0, 'dime.find.visibility'),
('dime.find', 'find', 'weight', 'mass', NULL, NULL, 'public', NULL, NULL, 0, 0, 1, 1, 0, 1, 0, 'dime.find.weight');

-- --------------------------------------------------------

--
-- Table structure for table `ark_model_item`
--

CREATE TABLE `ark_model_item` (
  `attribute` varchar(30) COLLATE utf8mb4_unicode_ci NOT NULL,
  `dataclass` varchar(30) COLLATE utf8mb4_unicode_ci NOT NULL,
  `vocabulary` varchar(30) COLLATE utf8mb4_unicode_ci DEFAULT NULL,
  `minimum` int(11) NOT NULL DEFAULT 0,
  `maximum` int(11) NOT NULL DEFAULT 1,
  `unique_values` int(11) NOT NULL DEFAULT 1,
  `additional_values` int(11) NOT NULL DEFAULT 0,
  `enabled` tinyint(1) NOT NULL DEFAULT 1,
  `deprecated` tinyint(1) NOT NULL DEFAULT 0,
  `keyword` varchar(100) COLLATE utf8mb4_unicode_ci DEFAULT NULL
) ENGINE=InnoDB DEFAULT CHARSET=utf8mb4 COLLATE=utf8mb4_unicode_ci;

--
-- Dumping data for table `ark_model_item`
--

INSERT INTO `ark_model_item` (`attribute`, `dataclass`, `vocabulary`, `minimum`, `maximum`, `unique_values`, `additional_values`, `enabled`, `deprecated`, `keyword`) VALUES
('class', 'identifier', NULL, 1, 1, 1, 0, 1, 0, 'core.item.type'),
('id', 'identifier', NULL, 1, 1, 1, 0, 1, 0, 'core.item.id'),
('index', 'identifier', NULL, 1, 1, 1, 0, 1, 0, 'core.item.index'),
('label', 'identifier', NULL, 1, 1, 1, 0, 1, 0, 'core.item.label'),
('module', 'identifier', NULL, 1, 1, 1, 0, 1, 0, 'core.item.module'),
('schema', 'identifier', NULL, 1, 1, 1, 0, 1, 0, 'core.item.module'),
('status', 'identifier', 'core.item.status', 1, 1, 1, 0, 1, 0, 'core.item.status');

-- --------------------------------------------------------

--
-- Table structure for table `ark_model_module`
--

CREATE TABLE `ark_model_module` (
  `module` varchar(30) COLLATE utf8mb4_unicode_ci NOT NULL,
  `tbl` varchar(50) COLLATE utf8mb4_unicode_ci NOT NULL,
  `classname` varchar(50) COLLATE utf8mb4_unicode_ci NOT NULL,
  `core` tinyint(1) NOT NULL DEFAULT 0,
  `enabled` tinyint(1) NOT NULL DEFAULT 1,
  `deprecated` tinyint(1) NOT NULL DEFAULT 0,
  `keyword` varchar(100) COLLATE utf8mb4_unicode_ci DEFAULT NULL
) ENGINE=InnoDB DEFAULT CHARSET=utf8mb4 COLLATE=utf8mb4_unicode_ci;

--
-- Dumping data for table `ark_model_module`
--

INSERT INTO `ark_model_module` (`module`, `tbl`, `classname`, `core`, `enabled`, `deprecated`, `keyword`) VALUES
('actor', 'ark_item_actor', 'ARK\\Security\\Actor', 1, 1, 0, 'core.actor'),
('event', 'ark_item_event', 'ARK\\Entity\\Event', 1, 1, 0, 'core.event'),
('file', 'ark_item_file', 'ARK\\File\\File', 1, 1, 0, 'core.file'),
('find', 'ark_item_find', 'DIME\\Entity\\Find', 0, 1, 0, 'dime.find'),
('message', 'ark_item_message', 'ARK\\Message\\Message', 1, 1, 0, 'core.message'),
('page', 'ark_item_page', 'ARK\\Entity\\Page', 1, 1, 0, 'core.page');

-- --------------------------------------------------------

--
-- Table structure for table `ark_model_root`
--

CREATE TABLE `ark_model_root` (
  `model` varchar(30) COLLATE utf8mb4_unicode_ci NOT NULL,
  `schma` varchar(30) COLLATE utf8mb4_unicode_ci NOT NULL,
  `class` varchar(30) COLLATE utf8mb4_unicode_ci NOT NULL,
  `enabled` tinyint(1) NOT NULL DEFAULT 1,
  `deprecated` tinyint(1) NOT NULL DEFAULT 0
) ENGINE=InnoDB DEFAULT CHARSET=utf8mb4 COLLATE=utf8mb4_unicode_ci;

--
-- Dumping data for table `ark_model_root`
--

INSERT INTO `ark_model_root` (`model`, `schma`, `class`, `enabled`, `deprecated`) VALUES
('dime', 'core.actor', 'actor', 1, 0),
('dime', 'core.event', 'event', 1, 0),
('dime', 'core.file', 'file', 1, 0),
('dime', 'core.message', 'message', 1, 0),
('dime', 'core.page', 'page', 1, 0),
('dime', 'dime.find', 'find', 1, 0);

-- --------------------------------------------------------

--
-- Table structure for table `ark_model_schema`
--

CREATE TABLE `ark_model_schema` (
  `schma` varchar(30) COLLATE utf8mb4_unicode_ci NOT NULL,
  `module` varchar(30) COLLATE utf8mb4_unicode_ci NOT NULL,
  `route` varchar(30) COLLATE utf8mb4_unicode_ci DEFAULT NULL,
  `class_vocabulary` varchar(30) COLLATE utf8mb4_unicode_ci NOT NULL,
  `class_attribute` varchar(30) COLLATE utf8mb4_unicode_ci NOT NULL DEFAULT 'class',
  `abstract` tinyint(1) NOT NULL DEFAULT 0,
  `subclasses` tinyint(1) NOT NULL DEFAULT 0,
  `generator` varchar(30) COLLATE utf8mb4_unicode_ci NOT NULL,
  `sequence` varchar(30) COLLATE utf8mb4_unicode_ci DEFAULT NULL,
  `visibility` varchar(30) COLLATE utf8mb4_unicode_ci NOT NULL DEFAULT 'restricted',
  `create_permission` varchar(30) COLLATE utf8mb4_unicode_ci DEFAULT NULL,
  `read_permission` varchar(30) COLLATE utf8mb4_unicode_ci DEFAULT NULL,
  `update_permission` varchar(30) COLLATE utf8mb4_unicode_ci DEFAULT NULL,
  `delete_permission` varchar(30) COLLATE utf8mb4_unicode_ci DEFAULT NULL,
  `enabled` tinyint(1) NOT NULL DEFAULT 1,
  `deprecated` tinyint(1) NOT NULL DEFAULT 0,
  `keyword` varchar(100) COLLATE utf8mb4_unicode_ci DEFAULT NULL
) ENGINE=InnoDB DEFAULT CHARSET=utf8mb4 COLLATE=utf8mb4_unicode_ci;

--
-- Dumping data for table `ark_model_schema`
--

INSERT INTO `ark_model_schema` (`schma`, `module`, `route`, `class_vocabulary`, `class_attribute`, `abstract`, `subclasses`, `generator`, `sequence`, `visibility`, `create_permission`, `read_permission`, `update_permission`, `delete_permission`, `enabled`, `deprecated`, `keyword`) VALUES
('core.actor', 'actor', NULL, 'core.actor.class', 'class', 0, 1, 'assigned', NULL, 'restricted', 'core.actor.create', 'core.actor.read', 'core.actor.update', 'core.actor.delete', 1, 0, 'core.actor'),
('core.event', 'event', NULL, 'core.event.class', 'class', 0, 0, 'sequence', 'id', 'restricted', 'core.event.create', 'core.event.read', 'core.event.update', 'core.event.delete', 1, 0, 'core.event'),
('core.file', 'file', NULL, 'core.file.class', 'class', 1, 1, 'sequence', 'id', 'restricted', 'core.file.create', 'core.event.read', 'core.file.update', 'core.file.delete', 1, 0, 'core.file'),
('core.message', 'message', NULL, 'core.message.class', 'class', 0, 1, 'sequence', 'id', 'restricted', 'core.message.create', 'core.message.read', 'core.message.update', 'core.message.delete', 1, 0, 'core.message'),
('core.page', 'page', NULL, 'core.page.class', 'class', 0, 0, 'assigned', NULL, 'public', 'core.page.create', NULL, 'core.page.update', 'core.page.delete', 1, 0, 'core.page'),
('dime.find', 'find', 'dime.finds.view', 'dime.find.class', 'class', 1, 0, 'sequence', 'id', 'public', 'dime.find.create', 'dime.find.read', 'dime.find.update', 'dime.find.delete', 1, 0, 'dime.find');

-- --------------------------------------------------------

--
-- Table structure for table `ark_model_subschema`
--

CREATE TABLE `ark_model_subschema` (
  `model` varchar(30) COLLATE utf8mb4_unicode_ci NOT NULL,
  `schma` varchar(30) COLLATE utf8mb4_unicode_ci NOT NULL,
  `class` varchar(30) COLLATE utf8mb4_unicode_ci NOT NULL,
  `subschema` varchar(30) COLLATE utf8mb4_unicode_ci NOT NULL,
  `enabled` tinyint(1) NOT NULL DEFAULT 1,
  `deprecated` tinyint(1) NOT NULL DEFAULT 0
) ENGINE=InnoDB DEFAULT CHARSET=utf8mb4 COLLATE=utf8mb4_unicode_ci;

-- --------------------------------------------------------

--
-- Table structure for table `ark_route`
--

CREATE TABLE `ark_route` (
  `route` varchar(30) COLLATE utf8mb4_unicode_ci NOT NULL,
  `collection` varchar(30) COLLATE utf8mb4_unicode_ci NOT NULL DEFAULT 'view',
  `can_get` tinyint(1) NOT NULL DEFAULT 1,
  `can_post` tinyint(1) NOT NULL DEFAULT 0,
  `view` varchar(30) COLLATE utf8mb4_unicode_ci DEFAULT NULL,
  `redirect` varchar(30) COLLATE utf8mb4_unicode_ci DEFAULT NULL,
  `controller` varchar(100) COLLATE utf8mb4_unicode_ci NOT NULL
) ENGINE=InnoDB DEFAULT CHARSET=utf8mb4 COLLATE=utf8mb4_unicode_ci;

--
-- Dumping data for table `ark_route`
--

INSERT INTO `ark_route` (`route`, `collection`, `can_get`, `can_post`, `view`, `redirect`, `controller`) VALUES
('core.admin', 'admin', 1, 0, 'dime_page_admin', NULL, 'DIME\\Controller\\View\\AdminHomeController'),
('core.admin.users', 'admin', 1, 1, 'dime_page_admin_user', NULL, 'DIME\\Controller\\View\\AdminUserController'),
('core.admin.users.register', 'admin', 1, 1, 'dime_page_admin_register', 'core.admin.users', 'DIME\\Controller\\View\\UserRegisterController'),
('core.api.file', 'api', 1, 1, NULL, NULL, 'DIME\\Controller\\API\\FileGetController'),
('core.api.image', 'api', 1, 0, NULL, NULL, 'ARK\\Framework\\ImageController'),
('core.user', 'user', 1, 1, NULL, NULL, ''),
('core.user.check', 'user', 1, 1, NULL, NULL, ''),
('core.user.confirm', 'user', 1, 0, 'core_page_user_confirm', NULL, 'DIME\\Controller\\View\\UserConfirmController'),
('core.user.login', 'user', 1, 0, 'core_page_user_login', NULL, 'DIME\\Controller\\View\\UserLoginController'),
('core.user.logout', 'user', 1, 1, NULL, NULL, ''),
('core.user.register', 'user', 1, 1, 'dime_page_user_register', 'dime.front', 'DIME\\Controller\\View\\UserRegisterController'),
('core.user.reset', 'user', 1, 1, 'core_page_user_reset', NULL, 'DIME\\Controller\\View\\UserResetController'),
('core.user.target', 'user', 1, 0, 'dime_page_home', NULL, 'DIME\\Controller\\View\\HomePageController'),
('dime.about', 'view', 1, 1, 'dime_page_static', NULL, 'DIME\\Controller\\View\\PageViewController'),
('dime.admin.museums', 'admin', 1, 1, 'dime_page_admin_museum', NULL, 'DIME\\Controller\\View\\AdminMuseumController'),
('dime.api.actor.item', 'api', 1, 1, 'dime_user_actor', NULL, 'DIME\\Controller\\API\\ActorController'),
('dime.api.actor.role.add', 'api', 0, 1, 'core_user_role_add', NULL, 'DIME\\Controller\\API\\ActorRoleAddController'),
('dime.api.events.get', 'api', 1, 0, NULL, NULL, 'DIME\\Controller\\API\\EventGetController'),
('dime.api.file.add', 'api', 0, 1, NULL, NULL, 'DIME\\Controller\\API\\FilePostController'),
('dime.api.file.get', 'api', 1, 0, NULL, NULL, 'DIME\\Controller\\API\\FileGetController'),
('dime.api.geo.choropleth', 'api', 1, 0, NULL, NULL, 'DIME\\Controller\\API\\ChoroplethController'),
('dime.api.geo.find', 'api', 0, 1, NULL, NULL, 'DIME\\Controller\\API\\GeoFindController'),
('dime.api.message.item', 'api', 1, 0, 'dime_message_item', NULL, 'DIME\\Controller\\API\\MessageController'),
('dime.api.message.read', 'api', 0, 1, NULL, NULL, 'DIME\\Controller\\API\\MessageReadController'),
('dime.api.museum.item', 'api', 1, 1, 'dime_museum_form', NULL, 'DIME\\Controller\\API\\MuseumController'),
('dime.api.page.content', 'api', 1, 1, NULL, NULL, 'DIME\\Controller\\API\\PageContentController'),
('dime.api.translation.message', 'api', 1, 1, NULL, NULL, 'DIME\\Controller\\API\\TranslationMessageController'),
('dime.api.user.password.set', 'api', 0, 1, 'core_user_password_set', NULL, 'DIME\\Controller\\API\\UserPasswordSetController'),
('dime.api.user.status', 'api', 1, 1, 'dime_user_status', NULL, 'DIME\\Controller\\API\\UserStatusController'),
('dime.api.vocabulary', 'api', 0, 1, NULL, NULL, 'DIME\\Controller\\API\\VocabularyController'),
('dime.detector', 'view', 1, 1, 'dime_page_static', NULL, 'DIME\\Controller\\View\\PageViewController'),
('dime.finds.add', 'view', 1, 1, 'dime_page_find_add', 'dime.finds.view', 'DIME\\Controller\\View\\FindAddController'),
('dime.finds.list', 'view', 1, 1, 'dime_page_find_list', NULL, 'DIME\\Controller\\View\\FindListController'),
('dime.finds.register', 'view', 1, 1, 'dime_page_find_register', NULL, 'DIME\\Controller\\View\\FindRegisterController'),
('dime.finds.view', 'view', 1, 1, 'dime_page_find', NULL, 'DIME\\Controller\\View\\FindViewController'),
('dime.front', 'view', 1, 0, 'dime_page_front', NULL, 'DIME\\Controller\\View\\FrontPageController'),
('dime.home', 'view', 1, 0, 'dime_page_home', NULL, 'DIME\\Controller\\View\\HomePageController'),
('dime.home.finds', 'view', 1, 1, 'dime_page_home_find_list', NULL, 'DIME\\Controller\\View\\FindListController'),
('dime.home.messages', 'view', 1, 1, 'dime_page_message', NULL, 'DIME\\Controller\\View\\MessagePageController'),
('dime.home.profile', 'view', 1, 1, 'dime_page_user_profile', NULL, 'DIME\\Controller\\View\\UserProfileController'),
('dime.news', 'view', 1, 0, 'dime_page_news', NULL, 'DIME\\Controller\\View\\NewsPageController'),
('dime.profiles.list', 'view', 1, 0, 'dime_page_profile_list', NULL, 'DIME\\Controller\\View\\ProfileListController'),
('dime.profiles.view', 'view', 1, 0, 'dime_page_profile', NULL, 'DIME\\Controller\\View\\ProfileViewController'),
('dime.research', 'view', 1, 1, 'dime_page_static', NULL, 'DIME\\Controller\\View\\PageViewController');

-- --------------------------------------------------------

--
-- Table structure for table `ark_route_parameter`
--

CREATE TABLE `ark_route_parameter` (
  `route` varchar(30) COLLATE utf8mb4_unicode_ci NOT NULL,
  `parameter` varchar(30) COLLATE utf8mb4_unicode_ci NOT NULL
) ENGINE=InnoDB DEFAULT CHARSET=utf8mb4 COLLATE=utf8mb4_unicode_ci;

-- --------------------------------------------------------

--
-- Table structure for table `ark_route_path`
--

CREATE TABLE `ark_route_path` (
  `route` varchar(30) COLLATE utf8mb4_unicode_ci NOT NULL,
  `language` varchar(10) COLLATE utf8mb4_unicode_ci NOT NULL DEFAULT 'en',
  `path` varchar(255) COLLATE utf8mb4_unicode_ci NOT NULL
) ENGINE=InnoDB DEFAULT CHARSET=utf8mb4 COLLATE=utf8mb4_unicode_ci;

--
-- Dumping data for table `ark_route_path`
--

INSERT INTO `ark_route_path` (`route`, `language`, `path`) VALUES
('core.admin', 'da', '/admin'),
('core.admin', 'en', '/admin'),
('core.admin.users', 'da', '/admin/brugere'),
('core.admin.users', 'en', '/admin/users'),
('core.admin.users.register', 'da', '/admin/brugere/register'),
('core.admin.users.register', 'en', '/admin/users/register'),
('core.api.file', 'da', '/filer/{id}'),
('core.api.file', 'en', '/files/{id}'),
('core.api.image', 'da', '/img/{server}/{image}'),
('core.api.image', 'en', '/img/{server}/{image}'),
('core.user', 'da', '/brugere'),
('core.user', 'en', '/users'),
('core.user.check', 'da', '/brugere/check'),
('core.user.check', 'en', '/users/check'),
('core.user.confirm', 'da', '/brugere/confirm'),
('core.user.confirm', 'en', '/users/confirm'),
('core.user.login', 'da', '/brugere/login'),
('core.user.login', 'en', '/users/login'),
('core.user.logout', 'da', '/brugere/logout'),
('core.user.logout', 'en', '/users/logout'),
('core.user.register', 'da', '/brugere/register'),
('core.user.register', 'en', '/users/register'),
('core.user.reset', 'da', '/brugere/reset'),
('core.user.reset', 'en', '/users/reset'),
('core.user.target', 'da', '/hjem'),
('core.user.target', 'en', '/home'),
('dime.about', 'da', '/om'),
('dime.about', 'en', '/about'),
('dime.admin.museums', 'da', '/admin/museer'),
('dime.admin.museums', 'en', '/admin/museums'),
('dime.api.actor.item', 'da', '/api/internal/actors/{id}'),
('dime.api.actor.role.add', 'da', '/api/internal/actors/{id}/roles/add'),
('dime.api.events.get', 'da', '/api/v2/events/{event}'),
('dime.api.file.add', 'da', '/api/internal/file'),
('dime.api.file.get', 'da', '/api/internal/file/{id}'),
('dime.api.geo.choropleth', 'da', '/api/geo/choropleth'),
('dime.api.geo.find', 'da', '/api/geo/find'),
('dime.api.message.item', 'da', '/api/internal/messages/{id}'),
('dime.api.message.read', 'da', '/api/internal/message/read'),
('dime.api.museum.item', 'da', '/api/internal/museums/{id}'),
('dime.api.page.content', 'da', '/api/internal/page/content'),
('dime.api.translation.message', 'da', '/api/internal/translations/{keyword}/languages/{language}'),
('dime.api.user.password.set', 'da', '/api/internal/users/{id}/password/set'),
('dime.api.user.status', 'da', '/api/internal/users/{id}/status'),
('dime.api.vocabulary', 'da', '/api/internal/vocabulary'),
('dime.detector', 'da', '/detektering'),
('dime.detector', 'en', '/detector'),
('dime.finds.add', 'da', '/fund/add'),
('dime.finds.add', 'en', '/finds/add'),
('dime.finds.list', 'da', '/fund'),
('dime.finds.list', 'en', '/finds'),
('dime.finds.register', 'da', '/fund/register'),
('dime.finds.register', 'en', '/finds/register'),
('dime.finds.view', 'da', '/fund/{id}'),
('dime.finds.view', 'en', '/finds/{id}'),
('dime.front', 'da', '/'),
('dime.front', 'en', '/'),
('dime.home', 'da', '/hjem'),
('dime.home', 'en', '/home'),
('dime.home.finds', 'da', '/hjem/fund'),
('dime.home.finds', 'en', '/home/finds'),
('dime.home.messages', 'da', '/hjem/beskeder'),
('dime.home.messages', 'en', '/home/messages'),
('dime.home.profile', 'da', '/hjem/brugerprofil'),
('dime.home.profile', 'en', '/home/profile'),
('dime.news', 'da', '/nyheder'),
('dime.news', 'en', '/news'),
('dime.profiles.list', 'da', '/brugerprofiler'),
('dime.profiles.list', 'en', '/profiles'),
('dime.profiles.view', 'da', '/brugerprofiler/{id}'),
('dime.profiles.view', 'en', '/profiles/{id}'),
('dime.research', 'da', '/forskning'),
('dime.research', 'en', '/research');

-- --------------------------------------------------------

--
-- Table structure for table `ark_security_grant`
--

CREATE TABLE `ark_security_grant` (
  `role` varchar(30) COLLATE utf8mb4_unicode_ci NOT NULL,
  `permission` varchar(30) COLLATE utf8mb4_unicode_ci NOT NULL
) ENGINE=InnoDB DEFAULT CHARSET=utf8mb4 COLLATE=utf8mb4_unicode_ci;

--
-- Dumping data for table `ark_security_grant`
--

INSERT INTO `ark_security_grant` (`role`, `permission`) VALUES
('admin', 'core.actor.read'),
('admin', 'core.actor.update'),
('admin', 'core.admin'),
('admin', 'core.admin.system'),
('admin', 'core.admin.user'),
('admin', 'core.file.read'),
('admin', 'core.message.read'),
('admin', 'core.message.update'),
('admin', 'core.page.read'),
('admin', 'dime.find.create'),
('admin', 'dime.find.filter.finder'),
('admin', 'dime.find.filter.museum'),
('admin', 'dime.find.home'),
('admin', 'dime.find.read'),
('admin', 'dime.find.read.case'),
('admin', 'dime.find.read.custody'),
('admin', 'dime.find.read.finddate'),
('admin', 'dime.find.read.finder'),
('admin', 'dime.find.read.location'),
('admin', 'dime.find.read.museum_id'),
('admin', 'dime.find.read.owner'),
('admin', 'dime.find.read.process'),
('admin', 'dime.find.read.publish'),
('admin', 'dime.find.read.status'),
('admin', 'dime.find.read.treasure'),
('admin', 'dime.find.register.any'),
('admin', 'dime.find.treasure.claim'),
('admin', 'dime.find.update'),
('admin', 'dime.find.update.case'),
('admin', 'dime.find.update.custody'),
('admin', 'dime.find.update.finddate'),
('admin', 'dime.find.update.finder'),
('admin', 'dime.find.update.location'),
('admin', 'dime.find.update.museum_id'),
('admin', 'dime.find.update.owner'),
('admin', 'dime.find.update.process'),
('admin', 'dime.find.update.publish'),
('admin', 'dime.find.update.treasure'),
('admin', 'dime.find.workflow.action'),
('admin', 'dime.find.workflow.action.any'),
('anonymous', 'core.actor.read'),
('anonymous', 'core.file.read'),
('anonymous', 'core.page.read'),
('anonymous', 'core.user.confirm'),
('anonymous', 'core.user.login'),
('anonymous', 'core.user.register'),
('anonymous', 'core.user.reset'),
('anonymous', 'dime.find.read'),
('appraiser', 'core.actor.read'),
('appraiser', 'core.actor.update'),
('appraiser', 'core.file.read'),
('appraiser', 'core.message.read'),
('appraiser', 'core.message.update'),
('appraiser', 'core.page.read'),
('appraiser', 'dime.find.filter.finder'),
('appraiser', 'dime.find.filter.museum'),
('appraiser', 'dime.find.home'),
('appraiser', 'dime.find.read'),
('appraiser', 'dime.find.read.case'),
('appraiser', 'dime.find.read.museum_id'),
('appraiser', 'dime.find.read.publish'),
('appraiser', 'dime.find.read.status'),
('appraiser', 'dime.find.update'),
('appraiser', 'dime.find.update.treasure'),
('curator', 'core.actor.read'),
('curator', 'core.actor.update'),
('curator', 'core.file.read'),
('curator', 'core.message.read'),
('curator', 'core.message.update'),
('curator', 'core.page.read'),
('curator', 'dime.find.filter.finder'),
('curator', 'dime.find.home'),
('curator', 'dime.find.read.case'),
('curator', 'dime.find.read.museum_id'),
('curator', 'dime.find.read.status'),
('detectorist', 'core.actor.read'),
('detectorist', 'core.actor.update'),
('detectorist', 'core.file.read'),
('detectorist', 'core.message.read'),
('detectorist', 'core.message.update'),
('detectorist', 'core.page.read'),
('detectorist', 'dime.find.create'),
('detectorist', 'dime.find.filter.museum'),
('detectorist', 'dime.find.home'),
('detectorist', 'dime.find.read'),
('detectorist', 'dime.find.read.case'),
('detectorist', 'dime.find.read.museum_id'),
('detectorist', 'dime.find.read.process'),
('detectorist', 'dime.find.read.publish'),
('detectorist', 'dime.find.read.status'),
('detectorist', 'dime.find.read.treasure'),
('detectorist', 'dime.find.update'),
('detectorist', 'dime.find.update.case'),
('detectorist', 'dime.find.update.publish'),
('detectorist', 'dime.find.workflow.action'),
('registrar', 'core.actor.read'),
('registrar', 'core.actor.update'),
('registrar', 'core.file.read'),
('registrar', 'core.message.read'),
('registrar', 'core.message.update'),
('registrar', 'dime.find.create'),
('registrar', 'dime.find.filter.finder'),
('registrar', 'dime.find.home'),
('registrar', 'dime.find.read'),
('registrar', 'dime.find.read.case'),
('registrar', 'dime.find.read.custody'),
('registrar', 'dime.find.read.finddate'),
('registrar', 'dime.find.read.finder'),
('registrar', 'dime.find.read.location'),
('registrar', 'dime.find.read.museum_id'),
('registrar', 'dime.find.read.owner'),
('registrar', 'dime.find.read.process'),
('registrar', 'dime.find.read.publish'),
('registrar', 'dime.find.read.status'),
('registrar', 'dime.find.read.treasure'),
('registrar', 'dime.find.register.any'),
('registrar', 'dime.find.treasure.claim'),
('registrar', 'dime.find.update'),
('registrar', 'dime.find.update.case'),
('registrar', 'dime.find.update.custody'),
('registrar', 'dime.find.update.finddate'),
('registrar', 'dime.find.update.finder'),
('registrar', 'dime.find.update.location'),
('registrar', 'dime.find.update.museum_id'),
('registrar', 'dime.find.update.owner'),
('registrar', 'dime.find.update.process'),
('registrar', 'dime.find.update.publish'),
('registrar', 'dime.find.update.treasure'),
('registrar', 'dime.find.workflow.action'),
('registrar', 'dime.find.workflow.action.any'),
('researcher', 'core.actor.read'),
('researcher', 'core.actor.update'),
('researcher', 'core.file.read'),
('researcher', 'core.message.read'),
('researcher', 'core.message.update'),
('researcher', 'core.page.read'),
('researcher', 'dime.find.home'),
('researcher', 'dime.find.read'),
('researcher', 'dime.find.read.case'),
('researcher', 'dime.find.read.finddate'),
('researcher', 'dime.find.read.location'),
('researcher', 'dime.find.read.museum_id'),
('researcher', 'dime.find.read.publish'),
('researcher', 'dime.find.read.status'),
('researcher', 'dime.find.read.treasure'),
('sysadmin', 'core.actor.read'),
('sysadmin', 'core.actor.update'),
('sysadmin', 'core.admin'),
('sysadmin', 'core.admin.system'),
('sysadmin', 'core.admin.user'),
('sysadmin', 'core.file.read'),
('sysadmin', 'core.message.read'),
('sysadmin', 'core.message.update'),
('sysadmin', 'core.page.read'),
('sysadmin', 'dime.find.create'),
('sysadmin', 'dime.find.filter.finder'),
('sysadmin', 'dime.find.filter.museum'),
('sysadmin', 'dime.find.home'),
('sysadmin', 'dime.find.read'),
('sysadmin', 'dime.find.read.case'),
('sysadmin', 'dime.find.read.custody'),
('sysadmin', 'dime.find.read.finddate'),
('sysadmin', 'dime.find.read.finder'),
('sysadmin', 'dime.find.read.location'),
('sysadmin', 'dime.find.read.museum_id'),
('sysadmin', 'dime.find.read.owner'),
('sysadmin', 'dime.find.read.process'),
('sysadmin', 'dime.find.read.publish'),
('sysadmin', 'dime.find.read.status'),
('sysadmin', 'dime.find.read.treasure'),
('sysadmin', 'dime.find.register.any'),
('sysadmin', 'dime.find.treasure.claim'),
('sysadmin', 'dime.find.update'),
('sysadmin', 'dime.find.update.case'),
('sysadmin', 'dime.find.update.custody'),
('sysadmin', 'dime.find.update.finddate'),
('sysadmin', 'dime.find.update.finder'),
('sysadmin', 'dime.find.update.location'),
('sysadmin', 'dime.find.update.museum_id'),
('sysadmin', 'dime.find.update.owner'),
('sysadmin', 'dime.find.update.process'),
('sysadmin', 'dime.find.update.publish'),
('sysadmin', 'dime.find.update.treasure'),
('sysadmin', 'dime.find.workflow.action'),
('user', 'core.actor.read'),
('user', 'core.actor.update'),
('user', 'core.file.read'),
('user', 'core.message.read'),
('user', 'core.message.update'),
('user', 'core.page.read');

-- --------------------------------------------------------

--
-- Table structure for table `ark_security_permission`
--

CREATE TABLE `ark_security_permission` (
  `permission` varchar(30) COLLATE utf8mb4_unicode_ci NOT NULL,
  `keyword` varchar(100) COLLATE utf8mb4_unicode_ci DEFAULT NULL,
  `enabled` tinyint(1) NOT NULL DEFAULT 1,
  `description` varchar(100) COLLATE utf8mb4_unicode_ci DEFAULT NULL
) ENGINE=InnoDB DEFAULT CHARSET=utf8mb4 COLLATE=utf8mb4_unicode_ci;

--
-- Dumping data for table `ark_security_permission`
--

INSERT INTO `ark_security_permission` (`permission`, `keyword`, `enabled`, `description`) VALUES
('core.actor.create', NULL, 1, NULL),
('core.actor.delete', NULL, 1, NULL),
('core.actor.read', NULL, 1, NULL),
('core.actor.register', NULL, 1, NULL),
('core.actor.update', NULL, 1, NULL),
('core.admin', NULL, 1, NULL),
('core.admin.system', NULL, 1, NULL),
('core.admin.user', NULL, 1, NULL),
('core.event.create', NULL, 1, NULL),
('core.event.delete', NULL, 1, NULL),
('core.event.read', NULL, 1, NULL),
('core.event.update', NULL, 1, NULL),
('core.file.create', NULL, 1, NULL),
('core.file.delete', NULL, 1, NULL),
('core.file.read', NULL, 1, NULL),
('core.file.update', NULL, 1, NULL),
('core.message.create', NULL, 1, NULL),
('core.message.delete', NULL, 1, NULL),
('core.message.read', NULL, 1, NULL),
('core.message.update', NULL, 1, NULL),
('core.page.create', NULL, 1, NULL),
('core.page.delete', NULL, 1, NULL),
('core.page.read', NULL, 1, NULL),
('core.page.update', NULL, 1, NULL),
('core.user.confirm', NULL, 1, NULL),
('core.user.login', NULL, 1, NULL),
('core.user.logout', NULL, 1, NULL),
('core.user.register', NULL, 1, NULL),
('core.user.reset', NULL, 1, NULL),
('dime.find.create', NULL, 1, NULL),
('dime.find.delete', NULL, 1, NULL),
('dime.find.filter.finder', NULL, 1, NULL),
('dime.find.filter.museum', NULL, 1, NULL),
('dime.find.home', NULL, 1, NULL),
('dime.find.read', NULL, 1, NULL),
('dime.find.read.case', NULL, 1, NULL),
('dime.find.read.custody', NULL, 1, NULL),
('dime.find.read.finddate', NULL, 1, NULL),
('dime.find.read.finder', NULL, 1, NULL),
('dime.find.read.location', NULL, 1, NULL),
('dime.find.read.museum_id', NULL, 1, NULL),
('dime.find.read.owner', NULL, 1, NULL),
('dime.find.read.process', NULL, 1, NULL),
('dime.find.read.publish', NULL, 1, NULL),
('dime.find.read.status', NULL, 1, NULL),
('dime.find.read.treasure', NULL, 1, NULL),
('dime.find.register.any', NULL, 1, NULL),
('dime.find.treasure.claim', NULL, 1, NULL),
('dime.find.update', NULL, 1, NULL),
('dime.find.update.case', NULL, 1, NULL),
('dime.find.update.custody', NULL, 1, NULL),
('dime.find.update.finddate', NULL, 1, NULL),
('dime.find.update.finder', NULL, 1, NULL),
('dime.find.update.location', NULL, 1, NULL),
('dime.find.update.museum_id', NULL, 1, NULL),
('dime.find.update.owner', NULL, 1, NULL),
('dime.find.update.process', NULL, 1, NULL),
('dime.find.update.publish', NULL, 1, NULL),
('dime.find.update.treasure', NULL, 1, NULL),
('dime.find.workflow.action', NULL, 1, NULL),
('dime.find.workflow.action.any', NULL, 1, NULL);

-- --------------------------------------------------------

--
-- Table structure for table `ark_security_role`
--

CREATE TABLE `ark_security_role` (
  `role` varchar(30) COLLATE utf8mb4_unicode_ci NOT NULL,
  `agent_for` varchar(30) COLLATE utf8mb4_unicode_ci DEFAULT NULL,
  `level` varchar(20) COLLATE utf8mb4_unicode_ci NOT NULL,
  `enabled` tinyint(1) NOT NULL DEFAULT 1,
  `keyword` varchar(100) COLLATE utf8mb4_unicode_ci DEFAULT NULL
) ENGINE=InnoDB DEFAULT CHARSET=utf8mb4 COLLATE=utf8mb4_unicode_ci;

--
-- Dumping data for table `ark_security_role`
--

INSERT INTO `ark_security_role` (`role`, `agent_for`, `level`, `enabled`, `keyword`) VALUES
('admin', NULL, 'ROLE_ADMIN', 1, 'core.role.admin'),
('anonymous', NULL, 'ROLE_ANON', 1, 'core.role.anon'),
('appraiser', 'museum', 'ROLE_USER', 1, 'dime.role.appraiser'),
('curator', 'museum', 'ROLE_USER', 1, 'dime.role.curator'),
('detectorist', NULL, 'ROLE_USER', 1, 'dime.role.detectorist'),
('registrar', 'museum', 'ROLE_USER', 1, 'dime.role.registrar'),
('researcher', 'museum', 'ROLE_USER', 1, 'dime.role.researcher'),
('sysadmin', NULL, 'ROLE_SUPER_ADMIN', 1, 'core.role.admin'),
('user', NULL, 'ROLE_USER', 1, 'core.role.user');

-- --------------------------------------------------------

--
-- Table structure for table `ark_translation_domain`
--

CREATE TABLE `ark_translation_domain` (
  `domain` varchar(30) COLLATE utf8mb4_unicode_ci NOT NULL,
  `keyword` varchar(100) COLLATE utf8mb4_unicode_ci DEFAULT NULL
) ENGINE=InnoDB DEFAULT CHARSET=utf8mb4 COLLATE=utf8mb4_unicode_ci;

--
-- Dumping data for table `ark_translation_domain`
--

INSERT INTO `ark_translation_domain` (`domain`, `keyword`) VALUES
('core', 'translation.domain.core'),
('dime', 'translation.domain.dime'),
('security', 'translation.domain.security'),
('validators', 'translation.domain.validators'),
('vocabulary', 'translation.domain.vocabulary');

-- --------------------------------------------------------

--
-- Table structure for table `ark_translation_keyword`
--

CREATE TABLE `ark_translation_keyword` (
  `keyword` varchar(100) COLLATE utf8mb4_unicode_ci NOT NULL,
  `domain` varchar(30) COLLATE utf8mb4_unicode_ci NOT NULL,
  `is_plural` tinyint(1) NOT NULL DEFAULT 0,
  `has_parameters` tinyint(1) NOT NULL DEFAULT 0
) ENGINE=InnoDB DEFAULT CHARSET=utf8mb4 COLLATE=utf8mb4_unicode_ci;

--
-- Dumping data for table `ark_translation_keyword`
--

INSERT INTO `ark_translation_keyword` (`keyword`, `domain`, `is_plural`, `has_parameters`) VALUES
('core.action.disable', 'core', 0, 0),
('core.action.edit', 'core', 0, 0),
('core.action.enable', 'vocabulary', 0, 0),
('core.action.expire', 'core', 0, 0),
('core.action.lock', 'vocabulary', 0, 0),
('core.action.redact', 'core', 0, 0),
('core.action.register', 'core', 0, 0),
('core.action.reject', 'core', 0, 0),
('core.action.select', 'core', 0, 0),
('core.action.suspend', 'core', 0, 0),
('core.action.verify', 'core', 0, 0),
('core.action.view', 'core', 0, 0),
('core.action.view1', 'core', 0, 0),
('core.actor', 'core', 0, 0),
('core.actor.address', 'core', 0, 0),
('core.actor.avatar', 'core', 0, 0),
('core.actor.biography', 'core', 0, 0),
('core.actor.class', 'vocabulary', 0, 0),
('core.actor.class.museum', 'vocabulary', 0, 0),
('core.actor.class.person', 'vocabulary', 0, 0),
('core.actor.email', 'core', 0, 0),
('core.actor.event', 'vocabulary', 0, 0),
('core.actor.event.disabled', 'vocabulary', 0, 0),
('core.actor.event.enabled', 'vocabulary', 0, 0),
('core.actor.event.expired', 'vocabulary', 0, 0),
('core.actor.event.registered', 'vocabulary', 0, 0),
('core.actor.event.suspended', 'vocabulary', 0, 0),
('core.actor.event.verified', 'vocabulary', 0, 0),
('core.actor.format', 'core', 0, 0),
('core.actor.fullname', 'core', 0, 0),
('core.actor.id', 'core', 0, 0),
('core.actor.initials', 'core', 0, 0),
('core.actor.license', 'core', 0, 0),
('core.actor.module', 'core', 0, 0),
('core.actor.person', 'core', 0, 0),
('core.actor.schema', 'core', 0, 0),
('core.actor.shortname', 'core', 0, 0),
('core.actor.telephone', 'core', 0, 0),
('core.actor.visibility', 'core', 0, 0),
('core.admin', 'core', 0, 0),
('core.admin.user.register', 'dime', 0, 0),
('core.blank', 'core', 0, 0),
('core.button.apply', 'core', 0, 0),
('core.button.change', 'core', 0, 0),
('core.button.clear', 'core', 0, 0),
('core.button.clone', 'core', 0, 0),
('core.button.save', 'core', 0, 0),
('core.button.search', 'core', 0, 0),
('core.button.select', 'core', 0, 0),
('core.button.send', 'core', 0, 0),
('core.csv.enclosure', 'core', 0, 0),
('core.csv.filename', 'core', 0, 0),
('core.csv.separator', 'core', 0, 0),
('core.datatype.blob', 'vocabulary', 0, 0),
('core.datatype.boolean', 'vocabulary', 0, 0),
('core.datatype.date', 'vocabulary', 0, 0),
('core.datatype.datetime', 'vocabulary', 0, 0),
('core.datatype.decimal', 'vocabulary', 0, 0),
('core.datatype.float', 'vocabulary', 0, 0),
('core.datatype.integer', 'vocabulary', 0, 0),
('core.datatype.item', 'vocabulary', 0, 0),
('core.datatype.spatial', 'vocabulary', 0, 0),
('core.datatype.string', 'vocabulary', 0, 0),
('core.datatype.structure', 'vocabulary', 0, 0),
('core.datatype.text', 'vocabulary', 0, 0),
('core.datatype.time', 'vocabulary', 0, 0),
('core.error.form.invalid', 'dime', 0, 0),
('core.error.form.invalid.error', 'dime', 0, 0),
('core.event', 'core', 0, 0),
('core.event.agent', 'core', 0, 0),
('core.event.class', 'core', 0, 0),
('core.event.class.viewed', 'core', 0, 0),
('core.event.edited', 'core', 0, 0),
('core.event.id', 'core', 0, 0),
('core.event.object', 'core', 0, 0),
('core.event.occurred', 'core', 0, 0),
('core.event.resource', 'dime', 0, 0),
('core.events', 'core', 0, 0),
('core.file', 'core', 0, 0),
('core.file.class', 'core', 0, 0),
('core.file.class.audio', 'vocabulary', 0, 0),
('core.file.class.document', 'vocabulary', 0, 0),
('core.file.class.image', 'vocabulary', 0, 0),
('core.file.class.other', 'vocabulary', 0, 0),
('core.file.class.text', 'vocabulary', 0, 0),
('core.file.class.video', 'vocabulary', 0, 0),
('core.file.copyright', 'core', 0, 0),
('core.file.description', 'core', 0, 0),
('core.file.id', 'core', 0, 0),
('core.file.mediatype', 'core', 0, 0),
('core.file.status', 'core', 0, 0),
('core.file.status.checkedin', 'vocabulary', 0, 0),
('core.file.status.checkedout', 'vocabulary', 0, 0),
('core.file.status.expired', 'vocabulary', 0, 0),
('core.file.status.locked', 'vocabulary', 0, 0),
('core.file.status.new', 'vocabulary', 0, 0),
('core.file.title', 'core', 0, 0),
('core.file.type.text', 'core', 0, 0),
('core.file.type.video', 'core', 0, 0),
('core.file.versions', 'core', 0, 0),
('core.form.mode', 'core', 0, 0),
('core.form.mode.active', 'vocabulary', 0, 0),
('core.form.mode.disabled', 'vocabulary', 0, 0),
('core.form.mode.excluded', 'vocabulary', 0, 0),
('core.form.mode.hidden', 'vocabulary', 0, 0),
('core.form.mode.readonly', 'vocabulary', 0, 0),
('core.form.mode.static', 'vocabulary', 0, 0),
('core.format.dating.type', 'core', 0, 0),
('core.item.status', 'core', 0, 0),
('core.item.status.allocated', 'vocabulary', 0, 0),
('core.item.status.deleted', 'vocabulary', 0, 0),
('core.item.status.registered', 'vocabulary', 0, 0),
('core.item.status.void', 'vocabulary', 0, 0),
('core.license.cc0', 'vocabulary', 0, 0),
('core.license.ccbyncsa', 'vocabulary', 0, 0),
('core.license.ccbysa', 'vocabulary', 0, 0),
('core.mediatype.image.jpeg', 'vocabulary', 0, 0),
('core.mediatype.image.png', 'vocabulary', 0, 0),
('core.mediatype.text.html', 'vocabulary', 0, 0),
('core.mediatype.text.plain', 'vocabulary', 0, 0),
('core.message', 'core', 0, 0),
('core.message.allmessages', 'core', 0, 0),
('core.message.body', 'core', 0, 0),
('core.message.class', 'vocabulary', 0, 0),
('core.message.class.mail', 'vocabulary', 0, 0),
('core.message.class.notification', 'vocabulary', 0, 0),
('core.message.id', 'core', 0, 0),
('core.message.mail.attachments', 'core', 0, 0),
('core.message.messages', 'core', 0, 0),
('core.message.messages.new', 'core', 0, 0),
('core.message.newmessages', 'core', 0, 0),
('core.message.notification.body', 'core', 0, 0),
('core.message.notification.event', 'core', 0, 0),
('core.message.notshown', 'core', 0, 0),
('core.message.recipient.status', 'vocabulary', 0, 0),
('core.message.recipient.status.discarded', 'vocabulary', 0, 0),
('core.message.recipient.status.read', 'vocabulary', 0, 0),
('core.message.recipient.status.unread', 'vocabulary', 0, 0),
('core.message.recipients', 'core', 0, 0),
('core.message.sender', 'core', 0, 0),
('core.message.sent_at', 'core', 0, 0),
('core.message.status', 'vocabulary', 0, 0),
('core.message.status.draft', 'vocabulary', 0, 0),
('core.message.status.read', 'vocabulary', 0, 0),
('core.message.status.sent', 'vocabulary', 0, 0),
('core.message.subject', 'core', 0, 0),
('core.message.type', 'dime', 0, 0),
('core.page', 'core', 0, 0),
('core.page.id', 'core', 0, 0),
('core.placeholder', 'dime', 0, 0),
('core.profile', 'core', 0, 0),
('core.profiles', 'core', 0, 0),
('core.role.admin', 'core', 0, 0),
('core.role.anon', 'core', 0, 0),
('core.role.anonymous', 'core', 0, 0),
('core.role.user', 'core', 0, 0),
('core.security.user', 'core', 0, 0),
('core.security.user.status', 'core', 0, 0),
('core.security.user.status.approved', 'core', 0, 0),
('core.security.user.status.closed', 'core', 0, 0),
('core.security.user.status.disabled', 'core', 0, 0),
('core.security.user.status.enabled', 'core', 0, 0),
('core.security.user.status.expired', 'core', 0, 0),
('core.security.user.status.locked', 'core', 0, 0),
('core.security.user.status.new', 'core', 0, 0),
('core.security.user.status.registered', 'core', 0, 0),
('core.security.user.status.suspended', 'core', 0, 0),
('core.security.user.status.verified', 'core', 0, 0),
('core.user', 'core', 0, 0),
('core.user.agree', 'core', 0, 0),
('core.user.email', 'core', 0, 0),
('core.user.email.repeat', 'core', 0, 0),
('core.user.login', 'core', 0, 0),
('core.user.login.heading', 'dime', 0, 0),
('core.user.login.notregistered', 'dime', 0, 0),
('core.user.login.register', 'dime', 0, 0),
('core.user.name', 'core', 0, 0),
('core.user.password', 'core', 0, 0),
('core.user.password.change', 'core', 0, 0),
('core.user.password.change.success', 'core', 0, 0),
('core.user.password.current', 'core', 0, 0),
('core.user.password.forgot', 'core', 0, 0),
('core.user.password.new', 'core', 0, 0),
('core.user.password.repeat', 'core', 0, 0),
('core.user.password.set', 'core', 0, 0),
('core.user.profile', 'core', 0, 0),
('core.user.register', 'core', 0, 0),
('core.user.register.existing', 'core', 0, 0),
('core.user.register.faq', 'core', 0, 0),
('core.user.register.heading', 'core', 0, 0),
('core.user.register.loggedin', 'core', 0, 0),
('core.user.register.login', 'core', 0, 0),
('core.user.register.logout', 'core', 0, 0),
('core.user.register.success', 'core', 0, 0),
('core.user.reset', 'core', 0, 0),
('core.user.reset.heading', 'core', 0, 0),
('core.user.reset.notregistered', 'core', 0, 0),
('core.user.reset.register', 'core', 0, 0),
('core.user.reset.reset', 'core', 0, 0),
('core.user.role', 'dime', 0, 0),
('core.user.role.add', 'dime', 0, 0),
('core.user.role.expiry', 'dime', 0, 0),
('core.user.terms', 'vocabulary', 0, 0),
('core.user.terms.agree', 'dime', 0, 0),
('core.user.terms.v1', 'vocabulary', 0, 0),
('core.user.username', 'core', 0, 0),
('core.users', 'core', 0, 0),
('core.visibility', 'vocabulary', 0, 0),
('core.visibility.private', 'vocabulary', 0, 0),
('core.visibility.public', 'vocabulary', 0, 0),
('core.visibility.restricted', 'vocabulary', 0, 0),
('core.vocabulary.mediatype', 'core', 0, 0),
('core.vocabulary.type.list', 'core', 0, 0),
('core.vocabulary.type.ring', 'core', 0, 0),
('core.vocabulary.type.taxonomy', 'core', 0, 0),
('core.vocabulary.type.thesaurus', 'core', 0, 0),
('core.widget.comments', 'core', 0, 0),
('core.widget.send', 'core', 0, 0),
('core.widget.submit', 'core', 0, 0),
('core.workflow.action', 'core', 0, 0),
('core.workflow.role', 'core', 0, 0),
('country.afghanistan', 'vocabulary', 0, 0),
('country.alandislands', 'vocabulary', 0, 0),
('country.albania', 'vocabulary', 0, 0),
('country.algeria', 'vocabulary', 0, 0),
('country.americansamoa', 'vocabulary', 0, 0),
('country.andorra', 'vocabulary', 0, 0),
('country.angola', 'vocabulary', 0, 0),
('country.anguilla', 'vocabulary', 0, 0),
('country.antarctica', 'vocabulary', 0, 0),
('country.antigua', 'vocabulary', 0, 0),
('country.argentina', 'vocabulary', 0, 0),
('country.armenia', 'vocabulary', 0, 0),
('country.aruba', 'vocabulary', 0, 0),
('country.australia', 'vocabulary', 0, 0),
('country.austria', 'vocabulary', 0, 0),
('country.azerbaijan', 'vocabulary', 0, 0),
('country.bahamas', 'vocabulary', 0, 0),
('country.bahrain', 'vocabulary', 0, 0),
('country.bangladesh', 'vocabulary', 0, 0),
('country.barbados', 'vocabulary', 0, 0),
('country.belarus', 'vocabulary', 0, 0),
('country.belgium', 'vocabulary', 0, 0),
('country.belize', 'vocabulary', 0, 0),
('country.benin', 'vocabulary', 0, 0),
('country.bermuda', 'vocabulary', 0, 0),
('country.bhutan', 'vocabulary', 0, 0),
('country.bolivia', 'vocabulary', 0, 0),
('country.bonaire', 'vocabulary', 0, 0),
('country.bosniaherzegovina', 'vocabulary', 0, 0),
('country.botswana', 'vocabulary', 0, 0),
('country.brazil', 'vocabulary', 0, 0),
('country.britishvirginislands', 'vocabulary', 0, 0),
('country.brunei', 'vocabulary', 0, 0),
('country.bulgaria', 'vocabulary', 0, 0),
('country.burkinafaso', 'vocabulary', 0, 0),
('country.burundi', 'vocabulary', 0, 0),
('country.caboverde', 'vocabulary', 0, 0),
('country.cambodia', 'vocabulary', 0, 0),
('country.cameroon', 'vocabulary', 0, 0),
('country.canada', 'vocabulary', 0, 0),
('country.caymanislands', 'vocabulary', 0, 0),
('country.centralafricanrepublic', 'vocabulary', 0, 0),
('country.chad', 'vocabulary', 0, 0),
('country.chile', 'vocabulary', 0, 0),
('country.china', 'vocabulary', 0, 0),
('country.christmasisland', 'vocabulary', 0, 0),
('country.cocosislands', 'vocabulary', 0, 0),
('country.colombia', 'vocabulary', 0, 0),
('country.comoros', 'vocabulary', 0, 0),
('country.congo', 'vocabulary', 0, 0),
('country.cookislands', 'vocabulary', 0, 0),
('country.costarica', 'vocabulary', 0, 0),
('country.cotedivoire', 'vocabulary', 0, 0),
('country.croatia', 'vocabulary', 0, 0),
('country.cuba', 'vocabulary', 0, 0),
('country.curacao', 'vocabulary', 0, 0),
('country.cyprus', 'vocabulary', 0, 0),
('country.czechrepublic', 'vocabulary', 0, 0),
('country.democraticrepubliccongo', 'vocabulary', 0, 0),
('country.denmark', 'vocabulary', 0, 0),
('country.djibouti', 'vocabulary', 0, 0),
('country.dominica', 'vocabulary', 0, 0),
('country.dominicanrepublic', 'vocabulary', 0, 0),
('country.ecuador', 'vocabulary', 0, 0),
('country.egypt', 'vocabulary', 0, 0),
('country.elsalvador', 'vocabulary', 0, 0),
('country.equatorialguinea', 'vocabulary', 0, 0),
('country.eritrea', 'vocabulary', 0, 0),
('country.estonia', 'vocabulary', 0, 0),
('country.ethiopia', 'vocabulary', 0, 0),
('country.falklandislands', 'vocabulary', 0, 0),
('country.faroeislands', 'vocabulary', 0, 0),
('country.fiji', 'vocabulary', 0, 0),
('country.finland', 'vocabulary', 0, 0),
('country.france', 'vocabulary', 0, 0),
('country.frenchguiana', 'vocabulary', 0, 0),
('country.frenchpolynesia', 'vocabulary', 0, 0),
('country.gabon', 'vocabulary', 0, 0),
('country.gambia', 'vocabulary', 0, 0),
('country.georgia', 'vocabulary', 0, 0),
('country.germany', 'vocabulary', 0, 0),
('country.ghana', 'vocabulary', 0, 0),
('country.gibraltar', 'vocabulary', 0, 0),
('country.greece', 'vocabulary', 0, 0),
('country.greenland', 'vocabulary', 0, 0),
('country.grenada', 'vocabulary', 0, 0),
('country.guadeloupe', 'vocabulary', 0, 0),
('country.guam', 'vocabulary', 0, 0),
('country.guatemala', 'vocabulary', 0, 0),
('country.guernsey', 'vocabulary', 0, 0),
('country.guinea', 'vocabulary', 0, 0),
('country.guinea-bissau', 'vocabulary', 0, 0),
('country.guyana', 'vocabulary', 0, 0),
('country.haiti', 'vocabulary', 0, 0),
('country.honduras', 'vocabulary', 0, 0),
('country.hongkong', 'vocabulary', 0, 0),
('country.hungary', 'vocabulary', 0, 0),
('country.iceland', 'vocabulary', 0, 0),
('country.india', 'vocabulary', 0, 0),
('country.indonesia', 'vocabulary', 0, 0),
('country.iran', 'vocabulary', 0, 0),
('country.iraq', 'vocabulary', 0, 0),
('country.ireland', 'vocabulary', 0, 0),
('country.isleofman', 'vocabulary', 0, 0),
('country.israel', 'vocabulary', 0, 0),
('country.italy', 'vocabulary', 0, 0),
('country.jamaica', 'vocabulary', 0, 0),
('country.japan', 'vocabulary', 0, 0),
('country.jersey', 'vocabulary', 0, 0),
('country.jordan', 'vocabulary', 0, 0),
('country.kazakhstan', 'vocabulary', 0, 0),
('country.kenya', 'vocabulary', 0, 0),
('country.kiribati', 'vocabulary', 0, 0),
('country.kuwait', 'vocabulary', 0, 0),
('country.kyrgyzstan', 'vocabulary', 0, 0),
('country.lao', 'vocabulary', 0, 0),
('country.latvia', 'vocabulary', 0, 0),
('country.lebanon', 'vocabulary', 0, 0),
('country.lesotho', 'vocabulary', 0, 0),
('country.liberia', 'vocabulary', 0, 0),
('country.libya', 'vocabulary', 0, 0),
('country.liechtenstein', 'vocabulary', 0, 0),
('country.lithuania', 'vocabulary', 0, 0),
('country.luxembourg', 'vocabulary', 0, 0),
('country.macao', 'vocabulary', 0, 0),
('country.macedonia', 'vocabulary', 0, 0),
('country.madagascar', 'vocabulary', 0, 0),
('country.malawi', 'vocabulary', 0, 0),
('country.malaysia', 'vocabulary', 0, 0),
('country.maldives', 'vocabulary', 0, 0),
('country.mali', 'vocabulary', 0, 0),
('country.malta', 'vocabulary', 0, 0),
('country.marshallislands', 'vocabulary', 0, 0),
('country.martinique', 'vocabulary', 0, 0),
('country.mauritania', 'vocabulary', 0, 0),
('country.mauritius', 'vocabulary', 0, 0),
('country.mayotte', 'vocabulary', 0, 0),
('country.mexico', 'vocabulary', 0, 0),
('country.micronesia', 'vocabulary', 0, 0),
('country.moldova', 'vocabulary', 0, 0),
('country.monaco', 'vocabulary', 0, 0),
('country.mongolia', 'vocabulary', 0, 0),
('country.montenegro', 'vocabulary', 0, 0),
('country.montserrat', 'vocabulary', 0, 0),
('country.morocco', 'vocabulary', 0, 0),
('country.mozambique', 'vocabulary', 0, 0),
('country.myanmar', 'vocabulary', 0, 0),
('country.namibia', 'vocabulary', 0, 0),
('country.nauru', 'vocabulary', 0, 0),
('country.nepal', 'vocabulary', 0, 0),
('country.netherlands', 'vocabulary', 0, 0),
('country.newcaledonia', 'vocabulary', 0, 0),
('country.newzealand', 'vocabulary', 0, 0),
('country.nicaragua', 'vocabulary', 0, 0),
('country.niger', 'vocabulary', 0, 0),
('country.nigeria', 'vocabulary', 0, 0),
('country.niue', 'vocabulary', 0, 0),
('country.norfolkisland', 'vocabulary', 0, 0),
('country.northernmarianaislands', 'vocabulary', 0, 0),
('country.northkorea', 'vocabulary', 0, 0),
('country.norway', 'vocabulary', 0, 0),
('country.oman', 'vocabulary', 0, 0),
('country.pakistan', 'vocabulary', 0, 0),
('country.palau', 'vocabulary', 0, 0),
('country.palestine', 'vocabulary', 0, 0),
('country.panama', 'vocabulary', 0, 0),
('country.papuanewguinea', 'vocabulary', 0, 0),
('country.paraguay', 'vocabulary', 0, 0),
('country.peru', 'vocabulary', 0, 0),
('country.philippines', 'vocabulary', 0, 0),
('country.pitcairn', 'vocabulary', 0, 0),
('country.poland', 'vocabulary', 0, 0),
('country.portugal', 'vocabulary', 0, 0),
('country.puertorico', 'vocabulary', 0, 0),
('country.qatar', 'vocabulary', 0, 0),
('country.reunion', 'vocabulary', 0, 0),
('country.romania', 'vocabulary', 0, 0),
('country.russia', 'vocabulary', 0, 0),
('country.rwanda', 'vocabulary', 0, 0),
('country.saintbarthelemy', 'vocabulary', 0, 0),
('country.sainthelena', 'vocabulary', 0, 0),
('country.saintkitts', 'vocabulary', 0, 0),
('country.saintlucia', 'vocabulary', 0, 0),
('country.saintmartin', 'vocabulary', 0, 0),
('country.saintpierremiquelon', 'vocabulary', 0, 0),
('country.saintvincent', 'vocabulary', 0, 0),
('country.samoa', 'vocabulary', 0, 0),
('country.sanmarino', 'vocabulary', 0, 0),
('country.saotome', 'vocabulary', 0, 0),
('country.saudiarabia', 'vocabulary', 0, 0),
('country.senegal', 'vocabulary', 0, 0),
('country.serbia', 'vocabulary', 0, 0),
('country.seychelles', 'vocabulary', 0, 0),
('country.sierraleone', 'vocabulary', 0, 0),
('country.singapore', 'vocabulary', 0, 0),
('country.sintmaarten', 'vocabulary', 0, 0),
('country.slovakia', 'vocabulary', 0, 0),
('country.slovenia', 'vocabulary', 0, 0),
('country.solomonislands', 'vocabulary', 0, 0),
('country.somalia', 'vocabulary', 0, 0),
('country.southafrica', 'vocabulary', 0, 0),
('country.southgeorgia', 'vocabulary', 0, 0),
('country.southkorea', 'vocabulary', 0, 0),
('country.southsudan', 'vocabulary', 0, 0),
('country.spain', 'vocabulary', 0, 0),
('country.srilanka', 'vocabulary', 0, 0),
('country.sudan', 'vocabulary', 0, 0),
('country.suriname', 'vocabulary', 0, 0),
('country.svalbard', 'vocabulary', 0, 0),
('country.swaziland', 'vocabulary', 0, 0),
('country.sweden', 'vocabulary', 0, 0),
('country.switzerland', 'vocabulary', 0, 0),
('country.syria', 'vocabulary', 0, 0),
('country.taiwan', 'vocabulary', 0, 0),
('country.tajikistan', 'vocabulary', 0, 0),
('country.tanzania', 'vocabulary', 0, 0),
('country.thailand', 'vocabulary', 0, 0),
('country.timorleste', 'vocabulary', 0, 0),
('country.togo', 'vocabulary', 0, 0),
('country.tokelau', 'vocabulary', 0, 0),
('country.tonga', 'vocabulary', 0, 0),
('country.trinidadtobago', 'vocabulary', 0, 0),
('country.tunisia', 'vocabulary', 0, 0),
('country.turkey', 'vocabulary', 0, 0),
('country.turkmenistan', 'vocabulary', 0, 0),
('country.turkscaicos', 'vocabulary', 0, 0),
('country.tuvalu', 'vocabulary', 0, 0),
('country.uganda', 'vocabulary', 0, 0),
('country.ukraine', 'vocabulary', 0, 0),
('country.unitedarabemirates', 'vocabulary', 0, 0),
('country.unitedkingdom', 'vocabulary', 0, 0),
('country.unitedstatesamerica', 'vocabulary', 0, 0),
('country.uruguay', 'vocabulary', 0, 0),
('country.usvirginislands', 'vocabulary', 0, 0),
('country.uzbekistan', 'vocabulary', 0, 0),
('country.vanuatu', 'vocabulary', 0, 0),
('country.vatican', 'vocabulary', 0, 0),
('country.venezuela', 'vocabulary', 0, 0),
('country.vietnam', 'vocabulary', 0, 0),
('country.wallisfutuna', 'vocabulary', 0, 0),
('country.westernsahara', 'vocabulary', 0, 0),
('country.yemen', 'vocabulary', 0, 0),
('country.zambia', 'vocabulary', 0, 0),
('country.zimbabwe', 'vocabulary', 0, 0),
('dime.about', 'dime', 0, 0),
('dime.about.background', 'dime', 0, 0),
('dime.about.groups', 'dime', 0, 0),
('dime.about.hevn', 'dime', 0, 0),
('dime.about.hevntext', 'dime', 0, 0),
('dime.about.instructions', 'dime', 0, 0),
('dime.about.museums', 'dime', 0, 0),
('dime.about.partners', 'dime', 0, 0),
('dime.action.accession', 'dime', 0, 0),
('dime.action.activate', 'dime', 0, 0),
('dime.action.agree', 'dime', 0, 0),
('dime.action.annotate', 'dime', 0, 0),
('dime.action.appraise', 'dime', 0, 0),
('dime.action.approve', 'dime', 0, 0),
('dime.action.assess', 'dime', 0, 0),
('dime.action.cancel', 'dime', 0, 0),
('dime.action.cite', 'dime', 0, 0),
('dime.action.claim', 'dime', 0, 0),
('dime.action.classify', 'dime', 0, 0),
('dime.action.comment', 'dime', 0, 0),
('dime.action.conserve', 'dime', 0, 0),
('dime.action.contact', 'dime', 0, 0),
('dime.action.date', 'dime', 0, 0),
('dime.action.decline', 'dime', 0, 0),
('dime.action.delete', 'dime', 0, 0),
('dime.action.describe', 'dime', 0, 0),
('dime.action.destroy', 'dime', 0, 0),
('dime.action.disagree', 'dime', 0, 0),
('dime.action.discard', 'dime', 0, 0),
('dime.action.edit', 'dime', 0, 0),
('dime.action.erase', 'dime', 0, 0),
('dime.action.evaluate', 'dime', 0, 0),
('dime.action.export', 'dime', 0, 0),
('dime.action.follow', 'dime', 0, 0),
('dime.action.identify', 'dime', 0, 0),
('dime.action.like', 'dime', 0, 0),
('dime.action.loan', 'dime', 0, 0),
('dime.action.lose', 'dime', 0, 0),
('dime.action.notify', 'dime', 0, 0),
('dime.action.publish', 'dime', 0, 0),
('dime.action.receive', 'dime', 0, 0),
('dime.action.record', 'dime', 0, 0),
('dime.action.recover', 'dime', 0, 0),
('dime.action.redact', 'dime', 0, 0),
('dime.action.refer', 'dime', 0, 0),
('dime.action.register', 'dime', 0, 0),
('dime.action.reject', 'dime', 0, 0),
('dime.action.release', 'dime', 0, 0),
('dime.action.report', 'dime', 0, 0),
('dime.action.request', 'dime', 0, 0),
('dime.action.restore', 'dime', 0, 0),
('dime.action.reward', 'dime', 0, 0),
('dime.action.send', 'dime', 0, 0),
('dime.action.share', 'dime', 0, 0),
('dime.action.submit', 'dime', 0, 0),
('dime.action.subscribe', 'dime', 0, 0),
('dime.action.suspend', 'dime', 0, 0),
('dime.action.transfer', 'dime', 0, 0),
('dime.action.validate', 'dime', 0, 0),
('dime.action.view', 'dime', 0, 0),
('dime.action.withdraw', 'dime', 0, 0),
('dime.action.withhold', 'dime', 0, 0),
('dime.actions', 'dime', 0, 0),
('dime.actor.municipalities', 'dime', 0, 0),
('dime.actor.municipality', 'dime', 0, 0),
('dime.actor.participating', 'dime', 0, 0),
('dime.admin.museums', 'dime', 0, 0),
('dime.admin.users', 'dime', 0, 0),
('dime.admin.users.register', 'dime', 0, 0),
('dime.background', 'dime', 0, 0),
('dime.claim', 'dime', 0, 0),
('dime.classification.explaination', 'dime', 0, 0),
('dime.close', 'dime', 0, 0),
('dime.confirm', 'dime', 0, 0),
('dime.confirmfiledeletion', 'dime', 0, 0),
('dime.confirmnavigation', 'dime', 0, 0),
('dime.controls', 'dime', 0, 0),
('dime.copyright', 'dime', 0, 0),
('dime.credits', 'dime', 0, 0),
('dime.dating', 'dime', 0, 0),
('dime.dating.from', 'dime', 0, 0),
('dime.dating.period', 'dime', 0, 0),
('dime.dating.to', 'dime', 0, 0),
('dime.dating.year', 'dime', 0, 0),
('dime.denmark.admin', 'dime', 0, 0),
('dime.denmark.admin.denmark', 'dime', 0, 0),
('dime.denmark.municipality', 'dime', 0, 0),
('dime.denmark.region', 'dime', 0, 0),
('dime.detector', 'dime', 0, 0),
('dime.dropdown.undef', 'dime', 0, 0),
('dime.exhibits', 'dime', 0, 0),
('dime.exhibits.forests', 'dime', 0, 0),
('dime.exhibits.weapons', 'dime', 0, 0),
('dime.find', 'dime', 0, 0),
('dime.find.add', 'dime', 0, 0),
('dime.find.add.success', 'dime', 0, 0),
('dime.find.artefact', 'dime', 0, 0),
('dime.find.case', 'dime', 0, 0),
('dime.find.case.help', 'dime', 0, 0),
('dime.find.claim', 'dime', 0, 0),
('dime.find.class', 'dime', 0, 0),
('dime.find.class.accessory', 'dime', 0, 0),
('dime.find.class.coin', 'dime', 0, 0),
('dime.find.class.fibula', 'dime', 0, 0),
('dime.find.class.metal', 'dime', 0, 0),
('dime.find.class.military', 'dime', 0, 0),
('dime.find.class.tool', 'dime', 0, 0),
('dime.find.class.unassessed', 'dime', 0, 0),
('dime.find.class.unknown', 'dime', 0, 0),
('dime.find.classification', 'dime', 0, 0),
('dime.find.classify', 'dime', 0, 0),
('dime.find.condition', 'dime', 0, 0),
('dime.find.condition.fragmented', 'dime', 0, 0),
('dime.find.condition.modified', 'dime', 0, 0),
('dime.find.condition.unfinished', 'dime', 0, 0),
('dime.find.condition.whole', 'dime', 0, 0),
('dime.find.coordinates', 'dime', 0, 0),
('dime.find.custodian', 'dime', 0, 0),
('dime.find.custody', 'dime', 0, 0),
('dime.find.custody.destroyed', 'dime', 0, 0),
('dime.find.custody.discarded', 'dime', 0, 0),
('dime.find.custody.held', 'dime', 0, 0),
('dime.find.custody.lost', 'dime', 0, 0),
('dime.find.custody.requested', 'dime', 0, 0),
('dime.find.custody.sent', 'dime', 0, 0),
('dime.find.dating', 'dime', 0, 0),
('dime.find.description', 'dime', 0, 0),
('dime.find.event', 'dime', 0, 0),
('dime.find.event.accessioned', 'dime', 0, 0),
('dime.find.event.agreed', 'dime', 0, 0),
('dime.find.event.annotated', 'dime', 0, 0),
('dime.find.event.appraised', 'dime', 0, 0),
('dime.find.event.assessed', 'dime', 0, 0),
('dime.find.event.cited', 'dime', 0, 0),
('dime.find.event.claimed', 'dime', 0, 0),
('dime.find.event.classified', 'dime', 0, 0),
('dime.find.event.commented', 'dime', 0, 0),
('dime.find.event.conserved', 'dime', 0, 0),
('dime.find.event.contacted', 'dime', 0, 0),
('dime.find.event.dated', 'dime', 0, 0),
('dime.find.event.declined', 'dime', 0, 0),
('dime.find.event.deleted', 'dime', 0, 0),
('dime.find.event.described', 'dime', 0, 0),
('dime.find.event.destroyed', 'dime', 0, 0),
('dime.find.event.disagreed', 'dime', 0, 0),
('dime.find.event.discarded', 'dime', 0, 0),
('dime.find.event.edited', 'dime', 0, 0),
('dime.find.event.evaluated', 'dime', 0, 0),
('dime.find.event.exported', 'dime', 0, 0),
('dime.find.event.followed', 'dime', 0, 0),
('dime.find.event.identified', 'dime', 0, 0),
('dime.find.event.liked', 'dime', 0, 0),
('dime.find.event.loaned', 'dime', 0, 0),
('dime.find.event.lost', 'dime', 0, 0),
('dime.find.event.notified', 'dime', 0, 0),
('dime.find.event.published', 'dime', 0, 0),
('dime.find.event.received', 'dime', 0, 0),
('dime.find.event.recorded', 'dime', 0, 0),
('dime.find.event.recovered', 'dime', 0, 0),
('dime.find.event.redacted', 'dime', 0, 0),
('dime.find.event.referred', 'dime', 0, 0),
('dime.find.event.rejected', 'dime', 0, 0),
('dime.find.event.released', 'dime', 0, 0),
('dime.find.event.reported', 'dime', 0, 0),
('dime.find.event.requested', 'dime', 0, 0),
('dime.find.event.rewarded', 'dime', 0, 0),
('dime.find.event.sent', 'dime', 0, 0),
('dime.find.event.shared', 'dime', 0, 0),
('dime.find.event.submitted', 'dime', 0, 0),
('dime.find.event.subscribed', 'dime', 0, 0),
('dime.find.event.suppressed', 'dime', 0, 0),
('dime.find.event.transferred', 'dime', 0, 0),
('dime.find.event.validated', 'dime', 0, 0),
('dime.find.event.withdrawn', 'dime', 0, 0),
('dime.find.filters', 'dime', 0, 0),
('dime.find.finddate', 'dime', 0, 0),
('dime.find.finddate.help', 'dime', 0, 0),
('dime.find.finder', 'dime', 0, 0),
('dime.find.finder_id', 'dime', 0, 0),
('dime.find.finder_id.help', 'dime', 0, 0),
('dime.find.finder_place', 'dime', 0, 0),
('dime.find.finder_place.help', 'dime', 0, 0),
('dime.find.id', 'dime', 0, 0),
('dime.find.images', 'dime', 0, 0),
('dime.find.images.help', 'dime', 0, 0),
('dime.find.issuer', 'dime', 0, 0),
('dime.find.length', 'dime', 0, 0),
('dime.find.location', 'dime', 0, 0),
('dime.find.location.decimal', 'dime', 0, 0),
('dime.find.location.easting', 'dime', 0, 0),
('dime.find.location.northing', 'dime', 0, 0),
('dime.find.location.srid', 'dime', 0, 0),
('dime.find.location.utm', 'dime', 0, 0),
('dime.find.material', 'dime', 0, 0),
('dime.find.material.secondary', 'dime', 0, 0),
('dime.find.metadata', 'dime', 0, 0),
('dime.find.mint', 'dime', 0, 0),
('dime.find.municipality', 'dime', 0, 0),
('dime.find.museum_id', 'dime', 0, 0),
('dime.find.owner', 'dime', 0, 0),
('dime.find.period', 'dime', 0, 0),
('dime.find.period.end', 'dime', 0, 0),
('dime.find.period.start', 'dime', 0, 0),
('dime.find.photo', 'dime', 0, 0),
('dime.find.process', 'dime', 0, 0),
('dime.find.process.accessioned', 'dime', 0, 0),
('dime.find.process.appraised', 'dime', 0, 0),
('dime.find.process.claimed', 'dime', 0, 0),
('dime.find.process.evaluated', 'dime', 0, 0),
('dime.find.process.inactive', 'dime', 0, 0),
('dime.find.process.recorded', 'dime', 0, 0),
('dime.find.process.rejected', 'dime', 0, 0),
('dime.find.process.released', 'dime', 0, 0),
('dime.find.process.reported', 'dime', 0, 0),
('dime.find.publish', 'dime', 0, 0),
('dime.find.query.available', 'dime', 0, 1),
('dime.find.query.found', 'dime', 0, 1),
('dime.find.query.set', 'dime', 0, 1),
('dime.find.recipient', 'dime', 0, 0),
('dime.find.recorder', 'dime', 0, 0),
('dime.find.register', 'dime', 0, 0),
('dime.find.registered', 'dime', 0, 0),
('dime.find.save', 'dime', 0, 0),
('dime.find.search', 'dime', 0, 0),
('dime.find.secondary.ceramic', 'dime', 0, 0),
('dime.find.secondary.enamel', 'dime', 0, 0),
('dime.find.secondary.gilded', 'dime', 0, 0),
('dime.find.secondary.glass', 'dime', 0, 0),
('dime.find.secondary.iron', 'dime', 0, 0),
('dime.find.secondary.looped', 'dime', 0, 0),
('dime.find.secondary.niello', 'dime', 0, 0),
('dime.find.secondary.organic', 'dime', 0, 0),
('dime.find.secondary.other', 'dime', 0, 0),
('dime.find.secondary.stone', 'dime', 0, 0),
('dime.find.secondary.tinned', 'dime', 0, 0),
('dime.find.status', 'dime', 0, 0),
('dime.find.subtype', 'dime', 0, 0),
('dime.find.subtype.accessory', 'dime', 0, 0),
('dime.find.subtype.accessory.bell', 'dime', 0, 0),
('dime.find.subtype.accessory.brooch', 'dime', 0, 0),
('dime.find.subtype.accessory.buckle', 'dime', 0, 0),
('dime.find.subtype.accessory.button', 'dime', 0, 0),
('dime.find.subtype.accessory.button.bar', 'dime', 0, 0),
('dime.find.subtype.accessory.button.other', 'dime', 0, 0),
('dime.find.subtype.accessory.button.round', 'dime', 0, 0),
('dime.find.subtype.accessory.button.stud', 'dime', 0, 0),
('dime.find.subtype.accessory.button.unknown', 'dime', 0, 0),
('dime.find.subtype.accessory.fitting', 'dime', 0, 0),
('dime.find.subtype.accessory.fitting.belt', 'dime', 0, 0),
('dime.find.subtype.accessory.fitting.other', 'dime', 0, 0),
('dime.find.subtype.accessory.fitting.unknown', 'dime', 0, 0),
('dime.find.subtype.accessory.hook', 'dime', 0, 0),
('dime.find.subtype.accessory.jewelery', 'dime', 0, 0),
('dime.find.subtype.accessory.jewelery.bracelet', 'dime', 0, 0),
('dime.find.subtype.accessory.jewelery.bracteate', 'dime', 0, 0),
('dime.find.subtype.accessory.jewelery.earring', 'dime', 0, 0),
('dime.find.subtype.accessory.jewelery.necklace', 'dime', 0, 0),
('dime.find.subtype.accessory.jewelery.other', 'dime', 0, 0),
('dime.find.subtype.accessory.jewelery.pasyning', 'dime', 0, 0),
('dime.find.subtype.accessory.jewelery.pearl', 'dime', 0, 0),
('dime.find.subtype.accessory.jewelery.pendant', 'dime', 0, 0),
('dime.find.subtype.accessory.jewelery.ring', 'dime', 0, 0),
('dime.find.subtype.accessory.jewelery.unknown', 'dime', 0, 0),
('dime.find.subtype.accessory.lace', 'dime', 0, 0),
('dime.find.subtype.accessory.medal', 'dime', 0, 0),
('dime.find.subtype.accessory.other', 'dime', 0, 0),
('dime.find.subtype.accessory.pilgrim', 'dime', 0, 0),
('dime.find.subtype.accessory.pin', 'dime', 0, 0),
('dime.find.subtype.accessory.tutulus', 'dime', 0, 0),
('dime.find.subtype.accessory.unknown', 'dime', 0, 0),
('dime.find.subtype.coin.danish', 'dime', 0, 0),
('dime.find.subtype.coin.danish.civilwar', 'dime', 0, 0),
('dime.find.subtype.coin.danish.early', 'dime', 0, 0),
('dime.find.subtype.coin.danish.hvide', 'dime', 0, 0),
('dime.find.subtype.coin.danish.klipping', 'dime', 0, 0),
('dime.find.subtype.coin.danish.other', 'dime', 0, 0),
('dime.find.subtype.coin.danish.ssling', 'dime', 0, 0),
('dime.find.subtype.coin.danish.sterling', 'dime', 0, 0),
('dime.find.subtype.coin.danish.unknown', 'dime', 0, 0),
('dime.find.subtype.coin.foreign', 'dime', 0, 0),
('dime.find.subtype.coin.foreign.hohlpfennig', 'dime', 0, 0),
('dime.find.subtype.coin.foreign.hvide', 'dime', 0, 0),
('dime.find.subtype.coin.foreign.other', 'dime', 0, 0),
('dime.find.subtype.coin.foreign.sterling', 'dime', 0, 0),
('dime.find.subtype.coin.foreign.tournois', 'dime', 0, 0),
('dime.find.subtype.coin.foreign.unknown', 'dime', 0, 0),
('dime.find.subtype.coin.jeton', 'dime', 0, 0),
('dime.find.subtype.coin.modern', 'dime', 0, 0),
('dime.find.subtype.coin.modern.danish', 'dime', 0, 0),
('dime.find.subtype.coin.modern.foreign', 'dime', 0, 0),
('dime.find.subtype.coin.other', 'dime', 0, 0),
('dime.find.subtype.coin.roman', 'dime', 0, 0),
('dime.find.subtype.coin.roman.aureus', 'dime', 0, 0),
('dime.find.subtype.coin.roman.denarius', 'dime', 0, 0),
('dime.find.subtype.coin.roman.other', 'dime', 0, 0),
('dime.find.subtype.coin.roman.sestertius', 'dime', 0, 0),
('dime.find.subtype.coin.roman.siliqua', 'dime', 0, 0),
('dime.find.subtype.coin.roman.solidus', 'dime', 0, 0),
('dime.find.subtype.coin.roman.unknown', 'dime', 0, 0),
('dime.find.subtype.coin.unknown', 'dime', 0, 0),
('dime.find.subtype.coin.viking', 'dime', 0, 0),
('dime.find.subtype.coin.viking.byzantine', 'dime', 0, 0),
('dime.find.subtype.coin.viking.carolingian', 'dime', 0, 0),
('dime.find.subtype.coin.viking.denarius', 'dime', 0, 0),
('dime.find.subtype.coin.viking.dirham', 'dime', 0, 0),
('dime.find.subtype.coin.viking.english', 'dime', 0, 0),
('dime.find.subtype.coin.viking.german', 'dime', 0, 0),
('dime.find.subtype.coin.viking.nordic', 'dime', 0, 0),
('dime.find.subtype.coin.viking.other', 'dime', 0, 0),
('dime.find.subtype.coin.viking.penny', 'dime', 0, 0),
('dime.find.subtype.coin.viking.phennig', 'dime', 0, 0),
('dime.find.subtype.coin.viking.sceat', 'dime', 0, 0),
('dime.find.subtype.coin.viking.unknown', 'dime', 0, 0),
('dime.find.subtype.fibula.beak', 'dime', 0, 0),
('dime.find.subtype.fibula.bird.above', 'dime', 0, 0),
('dime.find.subtype.fibula.bird.profile', 'dime', 0, 0),
('dime.find.subtype.fibula.bow', 'dime', 0, 0),
('dime.find.subtype.fibula.bow.ball', 'dime', 0, 0),
('dime.find.subtype.fibula.bow.band', 'dime', 0, 0),
('dime.find.subtype.fibula.bow.bilateral', 'dime', 0, 0),
('dime.find.subtype.fibula.bow.button', 'dime', 0, 0),
('dime.find.subtype.fibula.bow.cross', 'dime', 0, 0),
('dime.find.subtype.fibula.bow.foot', 'dime', 0, 0),
('dime.find.subtype.fibula.bow.high', 'dime', 0, 0),
('dime.find.subtype.fibula.bow.other', 'dime', 0, 0),
('dime.find.subtype.fibula.bow.relief', 'dime', 0, 0),
('dime.find.subtype.fibula.bow.unknown', 'dime', 0, 0),
('dime.find.subtype.fibula.bowl', 'dime', 0, 0),
('dime.find.subtype.fibula.bowl.animal', 'dime', 0, 0),
('dime.find.subtype.fibula.bowl.circular', 'dime', 0, 0),
('dime.find.subtype.fibula.bowl.large', 'dime', 0, 0),
('dime.find.subtype.fibula.bowl.other', 'dime', 0, 0),
('dime.find.subtype.fibula.bowl.small', 'dime', 0, 0),
('dime.find.subtype.fibula.bowl.unknown', 'dime', 0, 0),
('dime.find.subtype.fibula.circular', 'dime', 0, 0),
('dime.find.subtype.fibula.circular.large', 'dime', 0, 0),
('dime.find.subtype.fibula.circular.other', 'dime', 0, 0),
('dime.find.subtype.fibula.circular.small', 'dime', 0, 0),
('dime.find.subtype.fibula.circular.tin', 'dime', 0, 0),
('dime.find.subtype.fibula.circular.unknown', 'dime', 0, 0),
('dime.find.subtype.fibula.enamel', 'dime', 0, 0),
('dime.find.subtype.fibula.enamel.central', 'dime', 0, 0),
('dime.find.subtype.fibula.enamel.cross', 'dime', 0, 0),
('dime.find.subtype.fibula.enamel.multiple', 'dime', 0, 0),
('dime.find.subtype.fibula.enamel.other', 'dime', 0, 0),
('dime.find.subtype.fibula.enamel.unknown', 'dime', 0, 0),
('dime.find.subtype.fibula.equalarm', 'dime', 0, 0),
('dime.find.subtype.fibula.equalarm.large', 'dime', 0, 0),
('dime.find.subtype.fibula.equalarm.other', 'dime', 0, 0),
('dime.find.subtype.fibula.equalarm.small', 'dime', 0, 0),
('dime.find.subtype.fibula.equalarm.unknown', 'dime', 0, 0),
('dime.find.subtype.fibula.healing', 'dime', 0, 0),
('dime.find.subtype.fibula.healing.aalborg', 'dime', 0, 0),
('dime.find.subtype.fibula.healing.lamb', 'dime', 0, 0),
('dime.find.subtype.fibula.healing.other', 'dime', 0, 0),
('dime.find.subtype.fibula.healing.unknown', 'dime', 0, 0),
('dime.find.subtype.fibula.healing.urnes', 'dime', 0, 0),
('dime.find.subtype.fibula.other', 'dime', 0, 0),
('dime.find.subtype.fibula.plate', 'dime', 0, 0),
('dime.find.subtype.fibula.plate.bird', 'dime', 0, 0),
('dime.find.subtype.fibula.plate.circular', 'dime', 0, 0),
('dime.find.subtype.fibula.plate.coin', 'dime', 0, 0),
('dime.find.subtype.fibula.plate.horse', 'dime', 0, 0),
('dime.find.subtype.fibula.plate.other', 'dime', 0, 0),
('dime.find.subtype.fibula.plate.oval', 'dime', 0, 0),
('dime.find.subtype.fibula.plate.rhede', 'dime', 0, 0),
('dime.find.subtype.fibula.plate.rectangular', 'dime', 0, 0),
('dime.find.subtype.fibula.plate.ship', 'dime', 0, 0),
('dime.find.subtype.fibula.plate.snake', 'dime', 0, 0),
('dime.find.subtype.fibula.plate.swastika', 'dime', 0, 0),
('dime.find.subtype.fibula.plate.tongue', 'dime', 0, 0),
('dime.find.subtype.fibula.plate.unknown', 'dime', 0, 0),
('dime.find.subtype.fibula.plate.valkyrie', 'dime', 0, 0),
('dime.find.subtype.fibula.ring', 'dime', 0, 0),
('dime.find.subtype.fibula.ring.circular', 'dime', 0, 0),
('dime.find.subtype.fibula.ring.heart', 'dime', 0, 0),
('dime.find.subtype.fibula.ring.other', 'dime', 0, 0),
('dime.find.subtype.fibula.ring.star', 'dime', 0, 0),
('dime.find.subtype.fibula.ring.unknown', 'dime', 0, 0),
('dime.find.subtype.fibula.trilobal', 'dime', 0, 0),
('dime.find.subtype.fibula.unknown', 'dime', 0, 0),
('dime.find.subtype.fibula.viking', 'dime', 0, 0),
('dime.find.subtype.fibula.viking.other', 'dime', 0, 0),
('dime.find.subtype.fibula.viking.rhombic', 'dime', 0, 0),
('dime.find.subtype.fibula.viking.ring', 'dime', 0, 0),
('dime.find.subtype.fibula.viking.roof', 'dime', 0, 0),
('dime.find.subtype.fibula.viking.unknown', 'dime', 0, 0),
('dime.find.subtype.filbula.unknown', 'dime', 0, 0),
('dime.find.subtype.metal.ingot', 'dime', 0, 0),
('dime.find.subtype.metal.mold', 'dime', 0, 0),
('dime.find.subtype.metal.other', 'dime', 0, 0),
('dime.find.subtype.metal.rest', 'dime', 0, 0),
('dime.find.subtype.metal.slag', 'dime', 0, 0),
('dime.find.subtype.metal.tin', 'dime', 0, 0),
('dime.find.subtype.metal.unknown', 'dime', 0, 0),
('dime.find.subtype.military.ammunition', 'dime', 0, 0),
('dime.find.subtype.military.armor', 'dime', 0, 0),
('dime.find.subtype.military.arrow', 'dime', 0, 0),
('dime.find.subtype.military.firearm', 'dime', 0, 0),
('dime.find.subtype.military.fitting', 'dime', 0, 0),
('dime.find.subtype.military.fitting.other', 'dime', 0, 0),
('dime.find.subtype.military.fitting.sheath', 'dime', 0, 0),
('dime.find.subtype.military.fitting.uniform', 'dime', 0, 0),
('dime.find.subtype.military.fitting.unknown', 'dime', 0, 0),
('dime.find.subtype.military.helmet', 'dime', 0, 0),
('dime.find.subtype.military.melee', 'dime', 0, 0),
('dime.find.subtype.military.melee.axe', 'dime', 0, 0),
('dime.find.subtype.military.melee.blunt', 'dime', 0, 0),
('dime.find.subtype.military.melee.knife', 'dime', 0, 0),
('dime.find.subtype.military.melee.other', 'dime', 0, 0),
('dime.find.subtype.military.melee.pointed', 'dime', 0, 0),
('dime.find.subtype.military.melee.sword', 'dime', 0, 0),
('dime.find.subtype.military.melee.unknown', 'dime', 0, 0),
('dime.find.subtype.military.other', 'dime', 0, 0),
('dime.find.subtype.military.shield', 'dime', 0, 0),
('dime.find.subtype.military.unknown', 'dime', 0, 0),
('dime.find.subtype.tool.equestrian', 'dime', 0, 0),
('dime.find.subtype.tool.equestrian.bell', 'dime', 0, 0),
('dime.find.subtype.tool.equestrian.bridle', 'dime', 0, 0),
('dime.find.subtype.tool.equestrian.cheek', 'dime', 0, 0),
('dime.find.subtype.tool.equestrian.other', 'dime', 0, 0),
('dime.find.subtype.tool.equestrian.shoe', 'dime', 0, 0),
('dime.find.subtype.tool.equestrian.stirrup', 'dime', 0, 0),
('dime.find.subtype.tool.equestrian.tack', 'dime', 0, 0),
('dime.find.subtype.tool.equestrian.unknown', 'dime', 0, 0),
('dime.find.subtype.tool.house', 'dime', 0, 0),
('dime.find.subtype.tool.house.crockery', 'dime', 0, 0),
('dime.find.subtype.tool.house.cutlery', 'dime', 0, 0),
('dime.find.subtype.tool.house.fixtures', 'dime', 0, 0),
('dime.find.subtype.tool.house.key', 'dime', 0, 0),
('dime.find.subtype.tool.house.knife', 'dime', 0, 0),
('dime.find.subtype.tool.house.light', 'dime', 0, 0),
('dime.find.subtype.tool.house.lock', 'dime', 0, 0),
('dime.find.subtype.tool.house.other', 'dime', 0, 0),
('dime.find.subtype.tool.house.pot', 'dime', 0, 0),
('dime.find.subtype.tool.house.scissors', 'dime', 0, 0),
('dime.find.subtype.tool.house.striker', 'dime', 0, 0),
('dime.find.subtype.tool.house.unknown', 'dime', 0, 0),
('dime.find.subtype.tool.measure', 'dime', 0, 0),
('dime.find.subtype.tool.measure.clip', 'dime', 0, 0),
('dime.find.subtype.tool.measure.ingot', 'dime', 0, 0),
('dime.find.subtype.tool.measure.scale', 'dime', 0, 0),
('dime.find.subtype.tool.measure.unknown', 'dime', 0, 0),
('dime.find.subtype.tool.measure.weight', 'dime', 0, 0),
('dime.find.subtype.tool.other', 'dime', 0, 0),
('dime.find.subtype.tool.textile', 'dime', 0, 0),
('dime.find.subtype.tool.textile.case', 'dime', 0, 0),
('dime.find.subtype.tool.textile.needle', 'dime', 0, 0),
('dime.find.subtype.tool.textile.scissors', 'dime', 0, 0),
('dime.find.subtype.tool.textile.thimble', 'dime', 0, 0),
('dime.find.subtype.tool.textile.unknown', 'dime', 0, 0),
('dime.find.subtype.tool.textile.whorl', 'dime', 0, 0),
('dime.find.subtype.tool.toilet', 'dime', 0, 0),
('dime.find.subtype.tool.toilet.comb', 'dime', 0, 0),
('dime.find.subtype.tool.toilet.ear', 'dime', 0, 0),
('dime.find.subtype.tool.toilet.other', 'dime', 0, 0),
('dime.find.subtype.tool.toilet.razor', 'dime', 0, 0),
('dime.find.subtype.tool.toilet.tweezers', 'dime', 0, 0),
('dime.find.subtype.tool.toilet.unknown', 'dime', 0, 0),
('dime.find.subtype.tool.toy', 'dime', 0, 0),
('dime.find.subtype.tool.toy.counter', 'dime', 0, 0),
('dime.find.subtype.tool.toy.dice', 'dime', 0, 0),
('dime.find.subtype.tool.toy.other', 'dime', 0, 0),
('dime.find.subtype.tool.toy.unknown', 'dime', 0, 0),
('dime.find.subtype.tool.unknown', 'dime', 0, 0),
('dime.find.subtype.tool.work', 'dime', 0, 0),
('dime.find.subtype.tool.work.axe', 'dime', 0, 0),
('dime.find.subtype.tool.work.chisel', 'dime', 0, 0),
('dime.find.subtype.tool.work.drill', 'dime', 0, 0),
('dime.find.subtype.tool.work.engine', 'dime', 0, 0),
('dime.find.subtype.tool.work.fitting', 'dime', 0, 0),
('dime.find.subtype.tool.work.hammer', 'dime', 0, 0),
('dime.find.subtype.tool.work.knife', 'dime', 0, 0),
('dime.find.subtype.tool.work.matrix', 'dime', 0, 0),
('dime.find.subtype.tool.work.nail', 'dime', 0, 0),
('dime.find.subtype.tool.work.other', 'dime', 0, 0),
('dime.find.subtype.tool.work.pliars', 'dime', 0, 0),
('dime.find.subtype.tool.work.rivet', 'dime', 0, 0),
('dime.find.subtype.tool.work.sickle', 'dime', 0, 0),
('dime.find.subtype.tool.work.unknown', 'dime', 0, 0),
('dime.find.subtype.tool.writing', 'dime', 0, 0),
('dime.find.subtype.tool.writing.bylamulet', 'dime', 0, 0),
('dime.find.subtype.tool.writing.clasp', 'dime', 0, 0),
('dime.find.subtype.tool.writing.guldgubbe', 'dime', 0, 0),
('dime.find.subtype.tool.writing.runebrev', 'dime', 0, 0),
('dime.find.subtype.tool.writing.seal', 'dime', 0, 0),
('dime.find.subtype.tool.writing.stamp', 'dime', 0, 0),
('dime.find.subtype.tool.writing.stylus', 'dime', 0, 0),
('dime.find.subtype.tool.writing.unknown', 'dime', 0, 0),
('dime.find.treasure', 'dime', 0, 0),
('dime.find.update', 'dime', 0, 0),
('dime.find.update.success', 'dime', 0, 0),
('dime.find.visibility', 'dime', 0, 0),
('dime.find.weight', 'dime', 0, 0),
('dime.getuserlocation', 'dime', 0, 0),
('dime.home', 'dime', 0, 0),
('dime.home.alarm', 'dime', 0, 0),
('dime.home.faq', 'dime', 0, 0),
('dime.home.hvert', 'dime', 0, 0),
('dime.home.welcome', 'dime', 0, 0),
('dime.kommune.aabenraa', 'dime', 0, 0),
('dime.kommune.aalborg', 'dime', 0, 0),
('dime.kommune.aero', 'dime', 0, 0),
('dime.kommune.albertslund', 'dime', 0, 0),
('dime.kommune.allerod', 'dime', 0, 0),
('dime.kommune.arhus', 'dime', 0, 0),
('dime.kommune.assens', 'dime', 0, 0),
('dime.kommune.ballerup', 'dime', 0, 0),
('dime.kommune.billund', 'dime', 0, 0),
('dime.kommune.bornholm', 'dime', 0, 0),
('dime.kommune.brondby', 'dime', 0, 0),
('dime.kommune.bronderslev', 'dime', 0, 0),
('dime.kommune.dragor', 'dime', 0, 0),
('dime.kommune.egedal', 'dime', 0, 0),
('dime.kommune.esbjerg', 'dime', 0, 0),
('dime.kommune.faaborgmidtfyn', 'dime', 0, 0),
('dime.kommune.fano', 'dime', 0, 0),
('dime.kommune.favrskov', 'dime', 0, 0),
('dime.kommune.faxe', 'dime', 0, 0),
('dime.kommune.fredensborg', 'dime', 0, 0),
('dime.kommune.fredericia', 'dime', 0, 0),
('dime.kommune.frederiksbeg', 'dime', 0, 0),
('dime.kommune.frederikshavn', 'dime', 0, 0),
('dime.kommune.frederikssund', 'dime', 0, 0),
('dime.kommune.fureso', 'dime', 0, 0),
('dime.kommune.gentofte', 'dime', 0, 0),
('dime.kommune.gladsaxe', 'dime', 0, 0),
('dime.kommune.glostrup', 'dime', 0, 0),
('dime.kommune.greve', 'dime', 0, 0),
('dime.kommune.gribskov', 'dime', 0, 0),
('dime.kommune.guldborgsund', 'dime', 0, 0),
('dime.kommune.haderslev', 'dime', 0, 0),
('dime.kommune.halsnaes', 'dime', 0, 0),
('dime.kommune.hedensted', 'dime', 0, 0),
('dime.kommune.helsingor', 'dime', 0, 0),
('dime.kommune.herlev', 'dime', 0, 0),
('dime.kommune.herning', 'dime', 0, 0),
('dime.kommune.hillerod', 'dime', 0, 0),
('dime.kommune.hjorring', 'dime', 0, 0),
('dime.kommune.hojetaastrup', 'dime', 0, 0),
('dime.kommune.holbaek', 'dime', 0, 0),
('dime.kommune.holstebro', 'dime', 0, 0),
('dime.kommune.horsens', 'dime', 0, 0),
('dime.kommune.horsholm', 'dime', 0, 0),
('dime.kommune.hvidovre', 'dime', 0, 0),
('dime.kommune.ikastbrande', 'dime', 0, 0),
('dime.kommune.ishoj', 'dime', 0, 0),
('dime.kommune.jammerbugt', 'dime', 0, 0),
('dime.kommune.kalundborg', 'dime', 0, 0),
('dime.kommune.kerteminde', 'dime', 0, 0),
('dime.kommune.kobenhavn', 'dime', 0, 0),
('dime.kommune.koge', 'dime', 0, 0),
('dime.kommune.kolding', 'dime', 0, 0),
('dime.kommune.laeso', 'dime', 0, 0),
('dime.kommune.langeland', 'dime', 0, 0),
('dime.kommune.lejre', 'dime', 0, 0),
('dime.kommune.lemvig', 'dime', 0, 0),
('dime.kommune.lolland', 'dime', 0, 0),
('dime.kommune.lyngbytaarbaek', 'dime', 0, 0),
('dime.kommune.mariagerfjord', 'dime', 0, 0),
('dime.kommune.middelfart', 'dime', 0, 0),
('dime.kommune.morso', 'dime', 0, 0),
('dime.kommune.naestved', 'dime', 0, 0),
('dime.kommune.norddjurs', 'dime', 0, 0),
('dime.kommune.nordfyns', 'dime', 0, 0),
('dime.kommune.nyborg', 'dime', 0, 0),
('dime.kommune.odder', 'dime', 0, 0),
('dime.kommune.odense', 'dime', 0, 0),
('dime.kommune.odsherred', 'dime', 0, 0),
('dime.kommune.randers', 'dime', 0, 0),
('dime.kommune.rebild', 'dime', 0, 0),
('dime.kommune.ringkobingskjern', 'dime', 0, 0),
('dime.kommune.ringsted', 'dime', 0, 0),
('dime.kommune.rodovre', 'dime', 0, 0),
('dime.kommune.roskilde', 'dime', 0, 0),
('dime.kommune.rudersdal', 'dime', 0, 0),
('dime.kommune.samso', 'dime', 0, 0),
('dime.kommune.silkeborg', 'dime', 0, 0),
('dime.kommune.skanderborg', 'dime', 0, 0),
('dime.kommune.skive', 'dime', 0, 0),
('dime.kommune.slagelse', 'dime', 0, 0),
('dime.kommune.solrod', 'dime', 0, 0),
('dime.kommune.sonderborg', 'dime', 0, 0),
('dime.kommune.soro', 'dime', 0, 0),
('dime.kommune.stevns', 'dime', 0, 0),
('dime.kommune.struer', 'dime', 0, 0),
('dime.kommune.svendborg', 'dime', 0, 0),
('dime.kommune.syddjurs', 'dime', 0, 0),
('dime.kommune.tarnby', 'dime', 0, 0),
('dime.kommune.thisted', 'dime', 0, 0),
('dime.kommune.tonder', 'dime', 0, 0),
('dime.kommune.vallensbaek', 'dime', 0, 0),
('dime.kommune.varde', 'dime', 0, 0),
('dime.kommune.vejen', 'dime', 0, 0),
('dime.kommune.vejle', 'dime', 0, 0),
('dime.kommune.vesthimmerland', 'dime', 0, 0),
('dime.kommune.viborg', 'dime', 0, 0),
('dime.kommune.vordingborg', 'dime', 0, 0),
('dime.krogager', 'dime', 0, 0),
('dime.map.layer.foraar', 'dime', 0, 0),
('dime.map.layer.hb', 'dime', 0, 0),
('dime.map.layer.skaermkort', 'dime', 0, 0),
('dime.map.public', 'dime', 0, 0),
('dime.map.user', 'dime', 0, 0),
('dime.mappick.invalidpointlocation', 'dime', 0, 0),
('dime.mappick.newpointconfirmmessage', 'dime', 0, 0),
('dime.material', 'dime', 0, 0),
('dime.material.aluminium', 'dime', 0, 0),
('dime.material.ceramic', 'dime', 0, 0),
('dime.material.copper', 'dime', 0, 0),
('dime.material.copperalloy', 'dime', 0, 0),
('dime.material.glass', 'dime', 0, 0),
('dime.material.gold', 'dime', 0, 0),
('dime.material.iron', 'dime', 0, 0),
('dime.material.lead', 'dime', 0, 0),
('dime.material.othermetal', 'dime', 0, 0),
('dime.material.silver', 'dime', 0, 0),
('dime.material.stone', 'dime', 0, 0),
('dime.material.tin', 'dime', 0, 0),
('dime.material.unknown', 'dime', 0, 0),
('dime.message.status.search', 'dime', 0, 0),
('dime.message.status.search.all', 'dime', 0, 0),
('dime.message.status.search.read', 'dime', 0, 0),
('dime.message.status.search.received', 'dime', 0, 0),
('dime.message.status.search.sent', 'dime', 0, 0),
('dime.message.status.search.unread', 'dime', 0, 0),
('dime.metaldetector', 'dime', 0, 0),
('dime.news', 'dime', 0, 0),
('dime.period', 'dime', 0, 0),
('dime.period.absolutism', 'dime', 0, 0),
('dime.period.bronze', 'dime', 0, 0),
('dime.period.bronze.1', 'dime', 0, 0),
('dime.period.bronze.2', 'dime', 0, 0),
('dime.period.bronze.3', 'dime', 0, 0),
('dime.period.bronze.4', 'dime', 0, 0),
('dime.period.bronze.5', 'dime', 0, 0),
('dime.period.bronze.6', 'dime', 0, 0),
('dime.period.bronze.early', 'dime', 0, 0),
('dime.period.bronze.late', 'dime', 0, 0),
('dime.period.historic', 'dime', 0, 0),
('dime.period.industrial', 'dime', 0, 0),
('dime.period.interwar', 'dime', 0, 0),
('dime.period.iron', 'dime', 0, 0),
('dime.period.iron.early', 'dime', 0, 0),
('dime.period.iron.germainic', 'dime', 0, 0),
('dime.period.iron.germainic.early', 'dime', 0, 0),
('dime.period.iron.germainic.late', 'dime', 0, 0),
('dime.period.iron.late', 'dime', 0, 0),
('dime.period.iron.preroman', 'dime', 0, 0),
('dime.period.iron.preroman.early', 'dime', 0, 0),
('dime.period.iron.preroman.late', 'dime', 0, 0),
('dime.period.iron.preroman.middle', 'dime', 0, 0),
('dime.period.iron.roman', 'dime', 0, 0),
('dime.period.iron.roman.early', 'dime', 0, 0),
('dime.period.iron.roman.early.b1', 'dime', 0, 0),
('dime.period.iron.roman.early.b2', 'dime', 0, 0),
('dime.period.iron.roman.late', 'dime', 0, 0),
('dime.period.iron.roman.late.c1', 'dime', 0, 0),
('dime.period.iron.roman.late.c2', 'dime', 0, 0),
('dime.period.iron.roman.late.c3', 'dime', 0, 0),
('dime.period.lategermanic.earlyviking', 'dime', 0, 0),
('dime.period.medieval', 'dime', 0, 0),
('dime.period.medieval.early', 'dime', 0, 0),
('dime.period.medieval.high', 'dime', 0, 0),
('dime.period.medieval.late', 'dime', 0, 0),
('dime.period.mesolithic', 'dime', 0, 0),
('dime.period.modern', 'dime', 0, 0),
('dime.period.neolithic', 'dime', 0, 0),
('dime.period.palaeolithic', 'dime', 0, 0),
('dime.period.prehistoric', 'dime', 0, 0),
('dime.period.reformation', 'dime', 0, 0),
('dime.period.reformation.modern', 'dime', 0, 0),
('dime.period.stone', 'dime', 0, 0),
('dime.period.undated', 'dime', 0, 0),
('dime.period.viking', 'dime', 0, 0),
('dime.period.viking.early', 'dime', 0, 0),
('dime.period.viking.late', 'dime', 0, 0),
('dime.period.viking.medieval', 'dime', 0, 0),
('dime.period.welfare', 'dime', 0, 0),
('dime.period.ww1', 'dime', 0, 0),
('dime.period.ww2', 'dime', 0, 0),
('dime.profile', 'dime', 0, 0),
('dime.profiles', 'dime', 0, 0),
('dime.region.hovedstaden', 'dime', 0, 0),
('dime.region.midtjylland', 'dime', 0, 0),
('dime.region.nordjylland', 'dime', 0, 0),
('dime.region.sjaelland', 'dime', 0, 0),
('dime.region.syddanmark', 'dime', 0, 0),
('dime.register.contact', 'dime', 0, 0),
('dime.register.faq', 'dime', 0, 0),
('dime.register.terms', 'dime', 0, 0),
('dime.research', 'dime', 0, 0),
('dime.role.admin', 'dime', 0, 0),
('dime.role.anon', 'dime', 0, 0),
('dime.role.anonymous', 'dime', 0, 0),
('dime.role.appraiser', 'dime', 0, 0),
('dime.role.curator', 'dime', 0, 0),
('dime.role.detectorist', 'dime', 0, 0),
('dime.role.registrar', 'dime', 0, 0),
('dime.role.researcher', 'dime', 0, 0),
('dime.save', 'dime', 0, 0),
('dime.schema.find', 'dime', 0, 0);
INSERT INTO `ark_translation_keyword` (`keyword`, `domain`, `is_plural`, `has_parameters`) VALUES
('dime.schema.image', 'dime', 0, 0),
('dime.schema.location', 'dime', 0, 0),
('dime.search', 'dime', 0, 0),
('dime.search.finds.mine', 'dime', 0, 0),
('dime.share', 'dime', 0, 0),
('dime.share.hashtags', 'dime', 0, 0),
('dime.share.text', 'dime', 0, 0),
('dime.supportedby', 'dime', 0, 0),
('dime.treasure', 'dime', 0, 0),
('dime.treasure.appraisal', 'dime', 0, 0),
('dime.treasure.not', 'dime', 0, 0),
('dime.treasure.pending', 'dime', 0, 0),
('dime.treasure.treasure', 'dime', 0, 0),
('dime.user.actor.museum', 'dime', 0, 0),
('dime.user.dashboard', 'dime', 0, 0),
('dime.user.dashboard.faq', 'dime', 0, 0),
('dime.user.dashboard.finds', 'dime', 0, 1),
('dime.user.dashboard.notifications', 'dime', 0, 1),
('dime.user.dashboard.text', 'dime', 0, 0),
('dime.user.dashboard.title', 'dime', 0, 0),
('dime.user.detectorist.id', 'dime', 0, 0),
('dime.user.login', 'dime', 0, 0),
('dime.user.name', 'dime', 0, 0),
('dime.user.password', 'dime', 0, 0),
('dime.user.password.forgot', 'dime', 0, 0),
('dime.user.profile', 'dime', 0, 0),
('dime.user.register', 'dime', 0, 0),
('dime.user.register.success', 'dime', 0, 0),
('dime.user.terms', 'dime', 0, 0),
('dime.user.terms.v1', 'dime', 0, 0),
('dime.user.update', 'dime', 0, 0),
('dime.user.update.failure', 'dime', 0, 0),
('file.type.audio', 'core', 0, 0),
('file.type.document', 'core', 0, 0),
('file.type.image', 'core', 0, 0),
('file.type.other', 'core', 0, 0),
('find.gotofind', 'core', 0, 0),
('form.select.optional', 'core', 0, 0),
('form.select.required', 'core', 0, 0),
('format.address', 'core', 0, 0),
('format.address.city', 'core', 0, 0),
('format.address.country', 'core', 0, 0),
('format.address.street', 'core', 0, 0),
('format.blob', 'core', 0, 0),
('format.boolean', 'core', 0, 0),
('format.classification.class', 'core', 0, 0),
('format.classification.classified', 'core', 0, 0),
('format.colour', 'core', 0, 0),
('format.date', 'core', 0, 0),
('format.datetime', 'core', 0, 0),
('format.dating', 'core', 0, 0),
('format.dating.dated', 'core', 0, 0),
('format.dating.period', 'core', 0, 0),
('format.dating.year', 'core', 0, 0),
('format.decimal', 'core', 0, 0),
('format.description.described', 'core', 0, 0),
('format.description.text', 'core', 0, 0),
('format.distance', 'core', 0, 0),
('format.email', 'core', 0, 0),
('format.event', 'core', 0, 0),
('format.file', 'core', 0, 0),
('format.fileversion', 'core', 0, 0),
('format.fileversion.created', 'core', 0, 0),
('format.fileversion.creator', 'core', 0, 0),
('format.fileversion.expires', 'core', 0, 0),
('format.fileversion.modified', 'core', 0, 0),
('format.fileversion.modifier', 'core', 0, 0),
('format.fileversion.name', 'core', 0, 0),
('format.fileversion.sequence', 'core', 0, 0),
('format.fileversion.string', 'core', 0, 0),
('format.float', 'core', 0, 0),
('format.geometry', 'core', 0, 0),
('format.html', 'core', 0, 0),
('format.identifier', 'core', 0, 0),
('format.image', 'core', 0, 0),
('format.integer', 'core', 0, 0),
('format.item', 'core', 0, 0),
('format.key', 'core', 0, 0),
('format.localtext', 'core', 0, 0),
('format.markdown', 'core', 0, 0),
('format.mass', 'core', 0, 0),
('format.module', 'core', 0, 0),
('format.money', 'core', 0, 0),
('format.ordinaldate', 'core', 0, 0),
('format.password', 'core', 0, 0),
('format.percent', 'core', 0, 0),
('format.recipient', 'core', 0, 0),
('format.recipient.read_on', 'core', 0, 0),
('format.recipient.sent_to', 'core', 0, 0),
('format.recipient.status', 'core', 0, 0),
('format.richtext', 'core', 0, 0),
('format.search', 'core', 0, 0),
('format.shortlocaltext', 'core', 0, 0),
('format.shorttext', 'core', 0, 0),
('format.string', 'core', 0, 0),
('format.telephone', 'core', 0, 0),
('format.text', 'core', 0, 0),
('format.time', 'core', 0, 0),
('format.url', 'core', 0, 0),
('format.weekdate', 'core', 0, 0),
('format.wkt', 'core', 0, 0),
('format.year', 'core', 0, 0),
('format.yearmonth', 'core', 0, 0),
('format.yearspan', 'core', 0, 0),
('format.yearweek', 'core', 0, 0),
('fragment.blob', 'core', 0, 0),
('fragment.boolean', 'core', 0, 0),
('fragment.date', 'core', 0, 0),
('fragment.datetime', 'core', 0, 0),
('fragment.decimal', 'core', 0, 0),
('fragment.float', 'core', 0, 0),
('fragment.geometry', 'core', 0, 0),
('fragment.integer', 'core', 0, 0),
('fragment.item', 'core', 0, 0),
('fragment.string', 'core', 0, 0),
('fragment.structure', 'core', 0, 0),
('fragment.text', 'core', 0, 0),
('fragment.time', 'core', 0, 0),
('language.abkhazian', 'vocabulary', 0, 0),
('language.achinese', 'vocabulary', 0, 0),
('language.acoli', 'vocabulary', 0, 0),
('language.adangme', 'vocabulary', 0, 0),
('language.adyghe', 'vocabulary', 0, 0),
('language.afar', 'vocabulary', 0, 0),
('language.afrihili', 'vocabulary', 0, 0),
('language.afrikaans', 'vocabulary', 0, 0),
('language.aghem', 'vocabulary', 0, 0),
('language.ainu', 'vocabulary', 0, 0),
('language.akan', 'vocabulary', 0, 0),
('language.akkadian', 'vocabulary', 0, 0),
('language.akoose', 'vocabulary', 0, 0),
('language.alabama', 'vocabulary', 0, 0),
('language.albanian', 'vocabulary', 0, 0),
('language.albanian.gheg', 'vocabulary', 0, 0),
('language.aleut', 'vocabulary', 0, 0),
('language.altai.southern', 'vocabulary', 0, 0),
('language.amharic', 'vocabulary', 0, 0),
('language.angika', 'vocabulary', 0, 0),
('language.aonaga', 'vocabulary', 0, 0),
('language.arabic', 'vocabulary', 0, 0),
('language.arabic.algerian', 'vocabulary', 0, 0),
('language.arabic.chadian', 'vocabulary', 0, 0),
('language.arabic.egyptian', 'vocabulary', 0, 0),
('language.arabic.modern', 'vocabulary', 0, 0),
('language.arabic.moroccan', 'vocabulary', 0, 0),
('language.arabic.tunisian', 'vocabulary', 0, 0),
('language.aragonese', 'vocabulary', 0, 0),
('language.aramaic', 'vocabulary', 0, 0),
('language.aramaic.samaritan', 'vocabulary', 0, 0),
('language.araona', 'vocabulary', 0, 0),
('language.arapaho', 'vocabulary', 0, 0),
('language.arawak', 'vocabulary', 0, 0),
('language.armenian', 'vocabulary', 0, 0),
('language.aromanian', 'vocabulary', 0, 0),
('language.arpitan', 'vocabulary', 0, 0),
('language.assamese', 'vocabulary', 0, 0),
('language.asturian', 'vocabulary', 0, 0),
('language.asu', 'vocabulary', 0, 0),
('language.atsam', 'vocabulary', 0, 0),
('language.avaric', 'vocabulary', 0, 0),
('language.avestan', 'vocabulary', 0, 0),
('language.awadhi', 'vocabulary', 0, 0),
('language.aymara', 'vocabulary', 0, 0),
('language.azerbaijani', 'vocabulary', 0, 0),
('language.badaga', 'vocabulary', 0, 0),
('language.bafia', 'vocabulary', 0, 0),
('language.bafut', 'vocabulary', 0, 0),
('language.bakhtiari', 'vocabulary', 0, 0),
('language.balinese', 'vocabulary', 0, 0),
('language.balochi.western', 'vocabulary', 0, 0),
('language.baluchi', 'vocabulary', 0, 0),
('language.bambara', 'vocabulary', 0, 0),
('language.bamun', 'vocabulary', 0, 0),
('language.banjar', 'vocabulary', 0, 0),
('language.basaa', 'vocabulary', 0, 0),
('language.bashkir', 'vocabulary', 0, 0),
('language.basque', 'vocabulary', 0, 0),
('language.bataktoba', 'vocabulary', 0, 0),
('language.bavarian', 'vocabulary', 0, 0),
('language.beja', 'vocabulary', 0, 0),
('language.belarusian', 'vocabulary', 0, 0),
('language.bemba', 'vocabulary', 0, 0),
('language.bena', 'vocabulary', 0, 0),
('language.bengali', 'vocabulary', 0, 0),
('language.betawi', 'vocabulary', 0, 0),
('language.bhojpuri', 'vocabulary', 0, 0),
('language.bikol', 'vocabulary', 0, 0),
('language.bini', 'vocabulary', 0, 0),
('language.bishnupriya', 'vocabulary', 0, 0),
('language.bislama', 'vocabulary', 0, 0),
('language.blin', 'vocabulary', 0, 0),
('language.blissymbols', 'vocabulary', 0, 0),
('language.bodo', 'vocabulary', 0, 0),
('language.bosnian', 'vocabulary', 0, 0),
('language.brahui', 'vocabulary', 0, 0),
('language.braj', 'vocabulary', 0, 0),
('language.breton', 'vocabulary', 0, 0),
('language.buginese', 'vocabulary', 0, 0),
('language.bulgarian', 'vocabulary', 0, 0),
('language.bulu', 'vocabulary', 0, 0),
('language.buriat', 'vocabulary', 0, 0),
('language.burmese', 'vocabulary', 0, 0),
('language.caddo', 'vocabulary', 0, 0),
('language.cantonese', 'vocabulary', 0, 0),
('language.capiznon', 'vocabulary', 0, 0),
('language.carib', 'vocabulary', 0, 0),
('language.catalan', 'vocabulary', 0, 0),
('language.cayuga', 'vocabulary', 0, 0),
('language.cebuano', 'vocabulary', 0, 0),
('language.chagatai', 'vocabulary', 0, 0),
('language.chamorro', 'vocabulary', 0, 0),
('language.chechen', 'vocabulary', 0, 0),
('language.cherokee', 'vocabulary', 0, 0),
('language.cheyenne', 'vocabulary', 0, 0),
('language.chibcha', 'vocabulary', 0, 0),
('language.chiga', 'vocabulary', 0, 0),
('language.chiini.koyra', 'vocabulary', 0, 0),
('language.chinese', 'vocabulary', 0, 0),
('language.chinese.gan', 'vocabulary', 0, 0),
('language.chinese.hakka', 'vocabulary', 0, 0),
('language.chinese.literary', 'vocabulary', 0, 0),
('language.chinese.minnan', 'vocabulary', 0, 0),
('language.chinese.simplified', 'vocabulary', 0, 0),
('language.chinese.traditional', 'vocabulary', 0, 0),
('language.chinese.wu', 'vocabulary', 0, 0),
('language.chinese.xiang', 'vocabulary', 0, 0),
('language.chipewyan', 'vocabulary', 0, 0),
('language.choctaw', 'vocabulary', 0, 0),
('language.chuukese', 'vocabulary', 0, 0),
('language.chuvash', 'vocabulary', 0, 0),
('language.colognian', 'vocabulary', 0, 0),
('language.comorian', 'vocabulary', 0, 0),
('language.coptic', 'vocabulary', 0, 0),
('language.cornish', 'vocabulary', 0, 0),
('language.corsican', 'vocabulary', 0, 0),
('language.cree', 'vocabulary', 0, 0),
('language.creek', 'vocabulary', 0, 0),
('language.creole.haitian', 'vocabulary', 0, 0),
('language.croatian', 'vocabulary', 0, 0),
('language.czech', 'vocabulary', 0, 0),
('language.dakota', 'vocabulary', 0, 0),
('language.danish', 'vocabulary', 0, 0),
('language.dargwa', 'vocabulary', 0, 0),
('language.dari.zoroastrian', 'vocabulary', 0, 0),
('language.dazaga', 'vocabulary', 0, 0),
('language.delaware', 'vocabulary', 0, 0),
('language.dinka', 'vocabulary', 0, 0),
('language.divehi', 'vocabulary', 0, 0),
('language.dogri', 'vocabulary', 0, 0),
('language.dogrib', 'vocabulary', 0, 0),
('language.duala', 'vocabulary', 0, 0),
('language.dusun.central', 'vocabulary', 0, 0),
('language.dutch', 'vocabulary', 0, 0),
('language.dutch.middle', 'vocabulary', 0, 0),
('language.dyula', 'vocabulary', 0, 0),
('language.dzongkha', 'vocabulary', 0, 0),
('language.efik', 'vocabulary', 0, 0),
('language.egyptian.ancient', 'vocabulary', 0, 0),
('language.ekajuk', 'vocabulary', 0, 0),
('language.elamite', 'vocabulary', 0, 0),
('language.embu', 'vocabulary', 0, 0),
('language.emilian', 'vocabulary', 0, 0),
('language.english', 'vocabulary', 0, 0),
('language.english.american', 'vocabulary', 0, 0),
('language.english.australian', 'vocabulary', 0, 0),
('language.english.british', 'vocabulary', 0, 0),
('language.english.canadian', 'vocabulary', 0, 0),
('language.english.jamaicancreole ', 'vocabulary', 0, 0),
('language.english.middle', 'vocabulary', 0, 0),
('language.english.old', 'vocabulary', 0, 0),
('language.erzya', 'vocabulary', 0, 0),
('language.esperanto', 'vocabulary', 0, 0),
('language.estonian', 'vocabulary', 0, 0),
('language.ewe', 'vocabulary', 0, 0),
('language.ewondo', 'vocabulary', 0, 0),
('language.extremaduran', 'vocabulary', 0, 0),
('language.fang', 'vocabulary', 0, 0),
('language.fanti', 'vocabulary', 0, 0),
('language.faroese', 'vocabulary', 0, 0),
('language.fijian', 'vocabulary', 0, 0),
('language.filipino', 'vocabulary', 0, 0),
('language.finnish', 'vocabulary', 0, 0),
('language.finnish.tornedalen', 'vocabulary', 0, 0),
('language.flemish', 'vocabulary', 0, 0),
('language.flemish.west', 'vocabulary', 0, 0),
('language.fon', 'vocabulary', 0, 0),
('language.frafra', 'vocabulary', 0, 0),
('language.franconian.main', 'vocabulary', 0, 0),
('language.french', 'vocabulary', 0, 0),
('language.french.cajun', 'vocabulary', 0, 0),
('language.french.canadian', 'vocabulary', 0, 0),
('language.french.middle', 'vocabulary', 0, 0),
('language.french.old', 'vocabulary', 0, 0),
('language.french.swiss', 'vocabulary', 0, 0),
('language.frisian.eastern', 'vocabulary', 0, 0),
('language.frisian.northern', 'vocabulary', 0, 0),
('language.frisian.saterland', 'vocabulary', 0, 0),
('language.frisian.western', 'vocabulary', 0, 0),
('language.friulian', 'vocabulary', 0, 0),
('language.fulah', 'vocabulary', 0, 0),
('language.ga', 'vocabulary', 0, 0),
('language.gaelic.scottish', 'vocabulary', 0, 0),
('language.gagauz', 'vocabulary', 0, 0),
('language.galician', 'vocabulary', 0, 0),
('language.ganda', 'vocabulary', 0, 0),
('language.gayo', 'vocabulary', 0, 0),
('language.gbaya', 'vocabulary', 0, 0),
('language.geez', 'vocabulary', 0, 0),
('language.georgian', 'vocabulary', 0, 0),
('language.german', 'vocabulary', 0, 0),
('language.german.austrian', 'vocabulary', 0, 0),
('language.german.low', 'vocabulary', 0, 0),
('language.german.middlehigh', 'vocabulary', 0, 0),
('language.german.oldhigh', 'vocabulary', 0, 0),
('language.german.palatine', 'vocabulary', 0, 0),
('language.german.pennsylvania', 'vocabulary', 0, 0),
('language.german.swiss', 'vocabulary', 0, 0),
('language.german.swisshigh', 'vocabulary', 0, 0),
('language.ghomala', 'vocabulary', 0, 0),
('language.gilaki', 'vocabulary', 0, 0),
('language.gilbertese', 'vocabulary', 0, 0),
('language.gondi', 'vocabulary', 0, 0),
('language.gorontalo', 'vocabulary', 0, 0),
('language.gothic', 'vocabulary', 0, 0),
('language.grebo', 'vocabulary', 0, 0),
('language.greek', 'vocabulary', 0, 0),
('language.greek.ancient', 'vocabulary', 0, 0),
('language.guarani', 'vocabulary', 0, 0),
('language.gujarati', 'vocabulary', 0, 0),
('language.gusii', 'vocabulary', 0, 0),
('language.gwichin', 'vocabulary', 0, 0),
('language.haida', 'vocabulary', 0, 0),
('language.hausa', 'vocabulary', 0, 0),
('language.hawaiian', 'vocabulary', 0, 0),
('language.hebrew', 'vocabulary', 0, 0),
('language.herero', 'vocabulary', 0, 0),
('language.hiligaynon', 'vocabulary', 0, 0),
('language.hindi', 'vocabulary', 0, 0),
('language.hindi.fiji', 'vocabulary', 0, 0),
('language.hittite', 'vocabulary', 0, 0),
('language.hmong', 'vocabulary', 0, 0),
('language.hungarian', 'vocabulary', 0, 0),
('language.hupa', 'vocabulary', 0, 0),
('language.iban', 'vocabulary', 0, 0),
('language.ibibio', 'vocabulary', 0, 0),
('language.icelandic', 'vocabulary', 0, 0),
('language.ido', 'vocabulary', 0, 0),
('language.igbo', 'vocabulary', 0, 0),
('language.iloko', 'vocabulary', 0, 0),
('language.indonesian', 'vocabulary', 0, 0),
('language.ingrian', 'vocabulary', 0, 0),
('language.ingush', 'vocabulary', 0, 0),
('language.interlingua', 'vocabulary', 0, 0),
('language.interlingue', 'vocabulary', 0, 0),
('language.inuktitut', 'vocabulary', 0, 0),
('language.inupiaq', 'vocabulary', 0, 0),
('language.irish', 'vocabulary', 0, 0),
('language.irish.middle', 'vocabulary', 0, 0),
('language.irish.old', 'vocabulary', 0, 0),
('language.italian', 'vocabulary', 0, 0),
('language.japanese', 'vocabulary', 0, 0),
('language.jargon.chinook', 'vocabulary', 0, 0),
('language.javanese', 'vocabulary', 0, 0),
('language.jju', 'vocabulary', 0, 0),
('language.jolafonyi', 'vocabulary', 0, 0),
('language.judeoarabic', 'vocabulary', 0, 0),
('language.judeopersian', 'vocabulary', 0, 0),
('language.jutish', 'vocabulary', 0, 0),
('language.kabardian', 'vocabulary', 0, 0),
('language.kabuverdianu', 'vocabulary', 0, 0),
('language.kabyle', 'vocabulary', 0, 0),
('language.kachin', 'vocabulary', 0, 0),
('language.kaingang', 'vocabulary', 0, 0),
('language.kako', 'vocabulary', 0, 0),
('language.kalaallisut', 'vocabulary', 0, 0),
('language.kalenjin', 'vocabulary', 0, 0),
('language.kalmyk', 'vocabulary', 0, 0),
('language.kamba', 'vocabulary', 0, 0),
('language.kanembu', 'vocabulary', 0, 0),
('language.kannada', 'vocabulary', 0, 0),
('language.kanuri', 'vocabulary', 0, 0),
('language.karachaybalkar', 'vocabulary', 0, 0),
('language.karakalpak', 'vocabulary', 0, 0),
('language.karelian', 'vocabulary', 0, 0),
('language.kashmiri', 'vocabulary', 0, 0),
('language.kashubian', 'vocabulary', 0, 0),
('language.kawi', 'vocabulary', 0, 0),
('language.kazakh', 'vocabulary', 0, 0),
('language.kenyang', 'vocabulary', 0, 0),
('language.khasi', 'vocabulary', 0, 0),
('language.khmer', 'vocabulary', 0, 0),
('language.khotanese', 'vocabulary', 0, 0),
('language.khowar', 'vocabulary', 0, 0),
('language.kiche', 'vocabulary', 0, 0),
('language.kikuyu', 'vocabulary', 0, 0),
('language.kimbundu', 'vocabulary', 0, 0),
('language.kinaraya', 'vocabulary', 0, 0),
('language.kinyarwanda', 'vocabulary', 0, 0),
('language.kirmanjki', 'vocabulary', 0, 0),
('language.klingon', 'vocabulary', 0, 0),
('language.kom', 'vocabulary', 0, 0),
('language.komi', 'vocabulary', 0, 0),
('language.komi.permyak', 'vocabulary', 0, 0),
('language.kongo', 'vocabulary', 0, 0),
('language.konkani', 'vocabulary', 0, 0),
('language.konkani.goan', 'vocabulary', 0, 0),
('language.korean', 'vocabulary', 0, 0),
('language.koro', 'vocabulary', 0, 0),
('language.kosraean', 'vocabulary', 0, 0),
('language.kotava', 'vocabulary', 0, 0),
('language.kpelle', 'vocabulary', 0, 0),
('language.krio', 'vocabulary', 0, 0),
('language.kuanyama', 'vocabulary', 0, 0),
('language.kumyk', 'vocabulary', 0, 0),
('language.kurdish', 'vocabulary', 0, 0),
('language.kurdish.central', 'vocabulary', 0, 0),
('language.kurukh', 'vocabulary', 0, 0),
('language.kutenai', 'vocabulary', 0, 0),
('language.kwasio', 'vocabulary', 0, 0),
('language.kyrgyz', 'vocabulary', 0, 0),
('language.ladino', 'vocabulary', 0, 0),
('language.lahnda', 'vocabulary', 0, 0),
('language.lakota', 'vocabulary', 0, 0),
('language.lamba', 'vocabulary', 0, 0),
('language.langi', 'vocabulary', 0, 0),
('language.lao', 'vocabulary', 0, 0),
('language.latgalian', 'vocabulary', 0, 0),
('language.latin', 'vocabulary', 0, 0),
('language.latvian', 'vocabulary', 0, 0),
('language.laz', 'vocabulary', 0, 0),
('language.lezghian', 'vocabulary', 0, 0),
('language.ligurian', 'vocabulary', 0, 0),
('language.limburgish', 'vocabulary', 0, 0),
('language.lingala', 'vocabulary', 0, 0),
('language.linguafranca.nova', 'vocabulary', 0, 0),
('language.lithuanian', 'vocabulary', 0, 0),
('language.livonian', 'vocabulary', 0, 0),
('language.lojban', 'vocabulary', 0, 0),
('language.lombard', 'vocabulary', 0, 0),
('language.lozi', 'vocabulary', 0, 0),
('language.luba.katanga', 'vocabulary', 0, 0),
('language.luba.lulua', 'vocabulary', 0, 0),
('language.luiseno', 'vocabulary', 0, 0),
('language.lunda', 'vocabulary', 0, 0),
('language.luo', 'vocabulary', 0, 0),
('language.luri.northern', 'vocabulary', 0, 0),
('language.luxembourgish', 'vocabulary', 0, 0),
('language.luyia', 'vocabulary', 0, 0),
('language.maba', 'vocabulary', 0, 0),
('language.macedonian', 'vocabulary', 0, 0),
('language.machame', 'vocabulary', 0, 0),
('language.madurese', 'vocabulary', 0, 0),
('language.mafa', 'vocabulary', 0, 0),
('language.magahi', 'vocabulary', 0, 0),
('language.maithili', 'vocabulary', 0, 0),
('language.makasar', 'vocabulary', 0, 0),
('language.makhuwameetto', 'vocabulary', 0, 0),
('language.makonde', 'vocabulary', 0, 0),
('language.malagasy', 'vocabulary', 0, 0),
('language.malay', 'vocabulary', 0, 0),
('language.malayalam', 'vocabulary', 0, 0),
('language.maltese', 'vocabulary', 0, 0),
('language.manchu', 'vocabulary', 0, 0),
('language.mandar', 'vocabulary', 0, 0),
('language.mandingo', 'vocabulary', 0, 0),
('language.manipuri', 'vocabulary', 0, 0),
('language.manx', 'vocabulary', 0, 0),
('language.maori', 'vocabulary', 0, 0),
('language.mapuche', 'vocabulary', 0, 0),
('language.marathi', 'vocabulary', 0, 0),
('language.mari', 'vocabulary', 0, 0),
('language.mari.western', 'vocabulary', 0, 0),
('language.marshallese', 'vocabulary', 0, 0),
('language.marwari', 'vocabulary', 0, 0),
('language.masai', 'vocabulary', 0, 0),
('language.mazanderani', 'vocabulary', 0, 0),
('language.medumba', 'vocabulary', 0, 0),
('language.mende', 'vocabulary', 0, 0),
('language.mentawai', 'vocabulary', 0, 0),
('language.meru', 'vocabulary', 0, 0),
('language.meta', 'vocabulary', 0, 0),
('language.micmac', 'vocabulary', 0, 0),
('language.minangkabau', 'vocabulary', 0, 0),
('language.mingrelian', 'vocabulary', 0, 0),
('language.mirandese', 'vocabulary', 0, 0),
('language.mizo', 'vocabulary', 0, 0),
('language.mohawk', 'vocabulary', 0, 0),
('language.moksha', 'vocabulary', 0, 0),
('language.moldavian', 'vocabulary', 0, 0),
('language.mongo', 'vocabulary', 0, 0),
('language.mongolian', 'vocabulary', 0, 0),
('language.morisyen', 'vocabulary', 0, 0),
('language.mossi', 'vocabulary', 0, 0),
('language.motu.hiri', 'vocabulary', 0, 0),
('language.multiple', 'vocabulary', 0, 0),
('language.mundang', 'vocabulary', 0, 0),
('language.myene', 'vocabulary', 0, 0),
('language.nama', 'vocabulary', 0, 0),
('language.nauru', 'vocabulary', 0, 0),
('language.navajo', 'vocabulary', 0, 0),
('language.ndebele.north', 'vocabulary', 0, 0),
('language.ndebele.south', 'vocabulary', 0, 0),
('language.ndonga', 'vocabulary', 0, 0),
('language.neapolitan', 'vocabulary', 0, 0),
('language.nepali', 'vocabulary', 0, 0),
('language.newari', 'vocabulary', 0, 0),
('language.newari.classical', 'vocabulary', 0, 0),
('language.ngambay', 'vocabulary', 0, 0),
('language.ngiemboon', 'vocabulary', 0, 0),
('language.ngomba', 'vocabulary', 0, 0),
('language.nheengatu', 'vocabulary', 0, 0),
('language.nias', 'vocabulary', 0, 0),
('language.niuean', 'vocabulary', 0, 0),
('language.nko', 'vocabulary', 0, 0),
('language.nogai', 'vocabulary', 0, 0),
('language.none', 'vocabulary', 0, 0),
('language.norse.old', 'vocabulary', 0, 0),
('language.northern sami', 'vocabulary', 0, 0),
('language.norwegian', 'vocabulary', 0, 0),
('language.norwegian.bokml', 'vocabulary', 0, 0),
('language.norwegian.nynorsk', 'vocabulary', 0, 0),
('language.novial', 'vocabulary', 0, 0),
('language.nuer', 'vocabulary', 0, 0),
('language.nyamwezi', 'vocabulary', 0, 0),
('language.nyanja', 'vocabulary', 0, 0),
('language.nyankole', 'vocabulary', 0, 0),
('language.nyoro', 'vocabulary', 0, 0),
('language.nzima', 'vocabulary', 0, 0),
('language.occitan', 'vocabulary', 0, 0),
('language.ojibwa', 'vocabulary', 0, 0),
('language.oriya', 'vocabulary', 0, 0),
('language.oromo', 'vocabulary', 0, 0),
('language.osage', 'vocabulary', 0, 0),
('language.ossetic', 'vocabulary', 0, 0),
('language.pahlavi', 'vocabulary', 0, 0),
('language.palauan', 'vocabulary', 0, 0),
('language.pali', 'vocabulary', 0, 0),
('language.pampanga', 'vocabulary', 0, 0),
('language.pangasinan', 'vocabulary', 0, 0),
('language.papiamento', 'vocabulary', 0, 0),
('language.pashto', 'vocabulary', 0, 0),
('language.persian', 'vocabulary', 0, 0),
('language.persian.old', 'vocabulary', 0, 0),
('language.phoenician', 'vocabulary', 0, 0),
('language.picard', 'vocabulary', 0, 0),
('language.piedmontese', 'vocabulary', 0, 0),
('language.pisin.tok', 'vocabulary', 0, 0),
('language.plautdietsch', 'vocabulary', 0, 0),
('language.pohnpeian', 'vocabulary', 0, 0),
('language.polish', 'vocabulary', 0, 0),
('language.pontic', 'vocabulary', 0, 0),
('language.portuguese', 'vocabulary', 0, 0),
('language.portuguese.brazilian', 'vocabulary', 0, 0),
('language.portuguese.european', 'vocabulary', 0, 0),
('language.provenal.old', 'vocabulary', 0, 0),
('language.prussian', 'vocabulary', 0, 0),
('language.punjabi', 'vocabulary', 0, 0),
('language.quechua', 'vocabulary', 0, 0),
('language.quichua.chimborazohighland', 'vocabulary', 0, 0),
('language.rajasthani', 'vocabulary', 0, 0),
('language.rapanui', 'vocabulary', 0, 0),
('language.rarotongan', 'vocabulary', 0, 0),
('language.riffian', 'vocabulary', 0, 0),
('language.romagnol', 'vocabulary', 0, 0),
('language.romanian', 'vocabulary', 0, 0),
('language.romansh', 'vocabulary', 0, 0),
('language.romany', 'vocabulary', 0, 0),
('language.rombo', 'vocabulary', 0, 0),
('language.root', 'vocabulary', 0, 0),
('language.rotuman', 'vocabulary', 0, 0),
('language.roviana', 'vocabulary', 0, 0),
('language.rundi', 'vocabulary', 0, 0),
('language.russian', 'vocabulary', 0, 0),
('language.rusyn', 'vocabulary', 0, 0),
('language.rwa', 'vocabulary', 0, 0),
('language.saho', 'vocabulary', 0, 0),
('language.sakha', 'vocabulary', 0, 0),
('language.samburu', 'vocabulary', 0, 0),
('language.sami.inari', 'vocabulary', 0, 0),
('language.sami.lule', 'vocabulary', 0, 0),
('language.sami.skolt', 'vocabulary', 0, 0),
('language.sami.southern', 'vocabulary', 0, 0),
('language.samoan', 'vocabulary', 0, 0),
('language.samogitian', 'vocabulary', 0, 0),
('language.sandawe', 'vocabulary', 0, 0),
('language.sango', 'vocabulary', 0, 0),
('language.sangu', 'vocabulary', 0, 0),
('language.sanskrit', 'vocabulary', 0, 0),
('language.santali', 'vocabulary', 0, 0),
('language.sardinian', 'vocabulary', 0, 0),
('language.sardinian.sassarese', 'vocabulary', 0, 0),
('language.sasak', 'vocabulary', 0, 0),
('language.saurashtra', 'vocabulary', 0, 0),
('language.saxon.low', 'vocabulary', 0, 0),
('language.scots', 'vocabulary', 0, 0),
('language.selayar', 'vocabulary', 0, 0),
('language.selkup', 'vocabulary', 0, 0),
('language.sena', 'vocabulary', 0, 0),
('language.seneca', 'vocabulary', 0, 0),
('language.senni.koyraboro', 'vocabulary', 0, 0),
('language.serbian', 'vocabulary', 0, 0),
('language.serbocroatian', 'vocabulary', 0, 0),
('language.serer', 'vocabulary', 0, 0),
('language.seri', 'vocabulary', 0, 0),
('language.shambala', 'vocabulary', 0, 0),
('language.shan', 'vocabulary', 0, 0),
('language.shona', 'vocabulary', 0, 0),
('language.sicilian', 'vocabulary', 0, 0),
('language.sidamo', 'vocabulary', 0, 0),
('language.siksika', 'vocabulary', 0, 0),
('language.silesian', 'vocabulary', 0, 0),
('language.silesian.lower', 'vocabulary', 0, 0),
('language.sindhi', 'vocabulary', 0, 0),
('language.sinhala', 'vocabulary', 0, 0),
('language.slave', 'vocabulary', 0, 0),
('language.slavic.church', 'vocabulary', 0, 0),
('language.slovak', 'vocabulary', 0, 0),
('language.slovenian', 'vocabulary', 0, 0),
('language.soga', 'vocabulary', 0, 0),
('language.sogdien', 'vocabulary', 0, 0),
('language.somali', 'vocabulary', 0, 0),
('language.soninke', 'vocabulary', 0, 0),
('language.sorbian.lower', 'vocabulary', 0, 0),
('language.sorbian.upper', 'vocabulary', 0, 0),
('language.sotho.northern', 'vocabulary', 0, 0),
('language.sotho.southern', 'vocabulary', 0, 0),
('language.southern kurdish', 'vocabulary', 0, 0),
('language.spanish', 'vocabulary', 0, 0),
('language.spanish.european', 'vocabulary', 0, 0),
('Language.spanish.latinamerican', 'vocabulary', 0, 0),
('language.spanish.mexican', 'vocabulary', 0, 0),
('language.sukuma', 'vocabulary', 0, 0),
('language.sumerian', 'vocabulary', 0, 0),
('language.sundanese', 'vocabulary', 0, 0),
('language.susu', 'vocabulary', 0, 0),
('language.swahili', 'vocabulary', 0, 0),
('language.swahili.congo', 'vocabulary', 0, 0),
('language.swati', 'vocabulary', 0, 0),
('language.swedish', 'vocabulary', 0, 0),
('language.syriac', 'vocabulary', 0, 0),
('language.syriac.classical', 'vocabulary', 0, 0),
('language.tachelhit', 'vocabulary', 0, 0),
('language.tagalog', 'vocabulary', 0, 0),
('language.tahitian', 'vocabulary', 0, 0),
('language.taita', 'vocabulary', 0, 0),
('language.tajik', 'vocabulary', 0, 0),
('language.talysh', 'vocabulary', 0, 0),
('language.tamashek', 'vocabulary', 0, 0),
('language.tamazight.centralatlas', 'vocabulary', 0, 0),
('language.tamazight.standardmoroccan', 'vocabulary', 0, 0),
('language.tamil', 'vocabulary', 0, 0),
('language.taroko', 'vocabulary', 0, 0),
('language.tasawaq', 'vocabulary', 0, 0),
('language.tat.muslim', 'vocabulary', 0, 0),
('language.tatar', 'vocabulary', 0, 0),
('language.telugu', 'vocabulary', 0, 0),
('language.tereno', 'vocabulary', 0, 0),
('language.teso', 'vocabulary', 0, 0),
('language.tetum', 'vocabulary', 0, 0),
('language.thai', 'vocabulary', 0, 0),
('language.tibetan', 'vocabulary', 0, 0),
('language.tigre', 'vocabulary', 0, 0),
('language.tigrinya', 'vocabulary', 0, 0),
('language.timne', 'vocabulary', 0, 0),
('language.tiv', 'vocabulary', 0, 0),
('language.tlingit', 'vocabulary', 0, 0),
('language.tokelau', 'vocabulary', 0, 0),
('language.tonga.nyasa', 'vocabulary', 0, 0),
('language.tongan', 'vocabulary', 0, 0),
('language.tongo.sranan', 'vocabulary', 0, 0),
('language.tsakhur', 'vocabulary', 0, 0),
('language.tsakonian', 'vocabulary', 0, 0),
('language.tsimshian', 'vocabulary', 0, 0),
('language.tsonga', 'vocabulary', 0, 0),
('language.tswana', 'vocabulary', 0, 0),
('language.tulu', 'vocabulary', 0, 0),
('language.tumbuka', 'vocabulary', 0, 0),
('language.turkish', 'vocabulary', 0, 0),
('language.turkish.crimean', 'vocabulary', 0, 0),
('language.turkish.ottoman', 'vocabulary', 0, 0),
('language.turkmen', 'vocabulary', 0, 0),
('language.turoyo', 'vocabulary', 0, 0),
('language.tuvalu', 'vocabulary', 0, 0),
('language.tuvinian', 'vocabulary', 0, 0),
('language.twi', 'vocabulary', 0, 0),
('language.tyap', 'vocabulary', 0, 0),
('language.udmurt', 'vocabulary', 0, 0),
('language.ugaritic', 'vocabulary', 0, 0),
('language.ukrainian', 'vocabulary', 0, 0),
('language.umbundu', 'vocabulary', 0, 0),
('language.unknown', 'vocabulary', 0, 0),
('language.urdu', 'vocabulary', 0, 0),
('language.uyghur', 'vocabulary', 0, 0),
('language.uzbek', 'vocabulary', 0, 0),
('language.vai', 'vocabulary', 0, 0),
('language.venda', 'vocabulary', 0, 0),
('language.venetian', 'vocabulary', 0, 0),
('language.veps', 'vocabulary', 0, 0),
('language.vietnamese', 'vocabulary', 0, 0),
('language.volapk', 'vocabulary', 0, 0),
('language.vro', 'vocabulary', 0, 0),
('language.votic', 'vocabulary', 0, 0),
('language.vunjo', 'vocabulary', 0, 0),
('language.walloon', 'vocabulary', 0, 0),
('language.walser', 'vocabulary', 0, 0),
('language.waray', 'vocabulary', 0, 0),
('language.warlpiri', 'vocabulary', 0, 0),
('language.washo', 'vocabulary', 0, 0),
('language.wayuu', 'vocabulary', 0, 0),
('language.welsh', 'vocabulary', 0, 0),
('language.wolaytta', 'vocabulary', 0, 0),
('language.wolof', 'vocabulary', 0, 0),
('language.xhosa', 'vocabulary', 0, 0),
('language.yangben', 'vocabulary', 0, 0),
('language.yao', 'vocabulary', 0, 0),
('language.yapese', 'vocabulary', 0, 0),
('language.yemba', 'vocabulary', 0, 0),
('language.yi.sichuan', 'vocabulary', 0, 0),
('language.yiddish', 'vocabulary', 0, 0),
('language.yoruba', 'vocabulary', 0, 0),
('language.yupik.central', 'vocabulary', 0, 0),
('language.zapotec', 'vocabulary', 0, 0),
('language.zarma', 'vocabulary', 0, 0),
('language.zaza', 'vocabulary', 0, 0),
('language.zeelandic', 'vocabulary', 0, 0),
('language.zenaga', 'vocabulary', 0, 0),
('language.zhuang', 'vocabulary', 0, 0),
('language.zulu', 'vocabulary', 0, 0),
('language.zuni', 'vocabulary', 0, 0),
('length.kilometre', 'vocabulary', 0, 0),
('length.metre', 'vocabulary', 0, 0),
('length.micrometre', 'vocabulary', 0, 0),
('length.millimetre', 'vocabulary', 0, 0),
('length.nanometre', 'vocabulary', 0, 0),
('map.layer.aerial', 'core', 0, 0),
('map.layer.aerial.labels', 'core', 0, 0),
('map.layer.bing.aerial', 'core', 0, 0),
('map.layer.bing.aerialwithlabels', 'core', 0, 0),
('map.layer.bing.road', 'core', 0, 0),
('map.layer.road', 'core', 0, 0),
('map.legend.max', 'core', 0, 0),
('map.legend.min', 'core', 0, 0),
('map.source.bing', 'core', 0, 0),
('map.source.kfs', 'core', 0, 0),
('map.style.choropleth', 'core', 0, 0),
('map.style.distribution', 'core', 0, 0),
('map.style.none', 'core', 0, 0),
('mass.gram', 'vocabulary', 0, 0),
('mass.kilogram', 'vocabulary', 0, 0),
('mass.microgram', 'vocabulary', 0, 0),
('mass.milligram', 'vocabulary', 0, 0),
('mass.tonne', 'vocabulary', 0, 0),
('module.campaign', 'core', 0, 0),
('module.file', 'core', 0, 0),
('module.find', 'core', 0, 0),
('module.image', 'core', 0, 0),
('module.location', 'core', 0, 0),
('property', 'core', 0, 0),
('property.address', 'core', 0, 0),
('property.avatar', 'core', 0, 0),
('property.city', 'core', 0, 0),
('property.content', 'core', 0, 0),
('property.country', 'core', 0, 0),
('property.dateofbirth', 'core', 0, 0),
('property.id', 'core', 0, 0),
('property.initials', 'core', 0, 0),
('property.language', 'core', 0, 0),
('property.length', 'core', 0, 0),
('property.logo', 'core', 0, 0),
('property.module', 'core', 0, 0),
('property.name', 'core', 0, 0),
('property.phone', 'core', 0, 0),
('property.street', 'core', 0, 0),
('property.title', 'core', 0, 0),
('schema.file', 'core', 0, 0),
('search.placeholder', 'core', 0, 0),
('site.brand', 'core', 0, 0),
('site.welcome', 'core', 0, 0),
('spatial.crs.wgs84', 'vocabulary', 0, 0),
('spatial.format.geojson', 'vocabulary', 0, 0),
('spatial.format.gpx', 'vocabulary', 0, 0),
('spatial.format.wkt', 'vocabulary', 0, 0),
('test.test', 'core', 0, 0),
('This value should be less than or equal to {{ compared_value }}.', 'validators', 0, 1),
('translation.domain.core', 'core', 0, 0),
('translation.domain.dime', 'dime', 0, 0),
('translation.domain.security', 'core', 0, 0),
('translation.domain.validators', 'core', 0, 0),
('translation.domain.vocabulary', 'core', 0, 0),
('translation.role.default', 'core', 0, 0),
('translation.role.description', 'core', 0, 0),
('translation.role.from', 'core', 0, 0),
('translation.role.negative', 'core', 0, 0),
('translation.role.official', 'core', 0, 0),
('translation.role.opposite', 'core', 0, 0),
('translation.role.positive', 'core', 0, 0),
('translation.role.resource', 'core', 0, 0),
('translation.role.title', 'core', 0, 0),
('translation.role.to', 'core', 0, 0),
('user.greeting', 'security', 0, 1),
('user.mail.reset.not.text', 'security', 0, 0),
('user.mail.reset.not.title', 'security', 0, 0),
('user.mail.reset.subject', 'security', 0, 0),
('user.mail.reset.text', 'security', 0, 0),
('user.mail.reset.title', 'security', 0, 0),
('user.mail.verify.subject', 'security', 0, 0),
('user.mail.verify.text', 'security', 0, 0),
('user.mail.verify.title', 'security', 0, 0),
('user.menu.edit', 'security', 0, 0),
('user.menu.home', 'core', 0, 0),
('user.menu.list', 'security', 0, 0),
('user.menu.login', 'security', 0, 0),
('user.menu.logout', 'security', 0, 0),
('user.menu.password', 'security', 0, 0),
('user.menu.register', 'security', 0, 0),
('user.menu.view', 'security', 0, 0),
('Vrdien er ikke gyldig. data[credentials].username', 'dime', 0, 0),
('Vrdien er ikke gyldig. data[credentials].username.error', 'dime', 0, 0),
('vocabulary.country', 'core', 0, 0),
('vocabulary.distance', 'core', 0, 0),
('vocabulary.language', 'core', 0, 0),
('vocabulary.mass', 'core', 0, 0),
('vocabulary.spatial.crs', 'core', 0, 0),
('vocabulary.spatial.format', 'core', 0, 0);

-- --------------------------------------------------------

--
-- Table structure for table `ark_translation_language`
--

CREATE TABLE `ark_translation_language` (
  `language` varchar(10) COLLATE utf8mb4_unicode_ci NOT NULL,
  `markup` tinyint(1) NOT NULL DEFAULT 0,
  `vocabulary` tinyint(1) NOT NULL DEFAULT 0,
  `text` tinyint(1) NOT NULL DEFAULT 0
) ENGINE=InnoDB DEFAULT CHARSET=utf8mb4 COLLATE=utf8mb4_unicode_ci;

--
-- Dumping data for table `ark_translation_language`
--

INSERT INTO `ark_translation_language` (`language`, `markup`, `vocabulary`, `text`) VALUES
('da', 1, 1, 1),
('en', 1, 1, 1);

-- --------------------------------------------------------

--
-- Table structure for table `ark_translation_message`
--

CREATE TABLE `ark_translation_message` (
  `language` varchar(10) COLLATE utf8mb4_unicode_ci NOT NULL,
  `keyword` varchar(100) COLLATE utf8mb4_unicode_ci NOT NULL,
  `role` varchar(20) COLLATE utf8mb4_unicode_ci NOT NULL DEFAULT 'default',
  `text` longtext COLLATE utf8mb4_unicode_ci NOT NULL,
  `notes` longtext COLLATE utf8mb4_unicode_ci DEFAULT NULL
) ENGINE=InnoDB DEFAULT CHARSET=utf8mb4 COLLATE=utf8mb4_unicode_ci;

--
-- Dumping data for table `ark_translation_message`
--

INSERT INTO `ark_translation_message` (`language`, `keyword`, `role`, `text`, `notes`) VALUES
('da', 'Actions', 'default', 'Aktion (tryk p \'Udfr aktion\' for at aktivere)', ''),
('da', 'core.action.edit', 'default', 'Rediger', ''),
('da', 'core.action.register', 'default', 'Registrer', ''),
('da', 'core.action.select', 'default', 'Vlg handling', ''),
('da', 'core.action.view', 'default', 'Vis', ''),
('da', 'core.actor', 'default', 'Bruger', ''),
('da', 'core.actor', 'resource', 'aktrer', ''),
('da', 'core.actor.address', 'default', 'Adresse', ''),
('da', 'core.actor.avatar', 'default', 'Foto', ''),
('da', 'core.actor.biography', 'default', 'Biografi', ''),
('da', 'core.actor.class.museum', 'default', 'Museum', ''),
('da', 'core.actor.class.person', 'default', 'actor_class_person(Rolle)', ''),
('da', 'core.actor.email', 'default', 'E-mail', ''),
('da', 'core.actor.event.registered', 'default', 'Begivenhed registreret', ''),
('da', 'core.actor.fullname', 'default', 'Navn', ''),
('da', 'core.actor.id', 'default', 'Aktr ID', ''),
('da', 'core.actor.initials', 'default', 'Initialer', ''),
('da', 'core.actor.module', 'default', 'Aktr', ''),
('da', 'core.actor.person', 'default', 'actor_person(Rolle)', ''),
('da', 'core.actor.schema', 'default', 'Aktr', ''),
('da', 'core.actor.shortname', 'default', 'Kort navn', ''),
('da', 'core.actor.telephone', 'default', 'Telefon', ''),
('da', 'core.actor.visibility', 'default', 'actor_visibility(Synlighed af privateoplysninger)', ''),
('da', 'core.admin', 'resource', 'admin', ''),
('da', 'core.admin.user.register', 'default', 'Opret ny bruger', ''),
('da', 'core.blank', 'default', ' ', ''),
('da', 'core.button.apply', 'default', 'Udfr aktion', ''),
('da', 'core.button.change', 'default', 'Skift adgangskode', ''),
('da', 'core.button.clear', 'default', 'Klar', ''),
('da', 'core.button.clone', 'default', 'Kopier dato, type og materiale til nyt fund', ''),
('da', 'core.button.save', 'default', 'Gem', ''),
('da', 'core.button.search', 'default', 'Sg', ''),
('da', 'core.button.select', 'default', 'Vlg', ''),
('da', 'core.button.send', 'default', 'Send', ''),
('da', 'core.csv.enclosure', 'default', '\"', ''),
('da', 'core.csv.filename', 'default', 'export', ''),
('da', 'core.csv.separator', 'default', ';', ''),
('da', 'core.error.form.invalid', 'default', 'Der er fejl i formularen', ''),
('da', 'core.error.form.invalid', 'error', 'Der er fejl i formularen', ''),
('da', 'core.event', 'default', 'begivenhed', ''),
('da', 'core.event', 'resource', 'Resource', ''),
('da', 'core.event.class.viewed', 'default', 'Vist', ''),
('da', 'core.event.edited', 'default', 'ndret', ''),
('da', 'core.event.resource', 'default', 'Resource', ''),
('da', 'core.events', 'resource', 'begivenheder', ''),
('da', 'core.file', 'resource', 'filer', ''),
('da', 'core.file.class.audio', 'default', 'file_class_audio(Audio)', ''),
('da', 'core.file.class.document', 'default', 'Dokument', ''),
('da', 'core.file.class.image', 'default', 'Foto', ''),
('da', 'core.file.class.other', 'default', 'Andet', ''),
('da', 'core.file.class.text', 'default', 'Tekst', ''),
('da', 'core.file.class.video', 'default', 'Video', ''),
('da', 'core.file.status.checkedin', 'default', 'Logget p', ''),
('da', 'core.file.status.checkedout', 'default', 'Logget ud', ''),
('da', 'core.file.status.expired', 'default', 'Udlbet', ''),
('da', 'core.file.status.locked', 'default', 'Lst', ''),
('da', 'core.file.status.new', 'default', 'Ny', ''),
('da', 'core.message', 'default', 'Besked', ''),
('da', 'core.message', 'resource', 'beskeder', ''),
('da', 'core.message.allmessages', 'default', 'Se tidligere underretninger', ''),
('da', 'core.message.class', 'default', 'Type', ''),
('da', 'core.message.class.notification', 'default', 'Notifikation', ''),
('da', 'core.message.messages', 'default', 'Beskeder', ''),
('da', 'core.message.messages.new', 'default', 'Nye beskeder', ''),
('da', 'core.message.newmessages', 'default', 'Ny(e) besked(er)', ''),
('da', 'core.message.notification.body', 'default', 'Notifikation', ''),
('da', 'core.message.notification.event', 'default', 'Begivenhed', ''),
('da', 'core.message.notshown', 'default', 'ikke synlige beskeder', ''),
('da', 'core.message.sender', 'default', 'Fra', ''),
('da', 'core.message.sent_at', 'default', 'Dato', ''),
('da', 'core.message.type', 'default', 'BESKED', ''),
('da', 'core.placeholder', 'default', '-', ''),
('da', 'core.profile', 'default', 'Brugerprofil', ''),
('da', 'core.profile', 'resource', 'brugerprofil', ''),
('da', 'core.profiles', 'resource', 'brugerprofiler', ''),
('da', 'core.role.admin', 'default', 'Administrator', ''),
('da', 'core.role.anon', 'default', 'Anonym', ''),
('da', 'core.role.user', 'default', 'Bruger', ''),
('da', 'core.security.user', 'status', 'Status', ''),
('da', 'core.security.user.status', 'default', 'Status', ''),
('da', 'core.security.user.status.approved', 'default', 'Godkendt', ''),
('da', 'core.security.user.status.closed', 'default', 'Lukket', ''),
('da', 'core.security.user.status.expired', 'default', 'Udlbet', ''),
('da', 'core.security.user.status.locked', 'default', 'Lst', ''),
('da', 'core.security.user.status.new', 'default', 'Ny', ''),
('da', 'core.security.user.status.registered', 'default', 'Registreret', ''),
('da', 'core.security.user.status.suspended', 'default', 'suspenderet', ''),
('da', 'core.security.user.status.verified', 'default', 'Godkendt', ''),
('da', 'core.user', 'resource', 'brugere', ''),
('da', 'core.user.agree', 'default', 'Jeg accepterer hermed betingelserne for anvendelsen af DIME.', ''),
('da', 'core.user.email', 'default', 'Email', ''),
('da', 'core.user.email.repeat', 'default', 'Gentag Email', ''),
('da', 'core.user.login', 'default', 'Log p', ''),
('da', 'core.user.login.notregistered', 'default', 'Er du ikke oprettet som bruger?', ''),
('da', 'core.user.login.register', 'default', 'Opret ny bruger her.', ''),
('da', 'core.user.name', 'default', 'Brugernavn', ''),
('da', 'core.user.password', 'default', 'Adgangskode', ''),
('da', 'core.user.password.change', 'default', 'Skift adgangskode', ''),
('da', 'core.user.password.change', 'success', 'Du har nu ndret dit password', ''),
('da', 'core.user.password.current', 'default', 'Nuvrende adgangskode', ''),
('da', 'core.user.password.new', 'default', 'Nyt password', ''),
('da', 'core.user.password.repeat', 'default', 'Gentag adgangskode', ''),
('da', 'core.user.password.set', 'default', 'Adgangskode', ''),
('da', 'core.user.profile', 'default', 'Brugerprofil', ''),
('da', 'core.user.register', 'default', 'Opret bruger', ''),
('da', 'core.user.register', 'success', 'Din registrering er nu afsendt. Tjek din mail og godkend oprettelsen af DIME-profilen???', ''),
('da', 'core.user.register.existing', 'default', 'Har du allerede en konto?', ''),
('da', 'core.user.register.heading', 'default', 'Opret bruger', ''),
('da', 'core.user.register.loggedin', 'default', 'Hej \"%name%\" - du er allerede oprettet som bruger???', ''),
('da', 'core.user.register.login', 'default', 'Login her', ''),
('da', 'core.user.register.logout', 'default', 'Log ud', ''),
('da', 'core.user.reset', 'default', 'Reset', ''),
('da', 'core.user.reset.heading', 'default', 'Nulstil adgangskode', ''),
('da', 'core.user.reset.notregistered', 'default', 'Er du ikke oprettet som bruger i Dime?', ''),
('da', 'core.user.reset.register', 'default', 'Opret ny bruger her', ''),
('da', 'core.user.reset.reset', 'default', 'Angiv dit brugernavn for at nulstille din adgangskode', ''),
('da', 'core.user.role', 'default', 'Bruger rolle', ''),
('da', 'core.user.role.add', 'default', 'Tilfj bruger rolle', ''),
('da', 'core.user.role.expiry', 'default', 'Udlbsdato', ''),
('da', 'core.user.terms', 'default', 'Betingelser', ''),
('da', 'core.user.terms.agree', 'default', 'Jeg accepterer vilkrene for DIME.', ''),
('da', 'core.user.username', 'default', 'Brugernavn', ''),
('da', 'core.users', 'resource', 'brugere', ''),
('da', 'core.visibility', 'default', 'Publikationsstatus', ''),
('da', 'core.visibility.private', 'default', 'Privat', ''),
('da', 'core.visibility.public', 'default', 'Offentlig', ''),
('da', 'core.visibility.restricted', 'default', 'Begrnset', ''),
('da', 'core.widget.send', 'default', 'Send', ''),
('da', 'core.widget.submit', 'default', 'Sg', ''),
('da', 'core.workflow.action', 'default', 'Handlinger', ''),
('da', 'core.workflow.role', 'default', 'Rolle', ''),
('da', 'country.denmark', 'default', 'Danmark', ''),
('da', 'dime.about', 'default', 'Om DIME', ''),
('da', 'dime.about', 'resource', 'om', ''),
('da', 'dime.about.background', 'default', 'Baggrund for DIME', ''),
('da', 'dime.about.groups', 'default', 'Detektorforeninger', ''),
('da', 'dime.about.hevn', 'default', 'Hvad er DIME?', ''),
('da', 'dime.about.hevntext', 'default', 'DIME er en fllesportal for detektorbrugere og danske museer, der kan bruges af alle.', ''),
('da', 'dime.about.instructions', 'default', 'Vejledning', ''),
('da', 'dime.about.museums', 'default', 'Deltagende museer', ''),
('da', 'dime.about.partners', 'default', 'Samarbejdspartnere', ''),
('da', 'dime.action.accession', 'default', 'Indlemmet i museets samling', ''),
('da', 'dime.action.accession', 'success', 'Indlemmet i museets samling', ''),
('da', 'dime.action.appraise', 'default', 'Treasure - Retained by National Museum', ''),
('da', 'dime.action.appraise', 'success', 'Vurderet danef af National Museet', ''),
('da', 'dime.action.approve', 'default', 'Godkend', ''),
('da', 'dime.action.cancel', 'default', 'Cancel', ''),
('da', 'dime.action.claim', 'default', 'Create Treasure Claim', ''),
('da', 'dime.action.claim', 'success', 'Send danef rapport til National Museet', ''),
('da', 'dime.action.delete', 'default', 'Slet', ''),
('da', 'dime.action.destroy', 'default', 'Artefact accidentally destroyed', ''),
('da', 'dime.action.destroy', 'success', 'Genstanden er blevet delagt', ''),
('da', 'dime.action.discard', 'default', 'Discard the artefact', ''),
('da', 'dime.action.discard', 'success', 'Genstanden blev kasseret efter vurdering', ''),
('da', 'dime.action.edit', 'default', 'Rediger fund oplysninger', ''),
('da', 'dime.action.edit', 'success', 'Rediger fundoplysninger', ''),
('da', 'dime.action.erase', 'success', 'Slet fund og fundoplysninger', ''),
('da', 'dime.action.evaluate', 'default', 'Muligt danef - skal indsendes til NM', ''),
('da', 'dime.action.evaluate', 'success', 'Potentielt danefr, skal sendes til National Museet', ''),
('da', 'dime.action.lose', 'default', 'Artefact has been lost', ''),
('da', 'dime.action.lose', 'success', 'Genstanden er blevet mistet', ''),
('da', 'dime.action.notify', 'default', 'Rapporter fund til museum', ''),
('da', 'dime.action.publish', 'default', 'Publish find record on DIME', ''),
('da', 'dime.action.publish', 'success', 'Genstanden er blevet offentliggjort', ''),
('da', 'dime.action.record', 'default', 'Gem fundoplysninger', ''),
('da', 'dime.action.record', 'success', 'Fundet blev oprettet i Dime', ''),
('da', 'dime.action.recover', 'default', 'Recover a lost artefact', ''),
('da', 'dime.action.recover', 'success', 'Mistet genstand er blevet genfundet', ''),
('da', 'dime.action.register', 'default', 'Registrer', ''),
('da', 'dime.action.reject', 'default', 'Reject find submission', ''),
('da', 'dime.action.reject', 'success', 'Det lokale museum vil gerne have yderligere information om fundet', ''),
('da', 'dime.action.release', 'default', 'Fund frigivet til finder', ''),
('da', 'dime.action.release', 'success', 'Fund er ikke danef og er returneret til finder', ''),
('da', 'dime.action.report', 'default', 'Rapportr', ''),
('da', 'dime.action.report', 'success', 'Fundoplysninger er papporteret til museet, men fundet er ikke afleveret', ''),
('da', 'dime.action.request', 'success', 'Anmod om overdragelse af fund til museet', ''),
('da', 'dime.action.send', 'default', 'Send', ''),
('da', 'dime.action.send', 'success', 'Send fund til museum', ''),
('da', 'dime.action.submit', 'default', 'Send fund til Museum', ''),
('da', 'dime.action.submit', 'success', 'Rapporter fundoplysninger og indsend fundet til museet.', ''),
('da', 'dime.action.suspend', 'default', 'action_suspend(suspendr)', ''),
('da', 'dime.action.view', 'default', 'Vis', ''),
('da', 'dime.action.withhold', 'default', 'Withhold from publication', ''),
('da', 'dime.action.withhold', 'success', 'Tilbagehold publikation af fundoplysninger.', ''),
('da', 'dime.actions', 'default', 'Handling', ''),
('da', 'dime.actor.municipalities', 'default', 'Kommuner', ''),
('da', 'dime.actor.participating', 'default', 'DIME-bruger', ''),
('da', 'dime.admin.users', 'default', 'Administrer brugere', ''),
('da', 'dime.admin.users.register', 'default', 'Register brugere', ''),
('da', 'dime.background', 'default', 'Baggrund', ''),
('da', 'dime.background', 'resource', 'baggrund', ''),
('da', 'dime.claim', 'resource', 'danefae', ''),
('da', 'dime.classification.explaination', 'default', 'Fundklassifikation og datering', ''),
('da', 'dime.close', 'default', 'Lukke', ''),
('da', 'dime.confirm', 'default', 'Bekrft', ''),
('da', 'dime.confirmfiledeletion', 'default', 'Er du sikker p at du vil slette denne fil?', ''),
('da', 'dime.confirmnavigation', 'default', 'Du har ikke-gemte ndringer p denne side, er du sikker p, at du vil forlade?', ''),
('da', 'dime.controls', 'default', 'Vis', ''),
('da', 'dime.copyright', 'default', 'Copyright  2013-2017 Arkologisk IT, Aarhus Universitet', ''),
('da', 'dime.credits', 'default', 'Datastruktur og support: Carsten Risager | Design: Casper Skaaning Andersen | Udvikling: L - P : Archaeology', ''),
('da', 'dime.dating.from', 'default', 'Datering fra', ''),
('da', 'dime.dating.period', 'default', 'Periode', ''),
('da', 'dime.dating.to', 'default', 'Datering til', ''),
('da', 'dime.dating.year', 'default', 'rstal', ''),
('da', 'dime.denmark.municipality', 'default', 'Kommune', ''),
('da', 'dime.detector', 'default', 'Metaldetektorbrug & Danef', ''),
('da', 'dime.detector', 'resource', 'detektering', ''),
('da', 'dime.dropdown.undef', 'default', 'UNDERKATEGORI', ''),
('da', 'dime.exhibits', 'default', 'Digitale udstillinger', ''),
('da', 'dime.exhibits', 'resource', 'ddstiller', ''),
('da', 'dime.exhibits.forests', 'default', 'Guld og Grnne Skove', ''),
('da', 'dime.exhibits.weapons', 'default', 'Vben i bronzealderen', ''),
('da', 'dime.find', 'default', 'Fund', ''),
('da', 'dime.find', 'description', 'Beskrivelse', ''),
('da', 'dime.find', 'resource', 'fund', ''),
('da', 'dime.find', 'status', 'Find status', ''),
('da', 'dime.find.add', 'default', 'Opret fund', ''),
('da', 'dime.find.add', 'success', 'Tillykke! Dit fund og oplysninger er nu registreret i DIME.', ''),
('da', 'dime.find.artefact', 'default', 'Genstand', ''),
('da', 'dime.find.case', 'default', 'Museums-sagsnummer', ''),
('da', 'dime.find.case', 'help', 'Et museums sagsnummer bestr normalt af et akronym med efterflgende sagsnummer (f.eks. MOM18640). Det ansvarlige museum kan oplyse dig om sagsnummer, hvis de allerede har registreret den pgldende fundplads.', ''),
('da', 'dime.find.case.help', 'default', 'Et museums sagsnummer bestr normalt af et akronym med efterflgende sagsnummer (f.eks. MOM18640). Det ansvarlige museum kan oplyse dig om sagsnummer, hvis de allerede har registreret den pgldende fundplads.', ''),
('da', 'dime.find.claim', 'default', 'Link til danef rapport', ''),
('da', 'dime.find.class', 'default', 'Type', ''),
('da', 'dime.find.class.accessory', 'default', 'Smykke/ dragttilbehr', ''),
('da', 'dime.find.class.coin', 'default', 'Mnt', ''),
('da', 'dime.find.class.fibula', 'default', 'Fibula/ dragtspnde', ''),
('da', 'dime.find.class.metal', 'default', 'Produktionsaffald/ metalskrot', ''),
('da', 'dime.find.class.military', 'default', 'Vben/ militaria', ''),
('da', 'dime.find.class.tool', 'default', 'Redskab/ vrktj', ''),
('da', 'dime.find.class.unassessed', 'default', 'Afventer bestemmelse', ''),
('da', 'dime.find.class.unknown', 'default', 'Ubestemt', ''),
('da', 'dime.find.classification', 'default', 'Klassifikation', ''),
('da', 'dime.find.classify', 'default', 'Angiv type og datering ', ''),
('da', 'dime.find.condition', 'default', 'Tilstand', ''),
('da', 'dime.find.condition.fragmented', 'default', 'Fragmenteret', ''),
('da', 'dime.find.condition.modified', 'default', 'Modificeret', ''),
('da', 'dime.find.condition.unfinished', 'default', 'Ufrdig', ''),
('da', 'dime.find.condition.whole', 'default', 'Hel', ''),
('da', 'dime.find.coordinates', 'default', 'Koordinater', ''),
('da', 'dime.find.custodian', 'default', 'Fundansvarlig', ''),
('da', 'dime.find.custody', 'default', 'I transit (Ja/ Nej)', ''),
('da', 'dime.find.custody.destroyed', 'default', 'delagt', ''),
('da', 'dime.find.custody.discarded', 'default', 'Kasseret', ''),
('da', 'dime.find.custody.held', 'default', 'Nej', ''),
('da', 'dime.find.custody.lost', 'default', 'Mistet', ''),
('da', 'dime.find.custody.requested', 'default', 'Anmodet', ''),
('da', 'dime.find.custody.sent', 'default', 'Ja', ''),
('da', 'dime.find.dating', 'default', 'Datering fra', ''),
('da', 'dime.find.dating', 'help', 'Her har du to indtastningsmuligheder:\n\n1) I dropdown menuen kan du angive en dateringsramme (f.eks. vikingetid) eller vlge \"udateret\", hvis du er usikker p dateringen.\n2) I den avancerede dateringsmenu kan du angive en start- og en slutdatering bde som periode og i rstal. Det er vigtigt, at du angiver BDE start- og slutdatering. OBS! Hvis du f.eks. har fundet en mnt fra 1687, angiver du 1687 i begge felter.', ''),
('da', 'dime.find.description', 'default', 'Beskrivelse', ''),
('da', 'dime.find.event', 'default', 'Begivenhed', ''),
('da', 'dime.find.event.accessioned', 'default', 'Indlemmet i museets samling', ''),
('da', 'dime.find.event.classified', 'default', 'Typebestemt', ''),
('da', 'dime.find.event.deleted', 'default', 'Slettet', ''),
('da', 'dime.find.event.edited', 'default', 'ndret', ''),
('da', 'dime.find.event.recorded', 'default', 'Registreret', ''),
('da', 'dime.find.event.released', 'default', 'Fund frigivet til finder', ''),
('da', 'dime.find.event.reported', 'default', 'Rapportr', ''),
('da', 'dime.find.event.submitted', 'default', 'Fund indsendt til museum', ''),
('da', 'dime.find.event.validated', 'default', 'Valideret', ''),
('da', 'dime.find.filters', 'default', 'Filter', ''),
('da', 'dime.find.finddate', 'default', 'Funddato', ''),
('da', 'dime.find.finddate', 'help', 'Angiv her, hvornr du har fundet den genstand, som du vil registrere.', ''),
('da', 'dime.find.finddate.help', 'default', 'Angiv her, hvornr du har fundet den genstand, som du vil registrere.', ''),
('da', 'dime.find.finder', 'default', 'Bruger', ''),
('da', 'dime.find.finder_id', 'default', 'Fund-nr./ X-nr.', ''),
('da', 'dime.find.finder_id', 'help', 'For at hjlpe museet med at registrere dine fund, br du angive et unikt nummer for dit fund (samme nummer som du skriver p fundposen). OBS! Hvis du har fet fundnumre uddelt af museet, angiv dette.', ''),
('da', 'dime.find.finder_id.help', 'default', 'For at hjlpe museet med at registrere dine fund, br du angive et unikt nummer for dit fund (samme nummer som du skriver p fundposen). OBS! Hvis du har fet fundnumre uddelt af museet, angiv dette.', ''),
('da', 'dime.find.finder_place', 'default', 'Fundsted', ''),
('da', 'dime.find.finder_place', 'help', 'Angiv her fundpladsens navn (enten dit eget navn for stedet eller museets betegnelse)', ''),
('da', 'dime.find.id', 'default', 'DIME-ID', ''),
('da', 'dime.find.images', 'default', 'Fotos', ''),
('da', 'dime.find.images', 'help', 'For at f optimale fundbilleder skal: 1) fundet vre rengjort (pas p genstanden! - se tips om korrekt hndtering af fund her: //link til tutorial er p vej//). 2) der vre en mlestok ved fundet (f.eks. lineal) OBS! Guide til det gode fundfoto - Se her: //link til tutorial er p vej//', ''),
('da', 'dime.find.images.help', 'default', 'For at f optimale fundbilleder skal: 1) fundet vre rengjort (pas p genstanden! - se tips om korrekt hndtering af fund her: //link til tutorial er p vej//). 2) der vre en mlestok ved fundet (f.eks. lineal) OBS! Guide til det gode fundfoto - Se her: //link til tutorial er p vej//', ''),
('da', 'dime.find.issuer', 'default', 'Mntherre', ''),
('da', 'dime.find.length', 'default', 'Maksimal lngde', ''),
('da', 'dime.find.location', 'default', 'Placering', ''),
('da', 'dime.find.location.decimal', 'default', 'Decimal_(WGS84)', ''),
('da', 'dime.find.location.easting', 'default', 'stlig', NULL),
('da', 'dime.find.location.northing', 'default', 'Nordlig', NULL),
('da', 'dime.find.location.utm', 'default', 'UTM_Zone32', ''),
('da', 'dime.find.material', 'default', 'Materiale', ''),
('da', 'dime.find.material.secondary', 'default', 'Sekundrt materiale(r)', ''),
('da', 'dime.find.metadata', 'default', 'ID', ''),
('da', 'dime.find.mint', 'default', 'Mntsted', ''),
('da', 'dime.find.municipality', 'default', 'Kommune', ''),
('da', 'dime.find.museum_id', 'default', 'Museum Fund ID', ''),
('da', 'dime.find.owner', 'default', 'Ejer', ''),
('da', 'dime.find.period', 'default', 'Datering', ''),
('da', 'dime.find.period.end', 'default', 'Periode slut', ''),
('da', 'dime.find.period.start', 'default', 'Periode', ''),
('da', 'dime.find.photo', 'default', 'Fotos', ''),
('da', 'dime.find.process', 'default', 'Fundstatus', ''),
('da', 'dime.find.process.accessioned', 'default', 'Indlemmet i museets samling', ''),
('da', 'dime.find.process.appraised', 'default', 'Erklret danef af NM', ''),
('da', 'dime.find.process.claimed', 'default', 'Sendt til danef vurdering', ''),
('da', 'dime.find.process.evaluated', 'default', 'Muligt danef - skal indsendes til NM', ''),
('da', 'dime.find.process.inactive', 'default', 'find_process_inactive (Inaktiv)', ''),
('da', 'dime.find.process.recorded', 'default', 'Gemt', ''),
('da', 'dime.find.process.rejected', 'default', 'Afvist pga. manglende eller fejlagtig fundinformation', ''),
('da', 'dime.find.process.released', 'default', 'Fund frigivet til finder', ''),
('da', 'dime.find.process.reported', 'default', 'Fund rapporteret til museum (ikke afleveret)', ''),
('da', 'dime.find.publish', 'default', 'Udgivelsesdato', ''),
('da', 'dime.find.query.available', 'default', 'There are %items% finds in DIME that you can search.', ''),
('da', 'dime.find.query.found', 'default', 'Sgeresultat %items% fund.', ''),
('da', 'dime.find.query.set', 'default', 'Sgeresultat %items% fund.', ''),
('da', 'dime.find.recipient', 'default', 'Fundmodtager', ''),
('da', 'dime.find.register', 'default', 'Register Fund', ''),
('da', 'dime.find.save', 'default', 'Gem', ''),
('da', 'dime.find.search', 'default', 'Sg fund', ''),
('da', 'dime.find.secondary.ceramic', 'default', 'Keramik', ''),
('da', 'dime.find.secondary.enamel', 'default', 'Emalje', ''),
('da', 'dime.find.secondary.gilded', 'default', 'Forgyldt', ''),
('da', 'dime.find.secondary.glass', 'default', 'Glas', ''),
('da', 'dime.find.secondary.iron', 'default', 'Jern', ''),
('da', 'dime.find.secondary.looped', 'default', 'sken/gennemboring', ''),
('da', 'dime.find.secondary.niello', 'default', 'Niello', ''),
('da', 'dime.find.secondary.organic', 'default', 'Organisk', ''),
('da', 'dime.find.secondary.other', 'default', 'Andet', ''),
('da', 'dime.find.secondary.stone', 'default', 'Sten', ''),
('da', 'dime.find.secondary.tinned', 'default', 'Fortinnet', ''),
('da', 'dime.find.status', 'default', 'Find status', ''),
('da', 'dime.find.subtype', 'default', 'find_subtype(Undertype)', ''),
('da', 'dime.find.subtype.accessory', 'button', 'Knap', ''),
('da', 'dime.find.subtype.accessory.bell', 'default', 'Bjlde/ klokke', ''),
('da', 'dime.find.subtype.accessory.brooch', 'default', 'Broche/ Emblem', ''),
('da', 'dime.find.subtype.accessory.buckle', 'default', 'Spnde (bltespnde, skospnde osv.)', ''),
('da', 'dime.find.subtype.accessory.button', 'default', 'Knap', ''),
('da', 'dime.find.subtype.accessory.button.bar', 'default', 'Stangknap', ''),
('da', 'dime.find.subtype.accessory.button.other', 'default', 'Anden type knap (angiv i beskrivelsefelt)', ''),
('da', 'dime.find.subtype.accessory.button.round', 'default', 'Alm. rund, halvrund el. skiveformet knap til psyning', ''),
('da', 'dime.find.subtype.accessory.button.stud', 'default', 'Dobbeltknap', ''),
('da', 'dime.find.subtype.accessory.button.unknown', 'default', 'Ubestemt', ''),
('da', 'dime.find.subtype.accessory.fitting', 'default', 'Beslag', ''),
('da', 'dime.find.subtype.accessory.fitting.belt', 'default', 'Remendebeslag', ''),
('da', 'dime.find.subtype.accessory.fitting.other', 'default', 'Anden type beslag (angiv i beskrivelsesfelt)', ''),
('da', 'dime.find.subtype.accessory.fitting.unknown', 'default', 'Ubestemt', ''),
('da', 'dime.find.subtype.accessory.hook', 'default', 'Hgte/ Malle', ''),
('da', 'dime.find.subtype.accessory.jewelery', 'default', 'Smykke', ''),
('da', 'dime.find.subtype.accessory.jewelery.bracelet', 'default', 'Armring el. -kde', ''),
('da', 'dime.find.subtype.accessory.jewelery.bracteate', 'default', 'Brakteat', ''),
('da', 'dime.find.subtype.accessory.jewelery.earring', 'default', 'rering', ''),
('da', 'dime.find.subtype.accessory.jewelery.necklace', 'default', 'Halssmykke (krave/ ring/ kde)', ''),
('da', 'dime.find.subtype.accessory.jewelery.other', 'default', 'Andet smykke (angiv i beskrivelsesfelt)', ''),
('da', 'dime.find.subtype.accessory.jewelery.pasyning', 'default', 'Psyningsblik', ''),
('da', 'dime.find.subtype.accessory.jewelery.pearl', 'default', 'Perle', ''),
('da', 'dime.find.subtype.accessory.jewelery.pendant', 'default', 'Hngesmykke/ amulet', ''),
('da', 'dime.find.subtype.accessory.jewelery.ring', 'default', 'Fingerring', ''),
('da', 'dime.find.subtype.accessory.jewelery.unknown', 'default', 'Ubestemt', ''),
('da', 'dime.find.subtype.accessory.lace', 'default', 'Snreendedup/ snrenl', ''),
('da', 'dime.find.subtype.accessory.medal', 'default', 'Medalje/ orden', ''),
('da', 'dime.find.subtype.accessory.other', 'default', 'Andet dragttilbehr (angiv i beskrivelsesfelt)', ''),
('da', 'dime.find.subtype.accessory.pilgrim', 'default', 'Pilgrimsmrke', ''),
('da', 'dime.find.subtype.accessory.pin', 'default', 'Dragtnl', ''),
('da', 'dime.find.subtype.accessory.tutulus', 'default', 'Tutulus', ''),
('da', 'dime.find.subtype.accessory.unknown', 'default', 'Ubestemt', ''),
('da', 'dime.find.subtype.coin.danish', 'default', 'Dansk senmiddaldermnt (1400-1535)', ''),
('da', 'dime.find.subtype.coin.danish.civilwar', 'default', '\'Dansk borgerkrigsmnt (1200-1380)', ''),
('da', 'dime.find.subtype.coin.danish.early', 'default', 'Dansk tidlig middaldermnt (1067-1199)', ''),
('da', 'dime.find.subtype.coin.danish.hvide', 'default', 'Hvide', ''),
('da', 'dime.find.subtype.coin.danish.klipping', 'default', 'Klipping', ''),
('da', 'dime.find.subtype.coin.danish.other', 'default', 'Anden dansk mnt', ''),
('da', 'dime.find.subtype.coin.danish.ssling', 'default', 'Ssling', ''),
('da', 'dime.find.subtype.coin.danish.sterling', 'default', 'Kobbersterling', ''),
('da', 'dime.find.subtype.coin.danish.unknown', 'default', 'Ubestemt', ''),
('da', 'dime.find.subtype.coin.foreign', 'default', 'Udenlandsk middelaldermnt (1067-1535)', ''),
('da', 'dime.find.subtype.coin.foreign.hohlpfennig', 'default', 'Hulpenning', ''),
('da', 'dime.find.subtype.coin.foreign.hvide', 'default', 'Nordtysk hvid', ''),
('da', 'dime.find.subtype.coin.foreign.other', 'default', 'Anden udenlandsk middelaldermnt', ''),
('da', 'dime.find.subtype.coin.foreign.sterling', 'default', 'Engelske sterling', ''),
('da', 'dime.find.subtype.coin.foreign.tournois', 'default', 'Franske turnos', ''),
('da', 'dime.find.subtype.coin.foreign.unknown', 'default', 'Ubestemt', ''),
('da', 'dime.find.subtype.coin.jeton', 'default', 'Regnepenning', ''),
('da', 'dime.find.subtype.coin.modern', 'default', 'Nyere mnt (efter 1535)', ''),
('da', 'dime.find.subtype.coin.modern.danish', 'default', 'Nyere dansk mnt (efter 1535)', ''),
('da', 'dime.find.subtype.coin.modern.foreign', 'default', 'Nyere udenlandsk mnt (efter 1535)', ''),
('da', 'dime.find.subtype.coin.other', 'default', 'Anden mnt (angiv i beskrivelsesfelt)', ''),
('da', 'dime.find.subtype.coin.roman', 'default', 'Romersk / Byzantinsk mnt', ''),
('da', 'dime.find.subtype.coin.roman.aureus', 'default', 'Aureus', ''),
('da', 'dime.find.subtype.coin.roman.denarius', 'default', 'Denar', ''),
('da', 'dime.find.subtype.coin.roman.other', 'default', 'Anden romersk/ byzantinsk mnt', ''),
('da', 'dime.find.subtype.coin.roman.sestertius', 'default', 'Sesters', ''),
('da', 'dime.find.subtype.coin.roman.siliqua', 'default', 'Siliqua', ''),
('da', 'dime.find.subtype.coin.roman.solidus', 'default', 'Solidus', ''),
('da', 'dime.find.subtype.coin.roman.unknown', 'default', 'Ubestemt', ''),
('da', 'dime.find.subtype.coin.unknown', 'default', 'Ubestemt', ''),
('da', 'dime.find.subtype.coin.viking', 'default', 'Vikingetidsmnt', ''),
('da', 'dime.find.subtype.coin.viking.byzantine', 'default', 'Byzantisk mnt', ''),
('da', 'dime.find.subtype.coin.viking.carolingian', 'default', 'Anden karolingisk mnt', ''),
('da', 'dime.find.subtype.coin.viking.denarius', 'default', 'Karolingsk denar', ''),
('da', 'dime.find.subtype.coin.viking.dirham', 'default', 'Dirhem', ''),
('da', 'dime.find.subtype.coin.viking.english', 'default', 'Anden engelsk mnt', ''),
('da', 'dime.find.subtype.coin.viking.german', 'default', 'Anden tysk mnt', ''),
('da', 'dime.find.subtype.coin.viking.nordic', 'default', 'Dansk/ nordisk mnt', ''),
('da', 'dime.find.subtype.coin.viking.other', 'default', 'Anden vikingetidsmnt', ''),
('da', 'dime.find.subtype.coin.viking.penny', 'default', 'Engelsk penny', ''),
('da', 'dime.find.subtype.coin.viking.phennig', 'default', 'Tysk phennig', ''),
('da', 'dime.find.subtype.coin.viking.sceat', 'default', 'Sceatta', ''),
('da', 'dime.find.subtype.coin.viking.unknown', 'default', 'Ubestemt', ''),
('da', 'dime.find.subtype.fibula.beak', 'default', 'Nbfibula', ''),
('da', 'dime.find.subtype.fibula.bird.above', 'default', 'Fuglefibula (set fra oven)', ''),
('da', 'dime.find.subtype.fibula.bird.profile', 'default', 'Fugleformet fibula (ldre middelalder - lille fugl i profil)', ''),
('da', 'dime.find.subtype.fibula.bow', 'button', 'Rygknapfibula', ''),
('da', 'dime.find.subtype.fibula.bow', 'default', 'Bjlefibula', ''),
('da', 'dime.find.subtype.fibula.bow.ball', 'default', 'Svrtstbt kuglefibula (Frromersk jernalder)', ''),
('da', 'dime.find.subtype.fibula.bow.band', 'default', 'Brede bndformede bjlefibler (Romersk jernalder - Almgr. V)', ''),
('da', 'dime.find.subtype.fibula.bow.bilateral', 'default', '2-leddede fibler m. tvrkam (ldre romersk jernalder - Almgr. I-IV)', ''),
('da', 'dime.find.subtype.fibula.bow.button', 'default', 'Rygknapfibula', ''),
('da', 'dime.find.subtype.fibula.bow.cross', 'default', 'Korsformet fibula', ''),
('da', 'dime.find.subtype.fibula.bow.foot', 'default', 'Bjlefibler med omslet fod inkl. Nydamfibler (Yngre romersk jernalder - Almgr. VI)', ''),
('da', 'dime.find.subtype.fibula.bow.high', 'default', 'Bjlefibler med hj nleholder (Yngre romersk jernalder - Almgr. VII)', ''),
('da', 'dime.find.subtype.fibula.bow.other', 'default', 'Anden bjlefibula (angiv i beskrivelsesfelt)', ''),
('da', 'dime.find.subtype.fibula.bow.relief', 'default', 'Relieffibula', ''),
('da', 'dime.find.subtype.fibula.bow.unknown', 'default', 'Ubestemt', ''),
('da', 'dime.find.subtype.fibula.bowl', 'default', 'Sklfibula', ''),
('da', 'dime.find.subtype.fibula.bowl.animal', 'default', 'Dyreformet sklfibula', ''),
('da', 'dime.find.subtype.fibula.bowl.circular', 'default', 'Cirkulr sklfibula', ''),
('da', 'dime.find.subtype.fibula.bowl.large', 'default', 'Stor oval sklfibula (strre end 7,5 cm)', ''),
('da', 'dime.find.subtype.fibula.bowl.other', 'default', 'Anden sklfibel', ''),
('da', 'dime.find.subtype.fibula.bowl.small', 'default', 'Lille oval sklfibula (mindre end 7,5 cm)', ''),
('da', 'dime.find.subtype.fibula.bowl.unknown', 'default', 'Ubestemt', ''),
('da', 'dime.find.subtype.fibula.circular', 'default', 'Cirkulr fibula uden emalje/ indfatning', ''),
('da', 'dime.find.subtype.fibula.circular.large', 'default', 'Stor hvlvet cirkulr fibula (diameter > 4 cm)', ''),
('da', 'dime.find.subtype.fibula.circular.other', 'default', 'Anden cirkulr fibula (angiv i beskrivelsesfelt)', ''),
('da', 'dime.find.subtype.fibula.circular.small', 'default', 'Lille hvlvet cirkulr fibula (diameter < 4 cm) ', ''),
('da', 'dime.find.subtype.fibula.circular.tin', 'default', 'Cirkulr blikfibula (tidlig middelalder)', ''),
('da', 'dime.find.subtype.fibula.circular.unknown', 'default', 'Ubestemt', ''),
('da', 'dime.find.subtype.fibula.enamel', 'default', 'Emaljefibula/ fibula m. indfatning', ''),
('da', 'dime.find.subtype.fibula.enamel.central', 'default', 'Fibula m. central indfatning', ''),
('da', 'dime.find.subtype.fibula.enamel.cross', 'default', 'Korsemaljefibula', ''),
('da', 'dime.find.subtype.fibula.enamel.multiple', 'default', 'Fibula m. flere indfatninger', ''),
('da', 'dime.find.subtype.fibula.enamel.other', 'default', 'Anden emaljefibula/ fibula m. indfatning', ''),
('da', 'dime.find.subtype.fibula.enamel.unknown', 'default', 'Ubestemt', ''),
('da', 'dime.find.subtype.fibula.equalarm', 'default', 'Ligearmet fibula', ''),
('da', 'dime.find.subtype.fibula.equalarm.large', 'default', 'Stor ligearmet fibula (Vikingetid)', ''),
('da', 'dime.find.subtype.fibula.equalarm.other', 'default', 'Anden type ligearmet fibel (angiv i beskrivelsesfelt)', ''),
('da', 'dime.find.subtype.fibula.equalarm.small', 'default', 'Lille ligearmet fibula (Germansk jernalder)', ''),
('da', 'dime.find.subtype.fibula.equalarm.unknown', 'default', 'Ubestemt', ''),
('da', 'dime.find.subtype.fibula.healing', 'default', 'Dyreslyngsfibula (Urnesfibula og Guds lam)', ''),
('da', 'dime.find.subtype.fibula.healing.aalborg', 'default', 'Dyreslyngsfibula af Aalborg-type (Guds lam uden kors)', ''),
('da', 'dime.find.subtype.fibula.healing.lamb', 'default', 'Guds lam fibula/ Agnus Dei fibula', ''),
('da', 'dime.find.subtype.fibula.healing.other', 'default', 'Anden dyreslyngsfibula (angiv i beskrivelsesfelt)', ''),
('da', 'dime.find.subtype.fibula.healing.unknown', 'default', 'Ubestemt', ''),
('da', 'dime.find.subtype.fibula.healing.urnes', 'default', 'Urnesfibula', ''),
('da', 'dime.find.subtype.fibula.other', 'default', 'Anden type fibula/ dragtspnde (angiv i beskrivelsesfelt)', ''),
('da', 'dime.find.subtype.fibula.plate', 'default', 'Pladefibula', ''),
('da', 'dime.find.subtype.fibula.plate.bird', 'default', 'Stor fugleformet pladefibula (Yngre germansk jernalder)', ''),
('da', 'dime.find.subtype.fibula.plate.circular', 'default', 'Cirkulr pladefibula', ''),
('da', 'dime.find.subtype.fibula.plate.coin', 'default', 'Mntfibula', ''),
('da', 'dime.find.subtype.fibula.plate.horse', 'default', 'Hesteformet pladefibula', ''),
('da', 'dime.find.subtype.fibula.plate.other', 'default', 'Anden pladefibula', ''),
('da', 'dime.find.subtype.fibula.plate.oval', 'default', 'Oval pladefibula', ''),
('da', 'dime.find.subtype.fibula.plate.rhede', 'default', 'Rhedefibula (korsformet pladefibel)', ''),
('da', 'dime.find.subtype.fibula.plate.rectangular', 'default', 'Rektangulr pladefibula', ''),
('da', 'dime.find.subtype.fibula.plate.ship', 'default', 'Skibsformet fibula', ''),
('da', 'dime.find.subtype.fibula.plate.snake', 'default', 'S- el. slangeformet pladefibula', ''),
('da', 'dime.find.subtype.fibula.plate.swastika', 'default', 'Hagekorsfibula', ''),
('da', 'dime.find.subtype.fibula.plate.tongue', 'default', 'Tungeformet fibula', ''),
('da', 'dime.find.subtype.fibula.plate.unknown', 'default', 'Ubestemt', ''),
('da', 'dime.find.subtype.fibula.plate.valkyrie', 'default', 'Valkyriefibula', ''),
('da', 'dime.find.subtype.fibula.ring', 'default', 'Middelalderligt ringspnde', ''),
('da', 'dime.find.subtype.fibula.ring.circular', 'default', 'Cirkulre ringspnder', ''),
('da', 'dime.find.subtype.fibula.ring.heart', 'default', 'Hjerteformede ringspnder', ''),
('da', 'dime.find.subtype.fibula.ring.other', 'default', 'Anden type middelalderligt ringspnde', ''),
('da', 'dime.find.subtype.fibula.ring.star', 'default', 'Stjerneformede ringspnder', ''),
('da', 'dime.find.subtype.fibula.ring.unknown', 'default', 'Ubestemt', ''),
('da', 'dime.find.subtype.fibula.trilobal', 'default', 'Trefliget fibula', ''),
('da', 'dime.find.subtype.fibula.unknown', 'default', 'Ubestemt', ''),
('da', 'dime.find.subtype.fibula.viking', 'default', 'Anden vikingetidsfibula/ -dragtspnde', ''),
('da', 'dime.find.subtype.fibula.viking.other', 'default', 'Fibula lavet af anden genstand', ''),
('da', 'dime.find.subtype.fibula.viking.rhombic', 'default', 'Rhombisk fibula', ''),
('da', 'dime.find.subtype.fibula.viking.ring', 'default', 'Ringspnde/ ringnl', ''),
('da', 'dime.find.subtype.fibula.viking.roof', 'default', 'Hjalteformet/ tagformet fibula', ''),
('da', 'dime.find.subtype.fibula.viking.unknown', 'default', 'Ubestemt', ''),
('da', 'dime.find.subtype.filbula.unknown', 'default', 'Ubestemt', ''),
('da', 'dime.find.subtype.metal.ingot', 'default', 'Barre', ''),
('da', 'dime.find.subtype.metal.mold', 'default', 'Stbeform/ smeltedigel', ''),
('da', 'dime.find.subtype.metal.other', 'default', 'Andet produktionsaffald/ metalskrot/ rmaterialer (angiv i beskrivelsesfelt)', ''),
('da', 'dime.find.subtype.metal.rest', 'default', 'Stberest', ''),
('da', 'dime.find.subtype.metal.slag', 'default', 'Slagge', ''),
('da', 'dime.find.subtype.metal.tin', 'default', 'Blikfragment', ''),
('da', 'dime.find.subtype.metal.unknown', 'default', 'Ubestemt', ''),
('da', 'dime.find.subtype.military.ammunition', 'default', 'Ammunition (Musketkugle/ granat/ patron/ kanonkugle)', ''),
('da', 'dime.find.subtype.military.armor', 'default', 'Rustning/ ringbrynje', ''),
('da', 'dime.find.subtype.military.arrow', 'default', 'Pilespids/ armbrstbol', ''),
('da', 'dime.find.subtype.military.firearm', 'default', 'Skydevben', ''),
('da', 'dime.find.subtype.military.fitting', 'default', 'Beslag', ''),
('da', 'dime.find.subtype.military.fitting.other', 'default', 'Anden type beslag (angiv i beskrivelsesfelt) ', ''),
('da', 'dime.find.subtype.military.fitting.sheath', 'default', 'Skedebeslag ', ''),
('da', 'dime.find.subtype.military.fitting.uniform', 'default', 'Orden/ uniformbeslag', ''),
('da', 'dime.find.subtype.military.fitting.unknown', 'default', 'Ubestemt', ''),
('da', 'dime.find.subtype.military.helmet', 'default', 'Hjelm', ''),
('da', 'dime.find.subtype.military.melee', 'default', 'Slag-/ stikvben', ''),
('da', 'dime.find.subtype.military.melee.axe', 'default', 'kse/ celt/ plstav', ''),
('da', 'dime.find.subtype.military.melee.blunt', 'default', 'Stridsklle', ''),
('da', 'dime.find.subtype.military.melee.knife', 'default', 'Dolk', ''),
('da', 'dime.find.subtype.military.melee.other', 'default', 'Anden type slag-/ stikvben (angiv i beskrivelsesfelt)', ''),
('da', 'dime.find.subtype.military.melee.pointed', 'default', 'Lanse/ spyd', ''),
('da', 'dime.find.subtype.military.melee.sword', 'default', 'Svrd/ sabel (klinge eller greb)', ''),
('da', 'dime.find.subtype.military.melee.unknown', 'default', 'Ubestemt', ''),
('da', 'dime.find.subtype.military.other', 'default', 'Andet vben/ militaria (angiv i beskrivelsesfelt)', ''),
('da', 'dime.find.subtype.military.shield', 'default', 'Skjold', ''),
('da', 'dime.find.subtype.military.unknown', 'default', 'Ubestemt', ''),
('da', 'dime.find.subtype.tool.equestrian', 'default', 'Rideudstyr/ seletj (spore, hestesko, bidsel, etc)', ''),
('da', 'dime.find.subtype.tool.equestrian.bell', 'default', 'Bjlde/ klokke', ''),
('da', 'dime.find.subtype.tool.equestrian.bridle', 'default', 'Hovedtjsdele (Bidsel/ bidselbeslag, remfordeler, etc.)', ''),
('da', 'dime.find.subtype.tool.equestrian.cheek', 'default', 'Rasleblik', ''),
('da', 'dime.find.subtype.tool.equestrian.other', 'default', 'Andet rideudstyr/ seletj (angiv i beskrivelsesfelt)', ''),
('da', 'dime.find.subtype.tool.equestrian.shoe', 'default', 'Hestesko', ''),
('da', 'dime.find.subtype.tool.equestrian.stirrup', 'default', 'Stigbjle/ stigbjlebeslag', ''),
('da', 'dime.find.subtype.tool.equestrian.tack', 'default', 'Spore', ''),
('da', 'dime.find.subtype.tool.equestrian.unknown', 'default', 'Ubestemt', ''),
('da', 'dime.find.subtype.tool.house', 'default', 'Husgerd/ bord- og kkkentj/ interir', ''),
('da', 'dime.find.subtype.tool.house.crockery', 'default', 'Tallerken/ fad/ skl', ''),
('da', 'dime.find.subtype.tool.house.cutlery', 'default', 'Bestik (spisekniv,-gaffel, -ske)', ''),
('da', 'dime.find.subtype.tool.house.fixtures', 'default', 'Mbel-/ skrinbeslag/ hndtag/ pyntenitter', ''),
('da', 'dime.find.subtype.tool.house.key', 'default', 'Ngle', ''),
('da', 'dime.find.subtype.tool.house.knife', 'default', 'Kniv (knivblad, grebsbeslag, knivskedebeslag, etc) ', ''),
('da', 'dime.find.subtype.tool.house.light', 'default', 'Lysestage/ lampe', ''),
('da', 'dime.find.subtype.tool.house.lock', 'default', 'Ls', ''),
('da', 'dime.find.subtype.tool.house.other', 'default', 'Andet \"Husgerd/ bord- og kkkentj/ interir\" (angiv i beskrivelsesfelt)', ''),
('da', 'dime.find.subtype.tool.house.pot', 'default', 'Malmgryde', ''),
('da', 'dime.find.subtype.tool.house.scissors', 'default', 'Saks', ''),
('da', 'dime.find.subtype.tool.house.striker', 'default', 'Ildstl', ''),
('da', 'dime.find.subtype.tool.house.unknown', 'default', 'Ubestemt', ''),
('da', 'dime.find.subtype.tool.measure', 'default', 'Vrdimetal/ vgte/ vgtlodder ', ''),
('da', 'dime.find.subtype.tool.measure.clip', 'default', 'Klipslv/ guldfragment (ikke mntfragmenter)', ''),
('da', 'dime.find.subtype.tool.measure.ingot', 'default', 'Barre', ''),
('da', 'dime.find.subtype.tool.measure.scale', 'default', 'Vgt', ''),
('da', 'dime.find.subtype.tool.measure.unknown', 'default', 'Ubestemt', ''),
('da', 'dime.find.subtype.tool.measure.weight', 'default', 'Vgtlod', ''),
('da', 'dime.find.subtype.tool.other', 'default', 'Andet redskab/ vrktj (angiv i beskrivelsesfelt)', ''),
('da', 'dime.find.subtype.tool.textile', 'default', 'Redskaber til tekstilarbejde', ''),
('da', 'dime.find.subtype.tool.textile.case', 'default', 'Nlehylster', ''),
('da', 'dime.find.subtype.tool.textile.needle', 'default', 'Nl', ''),
('da', 'dime.find.subtype.tool.textile.scissors', 'default', 'Saks', ''),
('da', 'dime.find.subtype.tool.textile.thimble', 'default', 'Fingerbl', ''),
('da', 'dime.find.subtype.tool.textile.unknown', 'default', 'Ubestemt', ''),
('da', 'dime.find.subtype.tool.textile.whorl', 'default', 'Tenvgt', ''),
('da', 'dime.find.subtype.tool.toilet', 'default', 'Toiletudstyr (kam, ragekniv, pincet)', ''),
('da', 'dime.find.subtype.tool.toilet.comb', 'default', 'Kam', ''),
('da', 'dime.find.subtype.tool.toilet.ear', 'default', 'reske', ''),
('da', 'dime.find.subtype.tool.toilet.other', 'default', 'Andet toiletudstyr', ''),
('da', 'dime.find.subtype.tool.toilet.razor', 'default', 'Ragekniv', ''),
('da', 'dime.find.subtype.tool.toilet.tweezers', 'default', 'Pincet', ''),
('da', 'dime.find.subtype.tool.toilet.unknown', 'default', 'Ubestemt', ''),
('da', 'dime.find.subtype.tool.toy', 'default', 'Legetj/ spillerekvisiter (tinsoldat, spillebrik, etc.)', ''),
('da', 'dime.find.subtype.tool.toy.counter', 'default', 'Spillebrik', ''),
('da', 'dime.find.subtype.tool.toy.dice', 'default', 'Terning', ''),
('da', 'dime.find.subtype.tool.toy.other', 'default', 'Andet legetj/ spillerekvisit (angiv i beskrivelsesfelt)', ''),
('da', 'dime.find.subtype.tool.toy.unknown', 'default', 'Ubestemt', ''),
('da', 'dime.find.subtype.tool.unknown', 'default', 'Ubestemt', ''),
('da', 'dime.find.subtype.tool.work', 'default', 'Landbrugsudstyr/ vrktj/ hndvrksartikel', ''),
('da', 'dime.find.subtype.tool.work.axe', 'default', 'kse/ celt/ plstav ', ''),
('da', 'dime.find.subtype.tool.work.chisel', 'default', 'Mejsel/punsel', ''),
('da', 'dime.find.subtype.tool.work.drill', 'default', 'Syl/ bor', ''),
('da', 'dime.find.subtype.tool.work.engine', 'default', 'Maskindel', ''),
('da', 'dime.find.subtype.tool.work.fitting', 'default', 'Beslag', ''),
('da', 'dime.find.subtype.tool.work.hammer', 'default', 'Hammer', ''),
('da', 'dime.find.subtype.tool.work.knife', 'default', 'Kniv (knivblad, grebsbeslag, knivskedebeslag, etc) ', ''),
('da', 'dime.find.subtype.tool.work.matrix', 'default', 'Patrice / matrice / model', ''),
('da', 'dime.find.subtype.tool.work.nail', 'default', 'Sm/ skrue/ krampe', ''),
('da', 'dime.find.subtype.tool.work.other', 'default', 'Andet landbrugsudstyr/ vrktj/hndvrksartikel (angiv i beskrivelsesfelt)', ''),
('da', 'dime.find.subtype.tool.work.pliars', 'default', 'Tang', ''),
('da', 'dime.find.subtype.tool.work.rivet', 'default', 'Nitte/klinknagle/Nitteplade', ''),
('da', 'dime.find.subtype.tool.work.sickle', 'default', 'Segl/ le', ''),
('da', 'dime.find.subtype.tool.work.unknown', 'default', 'Ubestemt', ''),
('da', 'dime.find.subtype.tool.writing', 'default', 'Artikler - religion og kommunikation', ''),
('da', 'dime.find.subtype.tool.writing.bylamulet', 'default', 'Blyamulet', ''),
('da', 'dime.find.subtype.tool.writing.clasp', 'default', 'Bogspnde', ''),
('da', 'dime.find.subtype.tool.writing.guldgubbe', 'default', 'Guldgubbe', ''),
('da', 'dime.find.subtype.tool.writing.runebrev', 'default', 'Runebrev', ''),
('da', 'dime.find.subtype.tool.writing.seal', 'default', 'Plombe', ''),
('da', 'dime.find.subtype.tool.writing.stamp', 'default', 'Seglstampe/ signet', ''),
('da', 'dime.find.subtype.tool.writing.stylus', 'default', 'Stylos', ''),
('da', 'dime.find.subtype.tool.writing.unknown', 'default', 'Ubestemt', ''),
('da', 'dime.find.treasure', 'default', 'Danef administration', ''),
('da', 'dime.find.update', 'default', 'Opdatr', ''),
('da', 'dime.find.update', 'success', 'Fundoplysningerne blev opdateret', ''),
('da', 'dime.find.update.reported', 'default', 'Rapporteringen afsendt til museet.', ''),
('da', 'dime.find.update.submitted', 'default', 'Fund- og fundoplysninger er sendt/indleveret til museet', ''),
('da', 'dime.find.visibility', 'default', 'Publikation', ''),
('da', 'dime.find.weight', 'default', 'Vgt', ''),
('da', 'dime.getuserlocation', 'default', 'F placering', ''),
('da', 'dime.home', 'default', 'Hjem', ''),
('da', 'dime.home', 'resource', 'hjem', ''),
('da', 'dime.home.alarm', 'default', 'Alarm', ''),
('da', 'dime.home.faq', 'default', '<dl><dt>Hvem Er DIME?</dt><dd>DIME er en fllesportal for detektorbrugere og Danske museer, der kan bruges af alle.</dd><dd>&nbsp;</dd><dt>Hvorfor skal jeg bruge dime?</dt><dd>DIME muliggr en hurtigere behandling af dinefund i samarbejde med museet og giver dig overblik over dine fund og fundpladser.</dd><dd>&nbsp;</dd><dt>Hvilke fund skal/kan uploades i DIME?</dt><dd>Alle detektorfund (ikke kun Danef) kan uploades i DIME.</dd><dd>&nbsp;</dd><dt>Kan andre se mine fundsteder?</dt><dd>Nej! Fundsteder og privatoplysninger er kun synlige for museumsarkologer og forskere med srlig adgang</dd><dd>&nbsp;</dd><dt>', ''),
('da', 'dime.home.hvert', 'default', 'Hvert r finder metaldetektorbrugere landet over tusindevis af genstande fra oldtid, middelalder og senere perioder. Metalgenstandene er en del af vores flles kulturarv og vigtige brikker i danmarkshistorien. DIME sikrer oplysninger om fundene til gavn for nulevende og efterflgende generationer.', ''),
('da', 'dime.home.welcome', 'default', 'Velkommen %name%', ''),
('da', 'dime.kommune.aabenraa', 'default', 'Aabenraa', ''),
('da', 'dime.kommune.aabenraa', 'official', 'Aabenraa Kommune', ''),
('da', 'dime.kommune.aalborg', 'default', 'Aalborg', ''),
('da', 'dime.kommune.aalborg', 'official', 'Aalborg Kommune', ''),
('da', 'dime.kommune.aero', 'default', 'r', ''),
('da', 'dime.kommune.aero', 'official', 'r Kommune', ''),
('da', 'dime.kommune.albertslund', 'default', 'Albertslund', ''),
('da', 'dime.kommune.albertslund', 'official', 'Albertslund Kommune', ''),
('da', 'dime.kommune.allerod', 'default', 'Allerd', ''),
('da', 'dime.kommune.allerod', 'official', 'Allerd Kommune', ''),
('da', 'dime.kommune.arhus', 'default', 'rhus', ''),
('da', 'dime.kommune.arhus', 'official', 'rhus Kommune', ''),
('da', 'dime.kommune.assens', 'default', 'Assens', ''),
('da', 'dime.kommune.assens', 'official', 'Assens Kommune', ''),
('da', 'dime.kommune.ballerup', 'default', 'Ballerup', ''),
('da', 'dime.kommune.ballerup', 'official', 'Ballerup Kommune', ''),
('da', 'dime.kommune.billund', 'default', 'Billund', ''),
('da', 'dime.kommune.billund', 'official', 'Billund Kommune', ''),
('da', 'dime.kommune.bornholm', 'default', 'Bornholm', ''),
('da', 'dime.kommune.bornholm', 'official', 'Bornholms Kommune', ''),
('da', 'dime.kommune.brondby', 'default', 'Brndby', ''),
('da', 'dime.kommune.brondby', 'official', 'Brndby Kommune', ''),
('da', 'dime.kommune.bronderslev', 'default', 'Brnderslev', ''),
('da', 'dime.kommune.bronderslev', 'official', 'Brnderslev Kommune', ''),
('da', 'dime.kommune.dragor', 'default', 'Dragr', ''),
('da', 'dime.kommune.dragor', 'official', 'Dragr Kommune', ''),
('da', 'dime.kommune.egedal', 'default', 'Egedal', ''),
('da', 'dime.kommune.egedal', 'official', 'Egedal Kommune', ''),
('da', 'dime.kommune.esbjerg', 'default', 'Esbjerg', ''),
('da', 'dime.kommune.esbjerg', 'official', 'Esbjerg Kommune', ''),
('da', 'dime.kommune.faaborgmidtfyn', 'default', 'Faaborg-Midtfyn', ''),
('da', 'dime.kommune.faaborgmidtfyn', 'official', 'Faaborg-Midtfyn Kommune', ''),
('da', 'dime.kommune.fano', 'default', 'Fan', ''),
('da', 'dime.kommune.fano', 'official', 'Fan Kommune', ''),
('da', 'dime.kommune.favrskov', 'default', 'Favrskov', ''),
('da', 'dime.kommune.favrskov', 'official', 'Favrskov Kommune', ''),
('da', 'dime.kommune.faxe', 'default', 'Faxe', ''),
('da', 'dime.kommune.faxe', 'official', 'Faxe Kommune', ''),
('da', 'dime.kommune.fredensborg', 'default', 'Fredensborg', ''),
('da', 'dime.kommune.fredensborg', 'official', 'Fredensborg Kommune', ''),
('da', 'dime.kommune.fredericia', 'default', 'Fredericia', ''),
('da', 'dime.kommune.fredericia', 'official', 'Fredericia Kommune', ''),
('da', 'dime.kommune.frederiksbeg', 'default', 'Frederiksberg', ''),
('da', 'dime.kommune.frederiksbeg', 'official', 'Frederiksberg Kommune', ''),
('da', 'dime.kommune.frederikshavn', 'default', 'Frederikshavn', ''),
('da', 'dime.kommune.frederikshavn', 'official', 'Frederikshavn Kommune', ''),
('da', 'dime.kommune.frederikssund', 'default', 'Frederikssund', ''),
('da', 'dime.kommune.frederikssund', 'official', 'Frederikssund Kommune', ''),
('da', 'dime.kommune.fureso', 'default', 'Fures', ''),
('da', 'dime.kommune.fureso', 'official', 'Fures Kommune', ''),
('da', 'dime.kommune.gentofte', 'default', 'Gentofte', ''),
('da', 'dime.kommune.gentofte', 'official', 'Gentofte Kommune', ''),
('da', 'dime.kommune.gladsaxe', 'default', 'Gladsaxe', ''),
('da', 'dime.kommune.gladsaxe', 'official', 'Gladsaxe Kommune', ''),
('da', 'dime.kommune.glostrup', 'default', 'Glostrup', ''),
('da', 'dime.kommune.glostrup', 'official', 'Glostrup Kommune', ''),
('da', 'dime.kommune.greve', 'default', 'Greve', '');
INSERT INTO `ark_translation_message` (`language`, `keyword`, `role`, `text`, `notes`) VALUES
('da', 'dime.kommune.greve', 'official', 'Greve Kommune', ''),
('da', 'dime.kommune.gribskov', 'default', 'Gribskov', ''),
('da', 'dime.kommune.gribskov', 'official', 'Gribskov Kommune', ''),
('da', 'dime.kommune.guldborgsund', 'default', 'Guldborgsund', ''),
('da', 'dime.kommune.guldborgsund', 'official', 'Guldborgsund Kommune', ''),
('da', 'dime.kommune.haderslev', 'default', 'Haderslev', ''),
('da', 'dime.kommune.haderslev', 'official', 'Haderslev Kommune', ''),
('da', 'dime.kommune.halsnaes', 'default', 'Halsns', ''),
('da', 'dime.kommune.halsnaes', 'official', 'Halsns Kommune', ''),
('da', 'dime.kommune.hedensted', 'default', 'Hedensted', ''),
('da', 'dime.kommune.hedensted', 'official', 'Hedensted Kommune', ''),
('da', 'dime.kommune.helsingor', 'default', 'Helsingr', ''),
('da', 'dime.kommune.helsingor', 'official', 'Helsingr Kommune', ''),
('da', 'dime.kommune.herlev', 'default', 'Herlev', ''),
('da', 'dime.kommune.herlev', 'official', 'Herlev Kommune', ''),
('da', 'dime.kommune.herning', 'default', 'Herning', ''),
('da', 'dime.kommune.herning', 'official', 'Herning Kommune', ''),
('da', 'dime.kommune.hillerod', 'default', 'Hillerd', ''),
('da', 'dime.kommune.hillerod', 'official', 'Hillerd Kommune', ''),
('da', 'dime.kommune.hjorring', 'default', 'Hjrring', ''),
('da', 'dime.kommune.hjorring', 'official', 'Hjrring Kommune', ''),
('da', 'dime.kommune.hojetaastrup', 'default', 'Hje-Taastrup', ''),
('da', 'dime.kommune.hojetaastrup', 'official', 'Hje-Taastrup Kommune', ''),
('da', 'dime.kommune.holbaek', 'default', 'Holbk', ''),
('da', 'dime.kommune.holbaek', 'official', 'Holbk Kommune', ''),
('da', 'dime.kommune.holstebro', 'default', 'Holstebro', ''),
('da', 'dime.kommune.holstebro', 'official', 'Holstebro Kommune', ''),
('da', 'dime.kommune.horsens', 'default', 'Horsens', ''),
('da', 'dime.kommune.horsens', 'official', 'Horsens Kommune', ''),
('da', 'dime.kommune.horsholm', 'default', 'Hrsholm', ''),
('da', 'dime.kommune.horsholm', 'official', 'Hrsholm Kommune', ''),
('da', 'dime.kommune.hvidovre', 'default', 'Hvidovre', ''),
('da', 'dime.kommune.hvidovre', 'official', 'Hvidovre Kommune', ''),
('da', 'dime.kommune.ikastbrande', 'default', 'Ikast-Brande', ''),
('da', 'dime.kommune.ikastbrande', 'official', 'Ikast-Brande Kommune', ''),
('da', 'dime.kommune.ishoj', 'default', 'Ishj', ''),
('da', 'dime.kommune.ishoj', 'official', 'Ishj Kommune', ''),
('da', 'dime.kommune.jammerbugt', 'default', 'Jammerbugt', ''),
('da', 'dime.kommune.jammerbugt', 'official', 'Jammerbugt Kommune', ''),
('da', 'dime.kommune.kalundborg', 'default', 'Kalundborg', ''),
('da', 'dime.kommune.kalundborg', 'official', 'Kalundborg Kommune', ''),
('da', 'dime.kommune.kerteminde', 'default', 'Kerteminde', ''),
('da', 'dime.kommune.kerteminde', 'official', 'Kerteminde Kommune', ''),
('da', 'dime.kommune.kobenhavn', 'default', 'Kbenhavn', ''),
('da', 'dime.kommune.kobenhavn', 'official', 'Kbenhavns Kommune', ''),
('da', 'dime.kommune.koge', 'default', 'Kge', ''),
('da', 'dime.kommune.koge', 'official', 'Kge Kommune', ''),
('da', 'dime.kommune.kolding', 'default', 'Kolding', ''),
('da', 'dime.kommune.kolding', 'official', 'Kolding Kommune', ''),
('da', 'dime.kommune.laeso', 'default', 'Ls', ''),
('da', 'dime.kommune.laeso', 'official', 'Ls Kommune', ''),
('da', 'dime.kommune.langeland', 'default', 'Langeland', ''),
('da', 'dime.kommune.langeland', 'official', 'Langeland Kommune', ''),
('da', 'dime.kommune.lejre', 'default', 'Lejre', ''),
('da', 'dime.kommune.lejre', 'official', 'Lejre Kommune', ''),
('da', 'dime.kommune.lemvig', 'default', 'Lemvig', ''),
('da', 'dime.kommune.lemvig', 'official', 'Lemvig Kommune', ''),
('da', 'dime.kommune.lolland', 'default', 'Lolland', ''),
('da', 'dime.kommune.lolland', 'official', 'Lolland Kommune', ''),
('da', 'dime.kommune.lyngbytaarbaek', 'default', 'Lyngby-Taarbk', ''),
('da', 'dime.kommune.lyngbytaarbaek', 'official', 'Lyngby-Taarbk Kommune', ''),
('da', 'dime.kommune.mariagerfjord', 'default', 'Mariagerfjord', ''),
('da', 'dime.kommune.mariagerfjord', 'official', 'Mariagerfjord Kommune', ''),
('da', 'dime.kommune.middelfart', 'default', 'Middelfart', ''),
('da', 'dime.kommune.middelfart', 'official', 'Middelfart Kommune', ''),
('da', 'dime.kommune.morso', 'default', 'Mors', ''),
('da', 'dime.kommune.morso', 'official', 'Mors Kommune', ''),
('da', 'dime.kommune.naestved', 'default', 'Nstved', ''),
('da', 'dime.kommune.naestved', 'official', 'Nstved Kommune', ''),
('da', 'dime.kommune.norddjurs', 'default', 'Norddjurs', ''),
('da', 'dime.kommune.norddjurs', 'official', 'Norddjurs Kommune', ''),
('da', 'dime.kommune.nordfyns', 'default', 'Nordfyns', ''),
('da', 'dime.kommune.nordfyns', 'official', 'Nordfyns Kommune', ''),
('da', 'dime.kommune.nyborg', 'default', 'Nyborg', ''),
('da', 'dime.kommune.nyborg', 'official', 'Nyborg Kommune', ''),
('da', 'dime.kommune.odder', 'default', 'Odder', ''),
('da', 'dime.kommune.odder', 'official', 'Odder Kommune', ''),
('da', 'dime.kommune.odense', 'default', 'Odense', ''),
('da', 'dime.kommune.odense', 'official', 'Odense Kommune', ''),
('da', 'dime.kommune.odsherred', 'default', 'Odsherred', ''),
('da', 'dime.kommune.odsherred', 'official', 'Odsherred Kommune', ''),
('da', 'dime.kommune.randers', 'default', 'Randers', ''),
('da', 'dime.kommune.randers', 'official', 'Randers Kommune', ''),
('da', 'dime.kommune.rebild', 'default', 'Rebild', ''),
('da', 'dime.kommune.rebild', 'official', 'Rebild Kommune', ''),
('da', 'dime.kommune.ringkobingskjern', 'default', 'Ringkbing-Skjern', ''),
('da', 'dime.kommune.ringkobingskjern', 'official', 'Ringkbing-Skjern Kommune', ''),
('da', 'dime.kommune.ringsted', 'default', 'Ringsted', ''),
('da', 'dime.kommune.ringsted', 'official', 'Ringsted Kommune', ''),
('da', 'dime.kommune.rodovre', 'default', 'Rdovre', ''),
('da', 'dime.kommune.rodovre', 'official', 'Rdovre Kommune', ''),
('da', 'dime.kommune.roskilde', 'default', 'Roskilde', ''),
('da', 'dime.kommune.roskilde', 'official', 'Roskilde Kommune', ''),
('da', 'dime.kommune.rudersdal', 'default', 'Rudersdal', ''),
('da', 'dime.kommune.rudersdal', 'official', 'Rudersdal Kommune', ''),
('da', 'dime.kommune.samso', 'default', 'Sams', ''),
('da', 'dime.kommune.samso', 'official', 'Sams Kommune', ''),
('da', 'dime.kommune.silkeborg', 'default', 'Silkeborg', ''),
('da', 'dime.kommune.silkeborg', 'official', 'Silkeborg Kommune', ''),
('da', 'dime.kommune.skanderborg', 'default', 'Skanderborg', ''),
('da', 'dime.kommune.skanderborg', 'official', 'Skanderborg Kommune', ''),
('da', 'dime.kommune.skive', 'default', 'Skive', ''),
('da', 'dime.kommune.skive', 'official', 'Skive Kommune', ''),
('da', 'dime.kommune.slagelse', 'default', 'Slagelse', ''),
('da', 'dime.kommune.slagelse', 'official', 'Slagelse Kommune', ''),
('da', 'dime.kommune.solrod', 'default', 'Solrd', ''),
('da', 'dime.kommune.solrod', 'official', 'Solrd Kommune', ''),
('da', 'dime.kommune.sonderborg', 'default', 'Snderborg', ''),
('da', 'dime.kommune.sonderborg', 'official', 'Snderborg Kommune', ''),
('da', 'dime.kommune.soro', 'default', 'Sor', ''),
('da', 'dime.kommune.soro', 'official', 'Sor Kommune', ''),
('da', 'dime.kommune.stevns', 'default', 'Stevns', ''),
('da', 'dime.kommune.stevns', 'official', 'Stevns Kommune', ''),
('da', 'dime.kommune.struer', 'default', 'Struer', ''),
('da', 'dime.kommune.struer', 'official', 'Struer Kommune', ''),
('da', 'dime.kommune.svendborg', 'default', 'Svendborg', ''),
('da', 'dime.kommune.svendborg', 'official', 'Svendborg Kommune', ''),
('da', 'dime.kommune.syddjurs', 'default', 'Syddjurs', ''),
('da', 'dime.kommune.syddjurs', 'official', 'Syddjurs Kommune', ''),
('da', 'dime.kommune.tarnby', 'default', 'Trnby', ''),
('da', 'dime.kommune.tarnby', 'official', 'Trnby Kommune', ''),
('da', 'dime.kommune.thisted', 'default', 'Thisted', ''),
('da', 'dime.kommune.thisted', 'official', 'Thisted Kommune', ''),
('da', 'dime.kommune.tonder', 'default', 'Tnder', ''),
('da', 'dime.kommune.tonder', 'official', 'Tnder Kommune', ''),
('da', 'dime.kommune.vallensbaek', 'default', 'Vallensbk', ''),
('da', 'dime.kommune.vallensbaek', 'official', 'Vallensbk Kommune', ''),
('da', 'dime.kommune.varde', 'default', 'Varde', ''),
('da', 'dime.kommune.varde', 'official', 'Varde Kommune', ''),
('da', 'dime.kommune.vejen', 'default', 'Vejen', ''),
('da', 'dime.kommune.vejen', 'official', 'Vejen Kommune', ''),
('da', 'dime.kommune.vejle', 'default', 'Vejle', ''),
('da', 'dime.kommune.vejle', 'official', 'Vejle Kommune', ''),
('da', 'dime.kommune.vesthimmerland', 'default', 'Vesthimmerland', ''),
('da', 'dime.kommune.vesthimmerland', 'official', 'Vesthimmerlands Kommune', ''),
('da', 'dime.kommune.viborg', 'default', 'Viborg', ''),
('da', 'dime.kommune.viborg', 'official', 'Viborg Kommune', ''),
('da', 'dime.kommune.vordingborg', 'default', 'Vordingborg', ''),
('da', 'dime.kommune.vordingborg', 'official', 'Vordingborg Kommune', ''),
('da', 'dime.krogager', 'default', 'Krogagerfonden', ''),
('da', 'dime.map.layer.foraar', 'default', 'Luftfoto', ''),
('da', 'dime.map.layer.hb', 'default', 'Hje Mlebordsblade', ''),
('da', 'dime.map.layer.skaermkort', 'default', 'Skrmkort', ''),
('da', 'dime.mappick.invalidpointlocation', 'default', 'Du kan ikke angive dette fundsted. Kun fundsteder indenfor Danmarks grnser og p land kan gemmes i DIME.', ''),
('da', 'dime.mappick.newpointconfirmmessage', 'default', 'Tryk \"OK\" hvis DIME skal gemme dette. fundstedet for dit fund. N.B. fundstedet er kun synligt for dig og det ansvarshavende museum', ''),
('da', 'dime.material', 'default', 'Materiale', ''),
('da', 'dime.material.aluminium', 'default', 'Aluminium', ''),
('da', 'dime.material.ceramic', 'default', 'Keramik', ''),
('da', 'dime.material.copper', 'default', 'Kobber', ''),
('da', 'dime.material.copperalloy', 'default', 'Bronze', ''),
('da', 'dime.material.glass', 'default', 'Glas', ''),
('da', 'dime.material.gold', 'default', 'Guld', ''),
('da', 'dime.material.iron', 'default', 'Jern', ''),
('da', 'dime.material.lead', 'default', 'Bly', ''),
('da', 'dime.material.othermetal', 'default', 'Andet metal', ''),
('da', 'dime.material.silver', 'default', 'Slv', ''),
('da', 'dime.material.stone', 'default', 'Sten', ''),
('da', 'dime.material.tin', 'default', 'Tin', ''),
('da', 'dime.material.unknown', 'default', 'Ubestemt', ''),
('da', 'dime.message.status.search', 'default', 'Status', ''),
('da', 'dime.message.status.search.all', 'default', 'Alle', ''),
('da', 'dime.message.status.search.read', 'default', 'Ls', ''),
('da', 'dime.message.status.search.received', 'default', 'Modtaget', ''),
('da', 'dime.message.status.search.sent', 'default', 'Sendt', ''),
('da', 'dime.message.status.search.unread', 'default', 'Ulst', ''),
('da', 'dime.metaldetector', 'default', 'Metaldetektorbrug I Danmark', ''),
('da', 'dime.news', 'default', 'Nyheder', ''),
('da', 'dime.news', 'resource', 'nyheder', ''),
('da', 'dime.period', 'default', 'Periode', ''),
('da', 'dime.period.absolutism', 'default', 'Enevlden', ''),
('da', 'dime.period.bronze', 'default', 'Bronzealder', ''),
('da', 'dime.period.bronze.1', 'default', 'Bronzealder Per. 1', ''),
('da', 'dime.period.bronze.2', 'default', 'Bronzealder Per. 2', ''),
('da', 'dime.period.bronze.3', 'default', 'Bronzealder Per 3', ''),
('da', 'dime.period.bronze.4', 'default', 'Bronzealder Per. 4', ''),
('da', 'dime.period.bronze.5', 'default', 'Bronzealder Per. 5', ''),
('da', 'dime.period.bronze.6', 'default', 'Bronzealder Per. 6', ''),
('da', 'dime.period.bronze.early', 'default', 'ldre Bronzealder', ''),
('da', 'dime.period.bronze.late', 'default', 'Yngre bronzealder', ''),
('da', 'dime.period.historic', 'default', 'Historisk tid', ''),
('da', 'dime.period.industrial', 'default', 'Industrialiseringen', ''),
('da', 'dime.period.interwar', 'default', 'Mellemskrigstiden', ''),
('da', 'dime.period.iron', 'default', 'Jernalder', ''),
('da', 'dime.period.iron.early', 'default', 'ldre Jernalder', ''),
('da', 'dime.period.iron.germainic', 'default', 'Germansk jernalder', ''),
('da', 'dime.period.iron.germainic.early', 'default', 'ldre Germansk Jernalder', ''),
('da', 'dime.period.iron.germainic.late', 'default', 'Yngre germansk jernalder', ''),
('da', 'dime.period.iron.late', 'default', 'Yngre jernalder', ''),
('da', 'dime.period.iron.preroman', 'default', 'Frromersk jernalder', ''),
('da', 'dime.period.iron.preroman.early', 'default', 'ldre Frromersk Jernalder', ''),
('da', 'dime.period.iron.preroman.late', 'default', 'Yngre frromersk jernalder', ''),
('da', 'dime.period.iron.preroman.middle', 'default', 'Melllemste frromersk jernalder', ''),
('da', 'dime.period.iron.roman', 'default', 'Romersk jernalder', ''),
('da', 'dime.period.iron.roman.early', 'default', 'ldre Romersk Jernalder', ''),
('da', 'dime.period.iron.roman.early.b1', 'default', 'ldre Romersk Jernalder B1', ''),
('da', 'dime.period.iron.roman.early.b2', 'default', 'ldre Romersk Jernalder B2', ''),
('da', 'dime.period.iron.roman.late', 'default', 'Yngre romersk jernalder', ''),
('da', 'dime.period.iron.roman.late.c1', 'default', 'Yngre romersk jernalder C1', ''),
('da', 'dime.period.iron.roman.late.c2', 'default', 'Yngre romersk jernalder C2', ''),
('da', 'dime.period.iron.roman.late.c3', 'default', 'Yngre romersk jernalder C3', ''),
('da', 'dime.period.lategermanic.earlyviking', 'default', 'Yngre germansk / tidlig vikingetid', ''),
('da', 'dime.period.medieval', 'default', 'Middelalder', ''),
('da', 'dime.period.medieval.early', 'default', 'Tidlig Middelalder', ''),
('da', 'dime.period.medieval.high', 'default', 'Hjmiddelalder', ''),
('da', 'dime.period.medieval.late', 'default', 'Senmiddelalder', ''),
('da', 'dime.period.mesolithic', 'default', 'Mesolitikum', ''),
('da', 'dime.period.modern', 'default', 'Nyere tid', ''),
('da', 'dime.period.neolithic', 'default', 'Neolitikum', ''),
('da', 'dime.period.palaeolithic', 'default', 'Plolitikum', ''),
('da', 'dime.period.prehistoric', 'default', 'Oldtid', ''),
('da', 'dime.period.reformation', 'default', 'Efterreformatorisk tid', ''),
('da', 'dime.period.reformation.modern', 'default', 'Efterreformatorisk/moderne tid', ''),
('da', 'dime.period.stone', 'default', 'Stenalder', ''),
('da', 'dime.period.undated', 'default', 'Udateret', ''),
('da', 'dime.period.viking', 'default', 'Vikingetid', ''),
('da', 'dime.period.viking.early', 'default', 'ldre Vikingetid', ''),
('da', 'dime.period.viking.late', 'default', 'Yngre vikingetid', ''),
('da', 'dime.period.viking.medieval', 'default', 'Vikingetid/ tidlig middelalder', ''),
('da', 'dime.period.welfare', 'default', 'Moderne tid', ''),
('da', 'dime.period.ww1', 'default', '1. Verdenskrig', ''),
('da', 'dime.period.ww2', 'default', '2. Verdenskrig', ''),
('da', 'dime.profile', 'default', 'Brugerprofil', ''),
('da', 'dime.profile', 'resource', 'brugerprofil', ''),
('da', 'dime.profiles', 'resource', 'brugerprofiler', ''),
('da', 'dime.region.hovedstaden', 'default', 'Hovedstadsregionen', ''),
('da', 'dime.region.hovedstaden', 'official', 'Hovedstadsregionen???', ''),
('da', 'dime.region.midtjylland', 'default', 'Midtjylland', ''),
('da', 'dime.region.midtjylland', 'official', 'Region Midtjylland', ''),
('da', 'dime.region.nordjylland', 'default', 'Nordjylland', ''),
('da', 'dime.region.nordjylland', 'official', 'Region Nordjylland', ''),
('da', 'dime.region.sjaelland', 'default', 'Sjlland', ''),
('da', 'dime.region.sjaelland', 'official', 'Region Sjlland', ''),
('da', 'dime.region.syddanmark', 'default', 'Syddanmark', ''),
('da', 'dime.region.syddanmark', 'official', 'Region Syddanmark', ''),
('da', 'dime.register.contact', 'default', 'Museumsadgang til DIME. Er du ansat ved et museum og vil have adgang til DIME museumsmodul til registrering af detektorfund kontakt admin\n<a href=\"mailto:crisager@cas.au.dk\">Carsten Meinertz Risager</a>', ''),
('da', 'dime.register.faq', 'default', 'Dine oplysninger er ndvendige for at lokalmuseet kan registrere dine fund og evt. videresende fund til Nationalmuseet til danefvurdering. Ingen af dine personlige oplysninger er synlige for andre brugere (undtagen sagsbehandleren p det ansvarshavende lokalmuseum).', ''),
('da', 'dime.register.terms', 'default', '<a href=\"/assets/dime2017/images/brand/Dime_Vilkar_for_anvendelse.pdf\">Vilkrene for DIME</a>', ''),
('da', 'dime.research', 'default', 'Forskning', ''),
('da', 'dime.research', 'resource', 'forskning', ''),
('da', 'dime.role.admin', 'default', 'Administrator', ''),
('da', 'dime.role.anon', 'default', 'Anonym', ''),
('da', 'dime.role.appraiser', 'default', 'role_appraiser(Danef behandler)', ''),
('da', 'dime.role.curator', 'default', 'Kurator ', ''),
('da', 'dime.role.detectorist', 'default', 'Detektorbruger', ''),
('da', 'dime.role.registrar', 'default', 'Registrator', ''),
('da', 'dime.role.researcher', 'default', 'Forsker', ''),
('da', 'dime.save', 'default', 'Gem', ''),
('da', 'dime.schema.find', 'default', 'Fund', ''),
('da', 'dime.schema.image', 'default', 'Foto', ''),
('da', 'dime.schema.location', 'default', 'Placering', ''),
('da', 'dime.search', 'default', 'Sg', ''),
('da', 'dime.search.finds.mine', 'default', 'Mine fund', ''),
('da', 'dime.share', 'default', 'Del', ''),
('da', 'dime.share.hashtags', 'default', 'DIME,danefae', ''),
('da', 'dime.share.text', 'default', 'Tjek dette fund p DIME', ''),
('da', 'dime.supportedby', 'default', 'Stttet af', ''),
('da', 'dime.treasure', 'default', 'Danef', ''),
('da', 'dime.treasure', 'resource', 'danefae', ''),
('da', 'dime.treasure.appraisal', 'default', 'Under vurdering ved NM', ''),
('da', 'dime.treasure.not', 'default', 'Ikke Danef', ''),
('da', 'dime.treasure.pending', 'default', 'Ikke indsendt til NM', ''),
('da', 'dime.treasure.treasure', 'default', 'Fundet er erklret danef af NM', ''),
('da', 'dime.user.actor.museum', 'default', 'Lokalmuseum', ''),
('da', 'dime.user.dashboard', 'title', 'MIN SIDE', ''),
('da', 'dime.user.dashboard.faq', 'default', 'DIME NYHEDER: Prsentation p ODM\'s orienteringsmde', ''),
('da', 'dime.user.dashboard.finds', 'default', 'Du har oprettet %count% fund', ''),
('da', 'dime.user.dashboard.notifications', 'default', 'Du har %count% ulste notifikationer', ''),
('da', 'dime.user.dashboard.text', 'default', 'For at sge eller redigere i dine egne fund g til MINE FUND', ''),
('da', 'dime.user.dashboard.title', 'default', 'MIN SIDE', ''),
('da', 'dime.user.detectorist.id', 'default', 'Detektor ID', ''),
('da', 'dime.user.login', 'default', 'Login', ''),
('da', 'dime.user.name', 'default', 'Brugernavn', ''),
('da', 'dime.user.password', 'default', 'Adgangskode', ''),
('da', 'dime.user.password.forgot', 'default', 'Glemt adgangskode?', ''),
('da', 'dime.user.profile', 'default', 'Brugerprofiler', ''),
('da', 'dime.user.register', 'default', 'Ny bruger?', ''),
('da', 'dime.user.register', 'success', 'Velkommen til Dime. Du har nu oprettet en DIME-bruger og vil modtage en mail, hvor du skal godkende oprettelsen af din brugerprofil. Har du ikke indenfor f minutter modtaget denne mail, s tjek venligst din spam/unsket mail. Kontakt admin hvis du ikke har modtaget mailen.', ''),
('da', 'dime.user.register.success', 'default', 'Velkommen til Dime. Du har nu oprettet en DIME-bruger og vil modtage en mail, hvor du skal godkende oprettelsen af din brugerprofil. Har du ikke indenfor f minutter modtaget denne mail, s tjek venligst din spam/unsket mail. Kontakt admin hvis du ikke har modtaget mailen.', ''),
('da', 'dime.user.terms', 'default', 'Betingelser', ''),
('da', 'dime.user.update', 'success', 'Brugerprofil opdateret', ''),
('da', 'dime.user.update.failure', 'default', 'opdateringsfejl', ''),
('da', 'find.gotofind', 'default', 'Vis fundoplysninger', ''),
('da', 'form.select.optional', 'default', 'Valgfri', ''),
('da', 'form.select.required', 'default', 'Pkrvet', ''),
('da', 'language.danish', 'default', 'Dansk', ''),
('da', 'language.english', 'default', 'Engelsk', ''),
('da', 'length.kilometre', 'default', 'Km', ''),
('da', 'length.metre', 'default', 'm', ''),
('da', 'length.micrometre', 'default', 'm', ''),
('da', 'length.millimetre', 'default', 'mm', ''),
('da', 'length.nanometre', 'default', 'nm', ''),
('da', 'map.layer.aerial', 'default', 'Satellit', ''),
('da', 'map.layer.aerial.labels', 'default', 'Satellit med etiketter', ''),
('da', 'map.layer.bing.aerial', 'default', 'Bing luftfoto', ''),
('da', 'map.layer.bing.aerialwithlabels', 'default', 'Luftfoto med etiketter', ''),
('da', 'map.layer.bing.road', 'default', 'Bing Vejkort', ''),
('da', 'map.layer.road', 'default', 'Vej', ''),
('da', 'map.legend.max', 'default', 'Max', ''),
('da', 'map.legend.min', 'default', 'Min', ''),
('da', 'map.style.choropleth', 'default', 'Kommune', ''),
('da', 'map.style.distribution', 'default', 'Spredning', ''),
('da', 'map.style.none', 'default', 'Ingen', ''),
('da', 'mass.gram', 'default', 'Gram', ''),
('da', 'mass.kilogram', 'default', 'Kg', ''),
('da', 'mass.microgram', 'default', 'mg', ''),
('da', 'mass.milligram', 'default', 'mg', ''),
('da', 'mass.tonne', 'default', 't', ''),
('da', 'module.file', 'default', 'Filer', ''),
('da', 'search.placeholder', 'default', 'Fritekstsgning', ''),
('da', 'site.brand', 'default', 'DIME', ''),
('da', 'This value should be less than or equal to {{ compared_value }}.', 'default', 'Vrdien skal vre mindre end eller lig med {{ compared_value }}.', NULL),
('da', 'user.greeting', 'default', 'Logget p: %name%', ''),
('da', 'user.mail.reset.not.text', 'default', 'Hvis det ikke er dig, der har prvet at nulstille din adgangskode, skal du ikke vre bekymret. Din konto er stadig sikker, og der er ingen, der har fet adgang til den. Det er hjst sandsynligt en bruger, der skrev en forkert e-mail under et forsg p at nulstille sin egen adgangskode.', ''),
('da', 'user.mail.reset.not.title', 'default', 'Ikke dig der har prvet at nulstille din adgangskode?', ''),
('da', 'user.mail.reset.subject', 'default', 'Nulstil dit password', ''),
('da', 'user.mail.reset.text', 'default', 'Tryk p nedenstende link for at nulstille dit password.', ''),
('da', 'user.mail.reset.title', 'default', 'Nulstil dit password', ''),
('da', 'user.mail.verify.subject', 'default', 'Velkommen til DIME. Bekrft venligst din email.', ''),
('da', 'user.mail.verify.text', 'default', 'Tryk p nedenstende link for at bekrfte din email.', ''),
('da', 'user.mail.verify.title', 'default', 'Tak fordi du bruger DIME!', ''),
('da', 'user.menu.edit', 'default', 'Rediger profil', ''),
('da', 'user.menu.home', 'default', 'Min side', ''),
('da', 'user.menu.login', 'default', 'Login', ''),
('da', 'user.menu.logout', 'default', 'Log ud', ''),
('da', 'user.menu.password', 'default', 'ndr dit password', ''),
('da', 'user.menu.register', 'default', 'Opret konto', ''),
('da', 'user.menu.view', 'default', 'Vis brugerprofil', ''),
('da', 'Vrdien er ikke gyldig. data[credentials].username', 'error', 'Det valgte brugernavn er ikke gyldigt. Brugernavnet kan kun best af bogstaver og tal, dvs. ingen mellemrum eller specialtegn', ''),
('da', 'Vrdien er ikke gyldig. data[credentials].username.error', 'default', 'Det valgte brugernavn er ikke gyldigt. Brugernavnet kan kun best af bogstaver og tal, dvs. ingen mellemrum eller specialtegn', ''),
('en', 'core.action.disable', 'default', 'Disable User', ''),
('en', 'core.action.edit', 'default', 'Edit', ''),
('en', 'core.action.enable', 'default', 'Enable User', ''),
('en', 'core.action.expire', 'default', 'Expire User', ''),
('en', 'core.action.lock', 'default', 'Lock User', ''),
('en', 'core.action.register', 'default', 'Register', ''),
('en', 'core.action.select', 'default', 'Select Action', ''),
('en', 'core.action.verify', 'default', 'Verify User Email', ''),
('en', 'core.action.view', 'default', 'View', ''),
('en', 'core.actor', 'resource', 'actors', ''),
('en', 'core.actor.address', 'default', 'Address', ''),
('en', 'core.actor.avatar', 'default', 'Photo', ''),
('en', 'core.actor.biography', 'default', 'Biography', ''),
('en', 'core.actor.class.museum', 'default', 'Museum', ''),
('en', 'core.actor.class.person', 'default', 'core.actor.type.person', ''),
('en', 'core.actor.email', 'default', 'E-mail', ''),
('en', 'core.actor.event.registered', 'default', 'Registered', ''),
('en', 'core.actor.format', 'default', 'Actor Format', ''),
('en', 'core.actor.fullname', 'default', 'Name', ''),
('en', 'core.actor.id', 'default', 'Actor ID', ''),
('en', 'core.actor.initials', 'default', 'Initials', ''),
('en', 'core.actor.license', 'default', 'Photo License', ''),
('en', 'core.actor.module', 'default', 'Actor', ''),
('en', 'core.actor.person', 'default', 'Person', ''),
('en', 'core.actor.schema', 'default', 'Actor', ''),
('en', 'core.actor.shortname', 'default', 'Short Name', ''),
('en', 'core.actor.telephone', 'default', 'Telephone', ''),
('en', 'core.actor.visibility', 'default', 'Privacy', ''),
('en', 'core.admin', 'resource', 'admin', ''),
('en', 'core.admin.user.register', 'default', 'Register a new user', ''),
('en', 'core.blank', 'default', ' ', ''),
('en', 'core.button.apply', 'default', 'Apply', ''),
('en', 'core.button.change', 'default', 'Change', ''),
('en', 'core.button.clear', 'default', 'Clear', ''),
('en', 'core.button.clone', 'default', 'Clone', ''),
('en', 'core.button.save', 'default', 'Save', ''),
('en', 'core.button.search', 'default', 'Search', ''),
('en', 'core.button.select', 'default', 'Select', ''),
('en', 'core.button.send', 'default', 'Send', ''),
('en', 'core.csv.enclosure', 'default', '\"', ''),
('en', 'core.csv.filename', 'default', 'export', ''),
('en', 'core.csv.separator', 'default', ',', ''),
('en', 'core.event.class.viewed', 'default', 'Viewed', ''),
('en', 'core.event.edited', 'default', 'Edited', ''),
('en', 'core.events', 'resource', 'events', ''),
('en', 'core.file', 'resource', 'files', ''),
('en', 'core.file.class.audio', 'default', 'core.file.type.audio', ''),
('en', 'core.file.class.document', 'default', 'core.file.type.document', ''),
('en', 'core.file.class.image', 'default', 'core.file.type.image', ''),
('en', 'core.file.class.other', 'default', 'core.file.type.other', ''),
('en', 'core.file.class.text', 'default', 'core.file.type.text', ''),
('en', 'core.file.class.video', 'default', 'core.file.type.video', ''),
('en', 'core.file.status.checkedin', 'default', 'core.file.status.checkedin', ''),
('en', 'core.file.status.checkedout', 'default', 'core.file.status.checkedout', ''),
('en', 'core.file.status.expired', 'default', 'core.file.status.expired', ''),
('en', 'core.file.status.locked', 'default', 'core.file.status.locked', ''),
('en', 'core.file.status.new', 'default', 'core.file.status.new', ''),
('en', 'core.file.type.text', 'default', 'Text File', ''),
('en', 'core.file.type.video', 'default', 'Video File', ''),
('en', 'core.license.cc0', 'default', 'CC0: No rights reserved.', ''),
('en', 'core.license.ccbyncsa', 'default', 'CC BY-NC-SA: Attribution, Non-Commercial, Share-Alike', ''),
('en', 'core.license.ccbysa', 'default', 'CC BY-SA: Attribution, Share-Alike', ''),
('en', 'core.message', 'default', 'Message', ''),
('en', 'core.message', 'resource', 'messages', ''),
('en', 'core.message.allmessages', 'default', 'See Older Notifications', ''),
('en', 'core.message.body', 'default', 'Message', ''),
('en', 'core.message.class', 'default', 'Type', ''),
('en', 'core.message.class.notification', 'default', 'Notification', ''),
('en', 'core.message.id', 'default', 'ID', ''),
('en', 'core.message.messages', 'default', 'Notifications', ''),
('en', 'core.message.messages.new', 'default', 'New Notifications', ''),
('en', 'core.message.newmessages', 'default', 'new messages', ''),
('en', 'core.message.notification.body', 'default', 'Notification', ''),
('en', 'core.message.notification.event', 'default', 'Event', ''),
('en', 'core.message.notshown', 'default', 'message(s) not shown', ''),
('en', 'core.message.sender', 'default', 'From', ''),
('en', 'core.message.sent_at', 'default', 'Date', ''),
('en', 'core.message.subject', 'default', 'Subject', ''),
('en', 'core.placeholder', 'default', '-', ''),
('en', 'core.profile', 'default', 'Profile', ''),
('en', 'core.profile', 'resource', 'profile', ''),
('en', 'core.profiles', 'resource', 'profiles', ''),
('en', 'core.role.admin', 'default', 'Administrator', ''),
('en', 'core.role.anon', 'default', 'Anonymous', ''),
('en', 'core.role.user', 'default', 'Researcher', ''),
('en', 'core.security.user', 'status', 'Status', ''),
('en', 'core.security.user.status', 'default', 'Status', ''),
('en', 'core.security.user.status.approved', 'default', 'Approved', ''),
('en', 'core.security.user.status.closed', 'default', 'Closed', ''),
('en', 'core.security.user.status.disabled', 'default', 'Disabled', ''),
('en', 'core.security.user.status.enabled', 'default', 'Enabled', ''),
('en', 'core.security.user.status.expired', 'default', 'Expired', ''),
('en', 'core.security.user.status.locked', 'default', 'Locked', ''),
('en', 'core.security.user.status.new', 'default', 'New', ''),
('en', 'core.security.user.status.registered', 'default', 'Registered', ''),
('en', 'core.security.user.status.suspended', 'default', 'Suspended', ''),
('en', 'core.security.user.status.verified', 'default', 'Verified', ''),
('en', 'core.user', 'resource', 'users', ''),
('en', 'core.user.agree', 'default', 'I agree to abide by the site Terms and Conditions.', ''),
('en', 'core.user.email', 'default', 'Email', ''),
('en', 'core.user.email.repeat', 'default', 'Repeat Email', ''),
('en', 'core.user.login', 'default', 'Login', ''),
('en', 'core.user.login.heading', 'default', 'Login', ''),
('en', 'core.user.login.notregistered', 'default', 'Not registered as a user?', ''),
('en', 'core.user.login.register', 'default', 'Register here.', ''),
('en', 'core.user.name', 'default', 'User Name', ''),
('en', 'core.user.password', 'default', 'Password', ''),
('en', 'core.user.password.change', 'default', 'Change Password', ''),
('en', 'core.user.password.change', 'success', 'You have successfully changed your password.', ''),
('en', 'core.user.password.current', 'default', 'Current Password', ''),
('en', 'core.user.password.forgot', 'default', 'Forgotten Password?', ''),
('en', 'core.user.password.new', 'default', 'New Password', ''),
('en', 'core.user.password.repeat', 'default', 'Repeat Password', ''),
('en', 'core.user.password.set', 'default', 'Set Password', ''),
('en', 'core.user.profile', 'default', 'Profile', ''),
('en', 'core.user.register', 'default', 'Register', ''),
('en', 'core.user.register', 'success', 'Your user registration has been submitted. Please verify your email address and wait for your user profile to be reviewed and approved.', ''),
('en', 'core.user.register.existing', 'default', 'Already have an account?', ''),
('en', 'core.user.register.faq', 'default', 'FAQ', ''),
('en', 'core.user.register.heading', 'default', 'Register as a new user.', ''),
('en', 'core.user.register.loggedin', 'default', 'Hello, %name%. You are already registered and signed in.', ''),
('en', 'core.user.register.login', 'default', 'Sign in here.', ''),
('en', 'core.user.register.logout', 'default', 'Sign out.', ''),
('en', 'core.user.reset', 'default', 'Nulstil adgangskode', ''),
('en', 'core.user.reset.heading', 'default', 'Reset User', ''),
('en', 'core.user.reset.notregistered', 'default', 'Not a registered user?', ''),
('en', 'core.user.reset.register', 'default', 'Register here.', ''),
('en', 'core.user.reset.reset', 'default', 'Enter your username to request a password reset or to unlock your account.', ''),
('en', 'core.user.role', 'default', 'User Role', ''),
('en', 'core.user.role.add', 'default', 'Add User Role', ''),
('en', 'core.user.role.expiry', 'default', 'Expiry Date', ''),
('en', 'core.user.terms', 'default', 'Terms and Conditions', ''),
('en', 'core.user.terms.agree', 'default', 'I agree to the Terms and Conditions for using DIME.', ''),
('en', 'core.user.terms.v1', 'default', '<H2>Terms and Conditions</H2><P>v1.0 dated 1 June 2017</P><P>Lorem Ipsem...</P>', ''),
('en', 'core.user.username', 'default', 'Username', ''),
('en', 'core.users', 'resource', 'users', ''),
('en', 'core.visibility', 'default', 'Publication Status', ''),
('en', 'core.visibility.private', 'default', 'Private', ''),
('en', 'core.visibility.public', 'default', 'Public', ''),
('en', 'core.visibility.restricted', 'default', 'Restricted', ''),
('en', 'core.widget.comments', 'default', 'Message For Museum', ''),
('en', 'core.widget.send', 'default', 'Send', ''),
('en', 'core.widget.submit', 'default', 'Submit', ''),
('en', 'core.workflow.action', 'default', 'Actions', ''),
('en', 'core.workflow.role', 'default', 'Role', ''),
('en', 'country.afghanistan', 'default', 'Afghanistan ', ''),
('en', 'country.alandislands', 'default', 'land Islands ', ''),
('en', 'country.albania', 'default', 'Albania ', ''),
('en', 'country.algeria', 'default', 'Algeria ', ''),
('en', 'country.americansamoa', 'default', 'American Samoa ', ''),
('en', 'country.andorra', 'default', 'Andorra ', ''),
('en', 'country.angola', 'default', 'Angola ', ''),
('en', 'country.anguilla', 'default', 'Anguilla ', ''),
('en', 'country.antarctica', 'default', 'Antarctica ', ''),
('en', 'country.antigua', 'default', 'Antigua and Barbuda ', ''),
('en', 'country.argentina', 'default', 'Argentina ', ''),
('en', 'country.armenia', 'default', 'Armenia ', ''),
('en', 'country.aruba', 'default', 'Aruba ', ''),
('en', 'country.australia', 'default', 'Australia ', ''),
('en', 'country.austria', 'default', 'Austria ', ''),
('en', 'country.azerbaijan', 'default', 'Azerbaijan ', ''),
('en', 'country.bahamas', 'default', 'Bahamas ', ''),
('en', 'country.bahrain', 'default', 'Bahrain ', ''),
('en', 'country.bangladesh', 'default', 'Bangladesh ', ''),
('en', 'country.barbados', 'default', 'Barbados ', ''),
('en', 'country.belarus', 'default', 'Belarus ', ''),
('en', 'country.belgium', 'default', 'Belgium ', ''),
('en', 'country.belize', 'default', 'Belize ', ''),
('en', 'country.benin', 'default', 'Benin ', ''),
('en', 'country.bermuda', 'default', 'Bermuda ', ''),
('en', 'country.bhutan', 'default', 'Bhutan ', ''),
('en', 'country.bolivia', 'default', 'Bolivia', ''),
('en', 'country.bonaire', 'default', 'Bonaire, Sint Eustatius and Saba ', ''),
('en', 'country.bosniaherzegovina', 'default', 'Bosnia and Herzegovina ', ''),
('en', 'country.botswana', 'default', 'Botswana ', ''),
('en', 'country.brazil', 'default', 'Brazil ', ''),
('en', 'country.britishvirginislands', 'default', 'British Virgin Islands', ''),
('en', 'country.brunei', 'default', 'Brunei Darussalam ', ''),
('en', 'country.bulgaria', 'default', 'Bulgaria ', ''),
('en', 'country.burkinafaso', 'default', 'Burkina Faso ', ''),
('en', 'country.burundi', 'default', 'Burundi ', ''),
('en', 'country.caboverde', 'default', 'Cabo Verde ', ''),
('en', 'country.cambodia', 'default', 'Cambodia ', ''),
('en', 'country.cameroon', 'default', 'Cameroon ', ''),
('en', 'country.canada', 'default', 'Canada ', ''),
('en', 'country.caymanislands', 'default', 'Cayman Islands ', ''),
('en', 'country.centralafricanrepublic', 'default', 'Central African Republic ', ''),
('en', 'country.chad', 'default', 'Chad ', ''),
('en', 'country.chile', 'default', 'Chile ', ''),
('en', 'country.china', 'default', 'China ', ''),
('en', 'country.christmasisland', 'default', 'Christmas Island ', ''),
('en', 'country.cocosislands', 'default', 'Cocos (Keeling) Islands ', ''),
('en', 'country.colombia', 'default', 'Colombia ', ''),
('en', 'country.comoros', 'default', 'Comoros ', ''),
('en', 'country.congo', 'default', 'Congo ', ''),
('en', 'country.cookislands', 'default', 'Cook Islands ', ''),
('en', 'country.costarica', 'default', 'Costa Rica ', ''),
('en', 'country.cotedivoire', 'default', 'Cte d\'Ivoire ', ''),
('en', 'country.croatia', 'default', 'Croatia ', ''),
('en', 'country.cuba', 'default', 'Cuba ', ''),
('en', 'country.curacao', 'default', 'Curaao ', ''),
('en', 'country.cyprus', 'default', 'Cyprus ', ''),
('en', 'country.czechrepublic', 'default', 'Czech Republic ', ''),
('en', 'country.democraticrepubliccongo', 'default', 'Democratic Republic of the Congo ', ''),
('en', 'country.denmark', 'default', 'Denmark ', ''),
('en', 'country.djibouti', 'default', 'Djibouti ', ''),
('en', 'country.dominica', 'default', 'Dominica ', ''),
('en', 'country.dominicanrepublic', 'default', 'Dominican Republic ', ''),
('en', 'country.ecuador', 'default', 'Ecuador ', ''),
('en', 'country.egypt', 'default', 'Egypt ', ''),
('en', 'country.elsalvador', 'default', 'El Salvador ', ''),
('en', 'country.equatorialguinea', 'default', 'Equatorial Guinea ', ''),
('en', 'country.eritrea', 'default', 'Eritrea ', ''),
('en', 'country.estonia', 'default', 'Estonia ', ''),
('en', 'country.ethiopia', 'default', 'Ethiopia ', ''),
('en', 'country.falklandislands', 'default', 'Falkland Islands', ''),
('en', 'country.faroeislands', 'default', 'Faroe Islands ', ''),
('en', 'country.fiji', 'default', 'Fiji ', ''),
('en', 'country.finland', 'default', 'Finland ', ''),
('en', 'country.france', 'default', 'France ', ''),
('en', 'country.frenchguiana', 'default', 'French Guiana ', ''),
('en', 'country.frenchpolynesia', 'default', 'French Polynesia ', ''),
('en', 'country.gabon', 'default', 'Gabon ', ''),
('en', 'country.gambia', 'default', 'Gambia ', ''),
('en', 'country.georgia', 'default', 'Georgia ', ''),
('en', 'country.germany', 'default', 'Germany ', ''),
('en', 'country.ghana', 'default', 'Ghana ', ''),
('en', 'country.gibraltar', 'default', 'Gibraltar ', ''),
('en', 'country.greece', 'default', 'Greece ', ''),
('en', 'country.greenland', 'default', 'Greenland ', ''),
('en', 'country.grenada', 'default', 'Grenada ', ''),
('en', 'country.guadeloupe', 'default', 'Guadeloupe ', ''),
('en', 'country.guam', 'default', 'Guam ', ''),
('en', 'country.guatemala', 'default', 'Guatemala ', ''),
('en', 'country.guernsey', 'default', 'Guernsey ', ''),
('en', 'country.guinea', 'default', 'Guinea ', ''),
('en', 'country.guinea-bissau', 'default', 'Guinea-Bissau ', ''),
('en', 'country.guyana', 'default', 'Guyana ', ''),
('en', 'country.haiti', 'default', 'Haiti ', ''),
('en', 'country.honduras', 'default', 'Honduras ', ''),
('en', 'country.hongkong', 'default', 'Hong Kong ', ''),
('en', 'country.hungary', 'default', 'Hungary ', ''),
('en', 'country.iceland', 'default', 'Iceland ', ''),
('en', 'country.india', 'default', 'India ', ''),
('en', 'country.indonesia', 'default', 'Indonesia ', ''),
('en', 'country.iran', 'default', 'Iran', ''),
('en', 'country.iraq', 'default', 'Iraq ', ''),
('en', 'country.ireland', 'default', 'Ireland ', ''),
('en', 'country.isleofman', 'default', 'Isle of Man ', ''),
('en', 'country.israel', 'default', 'Israel ', ''),
('en', 'country.italy', 'default', 'Italy ', ''),
('en', 'country.jamaica', 'default', 'Jamaica ', ''),
('en', 'country.japan', 'default', 'Japan ', ''),
('en', 'country.jersey', 'default', 'Jersey ', ''),
('en', 'country.jordan', 'default', 'Jordan ', ''),
('en', 'country.kazakhstan', 'default', 'Kazakhstan ', ''),
('en', 'country.kenya', 'default', 'Kenya ', ''),
('en', 'country.kiribati', 'default', 'Kiribati ', ''),
('en', 'country.kuwait', 'default', 'Kuwait ', ''),
('en', 'country.kyrgyzstan', 'default', 'Kyrgyzstan ', ''),
('en', 'country.lao', 'default', 'Lao', ''),
('en', 'country.latvia', 'default', 'Latvia ', ''),
('en', 'country.lebanon', 'default', 'Lebanon ', ''),
('en', 'country.lesotho', 'default', 'Lesotho ', ''),
('en', 'country.liberia', 'default', 'Liberia ', ''),
('en', 'country.libya', 'default', 'Libya ', ''),
('en', 'country.liechtenstein', 'default', 'Liechtenstein ', ''),
('en', 'country.lithuania', 'default', 'Lithuania ', ''),
('en', 'country.luxembourg', 'default', 'Luxembourg ', ''),
('en', 'country.macao', 'default', 'Macao ', ''),
('en', 'country.macedonia', 'default', 'Macedonia', ''),
('en', 'country.madagascar', 'default', 'Madagascar ', ''),
('en', 'country.malawi', 'default', 'Malawi ', ''),
('en', 'country.malaysia', 'default', 'Malaysia ', ''),
('en', 'country.maldives', 'default', 'Maldives ', ''),
('en', 'country.mali', 'default', 'Mali ', ''),
('en', 'country.malta', 'default', 'Malta ', ''),
('en', 'country.marshallislands', 'default', 'Marshall Islands ', ''),
('en', 'country.martinique', 'default', 'Martinique ', ''),
('en', 'country.mauritania', 'default', 'Mauritania ', ''),
('en', 'country.mauritius', 'default', 'Mauritius ', ''),
('en', 'country.mayotte', 'default', 'Mayotte ', ''),
('en', 'country.mexico', 'default', 'Mexico ', ''),
('en', 'country.micronesia', 'default', 'Micronesia', ''),
('en', 'country.moldova', 'default', 'Moldova', ''),
('en', 'country.monaco', 'default', 'Monaco ', ''),
('en', 'country.mongolia', 'default', 'Mongolia ', ''),
('en', 'country.montenegro', 'default', 'Montenegro ', ''),
('en', 'country.montserrat', 'default', 'Montserrat ', ''),
('en', 'country.morocco', 'default', 'Morocco ', ''),
('en', 'country.mozambique', 'default', 'Mozambique ', ''),
('en', 'country.myanmar', 'default', 'Myanmar ', ''),
('en', 'country.namibia', 'default', 'Namibia ', ''),
('en', 'country.nauru', 'default', 'Nauru ', ''),
('en', 'country.nepal', 'default', 'Nepal ', ''),
('en', 'country.netherlands', 'default', 'Netherlands ', ''),
('en', 'country.newcaledonia', 'default', 'New Caledonia ', ''),
('en', 'country.newzealand', 'default', 'New Zealand ', ''),
('en', 'country.nicaragua', 'default', 'Nicaragua ', ''),
('en', 'country.niger', 'default', 'Niger ', ''),
('en', 'country.nigeria', 'default', 'Nigeria ', ''),
('en', 'country.niue', 'default', 'Niue ', ''),
('en', 'country.norfolkisland', 'default', 'Norfolk Island ', ''),
('en', 'country.northernmarianaislands', 'default', 'Northern Mariana Islands ', ''),
('en', 'country.northkorea', 'default', 'North Korea', ''),
('en', 'country.norway', 'default', 'Norway ', ''),
('en', 'country.oman', 'default', 'Oman ', ''),
('en', 'country.pakistan', 'default', 'Pakistan ', ''),
('en', 'country.palau', 'default', 'Palau ', ''),
('en', 'country.palestine', 'default', 'Palestine', ''),
('en', 'country.panama', 'default', 'Panama ', ''),
('en', 'country.papuanewguinea', 'default', 'Papua New Guinea ', ''),
('en', 'country.paraguay', 'default', 'Paraguay ', ''),
('en', 'country.peru', 'default', 'Peru ', ''),
('en', 'country.philippines', 'default', 'Philippines ', ''),
('en', 'country.pitcairn', 'default', 'Pitcairn ', ''),
('en', 'country.poland', 'default', 'Poland ', ''),
('en', 'country.portugal', 'default', 'Portugal ', ''),
('en', 'country.puertorico', 'default', 'Puerto Rico ', ''),
('en', 'country.qatar', 'default', 'Qatar ', ''),
('en', 'country.reunion', 'default', 'Runion ', ''),
('en', 'country.romania', 'default', 'Romania ', ''),
('en', 'country.russia', 'default', 'Russia', ''),
('en', 'country.rwanda', 'default', 'Rwanda ', ''),
('en', 'country.saintbarthelemy', 'default', 'Saint Barthlemy ', ''),
('en', 'country.sainthelena', 'default', 'Saint Helena, Ascension and Tristan da Cunha ', ''),
('en', 'country.saintkitts', 'default', 'Saint Kitts and Nevis ', ''),
('en', 'country.saintlucia', 'default', 'Saint Lucia ', ''),
('en', 'country.saintmartin', 'default', 'Saint Martin', ''),
('en', 'country.saintpierremiquelon', 'default', 'Saint Pierre and Miquelon ', ''),
('en', 'country.saintvincent', 'default', 'Saint Vincent and the Grenadines ', ''),
('en', 'country.samoa', 'default', 'Samoa ', ''),
('en', 'country.sanmarino', 'default', 'San Marino ', ''),
('en', 'country.saotome', 'default', 'Sao Tome and Principe ', ''),
('en', 'country.saudiarabia', 'default', 'Saudi Arabia ', ''),
('en', 'country.senegal', 'default', 'Senegal ', ''),
('en', 'country.serbia', 'default', 'Serbia ', ''),
('en', 'country.seychelles', 'default', 'Seychelles ', ''),
('en', 'country.sierraleone', 'default', 'Sierra Leone ', ''),
('en', 'country.singapore', 'default', 'Singapore ', ''),
('en', 'country.sintmaarten', 'default', 'Sint Maarten', ''),
('en', 'country.slovakia', 'default', 'Slovakia ', ''),
('en', 'country.slovenia', 'default', 'Slovenia ', ''),
('en', 'country.solomonislands', 'default', 'Solomon Islands ', ''),
('en', 'country.somalia', 'default', 'Somalia ', ''),
('en', 'country.southafrica', 'default', 'South Africa ', ''),
('en', 'country.southgeorgia', 'default', 'South Georgia and the South Sandwich Islands ', ''),
('en', 'country.southkorea', 'default', 'South Korea', ''),
('en', 'country.southsudan', 'default', 'South Sudan ', ''),
('en', 'country.spain', 'default', 'Spain ', ''),
('en', 'country.srilanka', 'default', 'Sri Lanka ', ''),
('en', 'country.sudan', 'default', 'Sudan ', ''),
('en', 'country.suriname', 'default', 'Suriname ', ''),
('en', 'country.svalbard', 'default', 'Svalbard and Jan Mayen ', ''),
('en', 'country.swaziland', 'default', 'Swaziland ', ''),
('en', 'country.sweden', 'default', 'Sweden ', ''),
('en', 'country.switzerland', 'default', 'Switzerland ', ''),
('en', 'country.syria', 'default', 'Syrian Arab Republic ', ''),
('en', 'country.taiwan', 'default', 'Taiwan', ''),
('en', 'country.tajikistan', 'default', 'Tajikistan ', ''),
('en', 'country.tanzania', 'default', 'Tanzania', ''),
('en', 'country.thailand', 'default', 'Thailand ', ''),
('en', 'country.timorleste', 'default', 'Timor-Leste ', ''),
('en', 'country.togo', 'default', 'Togo ', ''),
('en', 'country.tokelau', 'default', 'Tokelau ', ''),
('en', 'country.tonga', 'default', 'Tonga ', ''),
('en', 'country.trinidadtobago', 'default', 'Trinidad and Tobago ', ''),
('en', 'country.tunisia', 'default', 'Tunisia ', ''),
('en', 'country.turkey', 'default', 'Turkey ', ''),
('en', 'country.turkmenistan', 'default', 'Turkmenistan ', ''),
('en', 'country.turkscaicos', 'default', 'Turks and Caicos Islands ', ''),
('en', 'country.tuvalu', 'default', 'Tuvalu ', ''),
('en', 'country.uganda', 'default', 'Uganda ', ''),
('en', 'country.ukraine', 'default', 'Ukraine ', ''),
('en', 'country.unitedarabemirates', 'default', 'United Arab Emirates ', ''),
('en', 'country.unitedkingdom', 'default', 'United Kingdom', ''),
('en', 'country.unitedstatesamerica', 'default', 'United States of America ', ''),
('en', 'country.uruguay', 'default', 'Uruguay ', ''),
('en', 'country.usvirginislands', 'default', 'US Virgin Islands', ''),
('en', 'country.uzbekistan', 'default', 'Uzbekistan ', ''),
('en', 'country.vanuatu', 'default', 'Vanuatu ', ''),
('en', 'country.vatican', 'default', 'Holy See ', ''),
('en', 'country.venezuela', 'default', 'Venezuela', ''),
('en', 'country.vietnam', 'default', 'Viet Nam ', ''),
('en', 'country.wallisfutuna', 'default', 'Wallis and Futuna ', ''),
('en', 'country.westernsahara', 'default', 'Western Sahara ', ''),
('en', 'country.yemen', 'default', 'Yemen ', ''),
('en', 'country.zambia', 'default', 'Zambia ', ''),
('en', 'country.zimbabwe', 'default', 'Zimbabwe ', ''),
('en', 'dime.about', 'default', 'About', ''),
('en', 'dime.about', 'resource', 'about', ''),
('en', 'dime.about.background', 'default', 'Background for DIME', ''),
('en', 'dime.about.groups', 'default', 'Detectorist Associations', ''),
('en', 'dime.about.hevn', 'default', 'What is DIME?', ''),
('en', 'dime.about.hevntext', 'default', 'DIME is a shared portal for detectorists and Danish museums that can be accessed by everyone.', ''),
('en', 'dime.about.instructions', 'default', 'Instructions', ''),
('en', 'dime.about.museums', 'default', 'Participating Museums', ''),
('en', 'dime.about.partners', 'default', 'Partners', ''),
('en', 'dime.action.accession', 'default', 'Accession for museum', ''),
('en', 'dime.action.accession', 'success', 'The find has been accessioned.', ''),
('en', 'dime.action.appraise', 'default', 'Treasure - Retained by National Museum', ''),
('en', 'dime.action.appraise', 'success', 'The find has been assessed as Treasure.', ''),
('en', 'dime.action.approve', 'default', 'Approve', ''),
('en', 'dime.action.cancel', 'default', 'Cancel', ''),
('en', 'dime.action.claim', 'default', 'Create Treasure Claim', ''),
('en', 'dime.action.claim', 'success', 'The National Museum Treasure Claim form has been created.', ''),
('en', 'dime.action.delete', 'default', 'Delete', ''),
('en', 'dime.action.destroy', 'default', 'Artefact accidentally destroyed', ''),
('en', 'dime.action.destroy', 'success', 'The find status has been set to Destroyed.', ''),
('en', 'dime.action.discard', 'default', 'Discard the artefact', ''),
('en', 'dime.action.discard', 'success', 'The find status has been set to Discarded', ''),
('en', 'dime.action.edit', 'default', 'Edit find record', ''),
('en', 'dime.action.edit', 'success', 'The changes to teh find have been saved.', ''),
('en', 'dime.action.erase', 'default', 'Hard Delete', ''),
('en', 'dime.action.erase', 'success', 'The find record has been hard-deleted.', ''),
('en', 'dime.action.evaluate', 'default', 'Evaluate as potential treasure', ''),
('en', 'dime.action.evaluate', 'success', 'The find has been evaluated as potential treasure.', ''),
('en', 'dime.action.lose', 'default', 'Artefact has been lost', ''),
('en', 'dime.action.lose', 'success', 'The find status has been set to Lost.', ''),
('en', 'dime.action.notify', 'default', 'Notify', ''),
('en', 'dime.action.publish', 'default', 'Publish find record on DIME', ''),
('en', 'dime.action.publish', 'success', 'The find status has been set to Published', ''),
('en', 'dime.action.record', 'default', 'Create a new find record', ''),
('en', 'dime.action.record', 'success', 'The new find has been saved.', ''),
('en', 'dime.action.recover', 'default', 'Recover a lost artefact', ''),
('en', 'dime.action.recover', 'success', 'The find status has been set to Lost.', ''),
('en', 'dime.action.register', 'default', 'Register find', ''),
('en', 'dime.action.reject', 'default', 'Reject find submission', ''),
('en', 'dime.action.reject', 'success', 'The find status has been set to Rejected.', ''),
('en', 'dime.action.release', 'default', 'Release find to finder', ''),
('en', 'dime.action.release', 'success', 'The find has been released to the finder.', ''),
('en', 'dime.action.report', 'default', 'Notify museum of find', ''),
('en', 'dime.action.report', 'success', 'The find has been reported to the museum but is not required to be sent to the museum.', ''),
('en', 'dime.action.request', 'default', 'Request find form finder', ''),
('en', 'dime.action.request', 'success', 'The find has been requested from the finder.', ''),
('en', 'dime.action.send', 'default', 'Send', ''),
('en', 'dime.action.send', 'success', 'The find status has been set to Sent.', ''),
('en', 'dime.action.submit', 'default', 'Send find to museum', ''),
('en', 'dime.action.submit', 'success', 'The find has been reported and must now be sent to the museum.', ''),
('en', 'dime.action.suspend', 'default', 'Suspend', ''),
('en', 'dime.action.view', 'default', 'View a find record', ''),
('en', 'dime.action.withhold', 'default', 'Withhold from publication', ''),
('en', 'dime.action.withhold', 'success', 'The find has been withheld from publication for a period of 1 year.', ''),
('en', 'dime.actions', 'default', 'Actions', ''),
('en', 'dime.actor.municipalities', 'default', 'Municipalities', ''),
('en', 'dime.actor.participating', 'default', 'DIME Participant', ''),
('en', 'dime.admin.museums', 'default', 'Administer Museums', ''),
('en', 'dime.admin.users', 'default', 'Administer Users', ''),
('en', 'dime.admin.users.register', 'default', 'Register Users', '');
INSERT INTO `ark_translation_message` (`language`, `keyword`, `role`, `text`, `notes`) VALUES
('en', 'dime.background', 'default', 'Background', ''),
('en', 'dime.background', 'resource', 'background', ''),
('en', 'dime.claim', 'resource', 'claim', ''),
('en', 'dime.close', 'default', 'Close', ''),
('en', 'dime.confirm', 'default', 'Confirm', ''),
('en', 'dime.confirmfiledeletion', 'default', 'Are you sure you want to delete this file?', ''),
('en', 'dime.confirmnavigation', 'default', 'You have unsaved changes to this page, are you sure you wish to leave?', ''),
('en', 'dime.controls', 'default', 'Go', ''),
('en', 'dime.copyright', 'default', 'Copyright  2013-2017 Arkologisk IT, Aarhus University', ''),
('en', 'dime.credits', 'default', 'Data modelling and support: Carsten Risager | Design: Casper Skaaning Anderson | Implementation: L ~ P Archaeology', ''),
('en', 'dime.denmark.admin', 'default', 'Danish Administration Units', ''),
('en', 'dime.denmark.municipality', 'default', 'Municipalities', ''),
('en', 'dime.denmark.region', 'default', 'Danish Regions', ''),
('en', 'dime.detector', 'default', 'Detecting', ''),
('en', 'dime.detector', 'resource', 'detecting', ''),
('en', 'dime.exhibits', 'default', 'Exhibits', ''),
('en', 'dime.exhibits', 'resource', 'exhibits', ''),
('en', 'dime.exhibits.forests', 'default', 'Gold and Green Forests', ''),
('en', 'dime.exhibits.weapons', 'default', 'Weapons in the Bronze Age', ''),
('en', 'dime.find', 'default', 'Find', ''),
('en', 'dime.find', 'description', 'Description', ''),
('en', 'dime.find', 'resource', 'finds', ''),
('en', 'dime.find', 'status', 'Status', ''),
('en', 'dime.find.add', 'default', 'Add Find', ''),
('en', 'dime.find.add', 'success', 'The find was successfully added.', ''),
('en', 'dime.find.artefact', 'default', 'Artefact', ''),
('en', 'dime.find.case', 'default', 'Case Number', ''),
('en', 'dime.find.case', 'help', 'A museum\'s case number usually consists of an acronym followed by file number, for example. MOM18640). The responsible museum can provide you with a registration number if they have already registered the relevant venue.', ''),
('en', 'dime.find.claim', 'default', 'Treasure Report', ''),
('en', 'dime.find.class', 'default', 'Type', ''),
('en', 'dime.find.class.accessory', 'default', 'Jewelery / Costume Accessories', ''),
('en', 'dime.find.class.coin', 'default', 'Coin', ''),
('en', 'dime.find.class.fibula', 'default', 'Fibula / Suit Buckle', ''),
('en', 'dime.find.class.metal', 'default', 'Production Waste / Scrap Metal', ''),
('en', 'dime.find.class.military', 'default', 'Weapons / Militaria', ''),
('en', 'dime.find.class.tool', 'default', 'Equipment / Tools', ''),
('en', 'dime.find.class.unassessed', 'default', 'Awaiting Assessment', ''),
('en', 'dime.find.class.unknown', 'default', 'Unknown', ''),
('en', 'dime.find.classification', 'default', 'Classification', ''),
('en', 'dime.find.classify', 'default', 'Classify', ''),
('en', 'dime.find.condition', 'default', 'Condition', ''),
('en', 'dime.find.condition.fragmented', 'default', 'Fragmented', ''),
('en', 'dime.find.condition.modified', 'default', 'Modified', ''),
('en', 'dime.find.condition.unfinished', 'default', 'Unfinished', ''),
('en', 'dime.find.condition.whole', 'default', 'Whole', ''),
('en', 'dime.find.coordinates', 'default', 'Coordinates', ''),
('en', 'dime.find.custodian', 'default', 'Custodian', ''),
('en', 'dime.find.custody', 'default', 'Artefact status', ''),
('en', 'dime.find.custody.destroyed', 'default', 'Accidentally destroyed', ''),
('en', 'dime.find.custody.discarded', 'default', 'Discarded', ''),
('en', 'dime.find.custody.held', 'default', 'Held by custodian', ''),
('en', 'dime.find.custody.lost', 'default', 'Lost', ''),
('en', 'dime.find.custody.requested', 'default', 'Requested by Museum', ''),
('en', 'dime.find.custody.sent', 'default', 'Sent to Museum', ''),
('en', 'dime.find.dating', 'default', 'Dating', ''),
('en', 'dime.find.dating', 'help', 'Here you have two input options:\r\n\r\n1) In the drop down menu, you can specify a date period (eg Viking Period) or enter \'undated\' if you are unsure about the date.\r\n2) In the Advanced Dates menu you can specify a start and end date both as a period or year number. It is important that you specify BOTH start and end dates. For example, if you have found a coin from 1687 you indicate 1687 in both fields.', ''),
('en', 'dime.find.description', 'default', 'Description', ''),
('en', 'dime.find.event', 'default', 'Event', ''),
('en', 'dime.find.event.accessioned', 'default', 'Accessioned by museum', ''),
('en', 'dime.find.event.appraised', 'default', 'Assessed as Treasure', ''),
('en', 'dime.find.event.claimed', 'default', 'Sent for Treasure assessment', ''),
('en', 'dime.find.event.classified', 'default', 'Classified', ''),
('en', 'dime.find.event.deleted', 'default', 'Deleted', ''),
('en', 'dime.find.event.destroyed', 'default', 'Artefact accidentally destroyed', ''),
('en', 'dime.find.event.discarded', 'default', 'Artefact discarded', ''),
('en', 'dime.find.event.edited', 'default', 'Edited', ''),
('en', 'dime.find.event.evaluated', 'default', 'Evaluated as possible Treasure', ''),
('en', 'dime.find.event.lost', 'default', 'Artefact lost', ''),
('en', 'dime.find.event.published', 'default', 'Find record published', ''),
('en', 'dime.find.event.recorded', 'default', 'Find record created', ''),
('en', 'dime.find.event.recovered', 'default', 'Lost artefact recovered', ''),
('en', 'dime.find.event.rejected', 'default', 'More information requested', ''),
('en', 'dime.find.event.reported', 'default', 'Find reported to museum', ''),
('en', 'dime.find.event.submitted', 'default', 'Artefact sent to museum', ''),
('en', 'dime.find.event.validated', 'default', 'Validated', ''),
('en', 'dime.find.filters', 'default', 'Filters', ''),
('en', 'dime.find.finddate', 'default', 'Find Date', ''),
('en', 'dime.find.finddate', 'help', 'Enter the date of when you actually found the item you want to register.', ''),
('en', 'dime.find.finder', 'default', 'Detectorist', ''),
('en', 'dime.find.finder_id', 'default', 'Find num. / X num.', ''),
('en', 'dime.find.finder_id', 'help', 'To help the museum to record your finds, it is recommended that you enter a unique number for your find (the same number as you write on the find). NOTE! If you have received a find number from the museum then enter this.', ''),
('en', 'dime.find.finder_place', 'default', 'Find spot', ''),
('en', 'dime.find.finder_place', 'help', 'Enter the site / find site name, either what you or the museum uses.', ''),
('en', 'dime.find.id', 'default', 'DIME ID', ''),
('en', 'dime.find.images', 'default', 'Photos', ''),
('en', 'dime.find.images', 'help', 'To be useful to others:\r\n1) The finds have been cleaned (take care of the item!)\r\n2) There must be a scale next to the find (e.g., a ruler)\r\nTo see how to look here: // link to tutorial //', ''),
('en', 'dime.find.issuer', 'default', 'Issuer', ''),
('en', 'dime.find.length', 'default', 'Maximum Dimension', ''),
('en', 'dime.find.location', 'default', 'Location', ''),
('en', 'dime.find.location.decimal', 'default', 'Decimal (WGS84)', ''),
('en', 'dime.find.location.easting', 'default', 'Easting', NULL),
('en', 'dime.find.location.northing', 'default', 'Northing', NULL),
('en', 'dime.find.location.utm', 'default', 'UTM Zone 32', ''),
('en', 'dime.find.material', 'default', 'Material', ''),
('en', 'dime.find.material.secondary', 'default', 'Secondary Material(s)', ''),
('en', 'dime.find.metadata', 'default', 'ID', ''),
('en', 'dime.find.mint', 'default', 'Mint', ''),
('en', 'dime.find.municipality', 'default', 'Municipality', ''),
('en', 'dime.find.museum_id', 'default', 'Museum Find ID', ''),
('en', 'dime.find.owner', 'default', 'Owner', ''),
('en', 'dime.find.period', 'default', 'Period', ''),
('en', 'dime.find.period.end', 'default', 'End Period', ''),
('en', 'dime.find.period.start', 'default', 'Period', ''),
('en', 'dime.find.photo', 'default', 'Photos', ''),
('en', 'dime.find.process', 'default', 'Status', ''),
('en', 'dime.find.process.accessioned', 'default', 'Accessioned by museum', ''),
('en', 'dime.find.process.appraised', 'default', 'Assessed as Treasure by National Museum', ''),
('en', 'dime.find.process.claimed', 'default', 'Treasure Assessment sent to National Museum', ''),
('en', 'dime.find.process.evaluated', 'default', 'Evaluated as possible Treasure', ''),
('en', 'dime.find.process.inactive', 'default', 'Inactive Museum', ''),
('en', 'dime.find.process.recorded', 'default', 'Find recorded by finder', ''),
('en', 'dime.find.process.rejected', 'default', 'More details requested by museum', ''),
('en', 'dime.find.process.released', 'default', 'Aretefact returned to finder', ''),
('en', 'dime.find.process.reported', 'default', 'Find reported to museum', ''),
('en', 'dime.find.publish', 'default', 'Publish Date', ''),
('en', 'dime.find.query.available', 'default', 'There are %items% finds in DIME that you can search.', ''),
('en', 'dime.find.query.found', 'default', 'Your search found %items% finds.', ''),
('en', 'dime.find.query.set', 'default', 'Your search found %items% finds.', ''),
('en', 'dime.find.recipient', 'default', 'Recipient', ''),
('en', 'dime.find.register', 'default', 'Register Find', ''),
('en', 'dime.find.registered', 'default', 'Find %id% has been registered.', ''),
('en', 'dime.find.save', 'default', 'Save', ''),
('en', 'dime.find.search', 'default', 'Search Finds', ''),
('en', 'dime.find.secondary.ceramic', 'default', 'Ceramic', ''),
('en', 'dime.find.secondary.enamel', 'default', 'Enamel', ''),
('en', 'dime.find.secondary.gilded', 'default', 'Gilded', ''),
('en', 'dime.find.secondary.glass', 'default', 'Glass', ''),
('en', 'dime.find.secondary.iron', 'default', 'Iron', ''),
('en', 'dime.find.secondary.looped', 'default', 'Looped', ''),
('en', 'dime.find.secondary.niello', 'default', 'Niello', ''),
('en', 'dime.find.secondary.organic', 'default', 'Organic', ''),
('en', 'dime.find.secondary.other', 'default', 'Other', ''),
('en', 'dime.find.secondary.stone', 'default', 'Stone', ''),
('en', 'dime.find.secondary.tinned', 'default', 'Tinned', ''),
('en', 'dime.find.status', 'default', 'Status', ''),
('en', 'dime.find.subtype', 'default', 'Subtype', ''),
('en', 'dime.find.subtype.accessory', 'button', 'Button', ''),
('en', 'dime.find.subtype.accessory.bell', 'default', 'Bell', ''),
('en', 'dime.find.subtype.accessory.brooch', 'default', 'Brooch / Emblem', ''),
('en', 'dime.find.subtype.accessory.buckle', 'default', 'Buckle (Buckle, shoe pnde etc.).', ''),
('en', 'dime.find.subtype.accessory.button', 'default', 'Button', ''),
('en', 'dime.find.subtype.accessory.button.bar', 'default', 'Bar Button', ''),
('en', 'dime.find.subtype.accessory.button.other', 'default', 'Other type button (specify in description field)', ''),
('en', 'dime.find.subtype.accessory.button.round', 'default', 'Alm. round, half-round or disc-shaped button sewing', ''),
('en', 'dime.find.subtype.accessory.button.stud', 'default', 'Stud Button', ''),
('en', 'dime.find.subtype.accessory.button.unknown', 'default', 'Unknown', ''),
('en', 'dime.find.subtype.accessory.fitting', 'default', 'Fittings', ''),
('en', 'dime.find.subtype.accessory.fitting.belt', 'default', 'Belt end fitting', ''),
('en', 'dime.find.subtype.accessory.fitting.other', 'default', 'Other type fittings (specify in description field)', ''),
('en', 'dime.find.subtype.accessory.fitting.unknown', 'default', 'Unknown', ''),
('en', 'dime.find.subtype.accessory.hook', 'default', 'Hook / Malle', ''),
('en', 'dime.find.subtype.accessory.jewelery', 'default', 'Jewelery', ''),
('en', 'dime.find.subtype.accessory.jewelery.bracelet', 'default', 'Bangle / Bracelet', ''),
('en', 'dime.find.subtype.accessory.jewelery.bracteate', 'default', 'Bracteate', ''),
('en', 'dime.find.subtype.accessory.jewelery.earring', 'default', 'Earring', ''),
('en', 'dime.find.subtype.accessory.jewelery.necklace', 'default', 'Necklace - collar, ring, or chain', ''),
('en', 'dime.find.subtype.accessory.jewelery.other', 'default', 'Other jewelry (specify in description field)', ''),
('en', 'dime.find.subtype.accessory.jewelery.pasyning', 'default', 'Psyningsblik?', ''),
('en', 'dime.find.subtype.accessory.jewelery.pearl', 'default', 'Pearl', ''),
('en', 'dime.find.subtype.accessory.jewelery.pendant', 'default', 'Pendant / Amulet', ''),
('en', 'dime.find.subtype.accessory.jewelery.ring', 'default', 'Finger ring', ''),
('en', 'dime.find.subtype.accessory.jewelery.unknown', 'default', 'Unknown', ''),
('en', 'dime.find.subtype.accessory.lace', 'default', 'Lace End', ''),
('en', 'dime.find.subtype.accessory.medal', 'default', 'Medal / Order', ''),
('en', 'dime.find.subtype.accessory.other', 'default', 'Other costume accessories (specify in description field)', ''),
('en', 'dime.find.subtype.accessory.pilgrim', 'default', 'Pilgrim Badge', ''),
('en', 'dime.find.subtype.accessory.pin', 'default', 'Clothes pin', ''),
('en', 'dime.find.subtype.accessory.tutulus', 'default', 'Tutulus', ''),
('en', 'dime.find.subtype.accessory.unknown', 'default', 'Unknown', ''),
('en', 'dime.find.subtype.coin.danish', 'default', 'Danish Late Medieval Coins (c. 1400-1535)', ''),
('en', 'dime.find.subtype.coin.danish.civilwar', 'default', 'Danish Civil War Coin (1200-1380)', ''),
('en', 'dime.find.subtype.coin.danish.early', 'default', 'Danish Early Medieval Coins (1067-1199)', ''),
('en', 'dime.find.subtype.coin.danish.hvide', 'default', 'White', ''),
('en', 'dime.find.subtype.coin.danish.klipping', 'default', 'Klipping', ''),
('en', 'dime.find.subtype.coin.danish.other', 'default', 'Other Danish medieval coin (specify in description field)', ''),
('en', 'dime.find.subtype.coin.danish.ssling', 'default', 'Ssling', ''),
('en', 'dime.find.subtype.coin.danish.sterling', 'default', 'Copper Sterling', ''),
('en', 'dime.find.subtype.coin.danish.unknown', 'default', 'Unknown', ''),
('en', 'dime.find.subtype.coin.foreign', 'default', 'Medieval foreign coin (1067-1535)', ''),
('en', 'dime.find.subtype.coin.foreign.hohlpfennig', 'default', 'Hohlpfennigs (Bracteate)', ''),
('en', 'dime.find.subtype.coin.foreign.hvide', 'default', 'North German White', ''),
('en', 'dime.find.subtype.coin.foreign.other', 'default', 'Other foreign medieval coin (specify in description field)', ''),
('en', 'dime.find.subtype.coin.foreign.sterling', 'default', 'English Sterling', ''),
('en', 'dime.find.subtype.coin.foreign.tournois', 'default', 'French Tournois', ''),
('en', 'dime.find.subtype.coin.foreign.unknown', 'default', 'Unknown', ''),
('en', 'dime.find.subtype.coin.jeton', 'default', 'Jeton / Trade Token', ''),
('en', 'dime.find.subtype.coin.modern', 'default', 'Modern coins (after 1535)', ''),
('en', 'dime.find.subtype.coin.modern.danish', 'default', 'Modern Danish coin (after 1535)', ''),
('en', 'dime.find.subtype.coin.modern.foreign', 'default', 'Modern foreign coin (after 1535)', ''),
('en', 'dime.find.subtype.coin.other', 'default', 'Other coin (specify in description field)', ''),
('en', 'dime.find.subtype.coin.roman', 'default', 'Roman / Byzantine coin', ''),
('en', 'dime.find.subtype.coin.roman.aureus', 'default', 'Aureus', ''),
('en', 'dime.find.subtype.coin.roman.denarius', 'default', 'Denarius', ''),
('en', 'dime.find.subtype.coin.roman.other', 'default', 'Other Roman / Byzantine coin (specify in description field)', ''),
('en', 'dime.find.subtype.coin.roman.sestertius', 'default', 'Sestertius', ''),
('en', 'dime.find.subtype.coin.roman.siliqua', 'default', 'Siliqua', ''),
('en', 'dime.find.subtype.coin.roman.solidus', 'default', 'Solidus', ''),
('en', 'dime.find.subtype.coin.roman.unknown', 'default', 'Unknown', ''),
('en', 'dime.find.subtype.coin.unknown', 'default', 'Unknown', ''),
('en', 'dime.find.subtype.coin.viking', 'default', 'Viking Coin', ''),
('en', 'dime.find.subtype.coin.viking.byzantine', 'default', 'Byzantine coins', ''),
('en', 'dime.find.subtype.coin.viking.carolingian', 'default', 'Other Carolingian coin', ''),
('en', 'dime.find.subtype.coin.viking.denarius', 'default', 'Carolingian denarius', ''),
('en', 'dime.find.subtype.coin.viking.dirham', 'default', 'Dirham', ''),
('en', 'dime.find.subtype.coin.viking.english', 'default', 'Other English coin', ''),
('en', 'dime.find.subtype.coin.viking.german', 'default', 'Other German coin', ''),
('en', 'dime.find.subtype.coin.viking.nordic', 'default', 'Danish / Nordic Coin', ''),
('en', 'dime.find.subtype.coin.viking.other', 'default', 'Other Viking coin (specify in description field)', ''),
('en', 'dime.find.subtype.coin.viking.penny', 'default', 'English penny', ''),
('en', 'dime.find.subtype.coin.viking.phennig', 'default', 'German phennig', ''),
('en', 'dime.find.subtype.coin.viking.sceat', 'default', 'Sceat', ''),
('en', 'dime.find.subtype.coin.viking.unknown', 'default', 'Unknown', ''),
('en', 'dime.find.subtype.fibula.beak', 'default', 'Beak fibula', ''),
('en', 'dime.find.subtype.fibula.bird.above', 'default', 'Bird fibula (top view)', ''),
('en', 'dime.find.subtype.fibula.bird.profile', 'default', 'Bird-shaped fibula (Early medieval - small bird in profile)', ''),
('en', 'dime.find.subtype.fibula.bow', 'button', 'Back button fibula', ''),
('en', 'dime.find.subtype.fibula.bow', 'default', 'Bow fibula', ''),
('en', 'dime.find.subtype.fibula.bow.ball', 'default', 'Hard cast ball fibula (Pre- Roman Iron Age)', ''),
('en', 'dime.find.subtype.fibula.bow.band', 'default', 'Wide band-shaped bow fibulas (Roman Iron Age - Almgr. V)', ''),
('en', 'dime.find.subtype.fibula.bow.bilateral', 'default', 'Bilateral fibulas with two combs (Early Roman Iron Age - Almgr. I-IV)', ''),
('en', 'dime.find.subtype.fibula.bow.button', 'default', 'Back button fibula', ''),
('en', 'dime.find.subtype.fibula.bow.cross', 'default', 'Cross shaped fibula', ''),
('en', 'dime.find.subtype.fibula.bow.foot', 'default', 'Bow fibulas with enclosed foot including Nydam fibulas (Late Roman Iron Age - Almgr. VI)', ''),
('en', 'dime.find.subtype.fibula.bow.high', 'default', 'Bow fibulas high needle holder (Late Roman Iron Age - Almgr. VII)', ''),
('en', 'dime.find.subtype.fibula.bow.other', 'default', 'Other bow fibula (specify in description field)', ''),
('en', 'dime.find.subtype.fibula.bow.relief', 'default', 'Relief fibula', ''),
('en', 'dime.find.subtype.fibula.bow.unknown', 'default', 'Unknown', ''),
('en', 'dime.find.subtype.fibula.bowl', 'default', 'Bowl Fibula', ''),
('en', 'dime.find.subtype.fibula.bowl.animal', 'default', 'Animal Shaped Bowl fibula', ''),
('en', 'dime.find.subtype.fibula.bowl.circular', 'default', 'Circular Bowl fibula', ''),
('en', 'dime.find.subtype.fibula.bowl.large', 'default', 'Large oval Bowl fibula (greater than 7.5 cm)', ''),
('en', 'dime.find.subtype.fibula.bowl.other', 'default', 'Other bowl fibula (specify in description field)', ''),
('en', 'dime.find.subtype.fibula.bowl.small', 'default', 'Small Oval Bowl fibula (less than 7.5 cm)', ''),
('en', 'dime.find.subtype.fibula.bowl.unknown', 'default', 'Unknown', ''),
('en', 'dime.find.subtype.fibula.circular', 'default', 'Circular fibula without enamel / casing', ''),
('en', 'dime.find.subtype.fibula.circular.large', 'default', 'Large vaulted circular fibula (diameter of> 4 cm)', ''),
('en', 'dime.find.subtype.fibula.circular.other', 'default', 'Other circular fibula (specify in description box)', ''),
('en', 'dime.find.subtype.fibula.circular.small', 'default', 'Small vaulted circular fibula (diameter <4 cm)', ''),
('en', 'dime.find.subtype.fibula.circular.tin', 'default', 'Circular tin fibula (early Middle Ages)', ''),
('en', 'dime.find.subtype.fibula.circular.unknown', 'default', 'Unknown', ''),
('en', 'dime.find.subtype.fibula.enamel', 'default', 'Enamel fibula / FIbula with setting', ''),
('en', 'dime.find.subtype.fibula.enamel.central', 'default', 'Fibula with central casing', ''),
('en', 'dime.find.subtype.fibula.enamel.cross', 'default', 'Cross enamel fibula', ''),
('en', 'dime.find.subtype.fibula.enamel.multiple', 'default', 'Fibula with several settings', ''),
('en', 'dime.find.subtype.fibula.enamel.other', 'default', 'Other enamel fibula / FIbula with setting (specify in description field)', ''),
('en', 'dime.find.subtype.fibula.enamel.unknown', 'default', 'Unknown', ''),
('en', 'dime.find.subtype.fibula.equalarm', 'default', 'Equal arm fibula', ''),
('en', 'dime.find.subtype.fibula.equalarm.large', 'default', 'Large equal arm fibula (Viking)', ''),
('en', 'dime.find.subtype.fibula.equalarm.other', 'default', 'Other type equal arm fibula (specify in description field)', ''),
('en', 'dime.find.subtype.fibula.equalarm.small', 'default', 'Small equal arm fibula (Germanic Iron Age)', ''),
('en', 'dime.find.subtype.fibula.equalarm.unknown', 'default', 'Unknown', ''),
('en', 'dime.find.subtype.fibula.healing', 'default', 'Animal healing fibula (Urnes fibula and Lamb of God)', ''),
('en', 'dime.find.subtype.fibula.healing.aalborg', 'default', 'Animal healing fibula of Aalborg type (Lamb of God without cross)', ''),
('en', 'dime.find.subtype.fibula.healing.lamb', 'default', 'Lamb of God fibula / Agnus Dei fibula', ''),
('en', 'dime.find.subtype.fibula.healing.other', 'default', 'Other Animal healing fibula (specify in description field)', ''),
('en', 'dime.find.subtype.fibula.healing.unknown', 'default', 'Unknown', ''),
('en', 'dime.find.subtype.fibula.healing.urnes', 'default', 'Urnes fibula', ''),
('en', 'dime.find.subtype.fibula.other', 'default', 'Other type fibula / brooches (specify in description field)', ''),
('en', 'dime.find.subtype.fibula.plate', 'default', 'Plate fibula', ''),
('en', 'dime.find.subtype.fibula.plate.bird', 'default', 'Large bird-shaped plate fibula (Early Germanic Iron Age)', ''),
('en', 'dime.find.subtype.fibula.plate.circular', 'default', 'Circular plate fibula', ''),
('en', 'dime.find.subtype.fibula.plate.coin', 'default', 'Coin fibula', ''),
('en', 'dime.find.subtype.fibula.plate.horse', 'default', 'Horse Shaped plate fibula', ''),
('en', 'dime.find.subtype.fibula.plate.other', 'default', 'Other plate fibula (specify in description field)', ''),
('en', 'dime.find.subtype.fibula.plate.oval', 'default', 'Oval plate fibula', ''),
('en', 'dime.find.subtype.fibula.plate.rhede', 'default', 'Rhede fibula (cruciform plate Fibel)', ''),
('en', 'dime.find.subtype.fibula.plate.rectangular', 'default', 'Rectangular plate fibula', ''),
('en', 'dime.find.subtype.fibula.plate.ship', 'default', 'Ship-shaped fibula', ''),
('en', 'dime.find.subtype.fibula.plate.snake', 'default', 'S-shaped snake plate fibula?', ''),
('en', 'dime.find.subtype.fibula.plate.swastika', 'default', 'swastika fibula', ''),
('en', 'dime.find.subtype.fibula.plate.tongue', 'default', 'Tongue-shaped fibula', ''),
('en', 'dime.find.subtype.fibula.plate.unknown', 'default', 'Unknown', ''),
('en', 'dime.find.subtype.fibula.plate.valkyrie', 'default', 'Valkyrie fibula', ''),
('en', 'dime.find.subtype.fibula.ring', 'default', 'Medieval ring brooches', ''),
('en', 'dime.find.subtype.fibula.ring.circular', 'default', 'Circular ring brooches', ''),
('en', 'dime.find.subtype.fibula.ring.heart', 'default', 'Heart-shaped ring brooches', ''),
('en', 'dime.find.subtype.fibula.ring.other', 'default', 'Other Type medieval ring brooches', ''),
('en', 'dime.find.subtype.fibula.ring.star', 'default', 'Star-shaped ring brooches', ''),
('en', 'dime.find.subtype.fibula.ring.unknown', 'default', 'Unknown', ''),
('en', 'dime.find.subtype.fibula.trilobal', 'default', 'Trilobal fibula', ''),
('en', 'dime.find.subtype.fibula.unknown', 'default', 'Unknown', ''),
('en', 'dime.find.subtype.fibula.viking', 'default', 'Other Viking fibula / brooch', ''),
('en', 'dime.find.subtype.fibula.viking.other', 'default', 'Other Viking fibula / costume buckle (specify in description field)', ''),
('en', 'dime.find.subtype.fibula.viking.rhombic', 'default', 'Rhombic fibula', ''),
('en', 'dime.find.subtype.fibula.viking.ring', 'default', 'Ring Brooch / Ringed Pin', ''),
('en', 'dime.find.subtype.fibula.viking.roof', 'default', 'Hjalti-shaped / roof-shaped fibula', ''),
('en', 'dime.find.subtype.fibula.viking.unknown', 'default', 'Unknown', ''),
('en', 'dime.find.subtype.filbula.unknown', 'default', 'Unknown', ''),
('en', 'dime.find.subtype.metal.ingot', 'default', 'Ingot', ''),
('en', 'dime.find.subtype.metal.mold', 'default', 'Mold / Melting Pot', ''),
('en', 'dime.find.subtype.metal.other', 'default', 'Other production waste / metal scrap / raw materials (specify in description field)', ''),
('en', 'dime.find.subtype.metal.rest', 'default', 'Casting Rest', ''),
('en', 'dime.find.subtype.metal.slag', 'default', 'Slag', ''),
('en', 'dime.find.subtype.metal.tin', 'default', 'Tin Fragment', ''),
('en', 'dime.find.subtype.metal.unknown', 'default', 'Unknown', ''),
('en', 'dime.find.subtype.military.ammunition', 'default', 'Munition (musket ball / Garnet / shotshell / cannon balls)', ''),
('en', 'dime.find.subtype.military.armor', 'default', 'Armor / Chainmail', ''),
('en', 'dime.find.subtype.military.arrow', 'default', 'Arrowhead / Armbrstbolt', ''),
('en', 'dime.find.subtype.military.firearm', 'default', 'Firearms', ''),
('en', 'dime.find.subtype.military.fitting', 'default', 'Fittings', ''),
('en', 'dime.find.subtype.military.fitting.other', 'default', 'Other type bracket (specify in description field)', ''),
('en', 'dime.find.subtype.military.fitting.sheath', 'default', 'Sheath Brackets', ''),
('en', 'dime.find.subtype.military.fitting.uniform', 'default', 'Order / Uniform Bracket', ''),
('en', 'dime.find.subtype.military.fitting.unknown', 'default', 'Unknown', ''),
('en', 'dime.find.subtype.military.helmet', 'default', 'Helmet', ''),
('en', 'dime.find.subtype.military.melee', 'default', 'Stroke / Stick Weapons', ''),
('en', 'dime.find.subtype.military.melee.axe', 'default', 'Ax / celt / plstav', ''),
('en', 'dime.find.subtype.military.melee.blunt', 'default', 'Blunt weapons (clubs, maces, hammers, staves, flails, etc)', ''),
('en', 'dime.find.subtype.military.melee.knife', 'default', 'Dagger', ''),
('en', 'dime.find.subtype.military.melee.other', 'default', 'Other type of impact / stabbing weapon (specify in description field)', ''),
('en', 'dime.find.subtype.military.melee.pointed', 'default', 'Lance / spear', ''),
('en', 'dime.find.subtype.military.melee.sword', 'default', 'Sword / Sabel (blade or handle)', ''),
('en', 'dime.find.subtype.military.melee.unknown', 'default', 'Unknown', ''),
('en', 'dime.find.subtype.military.other', 'default', 'Other weapons / militaria (specify in description field)', ''),
('en', 'dime.find.subtype.military.shield', 'default', 'Shield', ''),
('en', 'dime.find.subtype.military.unknown', 'default', 'Unknown', ''),
('en', 'dime.find.subtype.tool.equestrian', 'default', 'Riding / Harness (track, horseshoes, bridle, etc)', ''),
('en', 'dime.find.subtype.tool.equestrian.bell', 'default', 'Bell / rattle', ''),
('en', 'dime.find.subtype.tool.equestrian.bridle', 'default', 'Hovedtjsdele (bridle / bidselbeslag, remfordeler, etc.)', ''),
('en', 'dime.find.subtype.tool.equestrian.cheek', 'default', 'Rattle glance? Cheek piece?', ''),
('en', 'dime.find.subtype.tool.equestrian.other', 'default', 'Other riding / harness (specify in description box)', ''),
('en', 'dime.find.subtype.tool.equestrian.shoe', 'default', 'Horseshoe', ''),
('en', 'dime.find.subtype.tool.equestrian.stirrup', 'default', 'Stirrup / stirrup bracket', ''),
('en', 'dime.find.subtype.tool.equestrian.tack', 'default', 'Track?', ''),
('en', 'dime.find.subtype.tool.equestrian.unknown', 'default', 'Unknown', ''),
('en', 'dime.find.subtype.tool.house', 'default', 'Housekeeping / Table and cookware / Interior', ''),
('en', 'dime.find.subtype.tool.house.crockery', 'default', 'Plate / dish / bowl', ''),
('en', 'dime.find.subtype.tool.house.cutlery', 'default', 'Flatware / Cutlery (table knives, forks, spoons)', ''),
('en', 'dime.find.subtype.tool.house.fixtures', 'default', 'Furniture / bo bracket / handles / decorative rivets', ''),
('en', 'dime.find.subtype.tool.house.key', 'default', 'Key', ''),
('en', 'dime.find.subtype.tool.house.knife', 'default', 'Knife (blade knife, handle bracket, knife scabbard fittings, etc)', ''),
('en', 'dime.find.subtype.tool.house.light', 'default', 'Candlestick / lamp', ''),
('en', 'dime.find.subtype.tool.house.lock', 'default', 'Lock', ''),
('en', 'dime.find.subtype.tool.house.other', 'default', 'Other \"Housekeeping / table and cookware / interior\" (Enter the description field)', ''),
('en', 'dime.find.subtype.tool.house.pot', 'default', 'Malm pot', ''),
('en', 'dime.find.subtype.tool.house.scissors', 'default', 'Scissors', ''),
('en', 'dime.find.subtype.tool.house.striker', 'default', 'Fire-steel', ''),
('en', 'dime.find.subtype.tool.house.unknown', 'default', 'Unknown', ''),
('en', 'dime.find.subtype.tool.measure', 'default', 'Safety Metal / Scales and weights', ''),
('en', 'dime.find.subtype.tool.measure.clip', 'default', 'Cut silver / gold fragment (not coin fragments)', ''),
('en', 'dime.find.subtype.tool.measure.ingot', 'default', 'Ingot', ''),
('en', 'dime.find.subtype.tool.measure.scale', 'default', 'Scales', ''),
('en', 'dime.find.subtype.tool.measure.unknown', 'default', 'Unknown', ''),
('en', 'dime.find.subtype.tool.measure.weight', 'default', 'Weights', ''),
('en', 'dime.find.subtype.tool.other', 'default', 'Other tool / tools (specify in description field)', ''),
('en', 'dime.find.subtype.tool.textile', 'default', 'Tools for textile work', ''),
('en', 'dime.find.subtype.tool.textile.case', 'default', 'Needle Case', ''),
('en', 'dime.find.subtype.tool.textile.needle', 'default', 'Needle', ''),
('en', 'dime.find.subtype.tool.textile.scissors', 'default', 'Scissors', ''),
('en', 'dime.find.subtype.tool.textile.thimble', 'default', 'Thimble', ''),
('en', 'dime.find.subtype.tool.textile.unknown', 'default', 'Unknown', ''),
('en', 'dime.find.subtype.tool.textile.whorl', 'default', 'Spindle whorl', ''),
('en', 'dime.find.subtype.tool.toilet', 'default', 'Toilet equipment (comb, razor, tweezers)', ''),
('en', 'dime.find.subtype.tool.toilet.comb', 'default', 'comb', ''),
('en', 'dime.find.subtype.tool.toilet.ear', 'default', 'Ear spoon', ''),
('en', 'dime.find.subtype.tool.toilet.other', 'default', 'Other toilet equipment (specify in description field)', ''),
('en', 'dime.find.subtype.tool.toilet.razor', 'default', 'razor', ''),
('en', 'dime.find.subtype.tool.toilet.tweezers', 'default', 'Tweezers', ''),
('en', 'dime.find.subtype.tool.toilet.unknown', 'default', 'Unknown', ''),
('en', 'dime.find.subtype.tool.toy', 'default', 'Toy / Spillerekvisiter (tin soldier, playing piece, etc.)', ''),
('en', 'dime.find.subtype.tool.toy.counter', 'default', 'play Brik', ''),
('en', 'dime.find.subtype.tool.toy.dice', 'default', 'Dice', ''),
('en', 'dime.find.subtype.tool.toy.other', 'default', 'Other toys / games Prop (insert in the description field)', ''),
('en', 'dime.find.subtype.tool.toy.unknown', 'default', 'Unknown', ''),
('en', 'dime.find.subtype.tool.unknown', 'default', 'Unknown', ''),
('en', 'dime.find.subtype.tool.work', 'default', 'Agricultural Equipment / Tools / Crafts Article', ''),
('en', 'dime.find.subtype.tool.work.axe', 'default', 'Axe / celt / plstav', ''),
('en', 'dime.find.subtype.tool.work.chisel', 'default', 'Chisel / punch', ''),
('en', 'dime.find.subtype.tool.work.drill', 'default', 'Awl / drill', ''),
('en', 'dime.find.subtype.tool.work.engine', 'default', 'Engines', ''),
('en', 'dime.find.subtype.tool.work.fitting', 'default', 'Fitting', ''),
('en', 'dime.find.subtype.tool.work.hammer', 'default', 'Hammer', ''),
('en', 'dime.find.subtype.tool.work.knife', 'default', 'Knife (blade knife, handle bracket, knife scabbard fittings, etc)', ''),
('en', 'dime.find.subtype.tool.work.matrix', 'default', 'Die / Matrix / Model', ''),
('en', 'dime.find.subtype.tool.work.nail', 'default', 'Nail / screw / spasm', ''),
('en', 'dime.find.subtype.tool.work.other', 'default', 'Other agricultural equipment / tools / crafts article (specify in description field)', ''),
('en', 'dime.find.subtype.tool.work.pliars', 'default', 'Pliars', ''),
('en', 'dime.find.subtype.tool.work.rivet', 'default', 'Rivet / clinker nail / Rivet Plate', ''),
('en', 'dime.find.subtype.tool.work.sickle', 'default', 'Scythe / Sickle', ''),
('en', 'dime.find.subtype.tool.work.unknown', 'default', 'Unknown', ''),
('en', 'dime.find.subtype.tool.writing', 'default', 'Articles - Religion and Communications', ''),
('en', 'dime.find.subtype.tool.writing.bylamulet', 'default', 'Blyamulet', ''),
('en', 'dime.find.subtype.tool.writing.clasp', 'default', 'Book clasp', ''),
('en', 'dime.find.subtype.tool.writing.guldgubbe', 'default', 'Guldgubbe', ''),
('en', 'dime.find.subtype.tool.writing.runebrev', 'default', 'Rune Letter', ''),
('en', 'dime.find.subtype.tool.writing.seal', 'default', 'seal', ''),
('en', 'dime.find.subtype.tool.writing.stamp', 'default', 'Seal Stamps / Signet', ''),
('en', 'dime.find.subtype.tool.writing.stylus', 'default', 'Stylus', ''),
('en', 'dime.find.subtype.tool.writing.unknown', 'default', 'Unknown', ''),
('en', 'dime.find.treasure', 'default', 'Treasure', ''),
('en', 'dime.find.update', 'default', 'Update', ''),
('en', 'dime.find.update', 'success', 'The find was successfully updated.', ''),
('en', 'dime.find.visibility', 'default', 'Publication', ''),
('en', 'dime.find.weight', 'default', 'Weight', ''),
('en', 'dime.getuserlocation', 'default', 'Get Location', ''),
('en', 'dime.home', 'default', 'Home', ''),
('en', 'dime.home', 'resource', 'home', ''),
('en', 'dime.home.alarm', 'default', 'Notifications', ''),
('en', 'dime.home.faq', 'default', '<dl>\\n<dt>What is DIME?</dt>\\n<dd>DIME is a shared portal for detectorists and Danish museums that can be accessed by everyone.</dd>\\n<dd>&nbsp;</dd>\\n<dt>Why should I use DIME?</dt>\\n<dd>DIME allows faster processing of your finds in cooperation with the museum, and gives you an overview of your finds and collection.</dd>\\n<dd>&nbsp;</dd\\n<dt>What finds can be added to DIME? </dt>\\n<dd>All detector finds (not only Danef) can added to DIME.</dd>\\n<dd>&nbsp;</dd>\\n<dt>Can others see my find locations?</dt>\\n<dd>No! Find locations and other private information are only visible for museum archaeologists and researchers with special access.</dd>\\n<dd>&nbsp;</dd>\\n<dt>Is there a DIME app?</dt>\\n<dd>An app for recording in the field is under development.</dd>\\n</dl>', ''),
('en', 'dime.home.hvert', 'default', 'Every year, the metal detector users across the country thousands of objects from antiquity, middelal-there and later periods. Metal objects are part of our common cultural heritage and important pieces in the history of Denmark. DIME provides information about the finds for the benefit of present and subsequent generatione', ''),
('en', 'dime.home.welcome', 'default', 'Welcome %name%', ''),
('en', 'dime.kommune.aabenraa', 'default', 'Aabenraa', ''),
('en', 'dime.kommune.aabenraa', 'official', 'Aabenraa Municipality', ''),
('en', 'dime.kommune.aalborg', 'default', 'Aalborg', ''),
('en', 'dime.kommune.aalborg', 'official', 'Aalborg Municipality', ''),
('en', 'dime.kommune.aero', 'default', 'r', ''),
('en', 'dime.kommune.aero', 'official', 'r Municipality', ''),
('en', 'dime.kommune.albertslund', 'default', 'Albertslund', ''),
('en', 'dime.kommune.albertslund', 'official', 'Albertslund Municipality', ''),
('en', 'dime.kommune.allerod', 'default', 'Allerd', ''),
('en', 'dime.kommune.allerod', 'official', 'Allerd Municipality', ''),
('en', 'dime.kommune.arhus', 'default', 'rhus', ''),
('en', 'dime.kommune.arhus', 'official', 'rhus Municipality', ''),
('en', 'dime.kommune.assens', 'default', 'Assens', ''),
('en', 'dime.kommune.assens', 'official', 'Assens Municipality', ''),
('en', 'dime.kommune.ballerup', 'default', 'Ballerup', ''),
('en', 'dime.kommune.ballerup', 'official', 'Ballerup Municipality', ''),
('en', 'dime.kommune.billund', 'default', 'Billund', ''),
('en', 'dime.kommune.billund', 'official', 'Billund Municipality', ''),
('en', 'dime.kommune.bornholm', 'default', 'Bornholm', ''),
('en', 'dime.kommune.bornholm', 'official', 'Bornholms Municipality', ''),
('en', 'dime.kommune.brondby', 'default', 'Brndby', ''),
('en', 'dime.kommune.brondby', 'official', 'Brndby Municipality', ''),
('en', 'dime.kommune.bronderslev', 'default', 'Brnderslev', ''),
('en', 'dime.kommune.bronderslev', 'official', 'Brnderslev Municipality', ''),
('en', 'dime.kommune.dragor', 'default', 'Dragr', ''),
('en', 'dime.kommune.dragor', 'official', 'Dragr Municipality', ''),
('en', 'dime.kommune.egedal', 'default', 'Egedal', ''),
('en', 'dime.kommune.egedal', 'official', 'Egedal Municipality', ''),
('en', 'dime.kommune.esbjerg', 'default', 'Esbjerg', ''),
('en', 'dime.kommune.esbjerg', 'official', 'Esbjerg Municipality', ''),
('en', 'dime.kommune.faaborgmidtfyn', 'default', 'Faaborg-Midtfyn', ''),
('en', 'dime.kommune.faaborgmidtfyn', 'official', 'Faaborg-Midtfyn Municipality', ''),
('en', 'dime.kommune.fano', 'default', 'Fan', ''),
('en', 'dime.kommune.fano', 'official', 'Fan Municipality', ''),
('en', 'dime.kommune.favrskov', 'default', 'Favrskov', ''),
('en', 'dime.kommune.favrskov', 'official', 'Favrskov Municipality', ''),
('en', 'dime.kommune.faxe', 'default', 'Faxe', ''),
('en', 'dime.kommune.faxe', 'official', 'Faxe Municipality', ''),
('en', 'dime.kommune.fredensborg', 'default', 'Fredensborg', ''),
('en', 'dime.kommune.fredensborg', 'official', 'Fredensborg Municipality', ''),
('en', 'dime.kommune.fredericia', 'default', 'Fredericia', ''),
('en', 'dime.kommune.fredericia', 'official', 'Fredericia Municipality', ''),
('en', 'dime.kommune.frederiksbeg', 'default', 'Frederiksbeg', ''),
('en', 'dime.kommune.frederiksbeg', 'official', 'Frederiksberg Municipality', ''),
('en', 'dime.kommune.frederikshavn', 'default', 'Frederikshavn', ''),
('en', 'dime.kommune.frederikshavn', 'official', 'Frederikshavn Municipality', ''),
('en', 'dime.kommune.frederikssund', 'default', 'Frederikssund', ''),
('en', 'dime.kommune.frederikssund', 'official', 'Frederikssund Municipality', ''),
('en', 'dime.kommune.fureso', 'default', 'Fures', ''),
('en', 'dime.kommune.fureso', 'official', 'Fures Municipality', ''),
('en', 'dime.kommune.gentofte', 'default', 'Gentofte', ''),
('en', 'dime.kommune.gentofte', 'official', 'Gentofte Municipality', ''),
('en', 'dime.kommune.gladsaxe', 'default', 'Gladsaxe', ''),
('en', 'dime.kommune.gladsaxe', 'official', 'Gladsaxe Municipality', ''),
('en', 'dime.kommune.glostrup', 'default', 'Glostrup', ''),
('en', 'dime.kommune.glostrup', 'official', 'Glostrup Municipality', ''),
('en', 'dime.kommune.greve', 'default', 'Greve', ''),
('en', 'dime.kommune.greve', 'official', 'Greve Municipality', ''),
('en', 'dime.kommune.gribskov', 'default', 'Gribskov', ''),
('en', 'dime.kommune.gribskov', 'official', 'Gribskov Municipality', ''),
('en', 'dime.kommune.guldborgsund', 'default', 'Guldborgsund', ''),
('en', 'dime.kommune.guldborgsund', 'official', 'Guldborgsund Municipality', ''),
('en', 'dime.kommune.haderslev', 'default', 'Haderslev', ''),
('en', 'dime.kommune.haderslev', 'official', 'Haderslev Municipality', ''),
('en', 'dime.kommune.halsnaes', 'default', 'Halsns', ''),
('en', 'dime.kommune.halsnaes', 'official', 'Halsns Municipality', ''),
('en', 'dime.kommune.hedensted', 'default', 'Hedensted', ''),
('en', 'dime.kommune.hedensted', 'official', 'Hedensted Municipality', ''),
('en', 'dime.kommune.helsingor', 'default', 'Helsingr', ''),
('en', 'dime.kommune.helsingor', 'official', 'Helsingr Municipality', ''),
('en', 'dime.kommune.herlev', 'default', 'Herlev', ''),
('en', 'dime.kommune.herlev', 'official', 'Herlev Municipality', ''),
('en', 'dime.kommune.herning', 'default', 'Herning', ''),
('en', 'dime.kommune.herning', 'official', 'Herning Municipality', ''),
('en', 'dime.kommune.hillerod', 'default', 'Hillerd', ''),
('en', 'dime.kommune.hillerod', 'official', 'Hillerd Municipality', ''),
('en', 'dime.kommune.hjorring', 'default', 'Hjrring', ''),
('en', 'dime.kommune.hjorring', 'official', 'Hjrring Municipality', ''),
('en', 'dime.kommune.hojetaastrup', 'default', 'Hje-Taastrup', ''),
('en', 'dime.kommune.hojetaastrup', 'official', 'Hje-Taastrup Municipality', ''),
('en', 'dime.kommune.holbaek', 'default', 'Holbk', ''),
('en', 'dime.kommune.holbaek', 'official', 'Holbk Municipality', ''),
('en', 'dime.kommune.holstebro', 'default', 'Holstebro', ''),
('en', 'dime.kommune.holstebro', 'official', 'Holstebro Municipality', ''),
('en', 'dime.kommune.horsens', 'default', 'Horsens', ''),
('en', 'dime.kommune.horsens', 'official', 'Horsens Municipality', ''),
('en', 'dime.kommune.horsholm', 'default', 'Hrsholm', ''),
('en', 'dime.kommune.horsholm', 'official', 'Hrsholm Municipality', ''),
('en', 'dime.kommune.hvidovre', 'default', 'Hvidovre', ''),
('en', 'dime.kommune.hvidovre', 'official', 'Hvidovre Municipality', ''),
('en', 'dime.kommune.ikastbrande', 'default', 'Ikast-Brande', ''),
('en', 'dime.kommune.ikastbrande', 'official', 'Ikast-Brande Municipality', ''),
('en', 'dime.kommune.ishoj', 'default', 'Ishj', ''),
('en', 'dime.kommune.ishoj', 'official', 'Ishj Municipality', ''),
('en', 'dime.kommune.jammerbugt', 'default', 'Jammerbugt', ''),
('en', 'dime.kommune.jammerbugt', 'official', 'Jammerbugt Municipality', ''),
('en', 'dime.kommune.kalundborg', 'default', 'Kalundborg', ''),
('en', 'dime.kommune.kalundborg', 'official', 'Kalundborg Municipality', ''),
('en', 'dime.kommune.kerteminde', 'default', 'Kerteminde', ''),
('en', 'dime.kommune.kerteminde', 'official', 'Kerteminde Municipality', ''),
('en', 'dime.kommune.kobenhavn', 'default', 'Copenhagen', ''),
('en', 'dime.kommune.kobenhavn', 'official', 'Copenhagen Municipality', ''),
('en', 'dime.kommune.koge', 'default', 'Kge', ''),
('en', 'dime.kommune.koge', 'official', 'Kge Municipality', ''),
('en', 'dime.kommune.kolding', 'default', 'Kolding', ''),
('en', 'dime.kommune.kolding', 'official', 'Kolding Municipality', ''),
('en', 'dime.kommune.laeso', 'default', 'Ls', ''),
('en', 'dime.kommune.laeso', 'official', 'Ls Municipality', ''),
('en', 'dime.kommune.langeland', 'default', 'Langeland', ''),
('en', 'dime.kommune.langeland', 'official', 'Langeland Municipality', ''),
('en', 'dime.kommune.lejre', 'default', 'Lejre', ''),
('en', 'dime.kommune.lejre', 'official', 'Lejre Municipality', ''),
('en', 'dime.kommune.lemvig', 'default', 'Lemvig', ''),
('en', 'dime.kommune.lemvig', 'official', 'Lemvig Municipality', ''),
('en', 'dime.kommune.lolland', 'default', 'Lolland', ''),
('en', 'dime.kommune.lolland', 'official', 'Lolland Municipality', ''),
('en', 'dime.kommune.lyngbytaarbaek', 'default', 'Lyngby-Taarbk', ''),
('en', 'dime.kommune.lyngbytaarbaek', 'official', 'Lyngby-Taarbk Municipality', ''),
('en', 'dime.kommune.mariagerfjord', 'default', 'Mariagerfjord', ''),
('en', 'dime.kommune.mariagerfjord', 'official', 'Mariagerfjord Municipality', ''),
('en', 'dime.kommune.middelfart', 'default', 'Middelfart', ''),
('en', 'dime.kommune.middelfart', 'official', 'Middelfart Municipality', ''),
('en', 'dime.kommune.morso', 'default', 'Mors', ''),
('en', 'dime.kommune.morso', 'official', 'Mors Municipality', ''),
('en', 'dime.kommune.naestved', 'default', 'Nstved', ''),
('en', 'dime.kommune.naestved', 'official', 'Nstved Municipality', ''),
('en', 'dime.kommune.norddjurs', 'default', 'Norddjurs', ''),
('en', 'dime.kommune.norddjurs', 'official', 'Norddjurs Municipality', ''),
('en', 'dime.kommune.nordfyns', 'default', 'Nordfyns', ''),
('en', 'dime.kommune.nordfyns', 'official', 'Nordfyns Municipality', ''),
('en', 'dime.kommune.nyborg', 'default', 'Nyborg', ''),
('en', 'dime.kommune.nyborg', 'official', 'Nyborg Municipality', ''),
('en', 'dime.kommune.odder', 'default', 'Odder', ''),
('en', 'dime.kommune.odder', 'official', 'Odder Municipality', ''),
('en', 'dime.kommune.odense', 'default', 'Odense', ''),
('en', 'dime.kommune.odense', 'official', 'Odense Municipality', ''),
('en', 'dime.kommune.odsherred', 'default', 'Odsherred', ''),
('en', 'dime.kommune.odsherred', 'official', 'Odsherred Municipality', ''),
('en', 'dime.kommune.randers', 'default', 'Randers', ''),
('en', 'dime.kommune.randers', 'official', 'Randers Municipality', ''),
('en', 'dime.kommune.rebild', 'default', 'Rebild', ''),
('en', 'dime.kommune.rebild', 'official', 'Rebild Municipality', ''),
('en', 'dime.kommune.ringkobingskjern', 'default', 'Ringkbing-Skjern', ''),
('en', 'dime.kommune.ringkobingskjern', 'official', 'Ringkbing-Skjern Municipality', ''),
('en', 'dime.kommune.ringsted', 'default', 'Ringsted', ''),
('en', 'dime.kommune.ringsted', 'official', 'Ringsted Municipality', ''),
('en', 'dime.kommune.rodovre', 'default', 'Rdovre', ''),
('en', 'dime.kommune.rodovre', 'official', 'Rdovre Municipality', ''),
('en', 'dime.kommune.roskilde', 'default', 'Roskilde', ''),
('en', 'dime.kommune.roskilde', 'official', 'Roskilde Municipality', ''),
('en', 'dime.kommune.rudersdal', 'default', 'Rudersdal', ''),
('en', 'dime.kommune.rudersdal', 'official', 'Rudersdal Municipality', ''),
('en', 'dime.kommune.samso', 'default', 'Sams', ''),
('en', 'dime.kommune.samso', 'official', 'Sams Municipality', ''),
('en', 'dime.kommune.silkeborg', 'default', 'Silkeborg', ''),
('en', 'dime.kommune.silkeborg', 'official', 'Silkeborg Municipality', ''),
('en', 'dime.kommune.skanderborg', 'default', 'Skanderborg', ''),
('en', 'dime.kommune.skanderborg', 'official', 'Skanderborg Municipality', ''),
('en', 'dime.kommune.skive', 'default', 'Skive', ''),
('en', 'dime.kommune.skive', 'official', 'Skive Municipality', ''),
('en', 'dime.kommune.slagelse', 'default', 'Slagelse', ''),
('en', 'dime.kommune.slagelse', 'official', 'Slagelse Municipality', ''),
('en', 'dime.kommune.solrod', 'default', 'Solrd', ''),
('en', 'dime.kommune.solrod', 'official', 'Solrd Municipality', ''),
('en', 'dime.kommune.sonderborg', 'default', 'Snderborg', ''),
('en', 'dime.kommune.sonderborg', 'official', 'Snderborg Municipality', ''),
('en', 'dime.kommune.soro', 'default', 'Sor', ''),
('en', 'dime.kommune.soro', 'official', 'Sor Municipality', ''),
('en', 'dime.kommune.stevns', 'default', 'Stevns', ''),
('en', 'dime.kommune.stevns', 'official', 'Stevns Municipality', ''),
('en', 'dime.kommune.struer', 'default', 'Struer', ''),
('en', 'dime.kommune.struer', 'official', 'Struer Municipality', ''),
('en', 'dime.kommune.svendborg', 'default', 'Svendborg', ''),
('en', 'dime.kommune.svendborg', 'official', 'Svendborg Municipality', ''),
('en', 'dime.kommune.syddjurs', 'default', 'Syddjurs', ''),
('en', 'dime.kommune.syddjurs', 'official', 'Syddjurs Municipality', ''),
('en', 'dime.kommune.tarnby', 'default', 'Trnby', ''),
('en', 'dime.kommune.tarnby', 'official', 'Trnby Municipality', ''),
('en', 'dime.kommune.thisted', 'default', 'Thisted', ''),
('en', 'dime.kommune.thisted', 'official', 'Thisted Municipality', ''),
('en', 'dime.kommune.tonder', 'default', 'Tnder', ''),
('en', 'dime.kommune.tonder', 'official', 'Tnder Municipality', ''),
('en', 'dime.kommune.vallensbaek', 'default', 'Vallensbk', ''),
('en', 'dime.kommune.vallensbaek', 'official', 'Vallensbk Municipality', ''),
('en', 'dime.kommune.varde', 'default', 'Varde', ''),
('en', 'dime.kommune.varde', 'official', 'Varde Municipality', ''),
('en', 'dime.kommune.vejen', 'default', 'Vejen', ''),
('en', 'dime.kommune.vejen', 'official', 'Vejen Municipality', ''),
('en', 'dime.kommune.vejle', 'default', 'Vejle', ''),
('en', 'dime.kommune.vejle', 'official', 'Vejle Municipality', ''),
('en', 'dime.kommune.vesthimmerland', 'default', 'Vesthimmerland', ''),
('en', 'dime.kommune.vesthimmerland', 'official', 'Vesthimmerlands Municipality', ''),
('en', 'dime.kommune.viborg', 'default', 'Viborg', ''),
('en', 'dime.kommune.viborg', 'official', 'Viborg Municipality', ''),
('en', 'dime.kommune.vordingborg', 'default', 'Vordingborg', ''),
('en', 'dime.kommune.vordingborg', 'official', 'Vordingborg Municipality', ''),
('en', 'dime.krogager', 'default', 'KrogagerFonden', ''),
('en', 'dime.map.layer.foraar', 'default', 'Aerial Photo', ''),
('en', 'dime.map.layer.hb', 'default', 'Topographical Map', ''),
('en', 'dime.map.layer.skaermkort', 'default', 'Base Map', ''),
('en', 'dime.mappick.invalidpointlocation', 'default', 'The find location you have chosen is not in Denmark.', ''),
('en', 'dime.mappick.newpointconfirmmessage', 'default', 'Please confirm you selected a new find location.', ''),
('en', 'dime.material', 'default', 'Material', ''),
('en', 'dime.material.aluminium', 'default', 'Aluminium', ''),
('en', 'dime.material.ceramic', 'default', 'Ceramic', ''),
('en', 'dime.material.copper', 'default', 'Copper', ''),
('en', 'dime.material.copperalloy', 'default', 'Copper Alloy', ''),
('en', 'dime.material.glass', 'default', 'Glass', ''),
('en', 'dime.material.gold', 'default', 'Gold', ''),
('en', 'dime.material.iron', 'default', 'Iron', ''),
('en', 'dime.material.lead', 'default', 'Lead', ''),
('en', 'dime.material.othermetal', 'default', 'Other Metal', ''),
('en', 'dime.material.silver', 'default', 'Silver', ''),
('en', 'dime.material.stone', 'default', 'Stone', ''),
('en', 'dime.material.tin', 'default', 'Tin', ''),
('en', 'dime.material.unknown', 'default', 'Unknown', ''),
('en', 'dime.message.status.search', 'default', 'Status', ''),
('en', 'dime.message.status.search.all', 'default', 'All', ''),
('en', 'dime.message.status.search.read', 'default', 'Read', ''),
('en', 'dime.message.status.search.received', 'default', 'Received', ''),
('en', 'dime.message.status.search.sent', 'default', 'Sent', ''),
('en', 'dime.message.status.search.unread', 'default', 'Unread', ''),
('en', 'dime.metaldetector', 'default', 'Metal Detecting In Denmark', ''),
('en', 'dime.news', 'default', 'News', ''),
('en', 'dime.news', 'resource', 'news', ''),
('en', 'dime.period', 'default', 'Period', ''),
('en', 'dime.period.absolutism', 'default', 'Absolutism', ''),
('en', 'dime.period.bronze', 'default', 'Bronze Age', ''),
('en', 'dime.period.bronze.1', 'default', 'Bronze Age Period 1', ''),
('en', 'dime.period.bronze.2', 'default', 'Bronze Age Period 2', ''),
('en', 'dime.period.bronze.3', 'default', 'Bronze Age Period 3', ''),
('en', 'dime.period.bronze.4', 'default', 'Bronze Age Period 4', ''),
('en', 'dime.period.bronze.5', 'default', 'Bronze Age Period 5', ''),
('en', 'dime.period.bronze.6', 'default', 'Bronze Age Period 6', ''),
('en', 'dime.period.bronze.early', 'default', 'Early Bronze Age', ''),
('en', 'dime.period.bronze.late', 'default', 'Late Bronze Age', ''),
('en', 'dime.period.historic', 'default', 'Historic Age', ''),
('en', 'dime.period.industrial', 'default', 'Industrial Age', ''),
('en', 'dime.period.interwar', 'default', 'Interwar Years', ''),
('en', 'dime.period.iron', 'default', 'Iron Age', ''),
('en', 'dime.period.iron.early', 'default', 'Early Iron Age', ''),
('en', 'dime.period.iron.germainic', 'default', 'Germanic Iron Age', ''),
('en', 'dime.period.iron.germainic.early', 'default', 'Early Germanic Iron Age', ''),
('en', 'dime.period.iron.germainic.late', 'default', 'Late Germanic Iron Age', ''),
('en', 'dime.period.iron.late', 'default', 'Late Iron Age', ''),
('en', 'dime.period.iron.preroman', 'default', 'Pre-Roman Iron Age', '');
INSERT INTO `ark_translation_message` (`language`, `keyword`, `role`, `text`, `notes`) VALUES
('en', 'dime.period.iron.preroman.early', 'default', 'Early Pre-Roman Iron Age', ''),
('en', 'dime.period.iron.preroman.late', 'default', 'Late Pre-Roman Iron Age', ''),
('en', 'dime.period.iron.preroman.middle', 'default', 'Middle Pre-Roman Iron Age', ''),
('en', 'dime.period.iron.roman', 'default', 'Roman Iron Age', ''),
('en', 'dime.period.iron.roman.early', 'default', 'Early Roman Iron Age', ''),
('en', 'dime.period.iron.roman.early.b1', 'default', 'Early Roman Iron Age B1', ''),
('en', 'dime.period.iron.roman.early.b2', 'default', 'Early Roman Iron Age B2', ''),
('en', 'dime.period.iron.roman.late', 'default', 'Late Roman Iron Age', ''),
('en', 'dime.period.iron.roman.late.c1', 'default', 'Late Roman Iron Age C1', ''),
('en', 'dime.period.iron.roman.late.c2', 'default', 'Late Roman Iron Age C2', ''),
('en', 'dime.period.iron.roman.late.c3', 'default', 'Late Roman Iron Age C3', ''),
('en', 'dime.period.lategermanic.earlyviking', 'default', 'Late Germanic / Early Viking', ''),
('en', 'dime.period.medieval', 'default', 'Medieval', ''),
('en', 'dime.period.medieval.early', 'default', 'Early Medieval', ''),
('en', 'dime.period.medieval.high', 'default', 'High Medieval', ''),
('en', 'dime.period.medieval.late', 'default', 'Late Medieval', ''),
('en', 'dime.period.mesolithic', 'default', 'Mesolithic', ''),
('en', 'dime.period.modern', 'default', 'Modern Age', ''),
('en', 'dime.period.neolithic', 'default', 'Neolithic', ''),
('en', 'dime.period.palaeolithic', 'default', 'Palaeolithic', ''),
('en', 'dime.period.prehistoric', 'default', 'Prehistoric', ''),
('en', 'dime.period.reformation', 'default', 'Reformation', ''),
('en', 'dime.period.reformation.modern', 'default', 'Reformation / Modern', ''),
('en', 'dime.period.stone', 'default', 'Stone Age', ''),
('en', 'dime.period.undated', 'default', 'Undated', ''),
('en', 'dime.period.viking', 'default', 'Viking Age', ''),
('en', 'dime.period.viking.early', 'default', 'Early Viking Age', ''),
('en', 'dime.period.viking.late', 'default', 'Late Viking Age', ''),
('en', 'dime.period.viking.medieval', 'default', 'Viking / Early Medieval ', ''),
('en', 'dime.period.welfare', 'default', 'Welfare Age', ''),
('en', 'dime.period.ww1', 'default', 'First World War', ''),
('en', 'dime.period.ww2', 'default', 'Second World War', ''),
('en', 'dime.profile', 'default', 'Profile', ''),
('en', 'dime.profile', 'resource', 'profile', ''),
('en', 'dime.profiles', 'resource', 'profiles', ''),
('en', 'dime.region.hovedstaden', 'default', 'Capital', ''),
('en', 'dime.region.hovedstaden', 'official', 'Capital Region', ''),
('en', 'dime.region.midtjylland', 'default', 'Central', ''),
('en', 'dime.region.midtjylland', 'official', 'Central Region', ''),
('en', 'dime.region.nordjylland', 'default', 'North', ''),
('en', 'dime.region.nordjylland', 'official', 'North Region', ''),
('en', 'dime.region.sjaelland', 'default', 'Zealand', ''),
('en', 'dime.region.sjaelland', 'official', 'Zealand Region', ''),
('en', 'dime.region.syddanmark', 'default', 'South', ''),
('en', 'dime.region.syddanmark', 'official', 'South Region', ''),
('en', 'dime.register.contact', 'default', 'Er du ansat ved et museum og vil have adgang til DIME museumsmodul til registrering af detektorfund kontakt admin: XXXXXXMuseum access to DIME. If you are you employed at a museum and need access to DIME please contact the administrator: XXXXXX', ''),
('en', 'dime.register.faq', 'default', 'FAQ', ''),
('en', 'dime.research', 'default', 'Research', ''),
('en', 'dime.research', 'resource', 'research', ''),
('en', 'dime.role.admin', 'default', 'Administrator', ''),
('en', 'dime.role.anon', 'default', 'Anonymous', ''),
('en', 'dime.role.appraiser', 'default', 'Appraiser', ''),
('en', 'dime.role.curator', 'default', 'Curator', ''),
('en', 'dime.role.detectorist', 'default', 'Detectorist', ''),
('en', 'dime.role.registrar', 'default', 'Registrar', ''),
('en', 'dime.role.researcher', 'default', 'Researcher', ''),
('en', 'dime.save', 'default', 'Save', ''),
('en', 'dime.schema.find', 'default', 'Find', ''),
('en', 'dime.schema.image', 'default', 'Image', ''),
('en', 'dime.schema.location', 'default', 'Location', ''),
('en', 'dime.search', 'default', 'Search', ''),
('en', 'dime.search.finds.mine', 'default', 'My Finds', ''),
('en', 'dime.share', 'default', 'Share', ''),
('en', 'dime.share.hashtags', 'default', 'DIME,danefae', ''),
('en', 'dime.share.text', 'default', 'Check out this find on DIME', ''),
('en', 'dime.supportedby', 'default', 'supported by', ''),
('en', 'dime.treasure', 'default', 'Treasure Trove', ''),
('en', 'dime.treasure', 'resource', 'treasure', ''),
('en', 'dime.treasure.appraisal', 'default', 'Under Appraisal', ''),
('en', 'dime.treasure.not', 'default', 'Not Treasure Trove', ''),
('en', 'dime.treasure.pending', 'default', 'Pending Assessment', ''),
('en', 'dime.treasure.treasure', 'default', 'Treasure Trove', ''),
('en', 'dime.user.actor.museum', 'default', 'Associated Museum', ''),
('en', 'dime.user.dashboard.finds', 'default', 'You have recorded %count% finds.', ''),
('en', 'dime.user.dashboard.notifications', 'default', 'You have %count% unread notifications.', ''),
('en', 'dime.user.detectorist.id', 'default', 'Detectorist ID', ''),
('en', 'dime.user.login', 'default', 'Login', ''),
('en', 'dime.user.name', 'default', 'User Name', ''),
('en', 'dime.user.password', 'default', 'Password', ''),
('en', 'dime.user.password.forgot', 'default', 'Forgotten Password?', ''),
('en', 'dime.user.profile', 'default', 'Profile', ''),
('en', 'dime.user.register', 'default', 'New User?', ''),
('en', 'dime.user.register', 'success', 'Your DIME registration has been successful. You will shortly receive an email with a link to verify your account and enable full access. Until your account is verified you will only be able to record finds and not submit them for Danefae assessment.', ''),
('en', 'dime.user.terms', 'default', 'Terms and Conditions', ''),
('en', 'dime.user.terms.v1', 'default', '<H2>Terms and Conditions</H2><P>v1.0 dated 1 June 2017</P><P>Lorem Ipsem...</P>', ''),
('en', 'dime.user.update', 'success', 'User successfully updated.', ''),
('en', 'dime.user.update.failure', 'default', 'Update Failed!', ''),
('en', 'file.type.audio', 'default', 'Audio File', ''),
('en', 'file.type.document', 'default', 'Document File', ''),
('en', 'file.type.image', 'default', 'Image File', ''),
('en', 'file.type.other', 'default', 'Other File', ''),
('en', 'find.gotofind', 'default', 'View Find Record', ''),
('en', 'form.select.optional', 'default', 'optional', ''),
('en', 'form.select.required', 'default', 'required', ''),
('en', 'format.address', 'default', 'Address Format', ''),
('en', 'format.blob', 'default', 'Blob Format', ''),
('en', 'format.boolean', 'default', 'Boolean Format', ''),
('en', 'format.colour', 'default', 'Colour Format', ''),
('en', 'format.date', 'default', 'Date Format', ''),
('en', 'format.datetime', 'default', 'DateTime Format', ''),
('en', 'format.decimal', 'default', 'Decimal Format', ''),
('en', 'format.email', 'default', 'Email Format', ''),
('en', 'format.float', 'default', 'Float Format', ''),
('en', 'format.html', 'default', 'HTML Format', ''),
('en', 'format.identifier', 'default', 'Identifier Format', ''),
('en', 'format.integer', 'default', 'Integer Format', ''),
('en', 'format.item', 'default', 'Item Format', ''),
('en', 'format.key', 'default', 'Key Format', ''),
('en', 'format.markdown', 'default', 'Markdown Format', ''),
('en', 'format.module', 'default', 'Module Format', ''),
('en', 'format.money', 'default', 'Money Format', ''),
('en', 'format.ordinaldate', 'default', 'Ordinal Date Format', ''),
('en', 'format.password', 'default', 'Password', ''),
('en', 'format.percent', 'default', 'Percent', ''),
('en', 'format.richtext', 'default', 'Rich Text', ''),
('en', 'format.search', 'default', 'Search Format', ''),
('en', 'format.shorttext', 'default', 'Short Text  Format', ''),
('en', 'format.string', 'default', 'String Format', ''),
('en', 'format.telephone', 'default', 'Telephone Format', ''),
('en', 'format.text', 'default', 'Text Format', ''),
('en', 'format.time', 'default', 'Time Format', ''),
('en', 'format.url', 'default', 'URL Format', ''),
('en', 'format.weekdate', 'default', 'Week Date Format', ''),
('en', 'format.yearmonth', 'default', 'Year Month Format', ''),
('en', 'format.yearweek', 'default', 'Year Week Format', ''),
('en', 'fragment.blob', 'default', 'Blob Fragment', ''),
('en', 'fragment.boolean', 'default', 'Boolean Fragment', ''),
('en', 'fragment.date', 'default', 'Date Fragment', ''),
('en', 'fragment.datetime', 'default', 'DateTime Fragment', ''),
('en', 'fragment.decimal', 'default', 'Decimal Fragment', ''),
('en', 'fragment.float', 'default', 'Float Fragment', ''),
('en', 'fragment.geometry', 'default', 'Geometry Fragment', ''),
('en', 'fragment.integer', 'default', 'Integer Fragment', ''),
('en', 'fragment.item', 'default', 'Item Fragment', ''),
('en', 'fragment.string', 'default', 'String Fragment', ''),
('en', 'fragment.structure', 'default', 'Structure Fragment', ''),
('en', 'fragment.text', 'default', 'Text Fragment', ''),
('en', 'fragment.time', 'default', 'Time Fragment', ''),
('en', 'language.abkhazian', 'default', 'Abkhazian', ''),
('en', 'language.achinese', 'default', 'Achinese', ''),
('en', 'language.acoli', 'default', 'Acoli', ''),
('en', 'language.adangme', 'default', 'Adangme', ''),
('en', 'language.adyghe', 'default', 'Adyghe', ''),
('en', 'language.afar', 'default', 'Afar', ''),
('en', 'language.afrihili', 'default', 'Afrihili', ''),
('en', 'language.afrikaans', 'default', 'Afrikaans', ''),
('en', 'language.aghem', 'default', 'Aghem', ''),
('en', 'language.ainu', 'default', 'Ainu', ''),
('en', 'language.akan', 'default', 'Akan', ''),
('en', 'language.akkadian', 'default', 'Akkadian', ''),
('en', 'language.akoose', 'default', 'Akoose', ''),
('en', 'language.alabama', 'default', 'Alabama', ''),
('en', 'language.albanian', 'default', 'Albanian', ''),
('en', 'language.albanian.gheg', 'default', 'Gheg Albanian', ''),
('en', 'language.aleut', 'default', 'Aleut', ''),
('en', 'language.altai.southern', 'default', 'Southern Altai', ''),
('en', 'language.amharic', 'default', 'Amharic', ''),
('en', 'language.angika', 'default', 'Angika', ''),
('en', 'language.aonaga', 'default', 'Ao Naga', ''),
('en', 'language.arabic', 'default', 'Arabic', ''),
('en', 'language.arabic.algerian', 'default', 'Algerian Arabic', ''),
('en', 'language.arabic.chadian', 'default', 'Chadian Arabic', ''),
('en', 'language.arabic.egyptian', 'default', 'Egyptian Arabic', ''),
('en', 'language.arabic.modern', 'default', 'Modern Standard Arabic', ''),
('en', 'language.arabic.moroccan', 'default', 'Moroccan Arabic', ''),
('en', 'language.arabic.tunisian', 'default', 'Tunisian Arabic', ''),
('en', 'language.aragonese', 'default', 'Aragonese', ''),
('en', 'language.aramaic', 'default', 'Aramaic', ''),
('en', 'language.aramaic.samaritan', 'default', 'Samaritan Aramaic', ''),
('en', 'language.araona', 'default', 'Araona', ''),
('en', 'language.arapaho', 'default', 'Arapaho', ''),
('en', 'language.arawak', 'default', 'Arawak', ''),
('en', 'language.armenian', 'default', 'Armenian', ''),
('en', 'language.aromanian', 'default', 'Aromanian', ''),
('en', 'language.arpitan', 'default', 'Arpitan', ''),
('en', 'language.assamese', 'default', 'Assamese', ''),
('en', 'language.asturian', 'default', 'Asturian', ''),
('en', 'language.asu', 'default', 'Asu', ''),
('en', 'language.atsam', 'default', 'Atsam', ''),
('en', 'language.avaric', 'default', 'Avaric', ''),
('en', 'language.avestan', 'default', 'Avestan', ''),
('en', 'language.awadhi', 'default', 'Awadhi', ''),
('en', 'language.aymara', 'default', 'Aymara', ''),
('en', 'language.azerbaijani', 'default', 'Azerbaijani', ''),
('en', 'language.badaga', 'default', 'Badaga', ''),
('en', 'language.bafia', 'default', 'Bafia', ''),
('en', 'language.bafut', 'default', 'Bafut', ''),
('en', 'language.bakhtiari', 'default', 'Bakhtiari', ''),
('en', 'language.balinese', 'default', 'Balinese', ''),
('en', 'language.balochi.western', 'default', 'Western Balochi', ''),
('en', 'language.baluchi', 'default', 'Baluchi', ''),
('en', 'language.bambara', 'default', 'Bambara', ''),
('en', 'language.bamun', 'default', 'Bamun', ''),
('en', 'language.banjar', 'default', 'Banjar', ''),
('en', 'language.basaa', 'default', 'Basaa', ''),
('en', 'language.bashkir', 'default', 'Bashkir', ''),
('en', 'language.basque', 'default', 'Basque', ''),
('en', 'language.bataktoba', 'default', 'Batak Toba', ''),
('en', 'language.bavarian', 'default', 'Bavarian', ''),
('en', 'language.beja', 'default', 'Beja', ''),
('en', 'language.belarusian', 'default', 'Belarusian', ''),
('en', 'language.bemba', 'default', 'Bemba', ''),
('en', 'language.bena', 'default', 'Bena', ''),
('en', 'language.bengali', 'default', 'Bengali', ''),
('en', 'language.betawi', 'default', 'Betawi', ''),
('en', 'language.bhojpuri', 'default', 'Bhojpuri', ''),
('en', 'language.bikol', 'default', 'Bikol', ''),
('en', 'language.bini', 'default', 'Bini', ''),
('en', 'language.bishnupriya', 'default', 'Bishnupriya', ''),
('en', 'language.bislama', 'default', 'Bislama', ''),
('en', 'language.blin', 'default', 'Blin', ''),
('en', 'language.blissymbols', 'default', 'Blissymbols', ''),
('en', 'language.bodo', 'default', 'Bodo', ''),
('en', 'language.bosnian', 'default', 'Bosnian', ''),
('en', 'language.brahui', 'default', 'Brahui', ''),
('en', 'language.braj', 'default', 'Braj', ''),
('en', 'language.breton', 'default', 'Breton', ''),
('en', 'language.buginese', 'default', 'Buginese', ''),
('en', 'language.bulgarian', 'default', 'Bulgarian', ''),
('en', 'language.bulu', 'default', 'Bulu', ''),
('en', 'language.buriat', 'default', 'Buriat', ''),
('en', 'language.burmese', 'default', 'Burmese', ''),
('en', 'language.caddo', 'default', 'Caddo', ''),
('en', 'language.cantonese', 'default', 'Cantonese', ''),
('en', 'language.capiznon', 'default', 'Capiznon', ''),
('en', 'language.carib', 'default', 'Carib', ''),
('en', 'language.catalan', 'default', 'Catalan', ''),
('en', 'language.cayuga', 'default', 'Cayuga', ''),
('en', 'language.cebuano', 'default', 'Cebuano', ''),
('en', 'language.chagatai', 'default', 'Chagatai', ''),
('en', 'language.chamorro', 'default', 'Chamorro', ''),
('en', 'language.chechen', 'default', 'Chechen', ''),
('en', 'language.cherokee', 'default', 'Cherokee', ''),
('en', 'language.cheyenne', 'default', 'Cheyenne', ''),
('en', 'language.chibcha', 'default', 'Chibcha', ''),
('en', 'language.chiga', 'default', 'Chiga', ''),
('en', 'language.chiini.koyra', 'default', 'Koyra Chiini', ''),
('en', 'language.chinese', 'default', 'Chinese', ''),
('en', 'language.chinese.gan', 'default', 'Gan Chinese', ''),
('en', 'language.chinese.hakka', 'default', 'Hakka Chinese', ''),
('en', 'language.chinese.literary', 'default', 'Literary Chinese', ''),
('en', 'language.chinese.minnan', 'default', 'Min Nan Chinese', ''),
('en', 'language.chinese.simplified', 'default', 'Simplified Chinese', ''),
('en', 'language.chinese.traditional', 'default', 'Traditional Chinese', ''),
('en', 'language.chinese.wu', 'default', 'Wu Chinese', ''),
('en', 'language.chinese.xiang', 'default', 'Xiang Chinese', ''),
('en', 'language.chipewyan', 'default', 'Chipewyan', ''),
('en', 'language.choctaw', 'default', 'Choctaw', ''),
('en', 'language.chuukese', 'default', 'Chuukese', ''),
('en', 'language.chuvash', 'default', 'Chuvash', ''),
('en', 'language.colognian', 'default', 'Colognian', ''),
('en', 'language.comorian', 'default', 'Comorian', ''),
('en', 'language.coptic', 'default', 'Coptic', ''),
('en', 'language.cornish', 'default', 'Cornish', ''),
('en', 'language.corsican', 'default', 'Corsican', ''),
('en', 'language.cree', 'default', 'Cree', ''),
('en', 'language.creek', 'default', 'Creek', ''),
('en', 'language.creole.haitian', 'default', 'Haitian Creole', ''),
('en', 'language.croatian', 'default', 'Croatian', ''),
('en', 'language.czech', 'default', 'Czech', ''),
('en', 'language.dakota', 'default', 'Dakota', ''),
('en', 'language.danish', 'default', 'Danish', ''),
('en', 'language.dargwa', 'default', 'Dargwa', ''),
('en', 'language.dari.zoroastrian', 'default', 'Zoroastrian Dari', ''),
('en', 'language.dazaga', 'default', 'Dazaga', ''),
('en', 'language.delaware', 'default', 'Delaware', ''),
('en', 'language.dinka', 'default', 'Dinka', ''),
('en', 'language.divehi', 'default', 'Divehi', ''),
('en', 'language.dogri', 'default', 'Dogri', ''),
('en', 'language.dogrib', 'default', 'Dogrib', ''),
('en', 'language.duala', 'default', 'Duala', ''),
('en', 'language.dusun.central', 'default', 'Central Dusun', ''),
('en', 'language.dutch', 'default', 'Dutch', ''),
('en', 'language.dutch.middle', 'default', 'Middle Dutch', ''),
('en', 'language.dyula', 'default', 'Dyula', ''),
('en', 'language.dzongkha', 'default', 'Dzongkha', ''),
('en', 'language.efik', 'default', 'Efik', ''),
('en', 'language.egyptian.ancient', 'default', 'Ancient Egyptian', ''),
('en', 'language.ekajuk', 'default', 'Ekajuk', ''),
('en', 'language.elamite', 'default', 'Elamite', ''),
('en', 'language.embu', 'default', 'Embu', ''),
('en', 'language.emilian', 'default', 'Emilian', ''),
('en', 'language.english', 'default', 'English', ''),
('en', 'language.english.american', 'default', 'American English', ''),
('en', 'language.english.australian', 'default', 'Australian English', ''),
('en', 'language.english.british', 'default', 'British English', ''),
('en', 'language.english.canadian', 'default', 'Canadian English', ''),
('en', 'language.english.jamaicancreole ', 'default', 'Jamaican Creole English', ''),
('en', 'language.english.middle', 'default', 'Middle English', ''),
('en', 'language.english.old', 'default', 'Old English', ''),
('en', 'language.erzya', 'default', 'Erzya', ''),
('en', 'language.esperanto', 'default', 'Esperanto', ''),
('en', 'language.estonian', 'default', 'Estonian', ''),
('en', 'language.ewe', 'default', 'Ewe', ''),
('en', 'language.ewondo', 'default', 'Ewondo', ''),
('en', 'language.extremaduran', 'default', 'Extremaduran', ''),
('en', 'language.fang', 'default', 'Fang', ''),
('en', 'language.fanti', 'default', 'Fanti', ''),
('en', 'language.faroese', 'default', 'Faroese', ''),
('en', 'language.fijian', 'default', 'Fijian', ''),
('en', 'language.filipino', 'default', 'Filipino', ''),
('en', 'language.finnish', 'default', 'Finnish', ''),
('en', 'language.finnish.tornedalen', 'default', 'Tornedalen Finnish', ''),
('en', 'language.flemish', 'default', 'Flemish', ''),
('en', 'language.flemish.west', 'default', 'West Flemish', ''),
('en', 'language.fon', 'default', 'Fon', ''),
('en', 'language.frafra', 'default', 'Frafra', ''),
('en', 'language.franconian.main', 'default', 'Main-Franconian', ''),
('en', 'language.french', 'default', 'French', ''),
('en', 'language.french.cajun', 'default', 'Cajun French', ''),
('en', 'language.french.canadian', 'default', 'Canadian French', ''),
('en', 'language.french.middle', 'default', 'Middle French', ''),
('en', 'language.french.old', 'default', 'Old French', ''),
('en', 'language.french.swiss', 'default', 'Swiss French', ''),
('en', 'language.frisian.eastern', 'default', 'Eastern Frisian', ''),
('en', 'language.frisian.northern', 'default', 'Northern Frisian', ''),
('en', 'language.frisian.saterland', 'default', 'Saterland Frisian', ''),
('en', 'language.frisian.western', 'default', 'Western Frisian', ''),
('en', 'language.friulian', 'default', 'Friulian', ''),
('en', 'language.fulah', 'default', 'Fulah', ''),
('en', 'language.ga', 'default', 'Ga', ''),
('en', 'language.gaelic.scottish', 'default', 'Scottish Gaelic', ''),
('en', 'language.gagauz', 'default', 'Gagauz', ''),
('en', 'language.galician', 'default', 'Galician', ''),
('en', 'language.ganda', 'default', 'Ganda', ''),
('en', 'language.gayo', 'default', 'Gayo', ''),
('en', 'language.gbaya', 'default', 'Gbaya', ''),
('en', 'language.geez', 'default', 'Geez', ''),
('en', 'language.georgian', 'default', 'Georgian', ''),
('en', 'language.german', 'default', 'German', ''),
('en', 'language.german.austrian', 'default', 'Austrian German', ''),
('en', 'language.german.low', 'default', 'Low German', ''),
('en', 'language.german.middlehigh', 'default', 'Middle High German', ''),
('en', 'language.german.oldhigh', 'default', 'Old High German', ''),
('en', 'language.german.palatine', 'default', 'Palatine German', ''),
('en', 'language.german.pennsylvania', 'default', 'Pennsylvania German', ''),
('en', 'language.german.swiss', 'default', 'Swiss German', ''),
('en', 'language.german.swisshigh', 'default', 'Swiss High German', ''),
('en', 'language.ghomala', 'default', 'Ghomala', ''),
('en', 'language.gilaki', 'default', 'Gilaki', ''),
('en', 'language.gilbertese', 'default', 'Gilbertese', ''),
('en', 'language.gondi', 'default', 'Gondi', ''),
('en', 'language.gorontalo', 'default', 'Gorontalo', ''),
('en', 'language.gothic', 'default', 'Gothic', ''),
('en', 'language.grebo', 'default', 'Grebo', ''),
('en', 'language.greek', 'default', 'Greek', ''),
('en', 'language.greek.ancient', 'default', 'Ancient Greek', ''),
('en', 'language.guarani', 'default', 'Guarani', ''),
('en', 'language.gujarati', 'default', 'Gujarati', ''),
('en', 'language.gusii', 'default', 'Gusii', ''),
('en', 'language.gwichin', 'default', 'Gwichin', ''),
('en', 'language.haida', 'default', 'Haida', ''),
('en', 'language.hausa', 'default', 'Hausa', ''),
('en', 'language.hawaiian', 'default', 'Hawaiian', ''),
('en', 'language.hebrew', 'default', 'Hebrew', ''),
('en', 'language.herero', 'default', 'Herero', ''),
('en', 'language.hiligaynon', 'default', 'Hiligaynon', ''),
('en', 'language.hindi', 'default', 'Hindi', ''),
('en', 'language.hindi.fiji', 'default', 'Fiji Hindi', ''),
('en', 'language.hittite', 'default', 'Hittite', ''),
('en', 'language.hmong', 'default', 'Hmong', ''),
('en', 'language.hungarian', 'default', 'Hungarian', ''),
('en', 'language.hupa', 'default', 'Hupa', ''),
('en', 'language.iban', 'default', 'Iban', ''),
('en', 'language.ibibio', 'default', 'Ibibio', ''),
('en', 'language.icelandic', 'default', 'Icelandic', ''),
('en', 'language.ido', 'default', 'Ido', ''),
('en', 'language.igbo', 'default', 'Igbo', ''),
('en', 'language.iloko', 'default', 'Iloko', ''),
('en', 'language.indonesian', 'default', 'Indonesian', ''),
('en', 'language.ingrian', 'default', 'Ingrian', ''),
('en', 'language.ingush', 'default', 'Ingush', ''),
('en', 'language.interlingua', 'default', 'Interlingua', ''),
('en', 'language.interlingue', 'default', 'Interlingue', ''),
('en', 'language.inuktitut', 'default', 'Inuktitut', ''),
('en', 'language.inupiaq', 'default', 'Inupiaq', ''),
('en', 'language.irish', 'default', 'Irish', ''),
('en', 'language.irish.middle', 'default', 'Middle Irish', ''),
('en', 'language.irish.old', 'default', 'Old Irish', ''),
('en', 'language.italian', 'default', 'Italian', ''),
('en', 'language.japanese', 'default', 'Japanese', ''),
('en', 'language.jargon.chinook', 'default', 'Chinook Jargon', ''),
('en', 'language.javanese', 'default', 'Javanese', ''),
('en', 'language.jju', 'default', 'Jju', ''),
('en', 'language.jolafonyi', 'default', 'Jola-Fonyi', ''),
('en', 'language.judeoarabic', 'default', 'Judeo-Arabic', ''),
('en', 'language.judeopersian', 'default', 'Judeo-Persian', ''),
('en', 'language.jutish', 'default', 'Jutish', ''),
('en', 'language.kabardian', 'default', 'Kabardian', ''),
('en', 'language.kabuverdianu', 'default', 'Kabuverdianu', ''),
('en', 'language.kabyle', 'default', 'Kabyle', ''),
('en', 'language.kachin', 'default', 'Kachin', ''),
('en', 'language.kaingang', 'default', 'Kaingang', ''),
('en', 'language.kako', 'default', 'Kako', ''),
('en', 'language.kalaallisut', 'default', 'Kalaallisut', ''),
('en', 'language.kalenjin', 'default', 'Kalenjin', ''),
('en', 'language.kalmyk', 'default', 'Kalmyk', ''),
('en', 'language.kamba', 'default', 'Kamba', ''),
('en', 'language.kanembu', 'default', 'Kanembu', ''),
('en', 'language.kannada', 'default', 'Kannada', ''),
('en', 'language.kanuri', 'default', 'Kanuri', ''),
('en', 'language.karachaybalkar', 'default', 'Karachay-Balkar', ''),
('en', 'language.karakalpak', 'default', 'Kara-Kalpak', ''),
('en', 'language.karelian', 'default', 'Karelian', ''),
('en', 'language.kashmiri', 'default', 'Kashmiri', ''),
('en', 'language.kashubian', 'default', 'Kashubian', ''),
('en', 'language.kawi', 'default', 'Kawi', ''),
('en', 'language.kazakh', 'default', 'Kazakh', ''),
('en', 'language.kenyang', 'default', 'Kenyang', ''),
('en', 'language.khasi', 'default', 'Khasi', ''),
('en', 'language.khmer', 'default', 'Khmer', ''),
('en', 'language.khotanese', 'default', 'Khotanese', ''),
('en', 'language.khowar', 'default', 'Khowar', ''),
('en', 'language.kiche', 'default', 'Kiche', ''),
('en', 'language.kikuyu', 'default', 'Kikuyu', ''),
('en', 'language.kimbundu', 'default', 'Kimbundu', ''),
('en', 'language.kinaraya', 'default', 'Kinaray-a', ''),
('en', 'language.kinyarwanda', 'default', 'Kinyarwanda', ''),
('en', 'language.kirmanjki', 'default', 'Kirmanjki', ''),
('en', 'language.klingon', 'default', 'Klingon', ''),
('en', 'language.kom', 'default', 'Kom', ''),
('en', 'language.komi', 'default', 'Komi', ''),
('en', 'language.komi.permyak', 'default', 'Komi-Permyak', ''),
('en', 'language.kongo', 'default', 'Kongo', ''),
('en', 'language.konkani', 'default', 'Konkani', ''),
('en', 'language.konkani.goan', 'default', 'Goan Konkani', ''),
('en', 'language.korean', 'default', 'Korean', ''),
('en', 'language.koro', 'default', 'Koro', ''),
('en', 'language.kosraean', 'default', 'Kosraean', ''),
('en', 'language.kotava', 'default', 'Kotava', ''),
('en', 'language.kpelle', 'default', 'Kpelle', ''),
('en', 'language.krio', 'default', 'Krio', ''),
('en', 'language.kuanyama', 'default', 'Kuanyama', ''),
('en', 'language.kumyk', 'default', 'Kumyk', ''),
('en', 'language.kurdish', 'default', 'Kurdish', ''),
('en', 'language.kurdish.central', 'default', 'Central Kurdish', ''),
('en', 'language.kurukh', 'default', 'Kurukh', ''),
('en', 'language.kutenai', 'default', 'Kutenai', ''),
('en', 'language.kwasio', 'default', 'Kwasio', ''),
('en', 'language.kyrgyz', 'default', 'Kyrgyz', ''),
('en', 'language.ladino', 'default', 'Ladino', ''),
('en', 'language.lahnda', 'default', 'Lahnda', ''),
('en', 'language.lakota', 'default', 'Lakota', ''),
('en', 'language.lamba', 'default', 'Lamba', ''),
('en', 'language.langi', 'default', 'Langi', ''),
('en', 'language.lao', 'default', 'Lao', ''),
('en', 'language.latgalian', 'default', 'Latgalian', ''),
('en', 'language.latin', 'default', 'Latin', ''),
('en', 'language.latvian', 'default', 'Latvian', ''),
('en', 'language.laz', 'default', 'Laz', ''),
('en', 'language.lezghian', 'default', 'Lezghian', ''),
('en', 'language.ligurian', 'default', 'Ligurian', ''),
('en', 'language.limburgish', 'default', 'Limburgish', ''),
('en', 'language.lingala', 'default', 'Lingala', ''),
('en', 'language.linguafranca.nova', 'default', 'Lingua Franca Nova', ''),
('en', 'language.lithuanian', 'default', 'Lithuanian', ''),
('en', 'language.livonian', 'default', 'Livonian', ''),
('en', 'language.lojban', 'default', 'Lojban', ''),
('en', 'language.lombard', 'default', 'Lombard', ''),
('en', 'language.lozi', 'default', 'Lozi', ''),
('en', 'language.luba.katanga', 'default', 'Luba-Katanga', ''),
('en', 'language.luba.lulua', 'default', 'Luba-Lulua', ''),
('en', 'language.luiseno', 'default', 'Luiseno', ''),
('en', 'language.lunda', 'default', 'Lunda', ''),
('en', 'language.luo', 'default', 'Luo', ''),
('en', 'language.luri.northern', 'default', 'Northern Luri', ''),
('en', 'language.luxembourgish', 'default', 'Luxembourgish', ''),
('en', 'language.luyia', 'default', 'Luyia', ''),
('en', 'language.maba', 'default', 'Maba', ''),
('en', 'language.macedonian', 'default', 'Macedonian', ''),
('en', 'language.machame', 'default', 'Machame', ''),
('en', 'language.madurese', 'default', 'Madurese', ''),
('en', 'language.mafa', 'default', 'Mafa', ''),
('en', 'language.magahi', 'default', 'Magahi', ''),
('en', 'language.maithili', 'default', 'Maithili', ''),
('en', 'language.makasar', 'default', 'Makasar', ''),
('en', 'language.makhuwameetto', 'default', 'Makhuwa-Meetto', ''),
('en', 'language.makonde', 'default', 'Makonde', ''),
('en', 'language.malagasy', 'default', 'Malagasy', ''),
('en', 'language.malay', 'default', 'Malay', ''),
('en', 'language.malayalam', 'default', 'Malayalam', ''),
('en', 'language.maltese', 'default', 'Maltese', ''),
('en', 'language.manchu', 'default', 'Manchu', ''),
('en', 'language.mandar', 'default', 'Mandar', ''),
('en', 'language.mandingo', 'default', 'Mandingo', ''),
('en', 'language.manipuri', 'default', 'Manipuri', ''),
('en', 'language.manx', 'default', 'Manx', ''),
('en', 'language.maori', 'default', 'Maori', ''),
('en', 'language.mapuche', 'default', 'Mapuche', ''),
('en', 'language.marathi', 'default', 'Marathi', ''),
('en', 'language.mari', 'default', 'Mari', ''),
('en', 'language.mari.western', 'default', 'Western Mari', ''),
('en', 'language.marshallese', 'default', 'Marshallese', ''),
('en', 'language.marwari', 'default', 'Marwari', ''),
('en', 'language.masai', 'default', 'Masai', ''),
('en', 'language.mazanderani', 'default', 'Mazanderani', ''),
('en', 'language.medumba', 'default', 'Medumba', ''),
('en', 'language.mende', 'default', 'Mende', ''),
('en', 'language.mentawai', 'default', 'Mentawai', ''),
('en', 'language.meru', 'default', 'Meru', ''),
('en', 'language.meta', 'default', 'Meta', ''),
('en', 'language.micmac', 'default', 'Micmac', ''),
('en', 'language.minangkabau', 'default', 'Minangkabau', ''),
('en', 'language.mingrelian', 'default', 'Mingrelian', ''),
('en', 'language.mirandese', 'default', 'Mirandese', ''),
('en', 'language.mizo', 'default', 'Mizo', ''),
('en', 'language.mohawk', 'default', 'Mohawk', ''),
('en', 'language.moksha', 'default', 'Moksha', ''),
('en', 'language.moldavian', 'default', 'Moldavian', ''),
('en', 'language.mongo', 'default', 'Mongo', ''),
('en', 'language.mongolian', 'default', 'Mongolian', ''),
('en', 'language.morisyen', 'default', 'Morisyen', ''),
('en', 'language.mossi', 'default', 'Mossi', ''),
('en', 'language.motu.hiri', 'default', 'Hiri Motu', ''),
('en', 'language.multiple', 'default', 'Multiple Languages', ''),
('en', 'language.mundang', 'default', 'Mundang', ''),
('en', 'language.myene', 'default', 'Myene', ''),
('en', 'language.nama', 'default', 'Nama', ''),
('en', 'language.nauru', 'default', 'Nauru', ''),
('en', 'language.navajo', 'default', 'Navajo', ''),
('en', 'language.ndebele.north', 'default', 'North Ndebele', ''),
('en', 'language.ndebele.south', 'default', 'South Ndebele', ''),
('en', 'language.ndonga', 'default', 'Ndonga', ''),
('en', 'language.neapolitan', 'default', 'Neapolitan', ''),
('en', 'language.nepali', 'default', 'Nepali', ''),
('en', 'language.newari', 'default', 'Newari', ''),
('en', 'language.newari.classical', 'default', 'Classical Newari', ''),
('en', 'language.ngambay', 'default', 'Ngambay', ''),
('en', 'language.ngiemboon', 'default', 'Ngiemboon', ''),
('en', 'language.ngomba', 'default', 'Ngomba', ''),
('en', 'language.nheengatu', 'default', 'Nheengatu', ''),
('en', 'language.nias', 'default', 'Nias', ''),
('en', 'language.niuean', 'default', 'Niuean', ''),
('en', 'language.nko', 'default', 'NKo', ''),
('en', 'language.nogai', 'default', 'Nogai', ''),
('en', 'language.none', 'default', 'No linguistic content', ''),
('en', 'language.norse.old', 'default', 'Old Norse', ''),
('en', 'language.northern sami', 'default', 'Northern Sami', ''),
('en', 'language.norwegian', 'default', 'Norwegian', ''),
('en', 'language.norwegian.bokml', 'default', 'Norwegian Bokml', ''),
('en', 'language.norwegian.nynorsk', 'default', 'Norwegian Nynorsk', ''),
('en', 'language.novial', 'default', 'Novial', ''),
('en', 'language.nuer', 'default', 'Nuer', ''),
('en', 'language.nyamwezi', 'default', 'Nyamwezi', ''),
('en', 'language.nyanja', 'default', 'Nyanja', ''),
('en', 'language.nyankole', 'default', 'Nyankole', ''),
('en', 'language.nyoro', 'default', 'Nyoro', ''),
('en', 'language.nzima', 'default', 'Nzima', ''),
('en', 'language.occitan', 'default', 'Occitan', ''),
('en', 'language.ojibwa', 'default', 'Ojibwa', ''),
('en', 'language.oriya', 'default', 'Oriya', ''),
('en', 'language.oromo', 'default', 'Oromo', ''),
('en', 'language.osage', 'default', 'Osage', ''),
('en', 'language.ossetic', 'default', 'Ossetic', ''),
('en', 'language.pahlavi', 'default', 'Pahlavi', ''),
('en', 'language.palauan', 'default', 'Palauan', ''),
('en', 'language.pali', 'default', 'Pali', ''),
('en', 'language.pampanga', 'default', 'Pampanga', ''),
('en', 'language.pangasinan', 'default', 'Pangasinan', ''),
('en', 'language.papiamento', 'default', 'Papiamento', ''),
('en', 'language.pashto', 'default', 'Pashto', ''),
('en', 'language.persian', 'default', 'Persian', ''),
('en', 'language.persian.old', 'default', 'Old Persian', ''),
('en', 'language.phoenician', 'default', 'Phoenician', ''),
('en', 'language.picard', 'default', 'Picard', ''),
('en', 'language.piedmontese', 'default', 'Piedmontese', ''),
('en', 'language.pisin.tok', 'default', 'Tok Pisin', ''),
('en', 'language.plautdietsch', 'default', 'Plautdietsch', ''),
('en', 'language.pohnpeian', 'default', 'Pohnpeian', ''),
('en', 'language.polish', 'default', 'Polish', ''),
('en', 'language.pontic', 'default', 'Pontic', ''),
('en', 'language.portuguese', 'default', 'Portuguese', ''),
('en', 'language.portuguese.brazilian', 'default', 'Brazilian Portuguese', ''),
('en', 'language.portuguese.european', 'default', 'European Portuguese', ''),
('en', 'language.provenal.old', 'default', 'Old Provenal', ''),
('en', 'language.prussian', 'default', 'Prussian', ''),
('en', 'language.punjabi', 'default', 'Punjabi', ''),
('en', 'language.quechua', 'default', 'Quechua', ''),
('en', 'language.quichua.chimborazohighland', 'default', 'Chimborazo Highland Quichua', ''),
('en', 'language.rajasthani', 'default', 'Rajasthani', ''),
('en', 'language.rapanui', 'default', 'Rapanui', ''),
('en', 'language.rarotongan', 'default', 'Rarotongan', ''),
('en', 'language.riffian', 'default', 'Riffian', ''),
('en', 'language.romagnol', 'default', 'Romagnol', ''),
('en', 'language.romanian', 'default', 'Romanian', ''),
('en', 'language.romansh', 'default', 'Romansh', ''),
('en', 'language.romany', 'default', 'Romany', ''),
('en', 'language.rombo', 'default', 'Rombo', ''),
('en', 'language.root', 'default', 'Root', ''),
('en', 'language.rotuman', 'default', 'Rotuman', ''),
('en', 'language.roviana', 'default', 'Roviana', ''),
('en', 'language.rundi', 'default', 'Rundi', ''),
('en', 'language.russian', 'default', 'Russian', ''),
('en', 'language.rusyn', 'default', 'Rusyn', ''),
('en', 'language.rwa', 'default', 'Rwa', ''),
('en', 'language.saho', 'default', 'Saho', ''),
('en', 'language.sakha', 'default', 'Sakha', ''),
('en', 'language.samburu', 'default', 'Samburu', ''),
('en', 'language.sami.inari', 'default', 'Inari Sami', ''),
('en', 'language.sami.lule', 'default', 'Lule Sami', ''),
('en', 'language.sami.skolt', 'default', 'Skolt Sami', ''),
('en', 'language.sami.southern', 'default', 'Southern Sami', ''),
('en', 'language.samoan', 'default', 'Samoan', ''),
('en', 'language.samogitian', 'default', 'Samogitian', ''),
('en', 'language.sandawe', 'default', 'Sandawe', ''),
('en', 'language.sango', 'default', 'Sango', ''),
('en', 'language.sangu', 'default', 'Sangu', ''),
('en', 'language.sanskrit', 'default', 'Sanskrit', ''),
('en', 'language.santali', 'default', 'Santali', ''),
('en', 'language.sardinian', 'default', 'Sardinian', ''),
('en', 'language.sardinian.sassarese', 'default', 'Sassarese Sardinian', ''),
('en', 'language.sasak', 'default', 'Sasak', ''),
('en', 'language.saurashtra', 'default', 'Saurashtra', ''),
('en', 'language.saxon.low', 'default', 'Low Saxon', ''),
('en', 'language.scots', 'default', 'Scots', ''),
('en', 'language.selayar', 'default', 'Selayar', ''),
('en', 'language.selkup', 'default', 'Selkup', ''),
('en', 'language.sena', 'default', 'Sena', ''),
('en', 'language.seneca', 'default', 'Seneca', ''),
('en', 'language.senni.koyraboro', 'default', 'Koyraboro Senni', ''),
('en', 'language.serbian', 'default', 'Serbian', ''),
('en', 'language.serbocroatian', 'default', 'Serbo-Croatian', ''),
('en', 'language.serer', 'default', 'Serer', ''),
('en', 'language.seri', 'default', 'Seri', ''),
('en', 'language.shambala', 'default', 'Shambala', ''),
('en', 'language.shan', 'default', 'Shan', ''),
('en', 'language.shona', 'default', 'Shona', ''),
('en', 'language.sicilian', 'default', 'Sicilian', ''),
('en', 'language.sidamo', 'default', 'Sidamo', ''),
('en', 'language.siksika', 'default', 'Siksika', ''),
('en', 'language.silesian', 'default', 'Silesian', ''),
('en', 'language.silesian.lower', 'default', 'Lower Silesian', ''),
('en', 'language.sindhi', 'default', 'Sindhi', ''),
('en', 'language.sinhala', 'default', 'Sinhala', ''),
('en', 'language.slave', 'default', 'Slave', ''),
('en', 'language.slavic.church', 'default', 'Church Slavic', ''),
('en', 'language.slovak', 'default', 'Slovak', ''),
('en', 'language.slovenian', 'default', 'Slovenian', ''),
('en', 'language.soga', 'default', 'Soga', ''),
('en', 'language.sogdien', 'default', 'Sogdien', ''),
('en', 'language.somali', 'default', 'Somali', ''),
('en', 'language.soninke', 'default', 'Soninke', ''),
('en', 'language.sorbian.lower', 'default', 'Lower Sorbian', ''),
('en', 'language.sorbian.upper', 'default', 'Upper Sorbian', ''),
('en', 'language.sotho.northern', 'default', 'Northern Sotho', ''),
('en', 'language.sotho.southern', 'default', 'Southern Sotho', ''),
('en', 'language.southern kurdish', 'default', 'Southern Kurdish', ''),
('en', 'language.spanish', 'default', 'Spanish', ''),
('en', 'language.spanish.european', 'default', 'European Spanish', ''),
('en', 'Language.spanish.latinamerican', 'default', 'Latin American Spanish', ''),
('en', 'language.spanish.mexican', 'default', 'Mexican Spanish', ''),
('en', 'language.sukuma', 'default', 'Sukuma', ''),
('en', 'language.sumerian', 'default', 'Sumerian', ''),
('en', 'language.sundanese', 'default', 'Sundanese', ''),
('en', 'language.susu', 'default', 'Susu', ''),
('en', 'language.swahili', 'default', 'Swahili', ''),
('en', 'language.swahili.congo', 'default', 'Congo Swahili', ''),
('en', 'language.swati', 'default', 'Swati', ''),
('en', 'language.swedish', 'default', 'Swedish', ''),
('en', 'language.syriac', 'default', 'Syriac', ''),
('en', 'language.syriac.classical', 'default', 'Classical Syriac', ''),
('en', 'language.tachelhit', 'default', 'Tachelhit', ''),
('en', 'language.tagalog', 'default', 'Tagalog', ''),
('en', 'language.tahitian', 'default', 'Tahitian', ''),
('en', 'language.taita', 'default', 'Taita', ''),
('en', 'language.tajik', 'default', 'Tajik', ''),
('en', 'language.talysh', 'default', 'Talysh', ''),
('en', 'language.tamashek', 'default', 'Tamashek', ''),
('en', 'language.tamazight.centralatlas', 'default', 'Central Atlas Tamazight', ''),
('en', 'language.tamazight.standardmoroccan', 'default', 'Standard Moroccan Tamazight', ''),
('en', 'language.tamil', 'default', 'Tamil', ''),
('en', 'language.taroko', 'default', 'Taroko', ''),
('en', 'language.tasawaq', 'default', 'Tasawaq', ''),
('en', 'language.tat.muslim', 'default', 'Muslim Tat', ''),
('en', 'language.tatar', 'default', 'Tatar', ''),
('en', 'language.telugu', 'default', 'Telugu', ''),
('en', 'language.tereno', 'default', 'Tereno', ''),
('en', 'language.teso', 'default', 'Teso', ''),
('en', 'language.tetum', 'default', 'Tetum', ''),
('en', 'language.thai', 'default', 'Thai', ''),
('en', 'language.tibetan', 'default', 'Tibetan', ''),
('en', 'language.tigre', 'default', 'Tigre', ''),
('en', 'language.tigrinya', 'default', 'Tigrinya', ''),
('en', 'language.timne', 'default', 'Timne', ''),
('en', 'language.tiv', 'default', 'Tiv', ''),
('en', 'language.tlingit', 'default', 'Tlingit', ''),
('en', 'language.tokelau', 'default', 'Tokelau', ''),
('en', 'language.tonga.nyasa', 'default', 'Nyasa Tonga', ''),
('en', 'language.tongan', 'default', 'Tongan', ''),
('en', 'language.tongo.sranan', 'default', 'Sranan Tongo', ''),
('en', 'language.tsakhur', 'default', 'Tsakhur', ''),
('en', 'language.tsakonian', 'default', 'Tsakonian', ''),
('en', 'language.tsimshian', 'default', 'Tsimshian', ''),
('en', 'language.tsonga', 'default', 'Tsonga', ''),
('en', 'language.tswana', 'default', 'Tswana', ''),
('en', 'language.tulu', 'default', 'Tulu', ''),
('en', 'language.tumbuka', 'default', 'Tumbuka', ''),
('en', 'language.turkish', 'default', 'Turkish', ''),
('en', 'language.turkish.crimean', 'default', 'Crimean Turkish', ''),
('en', 'language.turkish.ottoman', 'default', 'Ottoman Turkish', ''),
('en', 'language.turkmen', 'default', 'Turkmen', ''),
('en', 'language.turoyo', 'default', 'Turoyo', ''),
('en', 'language.tuvalu', 'default', 'Tuvalu', ''),
('en', 'language.tuvinian', 'default', 'Tuvinian', ''),
('en', 'language.twi', 'default', 'Twi', ''),
('en', 'language.tyap', 'default', 'Tyap', ''),
('en', 'language.udmurt', 'default', 'Udmurt', ''),
('en', 'language.ugaritic', 'default', 'Ugaritic', ''),
('en', 'language.ukrainian', 'default', 'Ukrainian', ''),
('en', 'language.umbundu', 'default', 'Umbundu', ''),
('en', 'language.unknown', 'default', 'Unknown Language', ''),
('en', 'language.urdu', 'default', 'Urdu', ''),
('en', 'language.uyghur', 'default', 'Uyghur', ''),
('en', 'language.uzbek', 'default', 'Uzbek', ''),
('en', 'language.vai', 'default', 'Vai', ''),
('en', 'language.venda', 'default', 'Venda', ''),
('en', 'language.venetian', 'default', 'Venetian', ''),
('en', 'language.veps', 'default', 'Veps', ''),
('en', 'language.vietnamese', 'default', 'Vietnamese', ''),
('en', 'language.volapk', 'default', 'Volapk', ''),
('en', 'language.vro', 'default', 'Vro', ''),
('en', 'language.votic', 'default', 'Votic', ''),
('en', 'language.vunjo', 'default', 'Vunjo', ''),
('en', 'language.walloon', 'default', 'Walloon', ''),
('en', 'language.walser', 'default', 'Walser', ''),
('en', 'language.waray', 'default', 'Waray', ''),
('en', 'language.warlpiri', 'default', 'Warlpiri', ''),
('en', 'language.washo', 'default', 'Washo', ''),
('en', 'language.wayuu', 'default', 'Wayuu', ''),
('en', 'language.welsh', 'default', 'Welsh', ''),
('en', 'language.wolaytta', 'default', 'Wolaytta', ''),
('en', 'language.wolof', 'default', 'Wolof', ''),
('en', 'language.xhosa', 'default', 'Xhosa', ''),
('en', 'language.yangben', 'default', 'Yangben', ''),
('en', 'language.yao', 'default', 'Yao', ''),
('en', 'language.yapese', 'default', 'Yapese', ''),
('en', 'language.yemba', 'default', 'Yemba', ''),
('en', 'language.yi.sichuan', 'default', 'Sichuan Yi', ''),
('en', 'language.yiddish', 'default', 'Yiddish', ''),
('en', 'language.yoruba', 'default', 'Yoruba', ''),
('en', 'language.yupik.central', 'default', 'Central Yupik', ''),
('en', 'language.zapotec', 'default', 'Zapotec', ''),
('en', 'language.zarma', 'default', 'Zarma', ''),
('en', 'language.zaza', 'default', 'Zaza', ''),
('en', 'language.zeelandic', 'default', 'Zeelandic', ''),
('en', 'language.zenaga', 'default', 'Zenaga', ''),
('en', 'language.zhuang', 'default', 'Zhuang', ''),
('en', 'language.zulu', 'default', 'Zulu', ''),
('en', 'language.zuni', 'default', 'Zuni', ''),
('en', 'length.kilometre', 'default', 'kilometre', ''),
('en', 'length.metre', 'default', 'metre', ''),
('en', 'length.micrometre', 'default', 'micrometre', ''),
('en', 'length.millimetre', 'default', 'millimetre', ''),
('en', 'length.nanometre', 'default', 'nanometre', ''),
('en', 'map.layer.aerial', 'default', 'Satellite', ''),
('en', 'map.layer.aerial.labels', 'default', 'Satellite with labels', ''),
('en', 'map.layer.bing.aerial', 'default', 'Bing Aerial', ''),
('en', 'map.layer.bing.aerialwithlabels', 'default', 'Aerial View with Labels', ''),
('en', 'map.layer.bing.road', 'default', 'Bing Roads', ''),
('en', 'map.layer.road', 'default', 'Road', ''),
('en', 'map.legend.max', 'default', 'Max', ''),
('en', 'map.legend.min', 'default', 'Min', ''),
('en', 'map.style.choropleth', 'default', 'Municipality', ''),
('en', 'map.style.distribution', 'default', 'Distribution', ''),
('en', 'map.style.none', 'default', 'None', ''),
('en', 'mass.gram', 'default', 'gram', ''),
('en', 'mass.kilogram', 'default', 'kilogram', ''),
('en', 'mass.microgram', 'default', 'microgram', ''),
('en', 'mass.milligram', 'default', 'milligram', ''),
('en', 'mass.tonne', 'default', 'tonne', ''),
('en', 'module.campaign', 'default', 'Campaign', ''),
('en', 'module.file', 'default', 'File', ''),
('en', 'module.find', 'default', 'Find', ''),
('en', 'module.image', 'default', 'Image', ''),
('en', 'module.location', 'default', 'Location', ''),
('en', 'property', 'title', 'Title', ''),
('en', 'property.address', 'default', 'Address', ''),
('en', 'property.avatar', 'default', 'Avatar', ''),
('en', 'property.city', 'default', 'City', ''),
('en', 'property.content', 'default', 'Content', ''),
('en', 'property.country', 'default', 'Country', ''),
('en', 'property.dateofbirth', 'default', 'Date of Birth', ''),
('en', 'property.id', 'default', 'ID', ''),
('en', 'property.initials', 'default', 'Initials', ''),
('en', 'property.language', 'default', 'Language', ''),
('en', 'property.length', 'default', 'Length', ''),
('en', 'property.logo', 'default', 'Logo', ''),
('en', 'property.module', 'default', 'Module', ''),
('en', 'property.name', 'default', 'Name', ''),
('en', 'property.phone', 'default', 'Phone', ''),
('en', 'property.street', 'default', 'Street', ''),
('en', 'property.title', 'default', 'Title', ''),
('en', 'schema.file', 'default', 'File', ''),
('en', 'search.placeholder', 'default', 'Free Text Search', ''),
('en', 'site.brand', 'default', 'ARK', ''),
('en', 'site.welcome', 'default', 'Welcome to ARK.', ''),
('en', 'spatial.crs.wgs84', 'default', 'crs.wgs84', ''),
('en', 'test.test', 'default', 'text text', ''),
('en', 'user.greeting', 'default', 'Logged In As %name%', ''),
('en', 'user.mail.reset.not.text', 'default', 'If you are not trying to reset your password, do not worry. Your account is still secure and no one has accessed it. It is most likely another user entered an incorrect e-mail while trying to reset their own password.', ''),
('en', 'user.mail.reset.not.title', 'default', 'Didn\'t request to reset your password?', ''),
('en', 'user.mail.reset.subject', 'default', 'Reset your password', ''),
('en', 'user.mail.reset.text', 'default', 'Please click the link to reset your password.', ''),
('en', 'user.mail.reset.title', 'default', 'Reset your password.', ''),
('en', 'user.mail.verify.subject', 'default', 'Welcome to DIME. Please verify your email.', ''),
('en', 'user.mail.verify.text', 'default', 'Please click the link to verify your email address.', ''),
('en', 'user.mail.verify.title', 'default', 'Thank you for using DIME!', ''),
('en', 'user.menu.edit', 'default', 'Edit your profile', ''),
('en', 'user.menu.home', 'default', 'My Home', ''),
('en', 'user.menu.list', 'default', 'List users', ''),
('en', 'user.menu.login', 'default', 'Sign in', ''),
('en', 'user.menu.logout', 'default', 'Sign out', ''),
('en', 'user.menu.password', 'default', 'Change your password', ''),
('en', 'user.menu.register', 'default', 'Create account', ''),
('en', 'user.menu.view', 'default', 'View your profile', '');

-- --------------------------------------------------------

--
-- Table structure for table `ark_translation_parameter`
--

CREATE TABLE `ark_translation_parameter` (
  `keyword` varchar(100) COLLATE utf8mb4_unicode_ci NOT NULL,
  `parameter` varchar(30) COLLATE utf8mb4_unicode_ci NOT NULL
) ENGINE=InnoDB DEFAULT CHARSET=utf8mb4 COLLATE=utf8mb4_unicode_ci;

--
-- Dumping data for table `ark_translation_parameter`
--

INSERT INTO `ark_translation_parameter` (`keyword`, `parameter`) VALUES
('dime.find.query.available', 'items'),
('dime.find.query.found', 'items'),
('dime.find.query.set', 'items'),
('dime.home.welcome', 'name'),
('dime.user.dashboard.finds', 'count'),
('dime.user.dashboard.notifications', 'count'),
('user.greeting', 'name');

-- --------------------------------------------------------

--
-- Table structure for table `ark_translation_role`
--

CREATE TABLE `ark_translation_role` (
  `role` varchar(20) COLLATE utf8mb4_unicode_ci NOT NULL,
  `keyword` varchar(100) COLLATE utf8mb4_unicode_ci DEFAULT NULL,
  `description` varchar(50) COLLATE utf8mb4_unicode_ci DEFAULT NULL
) ENGINE=InnoDB DEFAULT CHARSET=utf8mb4 COLLATE=utf8mb4_unicode_ci;

--
-- Dumping data for table `ark_translation_role`
--

INSERT INTO `ark_translation_role` (`role`, `keyword`, `description`) VALUES
('button', NULL, 'UI Button'),
('check', NULL, 'UI Checkbox'),
('column', NULL, 'UI Column'),
('danger', NULL, 'Danger flash message'),
('default', 'translation.role.default', 'Default translation'),
('description', 'translation.role.description', 'A description of the keyword'),
('error', NULL, 'Error flash message'),
('from', 'translation.role.from', 'The start of a range'),
('group', NULL, 'UI Group'),
('help', NULL, 'Help Text'),
('info', NULL, 'Information flash message'),
('listbox', NULL, 'UI List Box'),
('menu', NULL, 'UI Menu'),
('negative', 'translation.role.negative', 'The negative of the keyword'),
('official', 'translation.role.official', 'The official name or title'),
('opposite', 'translation.role.opposite', 'The opposite of the keyword'),
('positive', 'translation.role.positive', 'The positive of the keyword'),
('progress', NULL, 'UI Progress Bar'),
('radio', NULL, 'Ui Radio Button'),
('range', NULL, 'Name of a range'),
('resource', 'translation.role.resource', 'URL Resource translation'),
('row', NULL, 'UI Row'),
('slider', NULL, 'UI Slider'),
('spinbox', NULL, 'UI Spin Box'),
('status', NULL, 'UI Status'),
('success', NULL, 'Success flash message'),
('tab', NULL, 'UI Tab'),
('textbox', NULL, 'UI Text Box'),
('title', 'translation.role.title', 'The title of the keyword'),
('to', 'translation.role.to', 'The end of a range'),
('toolbar', NULL, 'UI Tool Bar'),
('tooltip', NULL, 'UI Tool Tip'),
('warning', NULL, 'Warning flash message');

-- --------------------------------------------------------

--
-- Table structure for table `ark_view_cell`
--

CREATE TABLE `ark_view_cell` (
  `grp` varchar(30) COLLATE utf8mb4_unicode_ci NOT NULL,
  `class` varchar(30) COLLATE utf8mb4_unicode_ci NOT NULL,
  `row` int(11) NOT NULL,
  `col` int(11) NOT NULL,
  `seq` int(11) NOT NULL,
  `element` varchar(30) COLLATE utf8mb4_unicode_ci NOT NULL,
  `name` varchar(30) COLLATE utf8mb4_unicode_ci DEFAULT NULL,
  `required` tinyint(1) DEFAULT NULL,
  `is_default` tinyint(1) NOT NULL DEFAULT 0,
  `label` tinyint(1) DEFAULT NULL,
  `help` tinyint(1) NOT NULL DEFAULT 0,
  `info` tinyint(1) NOT NULL DEFAULT 0,
  `visible` tinyint(1) NOT NULL DEFAULT 1,
  `width` int(11) DEFAULT NULL,
  `placeholder` tinyint(1) DEFAULT NULL,
  `choices` tinyint(1) DEFAULT NULL,
  `exportable` tinyint(1) DEFAULT NULL,
  `sortable` tinyint(1) DEFAULT NULL,
  `sorter` varchar(20) COLLATE utf8mb4_unicode_ci DEFAULT NULL,
  `sort_order` varchar(10) COLLATE utf8mb4_unicode_ci DEFAULT NULL,
  `vocabulary` varchar(30) COLLATE utf8mb4_unicode_ci DEFAULT 'NULL',
  `map` varchar(30) COLLATE utf8mb4_unicode_ci DEFAULT NULL,
  `action_schema` varchar(30) COLLATE utf8mb4_unicode_ci DEFAULT NULL,
  `action` varchar(30) COLLATE utf8mb4_unicode_ci DEFAULT NULL,
  `view_permission` varchar(30) COLLATE utf8mb4_unicode_ci DEFAULT NULL,
  `edit_permission` varchar(30) COLLATE utf8mb4_unicode_ci DEFAULT NULL,
  `mode` varchar(10) COLLATE utf8mb4_unicode_ci DEFAULT NULL,
  `sanitise` varchar(10) COLLATE utf8mb4_unicode_ci DEFAULT NULL,
  `value_modus` varchar(10) COLLATE utf8mb4_unicode_ci DEFAULT NULL,
  `parameter_modus` varchar(10) COLLATE utf8mb4_unicode_ci DEFAULT NULL,
  `format_modus` varchar(10) COLLATE utf8mb4_unicode_ci DEFAULT NULL,
  `enabled` tinyint(1) NOT NULL DEFAULT 1,
  `deprecated` tinyint(1) NOT NULL DEFAULT 0,
  `keyword` varchar(100) COLLATE utf8mb4_unicode_ci DEFAULT NULL,
  `template` varchar(100) COLLATE utf8mb4_unicode_ci DEFAULT NULL,
  `options` varchar(4000) COLLATE utf8mb4_unicode_ci DEFAULT NULL,
  `form_type` varchar(100) COLLATE utf8mb4_unicode_ci DEFAULT NULL,
  `form_options` varchar(4000) COLLATE utf8mb4_unicode_ci DEFAULT NULL
) ENGINE=InnoDB DEFAULT CHARSET=utf8mb4 COLLATE=utf8mb4_unicode_ci;

--
-- Dumping data for table `ark_view_cell`
--

INSERT INTO `ark_view_cell` (`grp`, `class`, `row`, `col`, `seq`, `element`, `name`, `required`, `is_default`, `label`, `help`, `info`, `visible`, `width`, `placeholder`, `choices`, `exportable`, `sortable`, `sorter`, `sort_order`, `vocabulary`, `map`, `action_schema`, `action`, `view_permission`, `edit_permission`, `mode`, `sanitise`, `value_modus`, `parameter_modus`, `format_modus`, `enabled`, `deprecated`, `keyword`, `template`, `options`, `form_type`, `form_options`) VALUES
('core_action_select', '', 0, 0, 2, 'core_widget_submit', 'apply', NULL, 0, 1, 0, 0, 1, NULL, NULL, NULL, NULL, NULL, NULL, NULL, NULL, NULL, NULL, NULL, NULL, NULL, NULL, NULL, 'active', NULL, NULL, 1, 0, 'core.button.save', NULL, NULL, NULL, NULL),
('core_actor_item', '', 0, 0, 0, 'core_actor_id', NULL, NULL, 0, 1, 0, 0, 1, NULL, NULL, NULL, NULL, NULL, NULL, NULL, NULL, NULL, NULL, NULL, NULL, NULL, NULL, NULL, NULL, NULL, NULL, 1, 0, NULL, NULL, NULL, NULL, NULL),
('core_actor_item', '', 0, 0, 1, 'core_actor_fullname', NULL, NULL, 0, 1, 0, 0, 1, NULL, NULL, NULL, NULL, NULL, NULL, NULL, NULL, NULL, NULL, NULL, NULL, NULL, NULL, NULL, NULL, NULL, NULL, 1, 0, NULL, NULL, NULL, NULL, NULL),
('core_actor_item', '', 0, 0, 2, 'core_actor_shortname', NULL, NULL, 0, 1, 0, 0, 1, NULL, NULL, NULL, NULL, NULL, NULL, NULL, NULL, NULL, NULL, NULL, NULL, NULL, NULL, NULL, NULL, NULL, NULL, 1, 0, NULL, NULL, NULL, NULL, NULL),
('core_actor_role', '', 0, 0, 0, 'core_widget_choice', 'actor', 0, 0, 1, 0, 0, 1, NULL, NULL, 1, NULL, NULL, NULL, NULL, NULL, NULL, NULL, NULL, NULL, NULL, NULL, 'redact', 'active', NULL, NULL, 1, 0, NULL, NULL, '{\"attr\": {\"style\": \"width:95%\"}}', NULL, NULL),
('core_actor_role', '', 0, 0, 2, 'core_widget_choice', 'role', NULL, 0, 1, 0, 0, 1, NULL, NULL, NULL, NULL, NULL, NULL, NULL, 'dime.workflow.role', NULL, NULL, NULL, NULL, NULL, NULL, 'redact', NULL, NULL, NULL, 1, 0, 'core.workflow.role', NULL, NULL, NULL, NULL),
('core_actor_role', '', 0, 0, 4, 'core_widget_choice', 'agentFor', 0, 0, 1, 0, 0, 1, NULL, NULL, 1, NULL, NULL, NULL, NULL, NULL, NULL, NULL, NULL, NULL, NULL, NULL, 'redact', 'active', NULL, NULL, 1, 0, NULL, NULL, '{\"attr\": {\"style\": \"width:95%\"}}', NULL, NULL),
('core_actor_role', '', 0, 0, 6, 'core_widget_date', 'expiresAt', 0, 0, 1, 0, 0, 1, NULL, NULL, NULL, NULL, NULL, NULL, NULL, NULL, NULL, NULL, NULL, NULL, NULL, NULL, NULL, 'active', NULL, NULL, 1, 0, 'core.user.role.expiry', NULL, NULL, NULL, NULL),
('core_actor_role_form', '', 0, 0, 0, 'core_actor_role', NULL, NULL, 0, 1, 0, 0, 1, NULL, NULL, NULL, NULL, NULL, NULL, NULL, NULL, NULL, NULL, NULL, NULL, NULL, NULL, NULL, 'active', NULL, NULL, 1, 0, NULL, NULL, NULL, 'ARK\\Form\\Type\\CollectionPropertyType', NULL),
('core_actor_role_form', '', 0, 0, 2, 'core_widget_submit', NULL, NULL, 0, 1, 0, 0, 1, NULL, NULL, NULL, NULL, NULL, NULL, NULL, NULL, NULL, NULL, NULL, NULL, NULL, NULL, NULL, 'active', NULL, NULL, 1, 0, 'core.button.save', NULL, NULL, NULL, NULL),
('core_actor_table', '', 0, 0, 0, 'core_actor_id', NULL, NULL, 0, NULL, 0, 0, 1, NULL, NULL, NULL, NULL, 1, 'alphanumeric', 'asc', NULL, NULL, NULL, NULL, NULL, NULL, NULL, NULL, NULL, NULL, NULL, 1, 0, NULL, NULL, NULL, NULL, NULL),
('core_actor_table', '', 0, 0, 1, 'core_actor_class', NULL, NULL, 0, NULL, 0, 0, 1, NULL, NULL, NULL, NULL, 1, 'alphanumeric', 'asc', NULL, NULL, NULL, NULL, NULL, NULL, NULL, NULL, NULL, NULL, NULL, 1, 0, NULL, NULL, NULL, NULL, NULL),
('core_actor_table', '', 0, 0, 2, 'core_actor_fullname', NULL, NULL, 0, NULL, 0, 0, 1, NULL, NULL, NULL, NULL, 1, 'alphanumeric', 'asc', NULL, NULL, NULL, NULL, NULL, NULL, NULL, NULL, NULL, NULL, NULL, 1, 0, NULL, NULL, NULL, NULL, NULL),
('core_admin_user_page', '', 0, 0, 0, 'core_user_filter', 'filter', NULL, 0, 1, 0, 0, 1, NULL, NULL, NULL, NULL, NULL, NULL, NULL, NULL, NULL, NULL, NULL, NULL, NULL, NULL, NULL, NULL, NULL, NULL, 1, 0, NULL, NULL, NULL, NULL, NULL),
('core_admin_user_page', '', 0, 0, 2, 'core_profile_table', 'actors', NULL, 0, 1, 0, 0, 1, NULL, NULL, NULL, NULL, NULL, NULL, NULL, NULL, NULL, NULL, NULL, NULL, NULL, 'view', NULL, NULL, NULL, NULL, 1, 0, NULL, NULL, NULL, NULL, NULL),
('core_admin_user_page', '', 0, 1, 2, 'core_user_password_set', NULL, NULL, 0, 1, 0, 0, 1, NULL, NULL, NULL, NULL, NULL, NULL, NULL, NULL, NULL, NULL, NULL, NULL, NULL, NULL, NULL, NULL, NULL, NULL, 1, 0, NULL, NULL, NULL, NULL, NULL),
('core_file_item', '', 0, 0, 0, 'core_file_id', NULL, NULL, 0, 1, 0, 0, 1, NULL, NULL, NULL, NULL, NULL, NULL, NULL, NULL, NULL, NULL, NULL, NULL, NULL, NULL, NULL, NULL, NULL, NULL, 1, 0, NULL, NULL, NULL, NULL, NULL),
('core_file_item', '', 0, 0, 1, 'core_file_class', NULL, NULL, 0, 1, 0, 0, 1, NULL, NULL, NULL, NULL, NULL, NULL, NULL, NULL, NULL, NULL, NULL, NULL, NULL, NULL, NULL, NULL, NULL, NULL, 1, 0, NULL, NULL, NULL, NULL, NULL),
('core_file_item', '', 0, 0, 2, 'core_file_mediatype', NULL, NULL, 0, 1, 0, 0, 1, NULL, NULL, NULL, NULL, NULL, NULL, NULL, NULL, NULL, NULL, NULL, NULL, NULL, NULL, NULL, NULL, NULL, NULL, 1, 0, NULL, NULL, NULL, NULL, NULL),
('core_file_item', '', 0, 0, 3, 'core_file_title', NULL, NULL, 0, 1, 0, 0, 1, NULL, NULL, NULL, NULL, NULL, NULL, NULL, NULL, NULL, NULL, NULL, NULL, NULL, NULL, NULL, NULL, NULL, NULL, 1, 0, NULL, NULL, NULL, NULL, NULL),
('core_file_item', '', 0, 0, 4, 'core_file_status', NULL, NULL, 0, 1, 0, 0, 1, NULL, NULL, NULL, NULL, NULL, NULL, NULL, NULL, NULL, NULL, NULL, NULL, NULL, NULL, NULL, NULL, NULL, NULL, 1, 0, NULL, NULL, NULL, NULL, NULL),
('core_file_item', '', 0, 0, 5, 'core_file_description', NULL, NULL, 0, 1, 0, 0, 1, NULL, NULL, NULL, NULL, NULL, NULL, NULL, NULL, NULL, NULL, NULL, NULL, NULL, NULL, NULL, NULL, NULL, NULL, 1, 0, NULL, NULL, NULL, NULL, NULL),
('core_file_item', '', 0, 1, 1, 'core_widget_submit', 'save', NULL, 0, 1, 0, 0, 1, NULL, NULL, NULL, NULL, NULL, NULL, NULL, NULL, NULL, NULL, NULL, NULL, NULL, NULL, NULL, NULL, NULL, NULL, 1, 0, 'core.button.save', NULL, NULL, NULL, NULL),
('core_file_table', '', 0, 0, 0, 'core_file_id', NULL, NULL, 0, NULL, 0, 0, 1, NULL, NULL, NULL, NULL, 1, 'alphanumeric', 'asc', NULL, NULL, NULL, NULL, NULL, NULL, NULL, NULL, NULL, NULL, NULL, 1, 0, NULL, NULL, NULL, NULL, NULL),
('core_file_table', '', 0, 0, 1, 'core_file_class', NULL, NULL, 0, NULL, 0, 0, 1, NULL, NULL, NULL, NULL, 1, 'alphanumeric', 'asc', NULL, NULL, NULL, NULL, NULL, NULL, NULL, NULL, NULL, NULL, NULL, 1, 0, NULL, NULL, NULL, NULL, NULL),
('core_message_page', '', 1, 0, 0, 'dime_message_list', NULL, NULL, 0, 1, 0, 0, 1, NULL, NULL, NULL, NULL, NULL, NULL, NULL, NULL, NULL, NULL, NULL, NULL, NULL, NULL, NULL, NULL, NULL, NULL, 1, 0, NULL, NULL, NULL, NULL, NULL),
('core_message_page', '', 1, 1, 0, 'dime_message_item', NULL, NULL, 0, 1, 0, 0, 1, NULL, NULL, NULL, NULL, NULL, NULL, NULL, NULL, NULL, NULL, NULL, NULL, NULL, NULL, NULL, NULL, NULL, NULL, 1, 0, NULL, NULL, NULL, NULL, NULL),
('core_message_table', '', 0, 0, 0, 'core_message_class', NULL, NULL, 0, 1, 0, 0, 1, NULL, NULL, NULL, NULL, 1, 'alphanumeric', 'asc', NULL, NULL, NULL, NULL, NULL, NULL, NULL, NULL, NULL, NULL, NULL, 1, 0, NULL, NULL, NULL, NULL, NULL),
('core_message_table', '', 0, 0, 1, 'core_message_sender', NULL, NULL, 0, 1, 0, 0, 1, NULL, NULL, NULL, NULL, 1, 'alphanumeric', 'asc', NULL, NULL, NULL, NULL, NULL, NULL, NULL, NULL, NULL, NULL, NULL, 1, 0, NULL, NULL, NULL, NULL, NULL),
('core_message_table', '', 0, 0, 2, 'core_message_sent', NULL, NULL, 0, 1, 0, 0, 1, NULL, NULL, NULL, NULL, 1, 'alphanumeric', 'asc', NULL, NULL, NULL, NULL, NULL, NULL, NULL, NULL, NULL, NULL, NULL, 1, 0, NULL, NULL, NULL, NULL, NULL),
('core_message_table', '', 0, 0, 3, 'core_message_event', NULL, NULL, 0, 1, 0, 0, 1, NULL, NULL, NULL, NULL, 1, 'alphanumeric', 'asc', NULL, NULL, NULL, NULL, NULL, NULL, NULL, NULL, NULL, NULL, NULL, 1, 0, NULL, NULL, NULL, NULL, NULL),
('core_page_view', '', 0, 0, 0, 'core_page_content', NULL, NULL, 0, 1, 0, 0, 1, NULL, NULL, NULL, NULL, NULL, NULL, NULL, NULL, NULL, NULL, NULL, NULL, NULL, NULL, NULL, NULL, NULL, NULL, 1, 0, NULL, NULL, NULL, NULL, NULL),
('core_profile_page', '', 0, 0, 0, 'core_profile_view', 'actor', NULL, 0, 1, 0, 0, 1, NULL, NULL, NULL, NULL, NULL, NULL, NULL, NULL, NULL, NULL, NULL, NULL, NULL, 'view', NULL, NULL, NULL, NULL, 1, 0, NULL, NULL, NULL, NULL, NULL),
('core_profile_table', '', 0, 0, 0, 'core_actor_id', NULL, NULL, 0, 1, 0, 0, 1, NULL, NULL, NULL, NULL, 1, 'alphanumeric', 'asc', NULL, NULL, NULL, NULL, NULL, NULL, NULL, NULL, NULL, NULL, NULL, 1, 0, NULL, NULL, NULL, NULL, NULL),
('core_profile_table', '', 0, 0, 2, 'core_actor_fullname', NULL, NULL, 0, 1, 0, 0, 1, NULL, NULL, NULL, NULL, 1, 'alphanumeric', 'asc', NULL, NULL, NULL, NULL, NULL, NULL, NULL, NULL, NULL, NULL, NULL, 1, 0, NULL, NULL, NULL, NULL, NULL),
('core_profile_view', '', 0, 0, 0, 'core_actor_id', NULL, NULL, 0, 1, 0, 0, 1, 8, NULL, NULL, NULL, NULL, NULL, NULL, NULL, NULL, NULL, NULL, NULL, NULL, NULL, NULL, NULL, NULL, NULL, 1, 0, NULL, NULL, NULL, NULL, NULL),
('core_profile_view', '', 0, 0, 2, 'core_actor_fullname', NULL, NULL, 0, 1, 0, 0, 1, NULL, NULL, NULL, NULL, NULL, NULL, NULL, NULL, NULL, NULL, NULL, NULL, NULL, NULL, NULL, NULL, NULL, NULL, 1, 0, NULL, NULL, NULL, NULL, NULL),
('core_profile_view', '', 0, 0, 8, 'core_actor_biography', NULL, NULL, 0, 1, 0, 0, 1, NULL, NULL, NULL, NULL, NULL, NULL, NULL, NULL, NULL, NULL, NULL, NULL, NULL, NULL, NULL, NULL, NULL, NULL, 1, 0, NULL, NULL, NULL, NULL, NULL),
('core_profile_view', '', 0, 1, 2, 'core_actor_avatar', NULL, NULL, 0, 0, 0, 0, 1, 4, NULL, NULL, NULL, NULL, NULL, NULL, NULL, NULL, NULL, NULL, NULL, NULL, NULL, NULL, NULL, NULL, NULL, 1, 0, NULL, NULL, NULL, NULL, NULL),
('core_profiles_page', '', 0, 0, 0, 'core_profile_table', 'actors', NULL, 0, 1, 0, 0, 1, NULL, NULL, NULL, NULL, NULL, NULL, NULL, NULL, NULL, NULL, NULL, NULL, NULL, 'view', NULL, NULL, NULL, NULL, 1, 0, NULL, NULL, NULL, NULL, NULL),
('core_user_actor', '', 0, 0, 2, 'core_actor_fullname', NULL, NULL, 0, 1, 0, 0, 1, NULL, NULL, NULL, NULL, NULL, NULL, NULL, NULL, NULL, NULL, NULL, NULL, NULL, NULL, NULL, NULL, NULL, NULL, 1, 0, NULL, NULL, NULL, NULL, NULL),
('core_user_actor', '', 0, 0, 4, 'core_actor_shortname', NULL, NULL, 0, 1, 0, 0, 1, NULL, NULL, NULL, NULL, NULL, NULL, NULL, NULL, NULL, NULL, NULL, NULL, NULL, NULL, NULL, NULL, NULL, NULL, 1, 0, NULL, NULL, NULL, NULL, NULL),
('core_user_actor', '', 0, 0, 6, 'core_actor_initials', NULL, NULL, 0, 1, 0, 0, 1, NULL, NULL, NULL, NULL, NULL, NULL, NULL, NULL, NULL, NULL, NULL, NULL, NULL, NULL, NULL, NULL, NULL, NULL, 1, 0, NULL, NULL, NULL, NULL, NULL),
('core_user_actor', '', 0, 0, 8, 'core_actor_address', NULL, NULL, 0, 1, 0, 0, 1, NULL, 1, NULL, NULL, NULL, NULL, NULL, NULL, NULL, NULL, NULL, NULL, NULL, NULL, NULL, NULL, NULL, NULL, 1, 0, NULL, NULL, NULL, NULL, NULL),
('core_user_actor', '', 0, 0, 10, 'core_actor_telephone', NULL, NULL, 0, 1, 0, 0, 1, NULL, NULL, NULL, NULL, NULL, NULL, NULL, NULL, NULL, NULL, NULL, NULL, NULL, NULL, NULL, NULL, NULL, NULL, 1, 0, NULL, NULL, NULL, NULL, NULL),
('core_user_actor', '', 0, 0, 18, 'core_actor_biography', NULL, NULL, 0, 1, 0, 0, 1, NULL, NULL, NULL, NULL, NULL, NULL, NULL, NULL, NULL, NULL, NULL, NULL, NULL, NULL, NULL, NULL, NULL, NULL, 1, 0, NULL, NULL, NULL, NULL, NULL),
('core_user_actor', '', 0, 0, 20, 'core_actor_avatar', NULL, 0, 0, 1, 0, 0, 1, NULL, NULL, NULL, NULL, NULL, NULL, NULL, NULL, NULL, NULL, NULL, NULL, NULL, NULL, NULL, NULL, NULL, NULL, 1, 0, NULL, NULL, NULL, NULL, NULL),
('core_user_credentials', '', 0, 0, 0, 'core_widget_username', NULL, NULL, 0, 1, 0, 0, 1, NULL, NULL, NULL, NULL, NULL, NULL, NULL, NULL, NULL, NULL, NULL, NULL, NULL, NULL, NULL, 'active', NULL, NULL, 1, 0, NULL, NULL, NULL, NULL, NULL),
('core_user_credentials', '', 0, 0, 2, 'core_widget_email', NULL, NULL, 0, 1, 0, 0, 1, NULL, NULL, NULL, NULL, NULL, NULL, NULL, NULL, NULL, NULL, NULL, NULL, NULL, NULL, NULL, 'active', NULL, NULL, 1, 0, NULL, NULL, NULL, NULL, NULL),
('core_user_credentials', '', 0, 0, 4, 'core_widget_password_confirm', NULL, NULL, 0, 1, 0, 0, 1, NULL, NULL, NULL, NULL, NULL, NULL, NULL, NULL, NULL, NULL, NULL, NULL, NULL, NULL, NULL, 'active', NULL, NULL, 1, 0, NULL, NULL, NULL, NULL, NULL),
('core_user_filter', '', 0, 0, 0, 'core_widget_choice', 'status', 0, 0, 1, 0, 0, 1, NULL, NULL, NULL, NULL, NULL, NULL, NULL, 'core.security.user.status', NULL, NULL, NULL, NULL, NULL, NULL, NULL, NULL, NULL, NULL, 1, 0, NULL, NULL, '{\"attr\": {\"style\": \"width:95%\"}}', NULL, NULL),
('core_user_filter', '', 0, 2, 0, 'core_widget_submit', NULL, NULL, 0, 1, 0, 0, 1, NULL, NULL, NULL, NULL, NULL, NULL, NULL, NULL, NULL, NULL, NULL, NULL, NULL, NULL, NULL, NULL, NULL, NULL, 1, 0, 'core.button.select', NULL, NULL, NULL, NULL),
('core_user_login', '', 0, 0, 0, 'core_widget_username', NULL, NULL, 0, 1, 0, 0, 1, NULL, NULL, NULL, NULL, NULL, NULL, NULL, NULL, NULL, NULL, NULL, NULL, NULL, NULL, NULL, 'active', NULL, NULL, 1, 0, NULL, NULL, NULL, NULL, NULL),
('core_user_login', '', 0, 0, 2, 'core_widget_password', NULL, NULL, 0, 1, 0, 0, 1, NULL, NULL, NULL, NULL, NULL, NULL, NULL, NULL, NULL, NULL, NULL, NULL, NULL, NULL, NULL, 'active', NULL, NULL, 1, 0, NULL, NULL, NULL, NULL, NULL),
('core_user_login', '', 0, 0, 4, 'core_widget_submit', NULL, NULL, 0, 1, 0, 0, 1, NULL, NULL, NULL, NULL, NULL, NULL, NULL, NULL, NULL, NULL, NULL, NULL, NULL, NULL, NULL, 'active', NULL, NULL, 1, 0, 'core.user.login', NULL, NULL, NULL, NULL),
('core_user_password_change', '', 0, 0, 0, 'core_widget_password', NULL, NULL, 0, 1, 0, 0, 1, NULL, NULL, NULL, NULL, NULL, NULL, NULL, NULL, NULL, NULL, NULL, NULL, NULL, NULL, NULL, 'active', NULL, NULL, 1, 0, 'core.user.password.current', NULL, NULL, NULL, NULL),
('core_user_password_change', '', 0, 0, 2, 'core_widget_password_confirm', NULL, NULL, 0, 1, 0, 0, 1, NULL, NULL, NULL, NULL, NULL, NULL, NULL, NULL, NULL, NULL, NULL, NULL, NULL, NULL, NULL, 'active', NULL, NULL, 1, 0, NULL, NULL, NULL, NULL, NULL),
('core_user_password_change', '', 0, 0, 4, 'core_widget_submit', 'save', NULL, 0, 1, 0, 0, 1, NULL, NULL, NULL, NULL, NULL, NULL, NULL, NULL, NULL, NULL, NULL, NULL, NULL, NULL, NULL, 'active', NULL, NULL, 1, 0, 'core.button.change', NULL, NULL, NULL, NULL),
('core_user_password_set', '', 0, 0, 0, 'core_widget_password_confirm', NULL, NULL, 0, 1, 0, 0, 1, NULL, NULL, NULL, NULL, NULL, NULL, NULL, NULL, NULL, NULL, NULL, NULL, NULL, NULL, NULL, 'active', NULL, NULL, 1, 0, NULL, NULL, NULL, NULL, NULL),
('core_user_password_set', '', 0, 0, 2, 'core_widget_submit', 'password_set', NULL, 0, 1, 0, 0, 1, NULL, NULL, NULL, NULL, NULL, NULL, NULL, NULL, NULL, NULL, NULL, NULL, NULL, NULL, NULL, 'active', NULL, NULL, 1, 0, 'core.button.save', NULL, NULL, NULL, NULL),
('core_user_profile', '', 1, 1, 0, 'core_user_password_change', NULL, NULL, 0, 1, 0, 0, 1, NULL, NULL, NULL, NULL, NULL, NULL, NULL, NULL, NULL, NULL, NULL, NULL, NULL, NULL, NULL, NULL, NULL, NULL, 1, 0, NULL, NULL, NULL, NULL, NULL),
('core_user_register', '', 0, 0, 0, 'core_user_credentials', NULL, NULL, 0, 1, 0, 0, 1, NULL, NULL, NULL, NULL, NULL, NULL, NULL, NULL, NULL, NULL, NULL, NULL, NULL, NULL, 'redact', NULL, NULL, NULL, 1, 0, NULL, NULL, NULL, NULL, NULL),
('core_user_register', '', 0, 0, 2, 'core_user_actor', NULL, NULL, 0, 1, 0, 0, 1, NULL, NULL, NULL, NULL, NULL, NULL, NULL, NULL, NULL, NULL, NULL, NULL, NULL, NULL, 'redact', NULL, NULL, NULL, 1, 0, NULL, NULL, NULL, NULL, NULL),
('core_user_register', '', 0, 0, 4, 'core_user_role', NULL, NULL, 0, 1, 0, 0, 1, NULL, NULL, NULL, NULL, NULL, NULL, NULL, 'core.workflow.role', NULL, NULL, NULL, NULL, NULL, NULL, 'redact', NULL, NULL, NULL, 1, 0, NULL, NULL, NULL, NULL, NULL),
('core_user_register', '', 0, 0, 8, 'core_widget_submit', NULL, NULL, 0, 1, 0, 0, 1, NULL, NULL, NULL, NULL, NULL, NULL, NULL, NULL, NULL, NULL, NULL, NULL, NULL, NULL, 'redact', NULL, NULL, NULL, 1, 0, 'core.user.register', NULL, NULL, NULL, NULL),
('core_user_register', '', 0, 2, 0, 'core_widget_textarea', NULL, NULL, 0, 1, 0, 0, 1, NULL, 1, NULL, NULL, NULL, NULL, NULL, NULL, NULL, NULL, NULL, NULL, NULL, 'view', 'redact', 'static', NULL, NULL, 1, 0, 'core.user.register.faq', NULL, NULL, NULL, NULL),
('core_user_reset', '', 0, 0, 0, 'core_widget_username', NULL, NULL, 0, 1, 0, 0, 1, NULL, NULL, NULL, NULL, NULL, NULL, NULL, NULL, NULL, NULL, NULL, NULL, NULL, NULL, NULL, 'active', NULL, NULL, 1, 0, NULL, NULL, NULL, NULL, NULL),
('core_user_reset', '', 0, 0, 4, 'core_widget_submit', 'reset', NULL, 0, 1, 0, 0, 1, NULL, NULL, NULL, NULL, NULL, NULL, NULL, NULL, NULL, NULL, NULL, NULL, NULL, NULL, NULL, 'active', NULL, NULL, 1, 0, 'core.user.reset', NULL, NULL, NULL, NULL),
('core_user_role', '', 0, 0, 0, 'core_widget_choice', 'role', NULL, 0, 1, 0, 0, 1, NULL, NULL, NULL, NULL, NULL, NULL, NULL, 'dime.workflow.role', NULL, NULL, NULL, NULL, NULL, NULL, 'redact', NULL, NULL, NULL, 1, 0, 'core.workflow.role', NULL, NULL, NULL, NULL),
('core_user_role', '', 0, 0, 4, 'core_widget_choice', 'museum', 0, 0, 1, 0, 0, 1, NULL, NULL, 1, NULL, NULL, NULL, NULL, NULL, NULL, NULL, NULL, NULL, NULL, NULL, 'redact', 'active', NULL, NULL, 1, 0, NULL, NULL, '{\"attr\": {\"style\": \"width:95%\"}}', NULL, NULL),
('core_user_role', '', 0, 0, 6, 'core_widget_date', 'expiry', 0, 0, 1, 0, 0, 1, NULL, NULL, NULL, NULL, NULL, NULL, NULL, NULL, NULL, NULL, NULL, NULL, NULL, NULL, NULL, 'active', NULL, NULL, 1, 0, 'core.user.role.expiry', NULL, NULL, NULL, NULL),
('core_user_role_add', '', 0, 0, 0, 'core_widget_vocabulary', 'role', NULL, 0, 1, 0, 0, 1, NULL, NULL, NULL, NULL, NULL, NULL, NULL, 'dime.workflow.role', NULL, NULL, NULL, NULL, NULL, NULL, 'redact', NULL, NULL, NULL, 1, 0, 'core.workflow.role', NULL, NULL, NULL, NULL),
('core_user_role_add', '', 0, 0, 4, 'core_widget_item', 'museum', 0, 0, 1, 0, 0, 1, NULL, NULL, 1, NULL, NULL, NULL, NULL, NULL, NULL, NULL, NULL, NULL, NULL, NULL, 'redact', 'active', NULL, NULL, 1, 0, NULL, NULL, '{\"attr\": {\"style\": \"width:95%\"}}', NULL, NULL),
('core_user_role_add', '', 0, 0, 6, 'core_widget_date', 'expiry', 0, 0, 1, 0, 0, 1, NULL, NULL, NULL, NULL, NULL, NULL, NULL, NULL, NULL, NULL, NULL, NULL, NULL, NULL, NULL, 'active', NULL, NULL, 1, 0, 'core.user.role.expiry', NULL, NULL, NULL, NULL),
('core_user_role_add', '', 0, 0, 10, 'core_widget_submit', 'role_add', NULL, 0, 1, 0, 0, 1, NULL, NULL, NULL, NULL, NULL, NULL, NULL, NULL, NULL, NULL, NULL, NULL, NULL, NULL, NULL, 'active', NULL, NULL, 1, 0, 'core.button.save', NULL, NULL, NULL, NULL),
('core_workflow_action', '', 0, 0, 0, 'core_widget_choice', 'actions', NULL, 0, 0, 0, 0, 1, NULL, NULL, 1, NULL, NULL, NULL, NULL, NULL, NULL, NULL, NULL, NULL, NULL, NULL, 'redact', 'active', NULL, NULL, 1, 0, NULL, NULL, NULL, NULL, NULL),
('core_workflow_action', '', 0, 0, 2, 'core_widget_submit', 'apply', NULL, 0, 0, 0, 0, 1, NULL, NULL, NULL, NULL, NULL, NULL, NULL, NULL, NULL, NULL, NULL, NULL, NULL, NULL, 'redact', 'active', NULL, NULL, 1, 0, 'core.button.apply', NULL, NULL, NULL, NULL),
('core_workflow_action', '', 0, 2, 0, 'core_widget_choice', 'actors', 0, 0, 0, 0, 0, 1, NULL, NULL, 1, NULL, NULL, NULL, NULL, NULL, NULL, NULL, NULL, NULL, NULL, NULL, 'redact', 'active', NULL, NULL, 1, 0, NULL, NULL, NULL, NULL, NULL),
('core_workflow_action', '', 0, 2, 2, 'core_widget_date', NULL, 0, 0, 0, 0, 0, 1, NULL, NULL, NULL, NULL, NULL, NULL, NULL, NULL, NULL, NULL, NULL, NULL, NULL, NULL, 'redact', 'active', NULL, NULL, 1, 0, NULL, NULL, NULL, NULL, NULL),
('core_workflow_action', '', 0, 4, 0, 'core_widget_textarea', NULL, 0, 0, 0, 0, 0, 1, NULL, NULL, NULL, NULL, NULL, NULL, NULL, NULL, NULL, NULL, NULL, NULL, NULL, NULL, 'redact', 'active', NULL, NULL, 1, 0, NULL, NULL, NULL, NULL, NULL),
('core_workflow_action_form', '', 0, 0, 0, 'core_widget_choice', 'actions', 1, 0, 1, 0, 0, 1, NULL, NULL, 1, NULL, NULL, NULL, NULL, NULL, NULL, NULL, NULL, NULL, NULL, 'edit', 'redact', 'active', NULL, NULL, 1, 0, NULL, NULL, NULL, NULL, NULL),
('core_workflow_action_form', '', 0, 0, 2, 'core_widget_selected', 'selected', 1, 0, 0, 0, 0, 1, NULL, NULL, NULL, NULL, NULL, NULL, NULL, NULL, NULL, NULL, NULL, NULL, NULL, 'edit', 'redact', 'active', NULL, NULL, 1, 0, NULL, NULL, NULL, NULL, NULL),
('core_workflow_action_form', '', 0, 0, 4, 'core_widget_submit', 'apply', 0, 0, 1, 0, 0, 1, NULL, NULL, NULL, NULL, NULL, NULL, NULL, NULL, NULL, NULL, NULL, NULL, NULL, 'edit', 'redact', 'active', NULL, NULL, 1, 0, 'core.button.apply', NULL, NULL, NULL, NULL),
('dime_admin_museum_page', '', 0, 0, 2, 'dime_museum_list', 'museums', NULL, 0, 1, 0, 0, 1, NULL, NULL, NULL, NULL, NULL, NULL, NULL, NULL, NULL, NULL, NULL, NULL, NULL, NULL, NULL, NULL, NULL, NULL, 1, 0, NULL, NULL, NULL, NULL, NULL),
('dime_admin_museum_page', '', 0, 1, 0, 'dime_museum_form', NULL, NULL, 0, 1, 0, 0, 1, NULL, NULL, NULL, NULL, NULL, NULL, NULL, NULL, NULL, NULL, NULL, NULL, NULL, NULL, 'redact', NULL, NULL, NULL, 1, 0, NULL, NULL, NULL, NULL, NULL),
('dime_admin_register_page', '', 0, 0, 0, 'core_user_credentials', NULL, NULL, 0, 1, 0, 0, 1, 6, NULL, NULL, NULL, NULL, NULL, NULL, NULL, NULL, NULL, NULL, NULL, NULL, NULL, 'redact', NULL, NULL, NULL, 1, 0, NULL, NULL, NULL, NULL, NULL),
('dime_admin_register_page', '', 0, 0, 2, 'dime_user_register_actor', NULL, NULL, 0, 1, 0, 0, 1, NULL, NULL, NULL, NULL, NULL, NULL, NULL, NULL, NULL, NULL, NULL, NULL, NULL, NULL, 'redact', NULL, NULL, NULL, 1, 0, NULL, NULL, NULL, NULL, NULL),
('dime_admin_register_page', '', 0, 0, 4, 'core_user_role', NULL, NULL, 0, 1, 0, 0, 1, NULL, NULL, NULL, NULL, NULL, NULL, NULL, NULL, NULL, NULL, NULL, NULL, NULL, NULL, NULL, NULL, NULL, NULL, 1, 0, NULL, NULL, NULL, NULL, NULL),
('dime_admin_register_page', '', 0, 0, 6, 'core_widget_submit', NULL, NULL, 0, 1, 0, 0, 1, NULL, NULL, NULL, NULL, NULL, NULL, NULL, NULL, NULL, NULL, NULL, NULL, NULL, NULL, NULL, NULL, NULL, NULL, 1, 0, 'core.user.register', NULL, NULL, NULL, NULL),
('dime_admin_user_page', '', 0, 0, 0, 'dime_user_filter', 'filter', NULL, 0, 1, 0, 0, 1, NULL, NULL, NULL, NULL, NULL, NULL, NULL, NULL, NULL, NULL, NULL, NULL, NULL, NULL, NULL, NULL, NULL, NULL, 1, 0, NULL, NULL, NULL, NULL, NULL),
('dime_admin_user_page', '', 0, 0, 2, 'dime_profile_list_action', 'actors', NULL, 0, 1, 0, 0, 1, NULL, NULL, NULL, NULL, NULL, NULL, NULL, NULL, NULL, NULL, NULL, NULL, NULL, NULL, NULL, NULL, NULL, NULL, 1, 0, NULL, NULL, NULL, NULL, NULL),
('dime_admin_user_page', '', 0, 1, 0, 'dime_user_actor', NULL, NULL, 0, 1, 0, 0, 1, NULL, NULL, NULL, NULL, NULL, NULL, NULL, NULL, NULL, NULL, NULL, NULL, NULL, NULL, 'redact', NULL, NULL, NULL, 1, 0, NULL, NULL, NULL, NULL, NULL),
('dime_admin_user_page', '', 0, 1, 2, 'core_widget_hr', NULL, NULL, 0, 1, 0, 0, 1, NULL, NULL, NULL, NULL, NULL, NULL, NULL, NULL, NULL, NULL, NULL, NULL, NULL, NULL, 'redact', NULL, NULL, NULL, 1, 0, NULL, NULL, NULL, NULL, NULL),
('dime_admin_user_page', '', 0, 1, 4, 'dime_user_status', NULL, NULL, 0, 1, 0, 0, 1, NULL, NULL, NULL, NULL, NULL, NULL, NULL, NULL, NULL, NULL, NULL, NULL, NULL, NULL, NULL, NULL, NULL, NULL, 1, 0, NULL, NULL, NULL, NULL, NULL),
('dime_admin_user_page', '', 0, 1, 6, 'core_widget_hr', NULL, NULL, 0, 1, 0, 0, 1, NULL, NULL, NULL, NULL, NULL, NULL, NULL, NULL, NULL, NULL, NULL, NULL, NULL, NULL, 'redact', NULL, NULL, NULL, 1, 0, NULL, NULL, NULL, NULL, NULL),
('dime_admin_user_page', '', 0, 1, 8, 'core_user_password_set', NULL, NULL, 0, 1, 0, 0, 1, NULL, NULL, NULL, NULL, NULL, NULL, NULL, NULL, NULL, NULL, NULL, NULL, NULL, NULL, NULL, NULL, NULL, NULL, 1, 0, NULL, NULL, NULL, NULL, NULL),
('dime_find_add', '', 0, 0, 0, 'dime_find_add_case', NULL, NULL, 0, 0, 0, 0, 1, NULL, NULL, NULL, NULL, NULL, NULL, NULL, NULL, NULL, NULL, NULL, NULL, NULL, NULL, 'redact', NULL, NULL, NULL, 1, 0, NULL, NULL, NULL, NULL, NULL),
('dime_find_add', '', 0, 0, 2, 'dime_find_event', NULL, NULL, 0, 0, 0, 0, 1, NULL, NULL, NULL, NULL, NULL, NULL, NULL, NULL, NULL, NULL, NULL, NULL, NULL, NULL, 'redact', NULL, NULL, NULL, 1, 0, NULL, NULL, NULL, NULL, NULL),
('dime_find_add', '', 0, 0, 4, 'dime_find_geo', NULL, NULL, 0, 0, 0, 0, 1, NULL, NULL, NULL, NULL, NULL, NULL, NULL, NULL, NULL, NULL, NULL, NULL, NULL, NULL, 'redact', NULL, NULL, NULL, 1, 0, NULL, NULL, NULL, NULL, NULL),
('dime_find_add', '', 0, 0, 6, 'dime_find_photo', NULL, NULL, 0, 0, 0, 0, 1, NULL, NULL, NULL, NULL, NULL, NULL, NULL, NULL, NULL, NULL, NULL, NULL, NULL, NULL, 'redact', NULL, NULL, NULL, 1, 0, NULL, NULL, NULL, NULL, NULL),
('dime_find_add', '', 0, 1, 0, 'dime_find_artefact', NULL, NULL, 0, 0, 0, 0, 1, NULL, NULL, NULL, NULL, NULL, NULL, NULL, NULL, NULL, NULL, NULL, NULL, NULL, NULL, 'redact', NULL, NULL, NULL, 1, 0, NULL, NULL, NULL, NULL, NULL),
('dime_find_add', '', 0, 1, 4, 'core_widget_submit', 'save', NULL, 0, 1, 0, 0, 1, NULL, NULL, NULL, NULL, NULL, NULL, NULL, NULL, NULL, NULL, NULL, NULL, NULL, 'edit', NULL, NULL, NULL, NULL, 1, 0, 'dime.find.save', NULL, NULL, NULL, NULL),
('dime_find_add_case', '', 0, 0, 4, 'dime_find_case', NULL, NULL, 0, 1, 1, 0, 1, NULL, NULL, NULL, NULL, NULL, NULL, NULL, NULL, NULL, NULL, NULL, NULL, NULL, NULL, NULL, NULL, NULL, NULL, 1, 0, NULL, NULL, NULL, NULL, NULL),
('dime_find_artefact', '', 0, 0, 0, 'dime_widget_classify', NULL, NULL, 0, 1, 1, 0, 1, NULL, NULL, NULL, NULL, NULL, NULL, NULL, NULL, NULL, NULL, NULL, NULL, NULL, NULL, NULL, NULL, NULL, NULL, 1, 0, NULL, NULL, '{\"attr\": {\"data-toggle\": \"modal\", \"data-target\":\"#dating-modal\"}}', NULL, NULL),
('dime_find_artefact', '', 0, 0, 2, 'dime_find_class', NULL, NULL, 0, 1, 1, 0, 1, NULL, NULL, 1, NULL, NULL, NULL, NULL, NULL, NULL, NULL, NULL, NULL, NULL, NULL, NULL, 'readonly', NULL, NULL, 1, 0, NULL, NULL, NULL, NULL, NULL),
('dime_find_artefact', '', 0, 0, 4, 'dime_find_classification', NULL, NULL, 0, 1, 1, 0, 1, NULL, NULL, 1, NULL, NULL, NULL, NULL, NULL, NULL, NULL, NULL, NULL, NULL, NULL, NULL, 'readonly', NULL, NULL, 1, 0, NULL, NULL, NULL, NULL, NULL),
('dime_find_artefact', '', 0, 0, 6, 'dime_find_dating', NULL, NULL, 0, 1, 1, 0, 1, NULL, NULL, NULL, NULL, NULL, NULL, NULL, NULL, NULL, NULL, NULL, NULL, NULL, NULL, NULL, 'readonly', NULL, NULL, 1, 0, NULL, NULL, NULL, NULL, NULL),
('dime_find_artefact', '', 0, 0, 8, 'dime_find_mint', NULL, NULL, 0, 1, 1, 0, 1, NULL, NULL, NULL, NULL, NULL, NULL, NULL, NULL, NULL, NULL, NULL, NULL, NULL, NULL, NULL, NULL, NULL, NULL, 1, 0, NULL, NULL, NULL, NULL, NULL),
('dime_find_artefact', '', 0, 0, 10, 'dime_find_issuer', NULL, NULL, 0, 1, 1, 0, 1, NULL, NULL, NULL, NULL, NULL, NULL, NULL, NULL, NULL, NULL, NULL, NULL, NULL, NULL, NULL, NULL, NULL, NULL, 1, 0, NULL, NULL, NULL, NULL, NULL),
('dime_find_artefact', '', 0, 0, 12, 'dime_find_material', NULL, NULL, 0, 1, 1, 0, 1, NULL, NULL, 1, NULL, NULL, NULL, NULL, NULL, NULL, NULL, NULL, NULL, NULL, NULL, NULL, NULL, NULL, NULL, 1, 0, NULL, NULL, NULL, NULL, NULL),
('dime_find_artefact', '', 0, 0, 14, 'dime_find_secondary', NULL, NULL, 0, 1, 1, 0, 1, NULL, NULL, 1, NULL, NULL, NULL, NULL, NULL, NULL, NULL, NULL, NULL, NULL, NULL, NULL, NULL, NULL, NULL, 1, 0, NULL, NULL, NULL, NULL, NULL),
('dime_find_artefact', '', 0, 0, 16, 'dime_find_condition', NULL, NULL, 0, 1, 1, 0, 1, NULL, NULL, 1, NULL, NULL, NULL, NULL, NULL, NULL, NULL, NULL, NULL, NULL, NULL, NULL, NULL, NULL, NULL, 1, 0, NULL, NULL, NULL, NULL, NULL),
('dime_find_artefact', '', 0, 0, 18, 'dime_find_weight', NULL, NULL, 0, 1, 1, 0, 1, NULL, NULL, NULL, NULL, NULL, NULL, NULL, NULL, NULL, NULL, NULL, NULL, NULL, NULL, NULL, NULL, 'readonly', NULL, 1, 0, NULL, NULL, NULL, NULL, NULL),
('dime_find_artefact', '', 0, 0, 20, 'dime_find_length', NULL, NULL, 0, 1, 1, 0, 1, NULL, NULL, NULL, NULL, NULL, NULL, NULL, NULL, NULL, NULL, NULL, NULL, NULL, NULL, NULL, NULL, 'readonly', NULL, 1, 0, NULL, NULL, NULL, NULL, NULL),
('dime_find_artefact', '', 0, 0, 22, 'dime_find_description', NULL, NULL, 0, 1, 1, 0, 1, NULL, NULL, NULL, NULL, NULL, NULL, NULL, NULL, NULL, NULL, NULL, NULL, NULL, NULL, NULL, NULL, NULL, NULL, 1, 0, NULL, NULL, NULL, NULL, NULL),
('dime_find_edit', '', 0, 0, 0, 'dime_find_event', NULL, NULL, 0, 1, 0, 0, 1, NULL, NULL, NULL, NULL, NULL, NULL, NULL, NULL, NULL, NULL, NULL, NULL, NULL, NULL, NULL, NULL, NULL, NULL, 1, 0, NULL, NULL, NULL, NULL, NULL),
('dime_find_edit', '', 0, 1, 0, 'dime_find_artefact', NULL, NULL, 0, 1, 0, 0, 1, NULL, NULL, NULL, NULL, NULL, NULL, NULL, NULL, NULL, NULL, NULL, NULL, NULL, NULL, NULL, NULL, NULL, NULL, 1, 0, NULL, NULL, NULL, NULL, NULL),
('dime_find_event', '', 0, 0, 0, 'dime_find_finder', NULL, NULL, 0, 1, 1, 0, 1, NULL, NULL, 1, NULL, NULL, NULL, NULL, NULL, NULL, NULL, NULL, NULL, NULL, NULL, NULL, NULL, NULL, NULL, 1, 0, NULL, NULL, NULL, NULL, NULL),
('dime_find_event', '', 0, 0, 2, 'dime_find_finder_id', NULL, NULL, 0, 1, 1, 0, 1, NULL, NULL, NULL, NULL, NULL, NULL, NULL, NULL, NULL, NULL, NULL, NULL, NULL, NULL, NULL, NULL, NULL, NULL, 1, 0, NULL, NULL, NULL, NULL, NULL),
('dime_find_event', '', 0, 0, 4, 'dime_find_finder_place', NULL, NULL, 0, 1, 1, 0, 1, NULL, NULL, NULL, NULL, NULL, NULL, NULL, NULL, NULL, NULL, NULL, NULL, NULL, NULL, NULL, NULL, NULL, NULL, 1, 0, NULL, NULL, NULL, NULL, NULL),
('dime_find_event', '', 0, 0, 6, 'dime_find_finddate', NULL, NULL, 0, 1, 1, 0, 1, NULL, NULL, NULL, NULL, NULL, NULL, NULL, NULL, NULL, NULL, NULL, NULL, NULL, NULL, NULL, NULL, NULL, NULL, 1, 0, NULL, NULL, NULL, NULL, NULL),
('dime_find_filter', '', 0, 0, 0, 'core_widget_choice', 'municipality', 0, 0, 1, 0, 0, 1, NULL, NULL, NULL, NULL, NULL, NULL, NULL, 'dime.denmark.municipality', NULL, NULL, NULL, NULL, NULL, NULL, NULL, 'active', NULL, NULL, 1, 0, NULL, NULL, '{\"multiple\":true, \"attr\": {\"style\": \"width:95%\"}}', NULL, NULL),
('dime_find_filter', '', 0, 2, 0, 'core_widget_choice', 'class', 0, 0, 1, 0, 0, 1, NULL, NULL, NULL, NULL, NULL, NULL, NULL, 'dime.find.class', NULL, NULL, NULL, NULL, NULL, NULL, NULL, 'active', NULL, NULL, 1, 0, NULL, NULL, '{\"multiple\":true, \"attr\": {\"style\": \"width:95%\"}}', NULL, NULL),
('dime_find_filter', '', 0, 4, 0, 'core_widget_choice', 'period', 0, 0, 1, 0, 0, 1, NULL, NULL, NULL, NULL, NULL, NULL, NULL, 'dime.period', NULL, NULL, NULL, NULL, NULL, NULL, NULL, 'active', NULL, NULL, 1, 0, NULL, NULL, '{\"attr\": {\"style\": \"width:95%\"}}', NULL, NULL),
('dime_find_filter', '', 0, 6, 0, 'core_widget_choice', 'material', 0, 0, 1, 0, 0, 1, NULL, NULL, NULL, NULL, NULL, NULL, NULL, 'dime.material', NULL, NULL, NULL, NULL, NULL, NULL, NULL, 'active', NULL, NULL, 1, 0, NULL, NULL, '{\"multiple\":true, \"attr\": {\"style\": \"width:95%\"}}', NULL, NULL),
('dime_find_filter', '', 0, 8, 0, 'core_widget_submit', 'search', 0, 0, 1, 0, 0, 1, NULL, NULL, NULL, NULL, NULL, NULL, NULL, NULL, NULL, NULL, NULL, NULL, NULL, NULL, NULL, 'active', NULL, NULL, 1, 0, 'core.button.search', NULL, NULL, NULL, NULL),
('dime_find_filter', '', 2, 0, 0, 'core_widget_choice', 'museum', 0, 0, 1, 0, 0, 1, NULL, NULL, 1, NULL, NULL, NULL, NULL, NULL, NULL, NULL, NULL, NULL, NULL, NULL, NULL, 'active', NULL, NULL, 1, 0, 'core.actor.class.museum', NULL, '{\"attr\": {\"style\": \"width:95%\"}}', NULL, NULL),
('dime_find_filter', '', 2, 2, 0, 'core_widget_choice', 'finder', 0, 0, 1, 0, 0, 1, NULL, NULL, 1, NULL, NULL, NULL, NULL, NULL, NULL, NULL, NULL, NULL, NULL, NULL, NULL, 'active', NULL, NULL, 1, 0, 'dime.find.finder', NULL, '{\"attr\": {\"style\": \"width:95%\"}}', NULL, NULL),
('dime_find_filter', '', 2, 4, 0, 'core_widget_choice', 'status', 0, 0, 1, 0, 0, 1, NULL, NULL, NULL, NULL, NULL, NULL, NULL, 'dime.find.process', NULL, NULL, NULL, NULL, NULL, NULL, NULL, 'active', NULL, NULL, 1, 0, NULL, NULL, '{\"attr\": {\"style\": \"width:95%\"}}', NULL, NULL),
('dime_find_filter', '', 2, 6, 0, 'core_widget_choice', 'treasure', 0, 0, 1, 0, 0, 1, NULL, NULL, NULL, NULL, NULL, NULL, NULL, 'dime.treasure', NULL, NULL, NULL, NULL, NULL, NULL, NULL, 'active', NULL, NULL, 1, 0, NULL, NULL, '{\"attr\": {\"style\": \"width:95%\"}}', NULL, NULL),
('dime_find_filter', '', 2, 8, 0, 'core_widget_submit', 'clear', 0, 0, 1, 0, 0, 1, NULL, NULL, NULL, NULL, NULL, NULL, NULL, NULL, NULL, NULL, NULL, NULL, NULL, NULL, NULL, 'active', NULL, NULL, 1, 0, 'core.button.clear', NULL, NULL, NULL, NULL),
('dime_find_filter', '', 4, 0, 0, 'core_widget_choice', 'visibility', 0, 0, 1, 0, 0, 1, NULL, NULL, NULL, NULL, NULL, NULL, NULL, 'core.visibility', NULL, NULL, NULL, NULL, NULL, NULL, NULL, 'active', NULL, NULL, 1, 0, NULL, NULL, '{\"attr\": {\"style\": \"width:95%\"}}', NULL, NULL),
('dime_find_filter', '', 4, 2, 0, 'core_widget_choice', 'custody', 0, 0, 1, 0, 0, 1, NULL, NULL, NULL, NULL, NULL, NULL, NULL, 'dime.find.custody', NULL, NULL, NULL, NULL, NULL, NULL, NULL, 'active', NULL, NULL, 1, 0, NULL, NULL, '{\"attr\": {\"style\": \"width:95%\"}}', NULL, NULL),
('dime_find_filter', '', 4, 4, 0, 'core_widget_date', 'find_date', 0, 0, 1, 0, 0, 1, NULL, NULL, NULL, NULL, NULL, NULL, NULL, NULL, NULL, NULL, NULL, NULL, NULL, NULL, NULL, 'active', NULL, NULL, 1, 0, 'dime.find.finddate', NULL, NULL, NULL, NULL),
('dime_find_filter', '', 4, 6, 0, 'core_widget_date', 'find_date_span', 0, 0, 1, 0, 0, 1, NULL, NULL, NULL, NULL, NULL, NULL, NULL, NULL, NULL, NULL, NULL, NULL, NULL, NULL, NULL, 'active', NULL, NULL, 1, 0, 'dime.find.finddate', NULL, NULL, NULL, NULL),
('dime_find_front_table', '', 0, 0, 0, 'dime_find_id', NULL, NULL, 0, NULL, 0, 0, 0, NULL, NULL, NULL, 0, 1, 'alphanumeric', 'desc', NULL, NULL, NULL, NULL, NULL, NULL, NULL, NULL, NULL, NULL, NULL, 1, 0, NULL, NULL, NULL, NULL, NULL),
('dime_find_front_table', '', 0, 0, 2, 'dime_find_class', NULL, NULL, 0, NULL, 0, 0, 1, NULL, NULL, NULL, 0, 1, 'alphanumeric', 'asc', NULL, NULL, NULL, NULL, NULL, NULL, NULL, NULL, NULL, NULL, NULL, 1, 0, NULL, NULL, NULL, NULL, NULL),
('dime_find_front_table', '', 0, 0, 4, 'dime_find_classification', NULL, NULL, 0, NULL, 0, 0, 1, NULL, NULL, NULL, 0, 1, 'alphanumeric', 'asc', NULL, NULL, NULL, NULL, NULL, NULL, NULL, NULL, NULL, NULL, NULL, 1, 0, NULL, NULL, NULL, NULL, NULL),
('dime_find_front_table', '', 0, 0, 6, 'dime_find_material', NULL, NULL, 0, NULL, 0, 0, 1, NULL, NULL, NULL, 0, 1, 'alphanumeric', 'asc', NULL, NULL, NULL, NULL, NULL, NULL, NULL, NULL, NULL, NULL, NULL, 1, 0, NULL, NULL, NULL, NULL, NULL),
('dime_find_front_table', '', 0, 0, 8, 'dime_find_municipality', NULL, NULL, 0, NULL, 0, 0, 1, NULL, NULL, NULL, 0, 1, 'alphanumeric', 'asc', NULL, NULL, NULL, NULL, NULL, NULL, NULL, NULL, NULL, NULL, NULL, 1, 0, NULL, NULL, NULL, NULL, NULL),
('dime_find_geo', '', 0, 0, 0, 'dime_find_location', NULL, NULL, 0, 1, 1, 0, 1, NULL, NULL, NULL, NULL, NULL, NULL, NULL, NULL, 'dime_map_pick', NULL, NULL, NULL, NULL, NULL, NULL, NULL, NULL, NULL, 1, 0, 'dime.find.coordinates', 'blocks/mappick.html.twig', NULL, NULL, NULL),
('dime_find_geo', '', 0, 0, 2, 'dime_find_municipality', NULL, NULL, 0, 1, 1, 0, 1, NULL, NULL, 1, NULL, NULL, NULL, NULL, NULL, NULL, NULL, NULL, NULL, NULL, NULL, NULL, NULL, NULL, NULL, 1, 0, NULL, NULL, NULL, NULL, NULL),
('dime_find_geo', '', 0, 0, 4, 'dime_find_museum', NULL, NULL, 0, 1, 1, 0, 1, NULL, NULL, 1, NULL, NULL, NULL, NULL, NULL, NULL, NULL, NULL, NULL, NULL, NULL, NULL, NULL, NULL, NULL, 1, 0, NULL, NULL, NULL, NULL, NULL),
('dime_find_item', '', 0, 0, 0, 'dime_find_metadata', NULL, NULL, 0, 0, 0, 0, 1, NULL, NULL, NULL, NULL, NULL, NULL, NULL, NULL, NULL, NULL, NULL, NULL, NULL, NULL, NULL, NULL, NULL, NULL, 1, 0, NULL, NULL, NULL, NULL, NULL),
('dime_find_item', '', 0, 0, 2, 'dime_find_event', NULL, NULL, 0, 0, 0, 0, 1, NULL, NULL, NULL, NULL, NULL, NULL, NULL, NULL, NULL, NULL, NULL, NULL, NULL, NULL, NULL, NULL, NULL, NULL, 1, 0, NULL, NULL, NULL, NULL, NULL),
('dime_find_item', '', 0, 0, 4, 'dime_find_geo', NULL, NULL, 0, 0, 0, 0, 1, NULL, NULL, NULL, NULL, NULL, NULL, NULL, NULL, NULL, NULL, NULL, NULL, NULL, NULL, NULL, NULL, NULL, NULL, 1, 0, NULL, NULL, NULL, NULL, NULL),
('dime_find_item', '', 0, 0, 6, 'dime_find_photo', NULL, NULL, 0, 0, 0, 0, 1, NULL, NULL, NULL, NULL, NULL, NULL, NULL, NULL, NULL, NULL, NULL, NULL, NULL, NULL, NULL, NULL, NULL, NULL, 1, 0, NULL, NULL, NULL, NULL, NULL),
('dime_find_item', '', 0, 1, 0, 'dime_find_artefact', NULL, NULL, 0, 0, 0, 0, 1, NULL, NULL, NULL, NULL, NULL, NULL, NULL, NULL, NULL, NULL, NULL, NULL, NULL, NULL, NULL, NULL, NULL, NULL, 1, 0, NULL, NULL, NULL, NULL, NULL),
('dime_find_item', '', 0, 1, 2, 'dime_find_update', NULL, NULL, 0, 1, 0, 0, 1, NULL, NULL, NULL, NULL, NULL, NULL, NULL, NULL, NULL, NULL, NULL, NULL, NULL, NULL, 'redact', NULL, NULL, NULL, 1, 0, NULL, NULL, NULL, NULL, NULL),
('dime_find_item', '', 0, 1, 4, 'core_widget_submit', 'clone', NULL, 0, 1, 0, 0, 1, NULL, NULL, NULL, NULL, NULL, NULL, NULL, NULL, NULL, 'dime.find', 'clone', 'dime.find.create', 'dime.find.create', 'edit', NULL, 'active', NULL, NULL, 1, 0, 'core.button.clone', NULL, NULL, NULL, NULL),
('dime_find_item', '', 0, 1, 6, 'dime_widget_share', NULL, 0, 0, 1, 0, 0, 1, NULL, NULL, NULL, NULL, NULL, NULL, NULL, NULL, NULL, NULL, NULL, NULL, NULL, 'edit', NULL, 'active', NULL, NULL, 1, 0, 'core.blank', NULL, NULL, NULL, NULL),
('dime_find_list', '', 0, 0, 0, 'dime_find_table', 'items', NULL, 0, 0, 0, 0, 1, NULL, NULL, NULL, NULL, NULL, NULL, NULL, NULL, NULL, NULL, NULL, NULL, NULL, 'view', NULL, NULL, NULL, NULL, 1, 0, NULL, NULL, NULL, NULL, NULL),
('dime_find_list_action', '', 0, 0, 0, 'dime_find_table', 'items', NULL, 0, 0, 0, 0, 1, NULL, NULL, NULL, NULL, NULL, NULL, NULL, NULL, NULL, NULL, NULL, NULL, NULL, 'view', NULL, NULL, NULL, NULL, 1, 0, NULL, NULL, NULL, NULL, NULL),
('dime_find_list_action', '', 0, 0, 2, 'core_workflow_action_form', NULL, NULL, 0, 0, 0, 0, 1, NULL, NULL, NULL, NULL, NULL, NULL, NULL, NULL, NULL, NULL, NULL, NULL, NULL, NULL, NULL, NULL, NULL, NULL, 1, 0, NULL, NULL, NULL, NULL, NULL),
('dime_find_list_public', '', 0, 0, 0, 'dime_find_search_table', 'items', NULL, 0, 0, 0, 0, 1, NULL, NULL, NULL, NULL, NULL, NULL, NULL, NULL, NULL, NULL, NULL, NULL, NULL, 'view', NULL, NULL, NULL, NULL, 1, 0, NULL, NULL, NULL, NULL, NULL),
('dime_find_map', '', 0, 0, 0, 'dime_find_id', NULL, NULL, 0, 1, 0, 0, 1, NULL, NULL, NULL, NULL, NULL, NULL, NULL, NULL, NULL, NULL, NULL, NULL, NULL, NULL, NULL, NULL, NULL, NULL, 1, 0, NULL, NULL, NULL, NULL, NULL),
('dime_find_map', '', 0, 0, 1, 'dime_find_location', NULL, NULL, 0, 1, 0, 0, 1, NULL, NULL, NULL, NULL, NULL, NULL, NULL, NULL, NULL, NULL, NULL, NULL, NULL, NULL, NULL, 'readonly', NULL, NULL, 1, 0, NULL, NULL, NULL, NULL, NULL),
('dime_find_metadata', '', 0, 0, 0, 'dime_find_id', NULL, NULL, 0, 1, 1, 0, 1, NULL, NULL, NULL, NULL, NULL, NULL, NULL, NULL, NULL, NULL, NULL, NULL, NULL, NULL, NULL, 'static', NULL, NULL, 1, 0, NULL, NULL, NULL, NULL, NULL),
('dime_find_metadata', '', 0, 0, 2, 'dime_find_museum_id', NULL, NULL, 0, 1, 1, 0, 1, NULL, NULL, NULL, NULL, NULL, NULL, NULL, NULL, NULL, NULL, NULL, NULL, NULL, NULL, NULL, NULL, NULL, NULL, 1, 0, NULL, NULL, NULL, NULL, NULL),
('dime_find_metadata', '', 0, 0, 4, 'dime_find_case', NULL, NULL, 0, 1, 1, 0, 1, NULL, NULL, NULL, NULL, NULL, NULL, NULL, NULL, NULL, NULL, NULL, NULL, NULL, NULL, NULL, NULL, NULL, NULL, 1, 0, NULL, NULL, NULL, NULL, NULL),
('dime_find_news', '', 0, 0, 0, 'dime_find_list_public', NULL, NULL, 0, 1, 0, 0, 1, NULL, NULL, NULL, NULL, NULL, NULL, NULL, NULL, NULL, NULL, NULL, NULL, NULL, NULL, NULL, NULL, NULL, NULL, 1, 0, NULL, NULL, NULL, NULL, NULL),
('dime_find_photo', '', 0, 0, 1, 'dime_find_images', NULL, NULL, 0, 1, 1, 0, 1, NULL, NULL, NULL, NULL, NULL, NULL, NULL, NULL, NULL, NULL, NULL, NULL, NULL, NULL, NULL, NULL, NULL, NULL, 1, 0, NULL, NULL, NULL, NULL, NULL),
('dime_find_register', '', 0, 0, 0, 'dime_find_location', NULL, NULL, 0, 1, 0, 0, 1, NULL, NULL, NULL, NULL, NULL, NULL, NULL, NULL, 'dime_map_pick', NULL, NULL, NULL, NULL, NULL, NULL, NULL, NULL, NULL, 1, 0, 'dime.find.coordinates', 'blocks/mapmodal.html.twig', NULL, NULL, NULL),
('dime_find_register', '', 0, 0, 2, 'dime_find_images', NULL, NULL, 0, 1, 1, 0, 1, NULL, NULL, NULL, NULL, NULL, NULL, NULL, NULL, NULL, NULL, NULL, NULL, NULL, NULL, NULL, NULL, NULL, NULL, 1, 0, NULL, 'blocks/photomodal.html.twig', NULL, NULL, NULL),
('dime_find_register', '', 0, 0, 6, 'dime_find_class', NULL, NULL, 0, 1, 0, 0, 1, NULL, NULL, 1, NULL, NULL, NULL, NULL, NULL, NULL, NULL, NULL, NULL, NULL, NULL, NULL, NULL, NULL, NULL, 1, 0, NULL, NULL, NULL, NULL, NULL),
('dime_find_register', '', 0, 0, 8, 'dime_find_classification', NULL, NULL, 0, 1, 0, 0, 1, NULL, NULL, 1, NULL, NULL, NULL, NULL, NULL, NULL, NULL, NULL, NULL, NULL, NULL, NULL, 'readonly', NULL, NULL, 1, 0, NULL, 'blocks/registerclassification.html.twig', NULL, NULL, NULL),
('dime_find_register', '', 0, 0, 10, 'dime_find_material', NULL, NULL, 0, 1, 0, 0, 1, NULL, NULL, 1, NULL, NULL, NULL, NULL, NULL, NULL, NULL, NULL, NULL, NULL, NULL, NULL, NULL, NULL, NULL, 1, 0, NULL, NULL, NULL, NULL, NULL),
('dime_find_register', '', 0, 0, 12, 'dime_find_finder_id', NULL, NULL, 0, 1, 1, 0, 1, NULL, NULL, NULL, NULL, NULL, NULL, NULL, NULL, NULL, NULL, NULL, NULL, NULL, NULL, NULL, NULL, NULL, NULL, 1, 0, NULL, NULL, NULL, NULL, NULL),
('dime_find_register', '', 0, 0, 14, 'dime_find_case', NULL, NULL, 0, 1, 1, 0, 1, NULL, NULL, NULL, NULL, NULL, NULL, NULL, NULL, NULL, NULL, NULL, NULL, NULL, NULL, NULL, NULL, NULL, NULL, 1, 0, NULL, NULL, NULL, NULL, NULL),
('dime_find_register', '', 0, 0, 16, 'dime_find_description', NULL, NULL, 0, 1, 0, 0, 1, NULL, NULL, NULL, NULL, NULL, NULL, NULL, NULL, NULL, NULL, NULL, NULL, NULL, NULL, NULL, NULL, NULL, NULL, 1, 0, NULL, NULL, NULL, NULL, NULL),
('dime_find_register', '', 0, 0, 18, 'core_widget_submit', 'save', NULL, 0, 1, 0, 0, 1, NULL, NULL, NULL, NULL, NULL, NULL, NULL, NULL, NULL, NULL, NULL, NULL, NULL, 'edit', NULL, NULL, NULL, NULL, 1, 0, 'dime.find.save', NULL, NULL, NULL, NULL),
('dime_find_register_page', '', 1, 0, 0, 'dime_find_register_previous', NULL, NULL, 0, NULL, 0, 0, 1, NULL, NULL, NULL, NULL, NULL, NULL, NULL, NULL, NULL, NULL, NULL, NULL, NULL, NULL, NULL, NULL, NULL, NULL, 1, 0, NULL, NULL, NULL, NULL, NULL),
('dime_find_register_page', '', 1, 0, 2, 'dime_find_register', NULL, NULL, 0, NULL, 0, 0, 1, NULL, NULL, NULL, NULL, NULL, NULL, NULL, NULL, NULL, NULL, NULL, NULL, NULL, NULL, NULL, NULL, NULL, NULL, 1, 0, NULL, NULL, NULL, NULL, NULL),
('dime_find_register_previous', '', 0, 0, 0, 'dime_find_id', NULL, NULL, 0, 1, 0, 0, 1, NULL, NULL, NULL, NULL, NULL, NULL, NULL, NULL, NULL, NULL, NULL, NULL, NULL, 'view', NULL, 'static', NULL, NULL, 1, 0, NULL, NULL, NULL, NULL, NULL),
('dime_find_register_previous', '', 0, 0, 2, 'dime_find_class', NULL, NULL, 0, 1, 0, 0, 1, NULL, NULL, NULL, NULL, NULL, NULL, NULL, NULL, NULL, NULL, NULL, NULL, NULL, 'view', NULL, 'static', NULL, NULL, 1, 0, NULL, NULL, NULL, NULL, NULL),
('dime_find_register_previous', '', 0, 0, 4, 'dime_find_classification', NULL, NULL, 0, 1, 0, 0, 1, NULL, NULL, NULL, NULL, NULL, NULL, NULL, NULL, NULL, NULL, NULL, NULL, NULL, 'view', NULL, 'static', NULL, NULL, 1, 0, NULL, NULL, NULL, NULL, NULL),
('dime_find_register_previous', '', 0, 0, 6, 'dime_find_material', NULL, NULL, 0, 1, 0, 0, 1, NULL, NULL, NULL, NULL, NULL, NULL, NULL, NULL, NULL, NULL, NULL, NULL, NULL, 'view', NULL, 'static', NULL, NULL, 1, 0, NULL, NULL, NULL, NULL, NULL),
('dime_find_register_previous', '', 0, 0, 8, 'dime_find_finder_id', NULL, NULL, 0, 1, 0, 0, 1, NULL, NULL, NULL, NULL, NULL, NULL, NULL, NULL, NULL, NULL, NULL, NULL, NULL, 'view', NULL, 'static', NULL, NULL, 1, 0, NULL, NULL, NULL, NULL, NULL),
('dime_find_register_previous', '', 0, 0, 10, 'dime_find_case', NULL, NULL, 0, 1, 0, 0, 1, NULL, NULL, NULL, NULL, NULL, NULL, NULL, NULL, NULL, NULL, NULL, NULL, NULL, 'view', NULL, 'static', NULL, NULL, 1, 0, NULL, NULL, NULL, NULL, NULL),
('dime_find_register_previous', '', 0, 0, 12, 'dime_find_description', NULL, NULL, 0, 1, 0, 0, 1, NULL, NULL, NULL, NULL, NULL, NULL, NULL, NULL, NULL, NULL, NULL, NULL, NULL, 'view', NULL, 'static', NULL, NULL, 1, 0, NULL, NULL, NULL, NULL, NULL),
('dime_find_register_previous', '', 0, 0, 14, 'dime_widget_share', NULL, NULL, 0, 1, 0, 0, 1, NULL, NULL, NULL, NULL, NULL, NULL, NULL, NULL, NULL, NULL, NULL, NULL, NULL, 'edit', NULL, 'active', NULL, NULL, 1, 0, 'core.blank', NULL, NULL, NULL, NULL),
('dime_find_search', '', 0, 0, 0, 'dime_find_filter', NULL, NULL, 0, 0, 0, 0, 1, NULL, NULL, NULL, NULL, NULL, NULL, NULL, NULL, NULL, NULL, NULL, NULL, NULL, NULL, NULL, NULL, NULL, NULL, 1, 0, NULL, NULL, NULL, NULL, NULL),
('dime_find_search', '', 1, 0, 0, 'dime_find_list_public', NULL, NULL, 0, 0, 0, 0, 1, NULL, NULL, NULL, NULL, NULL, NULL, NULL, NULL, NULL, NULL, NULL, NULL, NULL, 'view', NULL, NULL, NULL, NULL, 1, 0, NULL, NULL, NULL, NULL, NULL),
('dime_find_search', '', 1, 1, 0, 'dime_find_map', NULL, NULL, 0, 0, 0, 0, 1, NULL, NULL, NULL, NULL, NULL, NULL, NULL, NULL, 'dime_map_public', NULL, NULL, NULL, NULL, 'view', NULL, NULL, NULL, NULL, 1, 0, NULL, NULL, NULL, NULL, NULL),
('dime_find_search_table', '', 0, 0, 0, 'dime_find_id', NULL, NULL, 1, NULL, 0, 0, 0, NULL, NULL, NULL, NULL, 1, 'alphanumeric', 'desc', NULL, NULL, NULL, NULL, NULL, NULL, NULL, NULL, NULL, NULL, NULL, 1, 0, NULL, NULL, NULL, NULL, NULL),
('dime_find_search_table', '', 0, 0, 2, 'dime_find_class', NULL, NULL, 0, NULL, 0, 0, 1, NULL, NULL, NULL, NULL, 1, 'alphanumeric', 'asc', NULL, NULL, NULL, NULL, NULL, NULL, NULL, NULL, NULL, NULL, NULL, 1, 0, NULL, NULL, NULL, NULL, NULL),
('dime_find_search_table', '', 0, 0, 4, 'dime_find_classification', NULL, NULL, 0, NULL, 0, 0, 1, NULL, NULL, NULL, NULL, 1, 'alphanumeric', 'asc', NULL, NULL, NULL, NULL, NULL, NULL, NULL, NULL, NULL, NULL, NULL, 1, 0, NULL, NULL, NULL, NULL, NULL),
('dime_find_search_table', '', 0, 0, 6, 'dime_find_material', NULL, NULL, 0, NULL, 0, 0, 1, NULL, NULL, NULL, NULL, 1, 'alphanumeric', 'asc', NULL, NULL, NULL, NULL, NULL, NULL, NULL, NULL, NULL, NULL, NULL, 1, 0, NULL, NULL, NULL, NULL, NULL),
('dime_find_search_table', '', 0, 0, 8, 'dime_find_municipality', NULL, NULL, 0, NULL, 0, 0, 1, NULL, NULL, NULL, NULL, 1, 'alphanumeric', 'asc', NULL, NULL, NULL, NULL, NULL, NULL, NULL, NULL, NULL, NULL, NULL, 1, 0, NULL, NULL, NULL, NULL, NULL),
('dime_find_status', '', 0, 0, 0, 'dime_find_process', NULL, NULL, 0, 1, 1, 0, 1, NULL, NULL, 1, NULL, NULL, NULL, NULL, NULL, NULL, NULL, NULL, NULL, NULL, NULL, NULL, 'static', NULL, NULL, 1, 0, NULL, NULL, NULL, NULL, NULL),
('dime_find_status', '', 0, 0, 2, 'dime_find_treasure', NULL, NULL, 0, 1, 1, 0, 1, NULL, NULL, 1, NULL, NULL, NULL, NULL, NULL, NULL, NULL, NULL, NULL, NULL, NULL, NULL, 'static', NULL, NULL, 1, 0, NULL, NULL, NULL, NULL, NULL),
('dime_find_status', '', 0, 0, 4, 'dime_find_claim_link', NULL, NULL, 0, 1, 1, 0, 1, NULL, NULL, 1, NULL, NULL, NULL, NULL, NULL, NULL, NULL, NULL, NULL, NULL, NULL, NULL, NULL, NULL, NULL, 1, 0, NULL, NULL, NULL, NULL, NULL),
('dime_find_status', '', 0, 0, 6, 'dime_find_owner', NULL, NULL, 0, 1, 1, 0, 1, NULL, NULL, 1, NULL, NULL, NULL, NULL, NULL, NULL, NULL, NULL, NULL, NULL, NULL, NULL, 'static', NULL, NULL, 1, 0, NULL, NULL, NULL, NULL, NULL),
('dime_find_status', '', 0, 0, 8, 'dime_find_custody', NULL, NULL, 0, 1, 1, 0, 1, NULL, NULL, 1, NULL, NULL, NULL, NULL, NULL, NULL, NULL, NULL, NULL, NULL, NULL, NULL, 'static', NULL, NULL, 1, 0, NULL, NULL, NULL, NULL, NULL),
('dime_find_status', '', 0, 0, 10, 'dime_find_custodian', NULL, NULL, 0, 1, 1, 0, 1, NULL, NULL, 1, NULL, NULL, NULL, NULL, NULL, NULL, NULL, NULL, NULL, NULL, NULL, NULL, 'static', NULL, NULL, 1, 0, NULL, NULL, NULL, NULL, NULL),
('dime_find_status', '', 0, 0, 12, 'dime_find_recipient', NULL, NULL, 0, 1, 1, 0, 1, NULL, NULL, 1, NULL, NULL, NULL, NULL, NULL, NULL, NULL, NULL, NULL, NULL, NULL, NULL, 'static', NULL, NULL, 1, 0, NULL, NULL, NULL, NULL, NULL),
('dime_find_status', '', 0, 0, 14, 'dime_find_visibility', NULL, NULL, 0, 1, 1, 0, 1, NULL, NULL, 1, NULL, NULL, NULL, NULL, NULL, NULL, NULL, NULL, NULL, NULL, NULL, NULL, 'static', NULL, NULL, 1, 0, NULL, NULL, NULL, NULL, NULL),
('dime_find_status', '', 0, 0, 16, 'dime_find_publish', NULL, NULL, 0, 1, 1, 0, 1, NULL, NULL, NULL, NULL, NULL, NULL, NULL, NULL, NULL, NULL, NULL, NULL, NULL, NULL, NULL, 'static', NULL, NULL, 1, 0, NULL, NULL, NULL, NULL, NULL),
('dime_find_table', '', 0, 0, 0, 'dime_find_id', NULL, NULL, 1, NULL, 0, 0, 0, NULL, NULL, NULL, 1, 1, 'alphanumeric', 'desc', NULL, NULL, NULL, NULL, NULL, NULL, NULL, NULL, NULL, NULL, NULL, 1, 0, NULL, NULL, NULL, NULL, NULL),
('dime_find_table', '', 0, 0, 4, 'dime_find_case', NULL, NULL, 0, NULL, 0, 0, 0, NULL, NULL, NULL, 1, 1, 'alphanumeric', 'asc', NULL, NULL, NULL, NULL, NULL, NULL, NULL, NULL, NULL, NULL, NULL, 1, 0, NULL, NULL, NULL, NULL, NULL),
('dime_find_table', '', 0, 0, 6, 'dime_find_claim', NULL, NULL, 0, NULL, 0, 0, 0, NULL, NULL, NULL, 1, 1, NULL, NULL, NULL, NULL, NULL, NULL, NULL, NULL, NULL, NULL, NULL, NULL, NULL, 1, 0, NULL, NULL, NULL, NULL, NULL),
('dime_find_table', '', 0, 0, 8, 'dime_find_class', NULL, NULL, 0, NULL, 0, 0, 1, NULL, NULL, NULL, 1, 1, 'alphanumeric', 'asc', NULL, NULL, NULL, NULL, NULL, NULL, NULL, NULL, NULL, NULL, NULL, 1, 0, NULL, NULL, NULL, NULL, NULL),
('dime_find_table', '', 0, 0, 10, 'dime_find_classification', NULL, NULL, 0, NULL, 0, 0, 0, NULL, NULL, NULL, 1, 1, 'alphanumeric', 'asc', NULL, NULL, NULL, NULL, NULL, NULL, NULL, NULL, NULL, NULL, NULL, 1, 0, NULL, NULL, NULL, NULL, NULL),
('dime_find_table', '', 0, 0, 12, 'dime_find_condition', NULL, NULL, 0, NULL, 0, 0, 0, NULL, NULL, NULL, 1, 1, 'alphanumeric', 'asc', NULL, NULL, NULL, NULL, NULL, NULL, NULL, NULL, NULL, NULL, NULL, 1, 0, NULL, NULL, NULL, NULL, NULL),
('dime_find_table', '', 0, 0, 14, 'dime_find_custodian', NULL, NULL, 0, NULL, 0, 0, 0, NULL, NULL, NULL, 1, 1, 'alphanumeric', 'asc', NULL, NULL, NULL, NULL, NULL, NULL, NULL, NULL, NULL, NULL, NULL, 1, 0, NULL, NULL, NULL, NULL, NULL),
('dime_find_table', '', 0, 0, 16, 'dime_find_custody', NULL, NULL, 0, NULL, 0, 0, 0, NULL, NULL, NULL, 1, 1, 'alphanumeric', 'asc', NULL, NULL, NULL, NULL, NULL, NULL, NULL, NULL, NULL, NULL, NULL, 1, 0, NULL, NULL, NULL, NULL, NULL),
('dime_find_table', '', 0, 0, 18, 'dime_find_dating', NULL, NULL, 0, NULL, 0, 0, 0, NULL, NULL, NULL, 1, 0, NULL, NULL, NULL, NULL, NULL, NULL, NULL, NULL, NULL, NULL, NULL, NULL, NULL, 1, 0, NULL, NULL, NULL, NULL, NULL);
INSERT INTO `ark_view_cell` (`grp`, `class`, `row`, `col`, `seq`, `element`, `name`, `required`, `is_default`, `label`, `help`, `info`, `visible`, `width`, `placeholder`, `choices`, `exportable`, `sortable`, `sorter`, `sort_order`, `vocabulary`, `map`, `action_schema`, `action`, `view_permission`, `edit_permission`, `mode`, `sanitise`, `value_modus`, `parameter_modus`, `format_modus`, `enabled`, `deprecated`, `keyword`, `template`, `options`, `form_type`, `form_options`) VALUES
('dime_find_table', '', 0, 0, 20, 'dime_find_description', NULL, NULL, 0, NULL, 0, 0, 0, NULL, NULL, NULL, 1, 0, NULL, NULL, NULL, NULL, NULL, NULL, NULL, NULL, NULL, NULL, NULL, NULL, NULL, 1, 0, NULL, NULL, NULL, NULL, NULL),
('dime_find_table', '', 0, 0, 22, 'dime_find_finddate', NULL, NULL, 0, NULL, 0, 0, 0, NULL, NULL, NULL, 1, 1, 'alphanumeric', 'asc', NULL, NULL, NULL, NULL, NULL, NULL, NULL, NULL, NULL, NULL, NULL, 1, 0, NULL, NULL, NULL, NULL, NULL),
('dime_find_table', '', 0, 0, 24, 'dime_find_finder', NULL, NULL, 0, NULL, 0, 0, 0, NULL, NULL, NULL, 1, 1, 'alphanumeric', 'asc', NULL, NULL, NULL, NULL, NULL, NULL, NULL, NULL, NULL, NULL, NULL, 1, 0, NULL, NULL, NULL, NULL, NULL),
('dime_find_table', '', 0, 0, 26, 'dime_find_finder_id', NULL, NULL, 0, NULL, 0, 0, 1, NULL, NULL, NULL, 1, 1, 'alphanumeric', 'asc', NULL, NULL, NULL, NULL, NULL, NULL, NULL, NULL, NULL, NULL, NULL, 1, 0, NULL, NULL, NULL, NULL, NULL),
('dime_find_table', '', 0, 0, 28, 'dime_find_finder_place', NULL, NULL, 0, NULL, 0, 0, 0, NULL, NULL, NULL, 1, 1, 'alphanumeric', 'asc', NULL, NULL, NULL, NULL, NULL, NULL, NULL, NULL, NULL, NULL, NULL, 1, 0, NULL, NULL, NULL, NULL, NULL),
('dime_find_table', '', 0, 0, 30, 'dime_find_issuer', NULL, NULL, 0, NULL, 0, 0, 0, NULL, NULL, NULL, 1, 1, 'alphanumeric', 'asc', NULL, NULL, NULL, NULL, NULL, NULL, NULL, NULL, NULL, NULL, NULL, 1, 0, NULL, NULL, NULL, NULL, NULL),
('dime_find_table', '', 0, 0, 32, 'dime_find_length', NULL, NULL, 0, NULL, 0, 0, 0, NULL, NULL, NULL, 1, 1, 'numeric', 'asc', NULL, NULL, NULL, NULL, NULL, NULL, NULL, NULL, NULL, NULL, NULL, 1, 0, NULL, NULL, NULL, NULL, NULL),
('dime_find_table', '', 0, 0, 34, 'dime_find_location_easting_utm', NULL, NULL, 0, NULL, 0, 0, 0, NULL, NULL, NULL, 1, 0, NULL, NULL, NULL, NULL, NULL, NULL, NULL, NULL, NULL, NULL, NULL, NULL, NULL, 1, 0, NULL, NULL, NULL, NULL, NULL),
('dime_find_table', '', 0, 0, 35, 'dime_find_location_northingutm', NULL, NULL, 0, NULL, 0, 0, 0, NULL, NULL, NULL, 1, 0, NULL, NULL, NULL, NULL, NULL, NULL, NULL, NULL, NULL, NULL, NULL, NULL, NULL, 1, 0, NULL, NULL, NULL, NULL, NULL),
('dime_find_table', '', 0, 0, 36, 'dime_find_material', NULL, NULL, 0, NULL, 0, 0, 1, NULL, NULL, NULL, 1, 1, 'alphanumeric', 'asc', NULL, NULL, NULL, NULL, NULL, NULL, NULL, NULL, NULL, NULL, NULL, 1, 0, NULL, NULL, NULL, NULL, NULL),
('dime_find_table', '', 0, 0, 38, 'dime_find_mint', NULL, NULL, 0, NULL, 0, 0, 0, NULL, NULL, NULL, 1, 1, 'alphanumeric', 'asc', NULL, NULL, NULL, NULL, NULL, NULL, NULL, NULL, NULL, NULL, NULL, 1, 0, NULL, NULL, NULL, NULL, NULL),
('dime_find_table', '', 0, 0, 40, 'dime_find_municipality', NULL, NULL, 0, NULL, 0, 0, 0, NULL, NULL, NULL, 1, 1, 'alphanumeric', 'asc', NULL, NULL, NULL, NULL, NULL, NULL, NULL, NULL, NULL, NULL, NULL, 1, 0, NULL, NULL, NULL, NULL, NULL),
('dime_find_table', '', 0, 0, 42, 'dime_find_museum', NULL, NULL, 0, NULL, 0, 0, 0, NULL, NULL, NULL, 1, 1, 'alphanumeric', 'asc', NULL, NULL, NULL, NULL, NULL, NULL, NULL, NULL, NULL, NULL, NULL, 1, 0, NULL, NULL, NULL, NULL, NULL),
('dime_find_table', '', 0, 0, 44, 'dime_find_museum_id', NULL, NULL, 0, NULL, 0, 0, 0, NULL, NULL, NULL, 1, 1, 'alphanumeric', 'asc', NULL, NULL, NULL, NULL, NULL, NULL, NULL, NULL, NULL, NULL, NULL, 1, 0, NULL, NULL, NULL, NULL, NULL),
('dime_find_table', '', 0, 0, 46, 'dime_find_owner', NULL, NULL, 0, NULL, 0, 0, 0, NULL, NULL, NULL, 1, 1, 'alphanumeric', 'asc', NULL, NULL, NULL, NULL, NULL, NULL, NULL, NULL, NULL, NULL, NULL, 1, 0, NULL, NULL, NULL, NULL, NULL),
('dime_find_table', '', 0, 0, 48, 'dime_find_process', NULL, NULL, 0, NULL, 0, 0, 0, NULL, NULL, NULL, 1, 1, 'alphanumeric', 'asc', NULL, NULL, NULL, NULL, NULL, NULL, NULL, NULL, NULL, NULL, NULL, 1, 0, NULL, NULL, NULL, NULL, NULL),
('dime_find_table', '', 0, 0, 50, 'dime_find_recipient', NULL, NULL, 0, NULL, 0, 0, 0, NULL, NULL, NULL, 1, 1, 'alphanumeric', 'asc', NULL, NULL, NULL, NULL, NULL, NULL, NULL, NULL, NULL, NULL, NULL, 1, 0, NULL, NULL, NULL, NULL, NULL),
('dime_find_table', '', 0, 0, 52, 'dime_find_secondary', NULL, NULL, 0, NULL, 0, 0, 0, NULL, NULL, NULL, 1, 1, 'alphanumeric', 'asc', NULL, NULL, NULL, NULL, NULL, NULL, NULL, NULL, NULL, NULL, NULL, 1, 0, NULL, NULL, NULL, NULL, NULL),
('dime_find_table', '', 0, 0, 54, 'dime_find_treasure', NULL, NULL, 0, NULL, 0, 0, 0, NULL, NULL, NULL, 1, 1, 'alphanumeric', 'asc', NULL, NULL, NULL, NULL, NULL, NULL, NULL, NULL, NULL, NULL, NULL, 1, 0, NULL, NULL, NULL, NULL, NULL),
('dime_find_table', '', 0, 0, 56, 'dime_find_visibility', NULL, NULL, 0, NULL, 0, 0, 0, NULL, NULL, NULL, 1, 1, 'alphanumeric', 'asc', NULL, NULL, NULL, NULL, NULL, NULL, NULL, NULL, NULL, NULL, NULL, 1, 0, NULL, NULL, NULL, NULL, NULL),
('dime_find_table', '', 0, 0, 58, 'dime_find_weight', NULL, NULL, 0, NULL, 0, 0, 0, NULL, NULL, NULL, 1, 1, 'numeric', 'asc', NULL, NULL, NULL, NULL, NULL, NULL, NULL, NULL, NULL, NULL, NULL, 1, 0, NULL, NULL, NULL, NULL, NULL),
('dime_find_update', '', 0, 0, 0, 'core_widget_submit', 'save', NULL, 0, 1, 0, 0, 1, NULL, NULL, NULL, NULL, NULL, NULL, NULL, NULL, NULL, 'dime.find', 'edit', NULL, NULL, 'edit', 'redact', NULL, NULL, NULL, 1, 0, 'core.button.save', NULL, NULL, NULL, NULL),
('dime_find_view', '', 0, 0, 0, 'dime_find_item', NULL, NULL, 0, 1, 0, 0, 1, NULL, NULL, NULL, NULL, NULL, NULL, NULL, NULL, NULL, NULL, NULL, NULL, NULL, NULL, NULL, NULL, NULL, NULL, 1, 0, NULL, NULL, NULL, NULL, NULL),
('dime_find_view', '', 0, 0, 2, 'dime_find_status', NULL, NULL, 0, 1, 0, 0, 1, NULL, NULL, NULL, NULL, NULL, NULL, NULL, NULL, NULL, NULL, NULL, 'dime.find.read.status', NULL, NULL, NULL, NULL, NULL, NULL, 1, 0, 'dime.find.status', NULL, NULL, NULL, NULL),
('dime_find_view', '', 0, 0, 4, 'dime_find_workflow', NULL, NULL, 0, 1, 0, 0, 1, NULL, NULL, NULL, NULL, NULL, NULL, NULL, NULL, NULL, NULL, NULL, 'dime.find.workflow.action', 'dime.find.workflow.action', NULL, NULL, NULL, NULL, NULL, 1, 0, 'core.workflow.action', NULL, NULL, NULL, NULL),
('dime_find_workflow', '', 0, 0, 0, 'core_widget_block', 'participating', 0, 0, 1, 1, 0, 1, NULL, NULL, NULL, NULL, NULL, NULL, NULL, NULL, NULL, NULL, NULL, NULL, NULL, 'edit', 'redact', 'active', NULL, NULL, 1, 0, 'core.blank', 'blocks/participating.html.twig', NULL, NULL, NULL),
('dime_find_workflow', '', 0, 0, 2, 'core_widget_textarea', 'message', 0, 0, 1, 1, 0, 1, NULL, NULL, NULL, NULL, NULL, NULL, NULL, NULL, NULL, NULL, NULL, NULL, NULL, 'edit', 'redact', 'active', NULL, NULL, 1, 0, 'core.message', NULL, NULL, NULL, NULL),
('dime_find_workflow', '', 0, 0, 4, 'core_widget_submit', 'submit', NULL, 0, 1, 1, 0, 1, NULL, NULL, NULL, NULL, NULL, NULL, NULL, NULL, NULL, 'dime.find', 'submit', NULL, NULL, 'edit', 'redact', 'active', NULL, NULL, 1, 0, 'dime.action.submit', NULL, NULL, NULL, NULL),
('dime_find_workflow', '', 0, 0, 6, 'core_widget_choice', 'actions', 0, 0, 1, 1, 0, 1, 10, NULL, 1, NULL, NULL, NULL, NULL, NULL, NULL, NULL, NULL, NULL, NULL, 'edit', 'redact', 'active', NULL, NULL, 1, 0, 'core.workflow.action', NULL, NULL, NULL, NULL),
('dime_find_workflow', '', 0, 0, 8, 'core_widget_submit', 'apply', NULL, 0, 1, 1, 0, 1, 2, NULL, NULL, NULL, NULL, NULL, NULL, NULL, NULL, NULL, NULL, NULL, NULL, 'edit', 'redact', 'active', NULL, NULL, 1, 0, 'core.button.apply', NULL, NULL, NULL, NULL),
('dime_front_page', '', 0, 0, 0, 'dime_find_front_table', NULL, NULL, 0, NULL, 0, 0, 1, NULL, NULL, NULL, NULL, NULL, NULL, NULL, NULL, NULL, NULL, NULL, NULL, NULL, NULL, NULL, NULL, NULL, NULL, 1, 0, NULL, NULL, NULL, NULL, NULL),
('dime_home_find_search', '', 0, 0, 0, 'dime_home_action', NULL, NULL, 0, 1, 0, 0, 1, NULL, NULL, NULL, NULL, NULL, NULL, NULL, NULL, NULL, NULL, NULL, NULL, NULL, NULL, NULL, NULL, NULL, NULL, 1, 0, NULL, NULL, NULL, NULL, NULL),
('dime_home_find_search', '', 1, 0, 0, 'dime_find_filter', NULL, NULL, 0, 0, 0, 0, 1, NULL, NULL, NULL, NULL, NULL, NULL, NULL, NULL, NULL, NULL, NULL, NULL, NULL, NULL, NULL, NULL, NULL, NULL, 1, 0, NULL, NULL, NULL, NULL, NULL),
('dime_home_find_search', '', 2, 0, 0, 'dime_find_list_action', NULL, NULL, 0, 0, 0, 0, 1, NULL, NULL, NULL, NULL, NULL, NULL, NULL, NULL, NULL, NULL, NULL, NULL, NULL, NULL, NULL, NULL, NULL, NULL, 1, 0, 'dime.actions', NULL, NULL, NULL, NULL),
('dime_home_find_search', '', 2, 1, 0, 'dime_find_map', NULL, NULL, 0, 0, 0, 0, 1, NULL, NULL, NULL, NULL, NULL, NULL, NULL, NULL, 'dime_map_user', NULL, NULL, NULL, NULL, 'view', NULL, NULL, NULL, NULL, 1, 0, NULL, NULL, NULL, NULL, NULL),
('dime_home_page', '', 0, 0, 0, 'dime_home_action', NULL, NULL, 0, 1, 0, 0, 1, NULL, NULL, NULL, NULL, NULL, NULL, NULL, NULL, NULL, NULL, NULL, NULL, NULL, NULL, NULL, NULL, NULL, NULL, 1, 0, NULL, NULL, NULL, NULL, NULL),
('dime_home_page', '', 1, 0, 0, 'dime_home_dashboard', NULL, NULL, 0, 1, 0, 0, 1, NULL, NULL, NULL, NULL, NULL, NULL, NULL, NULL, NULL, NULL, NULL, NULL, NULL, NULL, NULL, NULL, NULL, NULL, 1, 0, NULL, NULL, NULL, NULL, NULL),
('dime_home_page', '', 1, 1, 0, 'dime_find_list_public', NULL, NULL, 0, 1, 0, 0, 1, NULL, NULL, NULL, NULL, NULL, NULL, NULL, NULL, NULL, NULL, NULL, NULL, NULL, NULL, NULL, NULL, NULL, NULL, 1, 0, NULL, NULL, NULL, NULL, NULL),
('dime_message_filter', '', 0, 0, 0, 'core_widget_choice', 'status', 1, 0, 1, 0, 0, 1, 10, NULL, NULL, NULL, NULL, NULL, NULL, 'dime.message.status.search', NULL, NULL, NULL, NULL, NULL, NULL, NULL, NULL, NULL, NULL, 1, 0, NULL, NULL, '{\"attr\": {\"style\": \"width:95%\"}}', NULL, NULL),
('dime_message_filter', '', 0, 2, 0, 'core_widget_submit', NULL, NULL, 0, 1, 0, 0, 1, 2, NULL, NULL, NULL, NULL, NULL, NULL, NULL, NULL, NULL, NULL, NULL, NULL, NULL, NULL, NULL, NULL, NULL, 1, 0, 'core.button.select', NULL, NULL, NULL, NULL),
('dime_message_item', '', 0, 0, 2, 'core_message_sender', NULL, NULL, 0, NULL, 0, 0, 1, NULL, NULL, NULL, NULL, NULL, NULL, NULL, NULL, NULL, NULL, NULL, NULL, NULL, NULL, NULL, 'static', NULL, NULL, 1, 0, NULL, NULL, NULL, NULL, NULL),
('dime_message_item', '', 0, 0, 4, 'core_message_sent', NULL, NULL, 0, NULL, 0, 0, 1, NULL, NULL, NULL, NULL, NULL, NULL, NULL, NULL, NULL, NULL, NULL, NULL, NULL, NULL, NULL, 'static', NULL, NULL, 1, 0, NULL, NULL, NULL, NULL, NULL),
('dime_message_item', '', 0, 0, 6, 'core_message_event_object', 'object', NULL, 0, NULL, 0, 0, 1, NULL, NULL, NULL, NULL, NULL, NULL, NULL, NULL, NULL, NULL, NULL, NULL, NULL, NULL, NULL, NULL, NULL, NULL, 1, 0, NULL, NULL, NULL, NULL, NULL),
('dime_message_item', '', 0, 0, 8, 'core_message_event_class', NULL, NULL, 0, NULL, 0, 0, 1, NULL, NULL, NULL, NULL, NULL, NULL, NULL, NULL, NULL, NULL, NULL, NULL, NULL, NULL, NULL, NULL, NULL, NULL, 1, 0, NULL, NULL, NULL, NULL, NULL),
('dime_message_item', '', 0, 0, 10, 'core_message_subject', NULL, NULL, 0, NULL, 0, 0, 1, NULL, NULL, NULL, NULL, NULL, NULL, NULL, NULL, NULL, NULL, NULL, NULL, NULL, NULL, NULL, 'static', NULL, NULL, 1, 0, NULL, NULL, NULL, NULL, NULL),
('dime_message_item', '', 0, 0, 12, 'core_message_body', NULL, NULL, 0, NULL, 0, 0, 1, NULL, NULL, NULL, NULL, NULL, NULL, NULL, NULL, NULL, NULL, NULL, NULL, NULL, NULL, NULL, 'static', NULL, NULL, 1, 0, NULL, NULL, NULL, NULL, NULL),
('dime_message_list', '', 0, 0, 2, 'core_message_table', 'items', NULL, 0, 1, 0, 0, 1, NULL, NULL, NULL, NULL, NULL, NULL, NULL, NULL, NULL, NULL, NULL, NULL, NULL, 'view', NULL, NULL, NULL, NULL, 1, 0, NULL, NULL, NULL, NULL, NULL),
('dime_message_page', '', 0, 0, 0, 'dime_home_action', NULL, NULL, 0, 1, 0, 0, 1, NULL, NULL, NULL, NULL, NULL, NULL, NULL, NULL, NULL, NULL, NULL, NULL, NULL, NULL, NULL, NULL, NULL, NULL, 1, 0, NULL, NULL, NULL, NULL, NULL),
('dime_message_page', '', 1, 0, 0, 'dime_message_filter', NULL, NULL, 0, 1, 0, 0, 1, NULL, NULL, NULL, NULL, NULL, NULL, NULL, NULL, NULL, NULL, NULL, NULL, NULL, NULL, NULL, NULL, NULL, NULL, 1, 0, NULL, NULL, NULL, NULL, NULL),
('dime_message_page', '', 1, 0, 2, 'dime_message_list', NULL, NULL, 0, 1, 0, 0, 1, NULL, NULL, NULL, NULL, NULL, NULL, NULL, NULL, NULL, NULL, NULL, NULL, NULL, NULL, NULL, NULL, NULL, NULL, 1, 0, NULL, NULL, NULL, NULL, NULL),
('dime_message_page', '', 1, 1, 0, 'dime_message_item', NULL, NULL, 0, 1, 0, 0, 1, NULL, NULL, NULL, NULL, NULL, NULL, NULL, NULL, NULL, NULL, NULL, NULL, NULL, NULL, NULL, NULL, NULL, NULL, 1, 0, NULL, NULL, NULL, NULL, NULL),
('dime_museum_form', '', 0, 0, 0, 'core_actor_id', NULL, 0, 0, 1, 0, 0, 1, NULL, NULL, NULL, NULL, NULL, NULL, NULL, NULL, NULL, NULL, NULL, NULL, NULL, 'view', NULL, NULL, NULL, NULL, 1, 0, 'core.user.username', NULL, NULL, NULL, NULL),
('dime_museum_form', '', 0, 0, 2, 'core_actor_fullname', NULL, NULL, 0, 1, 0, 0, 1, NULL, NULL, NULL, NULL, NULL, NULL, NULL, NULL, NULL, NULL, NULL, NULL, NULL, NULL, 'redact', NULL, NULL, NULL, 1, 0, NULL, NULL, NULL, NULL, NULL),
('dime_museum_form', '', 0, 0, 4, 'core_actor_address', NULL, NULL, 0, 1, 0, 0, 1, NULL, NULL, NULL, NULL, NULL, NULL, NULL, NULL, NULL, NULL, NULL, NULL, NULL, NULL, 'redact', NULL, NULL, NULL, 1, 0, NULL, NULL, NULL, NULL, NULL),
('dime_museum_form', '', 0, 0, 6, 'core_actor_telephone', NULL, NULL, 0, 1, 0, 0, 1, NULL, NULL, NULL, NULL, NULL, NULL, NULL, NULL, NULL, NULL, NULL, NULL, NULL, NULL, 'redact', NULL, NULL, NULL, 1, 0, NULL, NULL, NULL, NULL, NULL),
('dime_museum_form', '', 0, 0, 8, 'core_actor_email', NULL, NULL, 0, 1, 0, 0, 1, NULL, NULL, NULL, NULL, NULL, NULL, NULL, NULL, NULL, NULL, NULL, NULL, NULL, NULL, 'redact', NULL, NULL, NULL, 1, 0, NULL, NULL, NULL, NULL, NULL),
('dime_museum_form', '', 0, 0, 10, 'core_actor_biography', NULL, NULL, 0, 1, 0, 0, 1, NULL, NULL, NULL, NULL, NULL, NULL, NULL, NULL, NULL, NULL, NULL, NULL, NULL, NULL, 'redact', NULL, NULL, NULL, 1, 0, NULL, NULL, NULL, NULL, NULL),
('dime_museum_form', '', 0, 0, 12, 'dime_museum_participating', NULL, NULL, 0, 1, 0, 0, 1, NULL, NULL, NULL, NULL, NULL, NULL, NULL, NULL, NULL, NULL, NULL, NULL, NULL, NULL, 'redact', NULL, NULL, NULL, 1, 0, NULL, NULL, NULL, NULL, NULL),
('dime_museum_form', '', 0, 0, 14, 'core_actor_avatar', NULL, 0, 0, 1, 0, 0, 1, NULL, NULL, NULL, NULL, NULL, NULL, NULL, NULL, NULL, NULL, NULL, NULL, NULL, NULL, 'redact', NULL, NULL, NULL, 1, 0, NULL, NULL, NULL, NULL, NULL),
('dime_museum_form', '', 0, 0, 16, 'core_widget_submit', 'save', NULL, 0, 1, 0, 0, 1, NULL, NULL, NULL, NULL, NULL, NULL, NULL, NULL, NULL, NULL, NULL, NULL, NULL, NULL, 'redact', NULL, NULL, NULL, 1, 0, 'core.button.save', NULL, NULL, NULL, NULL),
('dime_museum_list', '', 0, 0, 2, 'dime_museum_table', 'items', NULL, 0, 1, 0, 0, 1, NULL, NULL, NULL, NULL, NULL, NULL, NULL, NULL, NULL, NULL, NULL, NULL, NULL, 'view', NULL, NULL, NULL, NULL, 1, 0, NULL, NULL, NULL, NULL, NULL),
('dime_museum_table', '', 0, 0, 0, 'core_actor_id', NULL, NULL, 0, 0, 0, 0, 1, NULL, NULL, NULL, 1, 1, 'alphanumeric', 'asc', NULL, NULL, NULL, NULL, NULL, NULL, NULL, NULL, NULL, NULL, NULL, 1, 0, NULL, NULL, NULL, NULL, NULL),
('dime_museum_table', '', 0, 0, 2, 'core_actor_fullname', NULL, NULL, 0, 0, 0, 0, 1, NULL, NULL, NULL, 1, 1, 'alphanumeric', 'asc', NULL, NULL, NULL, NULL, NULL, NULL, NULL, NULL, NULL, NULL, NULL, 1, 0, NULL, NULL, NULL, NULL, NULL),
('dime_profile_list', '', 0, 0, 2, 'dime_profile_table', 'items', NULL, 0, 1, 0, 0, 1, NULL, NULL, NULL, NULL, NULL, NULL, NULL, NULL, NULL, NULL, NULL, NULL, NULL, 'view', NULL, NULL, NULL, NULL, 1, 0, NULL, NULL, NULL, NULL, NULL),
('dime_profile_list_action', '', 0, 0, 0, 'dime_profile_table', 'items', NULL, 0, 1, 0, 0, 1, NULL, NULL, NULL, NULL, NULL, NULL, NULL, NULL, NULL, NULL, NULL, NULL, NULL, 'view', NULL, NULL, NULL, NULL, 1, 0, NULL, NULL, NULL, NULL, NULL),
('dime_profile_list_action', '', 0, 0, 2, 'core_workflow_action_form', NULL, NULL, 0, 0, 0, 0, 1, NULL, NULL, NULL, NULL, NULL, NULL, NULL, NULL, NULL, NULL, NULL, NULL, NULL, NULL, NULL, NULL, NULL, NULL, 1, 0, NULL, NULL, NULL, NULL, NULL),
('dime_profile_list_page', '', 0, 0, 0, 'dime_profile_table', 'actors', NULL, 0, 1, 0, 0, 1, NULL, NULL, NULL, NULL, NULL, NULL, NULL, NULL, NULL, NULL, NULL, NULL, NULL, 'view', NULL, NULL, NULL, NULL, 1, 0, NULL, NULL, NULL, NULL, NULL),
('dime_profile_list_page', '', 0, 1, 0, 'dime_find_list', 'finds', NULL, 0, 1, 0, 0, 1, NULL, NULL, NULL, NULL, NULL, NULL, NULL, NULL, NULL, NULL, NULL, NULL, NULL, 'view', NULL, NULL, NULL, NULL, 1, 0, NULL, NULL, NULL, NULL, NULL),
('dime_profile_page', '', 0, 0, 0, 'dime_profile_view', 'actor', NULL, 0, 1, 0, 0, 1, NULL, NULL, NULL, NULL, NULL, NULL, NULL, NULL, NULL, NULL, NULL, NULL, NULL, NULL, NULL, NULL, NULL, NULL, 1, 0, NULL, NULL, NULL, NULL, NULL),
('dime_profile_page', '', 0, 1, 0, 'dime_find_list_public', 'finds', NULL, 0, 1, 0, 0, 1, NULL, NULL, NULL, NULL, NULL, NULL, NULL, NULL, NULL, NULL, NULL, NULL, NULL, NULL, NULL, NULL, NULL, NULL, 1, 0, NULL, NULL, NULL, NULL, NULL),
('dime_profile_table', '', 0, 0, 0, 'core_actor_id', NULL, NULL, 0, 0, 0, 0, 1, NULL, NULL, NULL, NULL, 1, 'alphanumeric', 'asc', NULL, NULL, NULL, NULL, NULL, NULL, NULL, NULL, NULL, NULL, NULL, 1, 0, NULL, NULL, NULL, NULL, NULL),
('dime_profile_table', '', 0, 0, 2, 'core_actor_fullname', NULL, NULL, 0, 0, 0, 0, 1, NULL, NULL, NULL, NULL, 1, 'alphanumeric', 'asc', NULL, NULL, NULL, NULL, NULL, NULL, NULL, NULL, NULL, NULL, NULL, 1, 0, NULL, NULL, NULL, NULL, NULL),
('dime_profile_table', '', 0, 0, 4, 'core_actor_status', NULL, NULL, 0, 0, 0, 0, 1, NULL, NULL, NULL, NULL, 1, 'alphanumeric', 'asc', NULL, NULL, NULL, NULL, NULL, NULL, NULL, NULL, NULL, NULL, NULL, 1, 0, NULL, NULL, NULL, NULL, NULL),
('dime_profile_view', '', 0, 0, 0, 'core_actor_id', NULL, NULL, 0, 1, 0, 0, 1, 8, NULL, NULL, NULL, NULL, NULL, NULL, NULL, NULL, NULL, NULL, NULL, NULL, NULL, NULL, NULL, NULL, NULL, 1, 0, NULL, NULL, NULL, NULL, NULL),
('dime_profile_view', '', 0, 0, 2, 'core_actor_fullname', NULL, NULL, 0, 1, 0, 0, 1, NULL, NULL, NULL, NULL, NULL, NULL, NULL, NULL, NULL, NULL, NULL, NULL, NULL, NULL, NULL, NULL, NULL, NULL, 1, 0, NULL, NULL, NULL, NULL, NULL),
('dime_profile_view', '', 0, 1, 2, 'core_actor_avatar', NULL, NULL, 0, 0, 0, 0, 1, 4, NULL, NULL, NULL, NULL, NULL, NULL, NULL, NULL, NULL, NULL, NULL, NULL, NULL, NULL, NULL, NULL, NULL, 1, 0, NULL, NULL, NULL, NULL, NULL),
('dime_treasure_claimant', '', 0, 0, 0, 'core_actor_fullname', NULL, NULL, 0, 0, 0, 0, 1, NULL, NULL, NULL, NULL, NULL, NULL, NULL, NULL, NULL, NULL, NULL, NULL, NULL, NULL, NULL, 'static', NULL, NULL, 1, 0, NULL, NULL, NULL, NULL, NULL),
('dime_treasure_claimant', '', 0, 0, 2, 'core_actor_address', NULL, NULL, 0, 0, 0, 0, 1, NULL, NULL, NULL, NULL, NULL, NULL, NULL, NULL, NULL, NULL, NULL, NULL, NULL, NULL, NULL, 'static', NULL, NULL, 1, 0, NULL, NULL, NULL, NULL, NULL),
('dime_treasure_claimant', '', 0, 0, 4, 'core_actor_email', NULL, NULL, 0, 0, 0, 0, 1, NULL, NULL, NULL, NULL, NULL, NULL, NULL, NULL, NULL, NULL, NULL, NULL, NULL, NULL, NULL, 'static', NULL, NULL, 1, 0, NULL, NULL, NULL, NULL, NULL),
('dime_treasure_claimant', '', 0, 0, 6, 'core_actor_telephone', NULL, NULL, 0, 0, 0, 0, 1, NULL, NULL, NULL, NULL, NULL, NULL, NULL, NULL, NULL, NULL, NULL, NULL, NULL, NULL, NULL, 'static', NULL, NULL, 1, 0, NULL, NULL, NULL, NULL, NULL),
('dime_treasure_claimant', '', 0, 0, 8, 'dime_actor_detectorist_id', NULL, NULL, 0, 0, 0, 0, 1, NULL, NULL, NULL, NULL, NULL, NULL, NULL, NULL, NULL, NULL, NULL, NULL, NULL, NULL, NULL, 'static', NULL, NULL, 1, 0, NULL, NULL, NULL, NULL, NULL),
('dime_treasure_details', '', 0, 0, 0, 'dime_find_class', NULL, NULL, 0, 0, 0, 0, 1, NULL, NULL, NULL, NULL, NULL, NULL, NULL, NULL, NULL, NULL, NULL, NULL, NULL, NULL, NULL, 'static', NULL, NULL, 1, 0, NULL, NULL, NULL, NULL, NULL),
('dime_treasure_details', '', 0, 2, 0, 'dime_find_classification', NULL, NULL, 0, 0, 0, 0, 1, NULL, NULL, NULL, NULL, NULL, NULL, NULL, NULL, NULL, NULL, NULL, NULL, NULL, NULL, NULL, 'static', NULL, NULL, 1, 0, NULL, NULL, NULL, NULL, NULL),
('dime_treasure_details', '', 2, 0, 0, 'dime_find_material', NULL, NULL, 0, 0, 0, 0, 1, NULL, NULL, NULL, NULL, NULL, NULL, NULL, NULL, NULL, NULL, NULL, NULL, NULL, NULL, NULL, 'static', NULL, NULL, 1, 0, NULL, NULL, NULL, NULL, NULL),
('dime_treasure_details', '', 2, 2, 0, 'dime_find_secondary', NULL, NULL, 0, 0, 0, 0, 1, NULL, NULL, NULL, NULL, NULL, NULL, NULL, NULL, NULL, NULL, NULL, NULL, NULL, NULL, NULL, 'static', NULL, NULL, 1, 0, NULL, NULL, NULL, NULL, NULL),
('dime_treasure_details', '', 4, 0, 0, 'dime_find_dating', NULL, NULL, 0, 0, 0, 0, 1, NULL, NULL, NULL, NULL, NULL, NULL, NULL, NULL, NULL, NULL, NULL, NULL, NULL, NULL, NULL, 'static', NULL, NULL, 1, 0, NULL, NULL, NULL, NULL, NULL),
('dime_treasure_details', '', 6, 0, 0, 'dime_find_condition', NULL, NULL, 0, 0, 0, 0, 1, NULL, NULL, NULL, NULL, NULL, NULL, NULL, NULL, NULL, NULL, NULL, NULL, NULL, NULL, NULL, 'static', NULL, NULL, 1, 0, NULL, NULL, NULL, NULL, NULL),
('dime_treasure_details', '', 6, 2, 0, 'dime_find_weight', NULL, NULL, 0, 0, 0, 0, 1, NULL, NULL, NULL, NULL, NULL, NULL, NULL, NULL, NULL, NULL, NULL, NULL, NULL, NULL, NULL, 'static', NULL, NULL, 1, 0, NULL, NULL, NULL, NULL, NULL),
('dime_treasure_details', '', 6, 4, 0, 'dime_find_length', NULL, NULL, 0, 0, 0, 0, 1, NULL, NULL, NULL, NULL, NULL, NULL, NULL, NULL, NULL, NULL, NULL, NULL, NULL, NULL, NULL, 'static', NULL, NULL, 1, 0, NULL, NULL, NULL, NULL, NULL),
('dime_treasure_details', '', 8, 0, 0, 'dime_find_finddate', NULL, NULL, 0, 0, 0, 0, 1, NULL, NULL, NULL, NULL, NULL, NULL, NULL, NULL, NULL, NULL, NULL, NULL, NULL, NULL, NULL, 'static', NULL, NULL, 1, 0, NULL, NULL, NULL, NULL, NULL),
('dime_treasure_details', '', 8, 2, 0, 'dime_find_municipality', NULL, NULL, 0, 0, 0, 0, 1, NULL, NULL, NULL, NULL, NULL, NULL, NULL, NULL, NULL, NULL, NULL, NULL, NULL, NULL, NULL, 'static', NULL, NULL, 1, 0, NULL, NULL, NULL, NULL, NULL),
('dime_treasure_details', '', 8, 4, 0, 'dime_find_location', NULL, NULL, 0, 0, 0, 0, 1, NULL, NULL, NULL, NULL, NULL, NULL, NULL, NULL, NULL, NULL, NULL, NULL, NULL, NULL, NULL, 'static', NULL, NULL, 1, 0, NULL, NULL, NULL, NULL, NULL),
('dime_treasure_details', '', 10, 0, 0, 'dime_find_description', NULL, NULL, 0, 0, 0, 0, 1, NULL, NULL, NULL, NULL, NULL, NULL, NULL, NULL, NULL, NULL, NULL, NULL, NULL, NULL, NULL, 'static', NULL, NULL, 1, 0, NULL, NULL, NULL, NULL, NULL),
('dime_treasure_find', '', 0, 0, 0, 'dime_find_museum_id', NULL, NULL, 0, 1, 0, 0, 1, 2, NULL, NULL, NULL, NULL, NULL, NULL, NULL, NULL, NULL, NULL, NULL, NULL, NULL, NULL, 'static', NULL, NULL, 1, 0, NULL, NULL, NULL, NULL, NULL),
('dime_treasure_find', '', 0, 2, 0, 'dime_treasure_details', NULL, NULL, 0, 1, 0, 0, 1, 6, NULL, NULL, NULL, NULL, NULL, NULL, NULL, NULL, NULL, NULL, NULL, NULL, NULL, NULL, 'static', NULL, NULL, 1, 0, NULL, NULL, NULL, NULL, NULL),
('dime_treasure_find', '', 0, 4, 0, 'dime_find_images', NULL, NULL, 0, 1, 0, 0, 1, 3, NULL, NULL, NULL, NULL, NULL, NULL, NULL, NULL, NULL, NULL, NULL, NULL, NULL, NULL, 'static', NULL, NULL, 1, 0, NULL, NULL, NULL, NULL, NULL),
('dime_treasure_header', '', 0, 0, 0, 'dime_treasure_museum', NULL, NULL, 0, 1, 0, 0, 1, NULL, NULL, NULL, NULL, NULL, NULL, NULL, NULL, NULL, NULL, NULL, NULL, NULL, 'view', NULL, 'static', NULL, NULL, 1, 0, NULL, NULL, NULL, NULL, NULL),
('dime_treasure_header', '', 0, 2, 0, 'dime_treasure_claimant', NULL, NULL, 0, 1, 0, 0, 1, NULL, NULL, NULL, NULL, NULL, NULL, NULL, NULL, NULL, NULL, NULL, NULL, NULL, 'view', NULL, 'static', NULL, NULL, 1, 0, NULL, NULL, NULL, NULL, NULL),
('dime_treasure_header', '', 0, 4, 0, 'dime_treasure_admin', NULL, NULL, 0, 1, 0, 0, 1, NULL, NULL, NULL, NULL, NULL, NULL, NULL, NULL, NULL, NULL, NULL, NULL, NULL, 'view', NULL, 'static', NULL, NULL, 1, 0, NULL, NULL, NULL, NULL, NULL),
('dime_treasure_list', '', 2, 0, 0, 'dime_treasure_find', NULL, NULL, 0, 1, 0, 0, 1, NULL, NULL, NULL, NULL, NULL, NULL, NULL, NULL, NULL, NULL, NULL, NULL, NULL, 'view', NULL, 'static', NULL, NULL, 1, 0, NULL, NULL, NULL, NULL, NULL),
('dime_treasure_museum', '', 0, 0, 0, 'core_actor_id', NULL, NULL, 0, 1, 0, 0, 1, NULL, NULL, NULL, NULL, NULL, NULL, NULL, NULL, NULL, NULL, NULL, NULL, NULL, NULL, NULL, 'static', NULL, NULL, 1, 0, NULL, NULL, NULL, NULL, NULL),
('dime_treasure_museum', '', 0, 0, 2, 'core_actor_fullname', NULL, NULL, 0, 1, 0, 0, 1, NULL, NULL, NULL, NULL, NULL, NULL, NULL, NULL, NULL, NULL, NULL, NULL, NULL, NULL, NULL, 'static', NULL, NULL, 1, 0, 'core.actor.class.museum', NULL, NULL, NULL, NULL),
('dime_treasure_museum', '', 0, 0, 4, 'core_actor_address', NULL, NULL, 0, 1, 0, 0, 1, NULL, NULL, NULL, NULL, NULL, NULL, NULL, NULL, NULL, NULL, NULL, NULL, NULL, NULL, NULL, 'static', NULL, NULL, 1, 0, NULL, NULL, NULL, NULL, NULL),
('dime_treasure_museum', '', 0, 0, 6, 'core_actor_email', NULL, NULL, 0, 1, 0, 0, 1, NULL, NULL, NULL, NULL, NULL, NULL, NULL, NULL, NULL, NULL, NULL, NULL, NULL, NULL, NULL, 'static', NULL, NULL, 1, 0, NULL, NULL, NULL, NULL, NULL),
('dime_treasure_museum', '', 0, 0, 8, 'core_actor_telephone', NULL, NULL, 0, 1, 0, 0, 1, NULL, NULL, NULL, NULL, NULL, NULL, NULL, NULL, NULL, NULL, NULL, NULL, NULL, NULL, NULL, 'static', NULL, NULL, 1, 0, NULL, NULL, NULL, NULL, NULL),
('dime_treasure_museum', '', 0, 0, 10, 'core_actor_fullname', NULL, NULL, 0, 1, 0, 0, 1, NULL, NULL, NULL, NULL, NULL, NULL, NULL, NULL, NULL, NULL, NULL, NULL, NULL, NULL, NULL, 'static', NULL, NULL, 1, 0, NULL, NULL, NULL, NULL, NULL),
('dime_treasure_museum', '', 0, 0, 12, 'core_widget_date', NULL, NULL, 0, 1, 0, 0, 1, NULL, NULL, NULL, NULL, NULL, NULL, NULL, NULL, NULL, NULL, NULL, NULL, NULL, NULL, NULL, 'static', NULL, NULL, 1, 0, NULL, NULL, NULL, NULL, NULL),
('dime_treasure_pdf', '', 0, 0, 0, 'dime_treasure_header', NULL, NULL, 0, 1, 0, 0, 1, NULL, NULL, NULL, NULL, NULL, NULL, NULL, NULL, NULL, NULL, NULL, NULL, NULL, 'view', NULL, 'static', NULL, NULL, 1, 0, NULL, NULL, NULL, NULL, NULL),
('dime_treasure_pdf', '', 2, 0, 0, 'dime_treasure_list', NULL, NULL, 0, 1, 0, 0, 1, NULL, NULL, NULL, NULL, NULL, NULL, NULL, NULL, NULL, NULL, NULL, NULL, NULL, 'view', NULL, 'static', NULL, NULL, 1, 0, NULL, NULL, NULL, NULL, NULL),
('dime_user_actor', '', 0, 0, 0, 'core_actor_id', NULL, 0, 0, 1, 0, 0, 1, 7, NULL, NULL, NULL, NULL, NULL, NULL, NULL, NULL, NULL, NULL, NULL, NULL, 'view', NULL, NULL, NULL, NULL, 1, 0, 'core.user.username', NULL, NULL, NULL, NULL),
('dime_user_actor', '', 0, 0, 2, 'dime_actor_detectorist_id', NULL, NULL, 0, 1, 0, 0, 1, NULL, NULL, NULL, NULL, NULL, NULL, NULL, NULL, NULL, NULL, NULL, NULL, NULL, 'view', NULL, 'static', NULL, NULL, 1, 0, NULL, NULL, NULL, NULL, NULL),
('dime_user_actor', '', 0, 0, 4, 'core_actor_fullname', NULL, NULL, 0, 1, 0, 0, 1, NULL, NULL, NULL, NULL, NULL, NULL, NULL, NULL, NULL, NULL, NULL, NULL, NULL, NULL, 'redact', NULL, NULL, NULL, 1, 0, NULL, NULL, NULL, NULL, NULL),
('dime_user_actor', '', 0, 0, 6, 'core_actor_address', NULL, NULL, 0, 1, 0, 0, 1, NULL, NULL, NULL, NULL, NULL, NULL, NULL, NULL, NULL, NULL, NULL, NULL, NULL, NULL, 'redact', NULL, NULL, NULL, 1, 0, NULL, NULL, NULL, NULL, NULL),
('dime_user_actor', '', 0, 0, 8, 'core_actor_telephone', NULL, NULL, 0, 1, 0, 0, 1, NULL, NULL, NULL, NULL, NULL, NULL, NULL, NULL, NULL, NULL, NULL, NULL, NULL, NULL, 'redact', NULL, NULL, NULL, 1, 0, NULL, NULL, NULL, NULL, NULL),
('dime_user_actor', '', 0, 0, 10, 'core_actor_email', NULL, NULL, 0, 1, 0, 0, 1, NULL, NULL, NULL, NULL, NULL, NULL, NULL, NULL, NULL, NULL, NULL, NULL, NULL, NULL, 'redact', NULL, NULL, NULL, 1, 0, NULL, NULL, NULL, NULL, NULL),
('dime_user_actor', '', 0, 0, 12, 'core_widget_submit', 'save', NULL, 0, 1, 0, 0, 1, NULL, NULL, NULL, NULL, NULL, NULL, NULL, NULL, NULL, NULL, NULL, NULL, NULL, NULL, 'redact', NULL, NULL, NULL, 1, 0, 'core.button.save', NULL, NULL, NULL, NULL),
('dime_user_actor', '', 0, 1, 2, 'core_actor_avatar', NULL, 0, 0, 0, 0, 0, 1, 4, NULL, NULL, NULL, NULL, NULL, NULL, NULL, NULL, NULL, NULL, NULL, NULL, NULL, 'redact', NULL, NULL, NULL, 1, 0, NULL, NULL, NULL, NULL, NULL),
('dime_user_actor_role', '', 0, 0, 0, 'core_user_role', NULL, NULL, 0, 1, 0, 0, 1, NULL, NULL, NULL, NULL, NULL, NULL, NULL, NULL, NULL, NULL, NULL, NULL, NULL, NULL, NULL, 'active', NULL, NULL, 1, 0, NULL, NULL, NULL, 'ARK\\Form\\Type\\CollectionPropertyType', NULL),
('dime_user_actor_role', '', 0, 0, 2, 'core_widget_submit', 'actor_role', NULL, 0, 1, 0, 0, 1, NULL, NULL, NULL, NULL, NULL, NULL, NULL, NULL, NULL, NULL, NULL, NULL, NULL, NULL, NULL, 'active', NULL, NULL, 1, 0, 'core.button.save', NULL, NULL, NULL, NULL),
('dime_user_filter', '', 0, 0, 0, 'core_widget_choice', 'status', 0, 0, 1, 0, 0, 1, NULL, NULL, NULL, NULL, NULL, NULL, NULL, 'core.security.user.status', NULL, NULL, NULL, NULL, NULL, NULL, NULL, NULL, NULL, NULL, 1, 0, NULL, NULL, '{\"attr\": {\"style\": \"width:95%\"}}', NULL, NULL),
('dime_user_filter', '', 0, 2, 0, 'core_widget_submit', NULL, NULL, 0, 1, 0, 0, 1, NULL, NULL, NULL, NULL, NULL, NULL, NULL, NULL, NULL, NULL, NULL, NULL, NULL, NULL, NULL, NULL, NULL, NULL, 1, 0, 'core.button.select', NULL, NULL, NULL, NULL),
('dime_user_profile', '', 0, 0, 0, 'dime_home_action', NULL, NULL, 0, 1, 0, 0, 1, NULL, NULL, NULL, NULL, NULL, NULL, NULL, NULL, NULL, NULL, NULL, NULL, NULL, NULL, NULL, NULL, NULL, NULL, 1, 0, NULL, NULL, NULL, NULL, NULL),
('dime_user_profile', '', 1, 0, 0, 'dime_user_actor', NULL, NULL, 0, 1, 0, 0, 1, 7, NULL, NULL, NULL, NULL, NULL, NULL, NULL, NULL, NULL, NULL, NULL, NULL, NULL, 'redact', NULL, NULL, NULL, 1, 0, NULL, NULL, NULL, NULL, NULL),
('dime_user_profile', '', 1, 1, 0, 'core_user_password_change', NULL, NULL, 0, 1, 0, 0, 1, 5, NULL, NULL, NULL, NULL, NULL, NULL, NULL, NULL, NULL, NULL, NULL, NULL, NULL, NULL, NULL, NULL, NULL, 1, 0, NULL, NULL, NULL, NULL, NULL),
('dime_user_register', '', 0, 0, 0, 'core_user_credentials', NULL, NULL, 0, 1, 0, 0, 1, NULL, NULL, NULL, NULL, NULL, NULL, NULL, NULL, NULL, NULL, NULL, NULL, NULL, NULL, 'redact', 'active', NULL, NULL, 1, 0, NULL, NULL, NULL, NULL, NULL),
('dime_user_register', '', 0, 0, 2, 'dime_user_register_actor', NULL, NULL, 0, 1, 0, 0, 1, NULL, NULL, NULL, NULL, NULL, NULL, NULL, NULL, NULL, NULL, NULL, NULL, NULL, NULL, NULL, 'active', NULL, NULL, 1, 0, NULL, NULL, NULL, NULL, NULL),
('dime_user_register', '', 0, 0, 4, 'core_widget_submit', NULL, NULL, 0, 1, 0, 0, 1, NULL, NULL, NULL, NULL, NULL, NULL, NULL, NULL, NULL, NULL, NULL, NULL, NULL, NULL, NULL, 'active', NULL, NULL, 1, 0, 'core.user.register', NULL, NULL, NULL, NULL),
('dime_user_register_actor', '', 0, 0, 0, 'core_actor_fullname', NULL, NULL, 0, 1, 0, 0, 1, NULL, NULL, NULL, NULL, NULL, NULL, NULL, NULL, NULL, NULL, NULL, NULL, NULL, NULL, 'redact', 'active', NULL, NULL, 1, 0, NULL, NULL, NULL, NULL, NULL),
('dime_user_register_actor', '', 0, 0, 2, 'core_actor_address', NULL, NULL, 0, 1, 0, 0, 1, NULL, NULL, NULL, NULL, NULL, NULL, NULL, NULL, NULL, NULL, NULL, NULL, NULL, NULL, 'redact', 'active', NULL, NULL, 1, 0, NULL, NULL, NULL, NULL, NULL),
('dime_user_register_actor', '', 0, 0, 4, 'core_actor_telephone', NULL, NULL, 0, 1, 0, 0, 1, NULL, NULL, NULL, NULL, NULL, NULL, NULL, NULL, NULL, NULL, NULL, NULL, NULL, NULL, 'redact', 'active', NULL, NULL, 1, 0, NULL, NULL, NULL, NULL, NULL),
('dime_user_register_actor', '', 0, 0, 6, 'core_user_terms', NULL, NULL, 0, 1, 0, 0, 1, NULL, NULL, NULL, NULL, NULL, NULL, NULL, NULL, NULL, NULL, NULL, NULL, NULL, NULL, NULL, 'active', NULL, NULL, 1, 0, NULL, NULL, NULL, NULL, NULL),
('dime_user_status', '', 0, 0, 0, 'core_actor_status', 'actor', NULL, 0, 1, 0, 0, 1, NULL, NULL, NULL, NULL, NULL, NULL, NULL, NULL, NULL, NULL, NULL, NULL, NULL, 'view', NULL, 'static', NULL, NULL, 1, 0, NULL, NULL, NULL, NULL, NULL),
('dime_user_status', '', 0, 0, 2, 'core_widget_choice', 'actions', 1, 0, 1, 0, 0, 1, NULL, NULL, 1, NULL, NULL, NULL, NULL, NULL, NULL, NULL, NULL, NULL, NULL, 'edit', 'redact', 'active', NULL, NULL, 1, 0, NULL, NULL, NULL, NULL, NULL),
('dime_user_status', '', 0, 0, 4, 'core_widget_submit', 'apply', 0, 0, 1, 0, 0, 1, NULL, NULL, NULL, NULL, NULL, NULL, NULL, NULL, NULL, NULL, NULL, NULL, NULL, 'edit', 'redact', 'active', NULL, NULL, 1, 0, 'core.button.apply', NULL, NULL, NULL, NULL);

-- --------------------------------------------------------

--
-- Table structure for table `ark_view_element`
--

CREATE TABLE `ark_view_element` (
  `element` varchar(30) COLLATE utf8mb4_unicode_ci NOT NULL,
  `type` varchar(10) COLLATE utf8mb4_unicode_ci NOT NULL
) ENGINE=InnoDB DEFAULT CHARSET=utf8mb4 COLLATE=utf8mb4_unicode_ci;

--
-- Dumping data for table `ark_view_element`
--

INSERT INTO `ark_view_element` (`element`, `type`) VALUES
('core_actor_address', 'field'),
('core_actor_avatar', 'field'),
('core_actor_biography', 'field'),
('core_actor_class', 'field'),
('core_actor_email', 'field'),
('core_actor_fullname', 'field'),
('core_actor_id', 'field'),
('core_actor_initials', 'field'),
('core_actor_shortname', 'field'),
('core_actor_status', 'field'),
('core_actor_telephone', 'field'),
('core_file_class', 'field'),
('core_file_description', 'field'),
('core_file_id', 'field'),
('core_file_mediatype', 'field'),
('core_file_status', 'field'),
('core_file_title', 'field'),
('core_file_versions', 'field'),
('core_message_body', 'field'),
('core_message_class', 'field'),
('core_message_event', 'field'),
('core_message_event_class', 'field'),
('core_message_event_object', 'field'),
('core_message_id', 'field'),
('core_message_sender', 'field'),
('core_message_sent', 'field'),
('core_message_subject', 'field'),
('core_page_content', 'field'),
('core_user_terms', 'field'),
('dime_actor_detectorist_id', 'field'),
('dime_actor_municipality', 'field'),
('dime_find_case', 'field'),
('dime_find_claim', 'field'),
('dime_find_claim_link', 'field'),
('dime_find_class', 'field'),
('dime_find_classification', 'field'),
('dime_find_condition', 'field'),
('dime_find_custodian', 'field'),
('dime_find_custody', 'field'),
('dime_find_dating', 'field'),
('dime_find_description', 'field'),
('dime_find_finddate', 'field'),
('dime_find_finder', 'field'),
('dime_find_finder_id', 'field'),
('dime_find_finder_place', 'field'),
('dime_find_id', 'field'),
('dime_find_images', 'field'),
('dime_find_issuer', 'field'),
('dime_find_length', 'field'),
('dime_find_location', 'field'),
('dime_find_location_easting', 'field'),
('dime_find_location_easting_utm', 'field'),
('dime_find_location_northing', 'field'),
('dime_find_location_northingutm', 'field'),
('dime_find_location_srid', 'field'),
('dime_find_material', 'field'),
('dime_find_mint', 'field'),
('dime_find_municipality', 'field'),
('dime_find_museum', 'field'),
('dime_find_museum_id', 'field'),
('dime_find_owner', 'field'),
('dime_find_process', 'field'),
('dime_find_publish', 'field'),
('dime_find_recipient', 'field'),
('dime_find_secondary', 'field'),
('dime_find_subtype', 'field'),
('dime_find_treasure', 'field'),
('dime_find_visibility', 'field'),
('dime_find_weight', 'field'),
('dime_museum_participating', 'field'),
('core_action_select', 'form'),
('core_actor_item', 'form'),
('core_actor_role_form', 'form'),
('core_file_item', 'form'),
('core_profile_view', 'form'),
('core_user_filter', 'form'),
('core_user_login', 'form'),
('core_user_password_change', 'form'),
('core_user_password_set', 'form'),
('core_user_register', 'form'),
('core_user_reset', 'form'),
('core_user_role_add', 'form'),
('core_workflow_action_form', 'form'),
('dime_admin_register_page', 'form'),
('dime_find_add', 'form'),
('dime_find_filter', 'form'),
('dime_find_item', 'form'),
('dime_find_map', 'form'),
('dime_find_register', 'form'),
('dime_find_register_previous', 'form'),
('dime_find_status', 'form'),
('dime_find_workflow', 'form'),
('dime_message_filter', 'form'),
('dime_message_item', 'form'),
('dime_museum_form', 'form'),
('dime_profile_view', 'form'),
('dime_treasure_claimant', 'form'),
('dime_treasure_find', 'form'),
('dime_treasure_museum', 'form'),
('dime_treasure_sender', 'form'),
('dime_user_actor', 'form'),
('dime_user_actor_role', 'form'),
('dime_user_filter', 'form'),
('dime_user_register', 'form'),
('dime_user_status', 'form'),
('core_actor_role', 'grid'),
('core_admin_page', 'grid'),
('core_admin_user_page', 'grid'),
('core_home_page', 'grid'),
('core_message_page', 'grid'),
('core_page_view', 'grid'),
('core_profile_page', 'grid'),
('core_profiles_page', 'grid'),
('core_site_footer', 'grid'),
('core_site_header', 'grid'),
('core_site_sidebar', 'grid'),
('core_user_actor', 'grid'),
('core_user_credentials', 'grid'),
('core_user_profile', 'grid'),
('core_user_role', 'grid'),
('core_workflow_action', 'grid'),
('dime_admin_museum_page', 'grid'),
('dime_admin_page', 'grid'),
('dime_admin_user_page', 'grid'),
('dime_find_add_case', 'grid'),
('dime_find_apply', 'grid'),
('dime_find_artefact', 'grid'),
('dime_find_clone', 'grid'),
('dime_find_edit', 'grid'),
('dime_find_event', 'grid'),
('dime_find_geo', 'grid'),
('dime_find_list', 'grid'),
('dime_find_list_action', 'grid'),
('dime_find_list_public', 'grid'),
('dime_find_metadata', 'grid'),
('dime_find_news', 'grid'),
('dime_find_photo', 'grid'),
('dime_find_register_page', 'grid'),
('dime_find_search', 'grid'),
('dime_find_update', 'grid'),
('dime_find_view', 'grid'),
('dime_front_page', 'grid'),
('dime_home_action', 'grid'),
('dime_home_dashboard', 'grid'),
('dime_home_find_search', 'grid'),
('dime_home_page', 'grid'),
('dime_message_list', 'grid'),
('dime_message_page', 'grid'),
('dime_museum_list', 'grid'),
('dime_profile_list', 'grid'),
('dime_profile_list_action', 'grid'),
('dime_profile_list_page', 'grid'),
('dime_profile_page', 'grid'),
('dime_site_footer', 'grid'),
('dime_site_header', 'grid'),
('dime_site_sidebar', 'grid'),
('dime_treasure_admin', 'grid'),
('dime_treasure_details', 'grid'),
('dime_treasure_header', 'grid'),
('dime_treasure_list', 'grid'),
('dime_treasure_pdf', 'grid'),
('dime_user_profile', 'grid'),
('dime_user_register_actor', 'grid'),
('dime_workflow_action', 'grid'),
('just_parking', 'grid'),
('core_nav_header', 'nav'),
('core_nav_home', 'nav'),
('core_nav_sidebar', 'nav'),
('dime_nav_add', 'nav'),
('dime_nav_add_find', 'nav'),
('dime_nav_add_locality', 'nav'),
('dime_nav_list', 'nav'),
('dime_nav_list_find', 'nav'),
('dime_nav_list_locality', 'nav'),
('dime_nav_sidebar', 'nav'),
('core_page_admin', 'page'),
('core_page_admin_user', 'page'),
('core_page_home', 'page'),
('core_page_message', 'page'),
('core_page_profile', 'page'),
('core_page_profiles', 'page'),
('core_page_static', 'page'),
('core_page_user_confirm', 'page'),
('core_page_user_login', 'page'),
('core_page_user_profile', 'page'),
('core_page_user_register', 'page'),
('core_page_user_reset', 'page'),
('dime_page_admin', 'page'),
('dime_page_admin_museum', 'page'),
('dime_page_admin_register', 'page'),
('dime_page_admin_user', 'page'),
('dime_page_claim', 'page'),
('dime_page_find', 'page'),
('dime_page_find_add', 'page'),
('dime_page_find_list', 'page'),
('dime_page_find_register', 'page'),
('dime_page_front', 'page'),
('dime_page_home', 'page'),
('dime_page_home_find_list', 'page'),
('dime_page_message', 'page'),
('dime_page_news', 'page'),
('dime_page_profile', 'page'),
('dime_page_profile_list', 'page'),
('dime_page_static', 'page'),
('dime_page_user_confirm', 'page'),
('dime_page_user_login', 'page'),
('dime_page_user_profile', 'page'),
('dime_page_user_register', 'page'),
('dime_page_user_reset', 'page'),
('core_actor_table', 'table'),
('core_file_table', 'table'),
('core_message_table', 'table'),
('core_profile_table', 'table'),
('dime_find_front_table', 'table'),
('dime_find_search_table', 'table'),
('dime_find_table', 'table'),
('dime_museum_table', 'table'),
('dime_profile_table', 'table'),
('core_widget_block', 'widget'),
('core_widget_br', 'widget'),
('core_widget_button', 'widget'),
('core_widget_checkbox', 'widget'),
('core_widget_choice', 'widget'),
('core_widget_date', 'widget'),
('core_widget_dateinterval', 'widget'),
('core_widget_datetime', 'widget'),
('core_widget_email', 'widget'),
('core_widget_email_confirm', 'widget'),
('core_widget_hr', 'widget'),
('core_widget_item', 'widget'),
('core_widget_monthday', 'widget'),
('core_widget_password', 'widget'),
('core_widget_password_confirm', 'widget'),
('core_widget_selected', 'widget'),
('core_widget_static', 'widget'),
('core_widget_submit', 'widget'),
('core_widget_submit_recaptcha', 'widget'),
('core_widget_terms', 'widget'),
('core_widget_textarea', 'widget'),
('core_widget_time', 'widget'),
('core_widget_username', 'widget'),
('core_widget_vocabulary', 'widget'),
('dime_widget_classify', 'widget'),
('dime_widget_share', 'widget'),
('dime_widget_terms', 'widget');

-- --------------------------------------------------------

--
-- Table structure for table `ark_view_field`
--

CREATE TABLE `ark_view_field` (
  `element` varchar(30) COLLATE utf8mb4_unicode_ci NOT NULL,
  `schma` varchar(30) COLLATE utf8mb4_unicode_ci NOT NULL,
  `class` varchar(30) COLLATE utf8mb4_unicode_ci NOT NULL,
  `attribute` varchar(30) COLLATE utf8mb4_unicode_ci NOT NULL,
  `value_modus` varchar(10) COLLATE utf8mb4_unicode_ci NOT NULL DEFAULT 'active',
  `parameter_modus` varchar(10) COLLATE utf8mb4_unicode_ci DEFAULT NULL,
  `format_modus` varchar(10) COLLATE utf8mb4_unicode_ci DEFAULT NULL,
  `display_property` varchar(30) COLLATE utf8mb4_unicode_ci DEFAULT NULL,
  `display_pattern` varchar(30) COLLATE utf8mb4_unicode_ci DEFAULT NULL,
  `display_parameter` varchar(30) COLLATE utf8mb4_unicode_ci DEFAULT NULL,
  `display_format` varchar(30) COLLATE utf8mb4_unicode_ci DEFAULT NULL,
  `export_property` varchar(30) COLLATE utf8mb4_unicode_ci DEFAULT NULL,
  `export_pattern` varchar(30) COLLATE utf8mb4_unicode_ci DEFAULT NULL,
  `export_parameter` varchar(30) COLLATE utf8mb4_unicode_ci DEFAULT NULL,
  `export_format` varchar(30) COLLATE utf8mb4_unicode_ci DEFAULT NULL,
  `keyword` varchar(100) COLLATE utf8mb4_unicode_ci DEFAULT NULL,
  `template` varchar(100) COLLATE utf8mb4_unicode_ci DEFAULT NULL,
  `form_type` varchar(100) COLLATE utf8mb4_unicode_ci DEFAULT NULL,
  `form_options` varchar(4000) COLLATE utf8mb4_unicode_ci DEFAULT NULL
) ENGINE=InnoDB DEFAULT CHARSET=utf8mb4 COLLATE=utf8mb4_unicode_ci;

--
-- Dumping data for table `ark_view_field`
--

INSERT INTO `ark_view_field` (`element`, `schma`, `class`, `attribute`, `value_modus`, `parameter_modus`, `format_modus`, `display_property`, `display_pattern`, `display_parameter`, `display_format`, `export_property`, `export_pattern`, `export_parameter`, `export_format`, `keyword`, `template`, `form_type`, `form_options`) VALUES
('core_actor_address', 'core.actor', 'actor', 'address', 'active', NULL, NULL, NULL, NULL, NULL, NULL, NULL, NULL, NULL, NULL, NULL, NULL, NULL, ''),
('core_actor_avatar', 'core.actor', 'actor', 'avatar', 'active', NULL, NULL, NULL, NULL, NULL, NULL, NULL, NULL, NULL, NULL, NULL, 'blocks/avatar.html.twig', NULL, ''),
('core_actor_biography', 'core.actor', 'actor', 'biography', 'active', NULL, NULL, NULL, NULL, NULL, NULL, NULL, NULL, NULL, NULL, NULL, NULL, NULL, ''),
('core_actor_class', 'core.actor', 'actor', 'class', 'active', NULL, NULL, NULL, NULL, NULL, NULL, NULL, NULL, NULL, NULL, NULL, NULL, NULL, ''),
('core_actor_email', 'core.actor', 'actor', 'email', 'active', NULL, NULL, NULL, NULL, NULL, NULL, NULL, NULL, NULL, NULL, NULL, NULL, NULL, ''),
('core_actor_fullname', 'core.actor', 'actor', 'fullname', 'active', NULL, NULL, NULL, NULL, NULL, NULL, NULL, NULL, NULL, NULL, NULL, NULL, NULL, ''),
('core_actor_id', 'core.actor', 'actor', 'id', 'active', NULL, NULL, NULL, NULL, NULL, NULL, NULL, NULL, NULL, NULL, NULL, NULL, NULL, ''),
('core_actor_initials', 'core.actor', 'actor', 'initials', 'active', NULL, NULL, NULL, NULL, NULL, NULL, NULL, NULL, NULL, NULL, NULL, NULL, NULL, ''),
('core_actor_shortname', 'core.actor', 'actor', 'shortname', 'active', NULL, NULL, NULL, NULL, NULL, NULL, NULL, NULL, NULL, NULL, NULL, NULL, NULL, ''),
('core_actor_status', 'core.actor', 'person', 'status', 'active', NULL, NULL, NULL, NULL, NULL, NULL, NULL, NULL, NULL, NULL, NULL, NULL, NULL, ''),
('core_actor_telephone', 'core.actor', 'actor', 'telephone', 'active', NULL, NULL, NULL, NULL, NULL, NULL, NULL, NULL, NULL, NULL, NULL, NULL, NULL, ''),
('core_file_class', 'core.file', 'file', 'class', 'active', NULL, NULL, NULL, NULL, NULL, NULL, NULL, NULL, NULL, NULL, NULL, NULL, NULL, ''),
('core_file_description', 'core.file', 'file', 'description', 'active', NULL, NULL, NULL, NULL, NULL, NULL, NULL, NULL, NULL, NULL, NULL, NULL, NULL, ''),
('core_file_id', 'core.file', 'file', 'id', 'readonly', NULL, NULL, NULL, NULL, NULL, NULL, NULL, NULL, NULL, NULL, NULL, NULL, NULL, ''),
('core_file_mediatype', 'core.file', 'file', 'mediatype', 'active', NULL, NULL, NULL, NULL, NULL, NULL, NULL, NULL, NULL, NULL, NULL, NULL, NULL, ''),
('core_file_status', 'core.file', 'file', 'status', 'active', NULL, NULL, NULL, NULL, NULL, NULL, NULL, NULL, NULL, NULL, NULL, NULL, NULL, ''),
('core_file_title', 'core.file', 'file', 'title', 'active', NULL, NULL, NULL, NULL, NULL, NULL, NULL, NULL, NULL, NULL, NULL, NULL, NULL, ''),
('core_file_versions', 'core.file', 'file', 'versions', 'active', NULL, NULL, NULL, NULL, NULL, NULL, NULL, NULL, NULL, NULL, NULL, NULL, NULL, ''),
('core_message_body', 'core.message', 'message', 'body', 'active', NULL, NULL, NULL, NULL, NULL, NULL, NULL, NULL, NULL, NULL, NULL, NULL, NULL, ''),
('core_message_class', 'core.message', 'message', 'class', 'active', NULL, NULL, NULL, NULL, NULL, NULL, NULL, NULL, NULL, NULL, NULL, NULL, NULL, ''),
('core_message_event', 'core.message', 'notification', 'event', 'active', NULL, NULL, NULL, NULL, NULL, NULL, NULL, NULL, NULL, NULL, NULL, NULL, NULL, NULL),
('core_message_event_class', 'core.message', 'notification', 'event', 'static', NULL, NULL, 'class', NULL, NULL, NULL, NULL, NULL, NULL, NULL, 'dime.find', NULL, NULL, NULL),
('core_message_event_object', 'core.message', 'notification', 'event', 'static', NULL, NULL, 'object', 'a', NULL, NULL, NULL, NULL, NULL, NULL, 'dime.find', NULL, NULL, NULL),
('core_message_id', 'core.message', 'message', 'id', 'active', NULL, NULL, NULL, NULL, NULL, NULL, NULL, NULL, NULL, NULL, NULL, NULL, NULL, ''),
('core_message_sender', 'core.message', 'message', 'sender', 'readonly', NULL, NULL, 'fullname', NULL, NULL, NULL, NULL, NULL, NULL, NULL, NULL, NULL, NULL, ''),
('core_message_sent', 'core.message', 'message', 'sent', 'active', NULL, NULL, NULL, NULL, NULL, NULL, NULL, NULL, NULL, NULL, NULL, NULL, NULL, NULL),
('core_message_subject', 'core.message', 'message', 'subject', 'active', NULL, NULL, NULL, NULL, NULL, NULL, NULL, NULL, NULL, NULL, NULL, NULL, NULL, ''),
('core_page_content', 'core.page', 'page', 'content', 'active', NULL, NULL, NULL, NULL, NULL, NULL, NULL, NULL, NULL, NULL, NULL, NULL, NULL, ''),
('core_user_terms', 'core.actor', 'person', 'terms', 'active', NULL, NULL, NULL, NULL, NULL, NULL, NULL, NULL, NULL, NULL, NULL, NULL, 'DIME\\Form\\Type\\UserTermsPropertyType', ''),
('dime_actor_detectorist_id', 'core.actor', 'person', 'detectorist_id', 'active', NULL, NULL, NULL, NULL, NULL, NULL, NULL, NULL, NULL, NULL, NULL, NULL, NULL, ''),
('dime_actor_municipality', 'core.actor', 'museum', 'municipality', 'active', NULL, NULL, 'fullname', NULL, NULL, NULL, NULL, NULL, NULL, NULL, NULL, NULL, NULL, ''),
('dime_find_case', 'dime.find', 'find', 'case', 'active', NULL, NULL, NULL, NULL, NULL, NULL, NULL, NULL, NULL, NULL, NULL, NULL, NULL, ''),
('dime_find_claim', 'dime.find', 'find', 'claim', 'active', NULL, NULL, 'name', NULL, NULL, NULL, NULL, NULL, NULL, NULL, NULL, NULL, NULL, ''),
('dime_find_claim_link', 'dime.find', 'find', 'claim', 'static', NULL, NULL, 'sourcePath', 'a', NULL, NULL, NULL, NULL, NULL, NULL, NULL, NULL, NULL, ''),
('dime_find_class', 'dime.find', 'find', 'class', 'active', NULL, NULL, NULL, NULL, NULL, NULL, NULL, NULL, NULL, NULL, NULL, NULL, NULL, ''),
('dime_find_classification', 'dime.find', 'find', 'classification', 'readonly', NULL, NULL, NULL, NULL, NULL, NULL, NULL, NULL, NULL, NULL, NULL, NULL, 'DIME\\Form\\Type\\ClassificationPropertyType', ''),
('dime_find_condition', 'dime.find', 'find', 'condition', 'active', NULL, NULL, NULL, NULL, NULL, NULL, NULL, NULL, NULL, NULL, NULL, NULL, NULL, ''),
('dime_find_custodian', 'dime.find', 'find', 'custodian', 'static', NULL, NULL, 'fullname', NULL, NULL, NULL, NULL, NULL, NULL, NULL, NULL, NULL, NULL, ''),
('dime_find_custody', 'dime.find', 'find', 'custody', 'static', NULL, NULL, NULL, NULL, NULL, NULL, NULL, NULL, NULL, NULL, NULL, NULL, NULL, ''),
('dime_find_dating', 'dime.find', 'find', 'dating', 'readonly', NULL, NULL, NULL, NULL, NULL, NULL, NULL, NULL, NULL, NULL, NULL, 'blocks/dating.html.twig', 'DIME\\Form\\Type\\DatingPropertyType', ''),
('dime_find_description', 'dime.find', 'find', 'description', 'active', NULL, NULL, NULL, NULL, NULL, NULL, NULL, NULL, NULL, NULL, NULL, NULL, 'DIME\\Form\\Type\\DescriptionPropertyType', ''),
('dime_find_finddate', 'dime.find', 'find', 'finddate', 'active', NULL, NULL, NULL, NULL, NULL, NULL, NULL, NULL, NULL, NULL, NULL, NULL, NULL, '{\"widget\": \"picker\", \"attr\": {\"data-date-format\": \"yyyy-mm-dd\", \"class\": \"datepicker\"}}'),
('dime_find_finder', 'dime.find', 'find', 'finder', 'active', NULL, NULL, 'fullname', NULL, NULL, NULL, NULL, NULL, NULL, NULL, NULL, NULL, NULL, ''),
('dime_find_finder_id', 'dime.find', 'find', 'finder_id', 'active', NULL, NULL, NULL, NULL, NULL, NULL, NULL, NULL, NULL, NULL, NULL, NULL, NULL, ''),
('dime_find_finder_place', 'dime.find', 'find', 'finder_place', 'active', NULL, NULL, NULL, NULL, NULL, NULL, NULL, NULL, NULL, NULL, NULL, NULL, NULL, ''),
('dime_find_id', 'dime.find', 'find', 'id', 'readonly', NULL, NULL, NULL, NULL, NULL, NULL, NULL, NULL, NULL, NULL, NULL, NULL, NULL, ''),
('dime_find_images', 'dime.find', 'find', 'image', 'active', NULL, NULL, NULL, NULL, NULL, NULL, NULL, NULL, NULL, NULL, NULL, 'blocks/imagecollection.html.twig', NULL, '{\"multiple\":true}'),
('dime_find_issuer', 'dime.find', 'coin', 'issuer', 'active', NULL, NULL, NULL, NULL, NULL, NULL, NULL, NULL, NULL, NULL, NULL, NULL, NULL, ''),
('dime_find_length', 'dime.find', 'find', 'length', 'active', 'active', NULL, NULL, NULL, NULL, NULL, NULL, NULL, NULL, NULL, NULL, NULL, NULL, ''),
('dime_find_location', 'dime.find', 'find', 'location', 'active', NULL, NULL, NULL, NULL, NULL, NULL, NULL, NULL, NULL, NULL, NULL, 'blocks/mappick.html.twig', 'DIME\\Form\\Type\\LocationPropertyType', ''),
('dime_find_location_easting', 'dime.find', 'find', 'location', 'active', NULL, NULL, 'easting', NULL, NULL, NULL, NULL, NULL, NULL, NULL, 'dime.find.location.easting', NULL, 'DIME\\Form\\Type\\LocationPropertyType', ''),
('dime_find_location_easting_utm', 'dime.find', 'find', 'location', 'active', NULL, NULL, 'utmEasting', NULL, NULL, NULL, NULL, NULL, NULL, NULL, 'dime.find.location.easting', NULL, 'DIME\\Form\\Type\\LocationPropertyType', ''),
('dime_find_location_northing', 'dime.find', 'find', 'location', 'active', NULL, NULL, 'northing', NULL, NULL, NULL, NULL, NULL, NULL, NULL, 'dime.find.location.northing', NULL, 'DIME\\Form\\Type\\LocationPropertyType', ''),
('dime_find_location_northingutm', 'dime.find', 'find', 'location', 'active', NULL, NULL, 'utmNorthing', NULL, NULL, NULL, NULL, NULL, NULL, NULL, 'dime.find.location.northing', NULL, 'DIME\\Form\\Type\\LocationPropertyType', ''),
('dime_find_location_srid', 'dime.find', 'find', 'location', 'active', NULL, NULL, 'srid', NULL, NULL, NULL, NULL, NULL, NULL, NULL, 'dime.find.location.srid', NULL, 'DIME\\Form\\Type\\LocationPropertyType', ''),
('dime_find_material', 'dime.find', 'find', 'material', 'active', NULL, NULL, NULL, NULL, NULL, NULL, NULL, NULL, NULL, NULL, NULL, NULL, NULL, ''),
('dime_find_mint', 'dime.find', 'coin', 'mint', 'active', NULL, NULL, NULL, NULL, NULL, NULL, NULL, NULL, NULL, NULL, NULL, NULL, NULL, ''),
('dime_find_municipality', 'dime.find', 'find', 'municipality', 'readonly', NULL, NULL, NULL, NULL, NULL, NULL, NULL, NULL, NULL, NULL, NULL, NULL, NULL, ''),
('dime_find_museum', 'dime.find', 'find', 'museum', 'readonly', NULL, NULL, 'fullname', NULL, NULL, NULL, NULL, NULL, NULL, NULL, NULL, NULL, NULL, ''),
('dime_find_museum_id', 'dime.find', 'find', 'museum_id', 'active', NULL, NULL, NULL, NULL, NULL, NULL, NULL, NULL, NULL, NULL, NULL, NULL, NULL, ''),
('dime_find_owner', 'dime.find', 'find', 'owner', 'static', NULL, NULL, 'fullname', NULL, NULL, NULL, NULL, NULL, NULL, NULL, NULL, NULL, NULL, ''),
('dime_find_process', 'dime.find', 'find', 'process', 'static', NULL, NULL, NULL, NULL, NULL, NULL, NULL, NULL, NULL, NULL, NULL, NULL, NULL, ''),
('dime_find_publish', 'dime.find', 'find', 'publish', 'active', NULL, NULL, NULL, NULL, NULL, NULL, NULL, NULL, NULL, NULL, NULL, NULL, NULL, '{\"widget\": \"picker\", \"attr\": {\"data-date-format\": \"yyyy-mm-dd\", \"class\": \"datepicker\"}}'),
('dime_find_recipient', 'dime.find', 'find', 'recipient', 'static', NULL, NULL, 'fullname', NULL, NULL, NULL, NULL, NULL, NULL, NULL, NULL, NULL, NULL, ''),
('dime_find_secondary', 'dime.find', 'find', 'secondary', 'active', NULL, NULL, NULL, NULL, NULL, NULL, NULL, NULL, NULL, NULL, NULL, NULL, NULL, '{\"multiple\":true, \"expanded\": \"true\"}'),
('dime_find_treasure', 'dime.find', 'find', 'treasure', 'static', NULL, NULL, NULL, NULL, NULL, NULL, NULL, NULL, NULL, NULL, NULL, NULL, NULL, ''),
('dime_find_visibility', 'dime.find', 'find', 'visibility', 'active', NULL, NULL, NULL, NULL, NULL, NULL, NULL, NULL, NULL, NULL, NULL, NULL, NULL, ''),
('dime_find_weight', 'dime.find', 'find', 'weight', 'active', 'active', NULL, NULL, NULL, NULL, NULL, NULL, NULL, NULL, NULL, NULL, NULL, NULL, ''),
('dime_museum_participating', 'core.actor', 'museum', 'participating', 'active', NULL, NULL, NULL, NULL, NULL, NULL, NULL, NULL, NULL, NULL, NULL, NULL, NULL, '');

-- --------------------------------------------------------

--
-- Table structure for table `ark_view_form`
--

CREATE TABLE `ark_view_form` (
  `element` varchar(30) COLLATE utf8mb4_unicode_ci NOT NULL,
  `name` varchar(30) COLLATE utf8mb4_unicode_ci DEFAULT NULL,
  `mode` varchar(10) COLLATE utf8mb4_unicode_ci DEFAULT NULL,
  `method` varchar(10) COLLATE utf8mb4_unicode_ci DEFAULT NULL,
  `action` varchar(30) COLLATE utf8mb4_unicode_ci DEFAULT NULL,
  `keyword` varchar(100) COLLATE utf8mb4_unicode_ci DEFAULT NULL,
  `template` varchar(100) COLLATE utf8mb4_unicode_ci DEFAULT NULL,
  `form_type` varchar(100) COLLATE utf8mb4_unicode_ci DEFAULT NULL
) ENGINE=InnoDB DEFAULT CHARSET=utf8mb4 COLLATE=utf8mb4_unicode_ci;

--
-- Dumping data for table `ark_view_form`
--

INSERT INTO `ark_view_form` (`element`, `name`, `mode`, `method`, `action`, `keyword`, `template`, `form_type`) VALUES
('core_action_select', 'actions', NULL, NULL, NULL, 'core.action.select', NULL, NULL),
('core_actor_item', 'actor_item', NULL, NULL, NULL, NULL, NULL, NULL),
('core_actor_role_form', 'actor_role', NULL, NULL, NULL, 'core.user.role', NULL, NULL),
('core_file_item', 'item', 'edit', NULL, NULL, NULL, NULL, NULL),
('core_profile_view', 'actor', NULL, NULL, NULL, 'core.profile', NULL, NULL),
('core_user_filter', 'filter', NULL, NULL, NULL, NULL, NULL, NULL),
('core_user_login', NULL, NULL, 'POST', 'core.user.check', NULL, 'user/layouts/login.html.twig', NULL),
('core_user_password_change', 'password_change', NULL, NULL, NULL, 'core.user.password.change', NULL, NULL),
('core_user_password_set', 'password_set', 'edit', NULL, NULL, 'core.user.password.set', NULL, NULL),
('core_user_register', NULL, NULL, NULL, NULL, NULL, 'user/layouts/register.html.twig', NULL),
('core_user_reset', NULL, NULL, NULL, NULL, NULL, 'user/layouts/reset.html.twig', NULL),
('core_user_role_add', 'role_add', 'edit', NULL, NULL, 'core.user.role.add', NULL, NULL),
('core_workflow_action_form', 'action', NULL, NULL, NULL, 'core.workflow.action', NULL, NULL),
('dime_admin_register_page', NULL, NULL, NULL, NULL, 'core.admin.user.register', NULL, NULL),
('dime_find_add', 'find', NULL, NULL, NULL, NULL, NULL, NULL),
('dime_find_filter', 'filters', NULL, NULL, NULL, NULL, 'layouts/filters.html.twig', NULL),
('dime_find_item', 'find', NULL, NULL, NULL, NULL, 'layouts/grid.html.twig', NULL),
('dime_find_map', 'map', 'view', NULL, NULL, NULL, 'layouts/map.html.twig', NULL),
('dime_find_register', 'find', NULL, NULL, NULL, NULL, 'layouts/register.html.twig', NULL),
('dime_find_register_previous', 'previous', 'view', NULL, NULL, NULL, 'layouts/previousfind.html.twig', NULL),
('dime_find_status', 'status', NULL, NULL, NULL, NULL, 'layouts/grid.html.twig', NULL),
('dime_find_workflow', 'workflow', NULL, NULL, NULL, NULL, 'layouts/grid.html.twig', NULL),
('dime_message_filter', 'filter', NULL, NULL, NULL, NULL, NULL, NULL),
('dime_message_item', 'message', 'edit', NULL, NULL, 'core.message', NULL, NULL),
('dime_museum_form', 'museum', 'edit', NULL, NULL, 'core.actor.class.museum', NULL, NULL),
('dime_profile_view', 'actor', NULL, NULL, NULL, 'dime.profile', NULL, NULL),
('dime_treasure_claimant', 'claimant', NULL, NULL, NULL, NULL, NULL, NULL),
('dime_treasure_find', NULL, NULL, NULL, NULL, NULL, 'layouts/table.html.twig', NULL),
('dime_treasure_museum', 'museum', NULL, NULL, NULL, NULL, NULL, NULL),
('dime_treasure_sender', 'treasure_sender', NULL, NULL, NULL, NULL, NULL, NULL),
('dime_user_actor', 'actor', 'edit', NULL, NULL, 'dime.user.profile', NULL, NULL),
('dime_user_actor_role', 'actor_role', NULL, NULL, NULL, 'core.user.role', NULL, NULL),
('dime_user_filter', 'filter', NULL, NULL, NULL, NULL, NULL, NULL),
('dime_user_register', NULL, NULL, NULL, NULL, NULL, 'user/layouts/register.html.twig', NULL),
('dime_user_status', 'user_status', 'edit', NULL, NULL, 'core.security.user.status', NULL, NULL);

-- --------------------------------------------------------

--
-- Table structure for table `ark_view_group`
--

CREATE TABLE `ark_view_group` (
  `element` varchar(30) COLLATE utf8mb4_unicode_ci NOT NULL,
  `name` varchar(30) COLLATE utf8mb4_unicode_ci DEFAULT NULL,
  `mode` varchar(10) COLLATE utf8mb4_unicode_ci DEFAULT NULL,
  `keyword` varchar(100) COLLATE utf8mb4_unicode_ci DEFAULT NULL,
  `template` varchar(100) COLLATE utf8mb4_unicode_ci DEFAULT NULL,
  `form_type` varchar(100) COLLATE utf8mb4_unicode_ci DEFAULT NULL
) ENGINE=InnoDB DEFAULT CHARSET=utf8mb4 COLLATE=utf8mb4_unicode_ci;

--
-- Dumping data for table `ark_view_group`
--

INSERT INTO `ark_view_group` (`element`, `name`, `mode`, `keyword`, `template`, `form_type`) VALUES
('core_actor_role', 'actor_role', NULL, NULL, NULL, 'Symfony\\Component\\Form\\Extension\\Core\\Type\\CollectionType'),
('core_admin_page', NULL, NULL, NULL, NULL, NULL),
('core_admin_user_page', NULL, NULL, NULL, NULL, NULL),
('core_home_page', NULL, NULL, NULL, NULL, NULL),
('core_message_page', NULL, NULL, NULL, NULL, NULL),
('core_page_view', NULL, NULL, NULL, NULL, NULL),
('core_profile_page', NULL, 'view', NULL, NULL, NULL),
('core_profiles_page', NULL, 'view', NULL, NULL, NULL),
('core_site_footer', NULL, NULL, NULL, NULL, NULL),
('core_site_header', NULL, NULL, NULL, NULL, NULL),
('core_site_sidebar', NULL, NULL, NULL, NULL, NULL),
('core_user_actor', 'actor', NULL, NULL, NULL, NULL),
('core_user_credentials', 'credentials', NULL, NULL, NULL, 'Symfony\\Component\\Form\\Extension\\Core\\Type\\FormType'),
('core_user_profile', NULL, NULL, NULL, NULL, NULL),
('core_user_role', 'role', NULL, NULL, NULL, NULL),
('core_workflow_action', NULL, NULL, NULL, NULL, NULL),
('dime_admin_page', NULL, NULL, NULL, NULL, NULL),
('dime_admin_user_page', NULL, NULL, NULL, NULL, NULL),
('dime_find_add_case', NULL, NULL, NULL, NULL, NULL),
('dime_find_apply', NULL, NULL, NULL, NULL, NULL),
('dime_find_artefact', NULL, NULL, 'dime.find.artefact', NULL, NULL),
('dime_find_clone', NULL, NULL, NULL, NULL, NULL),
('dime_find_edit', NULL, NULL, NULL, NULL, NULL),
('dime_find_event', NULL, NULL, 'dime.find.event', NULL, NULL),
('dime_find_geo', NULL, NULL, 'dime.find.location', NULL, NULL),
('dime_find_list', 'finds', NULL, NULL, NULL, NULL),
('dime_find_list_action', 'finds', NULL, NULL, NULL, NULL),
('dime_find_list_public', 'finds', NULL, NULL, NULL, NULL),
('dime_find_metadata', NULL, NULL, 'dime.find.metadata', NULL, NULL),
('dime_find_news', NULL, NULL, NULL, NULL, NULL),
('dime_find_photo', NULL, NULL, 'dime.find.photo', NULL, NULL),
('dime_find_register_page', NULL, NULL, NULL, NULL, NULL),
('dime_find_search', NULL, NULL, NULL, NULL, NULL),
('dime_find_status', NULL, NULL, 'dime.find.status', NULL, NULL),
('dime_find_update', NULL, NULL, NULL, NULL, NULL),
('dime_find_view', NULL, NULL, NULL, 'layouts/find.html.twig', NULL),
('dime_front_page', NULL, NULL, NULL, 'layouts/front.html.twig', NULL),
('dime_home_action', NULL, NULL, NULL, 'layouts/homeaction.html.twig', NULL),
('dime_home_dashboard', NULL, NULL, NULL, 'layouts/dashboard.html.twig', NULL),
('dime_home_find_search', NULL, NULL, NULL, NULL, NULL),
('dime_home_page', NULL, NULL, NULL, NULL, NULL),
('dime_message_list', 'messages', NULL, NULL, NULL, NULL),
('dime_message_page', NULL, NULL, NULL, NULL, NULL),
('dime_museum_list', 'museums', NULL, NULL, NULL, NULL),
('dime_profile_list', 'actors', NULL, NULL, NULL, NULL),
('dime_profile_list_action', 'actors', NULL, NULL, NULL, NULL),
('dime_profile_list_page', NULL, 'view', NULL, NULL, NULL),
('dime_profile_page', NULL, 'view', NULL, NULL, NULL),
('dime_site_footer', NULL, NULL, NULL, NULL, NULL),
('dime_site_header', NULL, NULL, NULL, NULL, NULL),
('dime_site_sidebar', NULL, NULL, NULL, NULL, NULL),
('dime_treasure_admin', NULL, NULL, NULL, NULL, NULL),
('dime_treasure_details', NULL, NULL, NULL, NULL, NULL),
('dime_treasure_header', NULL, NULL, NULL, NULL, NULL),
('dime_treasure_list', NULL, NULL, NULL, NULL, NULL),
('dime_treasure_pdf', NULL, 'view', NULL, 'layouts/treasure.html.twig', NULL),
('dime_user_profile', NULL, NULL, NULL, NULL, NULL),
('dime_user_register_actor', 'actor', NULL, NULL, NULL, NULL),
('dime_workflow_action', NULL, NULL, NULL, NULL, NULL);

-- --------------------------------------------------------

--
-- Table structure for table `ark_view_nav`
--

CREATE TABLE `ark_view_nav` (
  `element` varchar(30) COLLATE utf8mb4_unicode_ci NOT NULL,
  `parent` varchar(30) COLLATE utf8mb4_unicode_ci DEFAULT NULL,
  `seq` int(11) NOT NULL DEFAULT 0,
  `level` int(11) DEFAULT NULL,
  `seperator` tinyint(1) NOT NULL DEFAULT 0,
  `icon` varchar(50) COLLATE utf8mb4_unicode_ci DEFAULT NULL,
  `route` varchar(50) COLLATE utf8mb4_unicode_ci DEFAULT NULL,
  `keyword` varchar(100) COLLATE utf8mb4_unicode_ci DEFAULT NULL,
  `template` varchar(100) COLLATE utf8mb4_unicode_ci DEFAULT NULL,
  `uri` varchar(2038) COLLATE utf8mb4_unicode_ci DEFAULT NULL
) ENGINE=InnoDB DEFAULT CHARSET=utf8mb4 COLLATE=utf8mb4_unicode_ci;

--
-- Dumping data for table `ark_view_nav`
--

INSERT INTO `ark_view_nav` (`element`, `parent`, `seq`, `level`, `seperator`, `icon`, `route`, `keyword`, `template`, `uri`) VALUES
('core_nav_header', NULL, 0, 1, 0, NULL, NULL, NULL, NULL, NULL),
('core_nav_home', 'core_nav_header', 0, 2, 0, NULL, 'home', NULL, NULL, NULL),
('core_nav_sidebar', NULL, 0, 1, 0, NULL, NULL, NULL, NULL, NULL),
('dime_nav_add', 'dime_nav_sidebar', 0, 2, 0, NULL, NULL, NULL, NULL, NULL),
('dime_nav_add_find', 'dime_nav_add', 0, 3, 0, NULL, 'find.add', NULL, NULL, NULL),
('dime_nav_list', 'dime_nav_sidebar', 1, 2, 0, NULL, NULL, NULL, NULL, NULL),
('dime_nav_list_find', 'dime_nav_list', 0, 3, 0, NULL, 'find.list', NULL, NULL, NULL),
('dime_nav_sidebar', NULL, 0, 1, 0, NULL, NULL, NULL, NULL, NULL);

-- --------------------------------------------------------

--
-- Table structure for table `ark_view_page`
--

CREATE TABLE `ark_view_page` (
  `element` varchar(30) COLLATE utf8mb4_unicode_ci NOT NULL,
  `mode` varchar(10) COLLATE utf8mb4_unicode_ci NOT NULL DEFAULT 'view',
  `header` varchar(30) COLLATE utf8mb4_unicode_ci DEFAULT NULL,
  `sidebar` varchar(30) COLLATE utf8mb4_unicode_ci DEFAULT NULL,
  `content` varchar(30) COLLATE utf8mb4_unicode_ci DEFAULT NULL,
  `footer` varchar(30) COLLATE utf8mb4_unicode_ci DEFAULT NULL,
  `visibility` varchar(30) COLLATE utf8mb4_unicode_ci NOT NULL DEFAULT 'restricted',
  `view_permission` varchar(30) COLLATE utf8mb4_unicode_ci DEFAULT NULL,
  `edit_permission` varchar(30) COLLATE utf8mb4_unicode_ci DEFAULT NULL,
  `keyword` varchar(100) COLLATE utf8mb4_unicode_ci DEFAULT NULL,
  `template` varchar(100) COLLATE utf8mb4_unicode_ci DEFAULT NULL
) ENGINE=InnoDB DEFAULT CHARSET=utf8mb4 COLLATE=utf8mb4_unicode_ci;

--
-- Dumping data for table `ark_view_page`
--

INSERT INTO `ark_view_page` (`element`, `mode`, `header`, `sidebar`, `content`, `footer`, `visibility`, `view_permission`, `edit_permission`, `keyword`, `template`) VALUES
('core_page_admin', 'edit', 'core_site_header', 'core_site_sidebar', 'core_admin_page', 'core_site_footer', 'restricted', 'core.admin', 'core.admin', NULL, NULL),
('core_page_admin_user', 'edit', 'core_site_header', 'core_site_sidebar', 'core_admin_user_page', 'core_site_footer', 'restricted', 'core.admin.user', 'core.admin.user', NULL, NULL),
('core_page_home', 'view', 'core_site_header', 'core_site_sidebar', 'core_home_page', 'core_site_footer', 'public', NULL, NULL, NULL, NULL),
('core_page_message', 'edit', 'core_site_header', 'core_site_sidebar', 'core_message_page', 'core_site_footer', 'restricted', 'core.message.read', 'core.message.update', NULL, NULL),
('core_page_profile', 'view', 'core_site_header', 'core_site_sidebar', 'core_profile_page', 'core_site_footer', 'public', NULL, NULL, NULL, NULL),
('core_page_profiles', 'view', 'core_site_header', 'core_site_sidebar', 'core_profiles_page', 'core_site_footer', 'public', NULL, NULL, NULL, NULL),
('core_page_user_confirm', 'edit', 'core_site_header', 'core_site_sidebar', NULL, 'core_site_footer', 'public', NULL, NULL, NULL, NULL),
('core_page_user_login', 'edit', 'core_site_header', 'core_site_sidebar', 'core_user_login', 'core_site_footer', 'public', NULL, NULL, NULL, NULL),
('core_page_user_profile', 'edit', 'core_site_header', 'core_site_sidebar', 'core_user_profile', 'core_site_footer', 'restricted', 'core.actor.read', 'core.actor.update', NULL, NULL),
('core_page_user_register', 'edit', 'core_site_header', 'core_site_sidebar', 'core_user_register', 'core_site_footer', 'public', NULL, NULL, NULL, NULL),
('core_page_user_reset', 'edit', 'core_site_header', 'core_site_sidebar', 'core_user_reset', 'core_site_footer', 'public', NULL, NULL, NULL, NULL),
('dime_page_admin', 'edit', 'dime_site_header', 'dime_site_sidebar', 'dime_admin_page', 'dime_site_footer', 'restricted', 'core.admin', 'core.admin', NULL, NULL),
('dime_page_admin_museum', 'edit', 'dime_site_header', 'dime_site_sidebar', 'dime_admin_museum_page', 'dime_site_footer', 'restricted', 'core.admin.user', 'core.admin.user', NULL, NULL),
('dime_page_admin_register', 'edit', 'dime_site_header', 'dime_site_sidebar', 'dime_admin_register_page', 'dime_site_footer', 'restricted', 'core.admin.user', 'core.admin.user', NULL, NULL),
('dime_page_admin_user', 'edit', 'dime_site_header', 'dime_site_sidebar', 'dime_admin_user_page', 'dime_site_footer', 'restricted', 'core.admin.user', 'core.admin.user', NULL, NULL),
('dime_page_claim', 'edit', 'dime_site_header', 'dime_site_sidebar', 'dime_treasure_header', 'dime_site_footer', 'restricted', 'dime.find.treasure.claim', 'dime.find.treasure.claim', NULL, NULL),
('dime_page_find', 'edit', 'dime_site_header', 'dime_site_sidebar', 'dime_find_view', 'dime_site_footer', 'restricted', 'dime.find.read', 'dime.find.update', NULL, 'pages/map.html.twig'),
('dime_page_find_add', 'edit', 'dime_site_header', 'dime_site_sidebar', 'dime_find_add', 'dime_site_footer', 'restricted', 'dime.find.create', 'dime.find.create', NULL, 'pages/map.html.twig'),
('dime_page_find_list', 'edit', 'dime_site_header', 'dime_site_sidebar', 'dime_find_search', 'dime_site_footer', 'public', 'dime.find.read', 'dime.find.update', NULL, 'pages/map.html.twig'),
('dime_page_find_register', 'edit', 'dime_site_header', 'dime_site_sidebar', 'dime_find_register_page', 'dime_site_footer', 'restricted', 'dime.find.create', 'dime.find.create', NULL, 'pages/map.html.twig'),
('dime_page_front', 'view', 'dime_site_header', 'dime_site_sidebar', 'dime_front_page', 'dime_site_footer', 'public', NULL, NULL, NULL, NULL),
('dime_page_home', 'view', 'dime_site_header', 'dime_site_sidebar', 'dime_home_page', 'dime_site_footer', 'restricted', 'dime.find.home', NULL, NULL, NULL),
('dime_page_home_find_list', 'edit', 'dime_site_header', 'dime_site_sidebar', 'dime_home_find_search', 'dime_site_footer', 'restricted', 'dime.find.home', 'dime.find.update', NULL, 'pages/map.html.twig'),
('dime_page_message', 'view', 'dime_site_header', 'dime_site_sidebar', 'dime_message_page', 'dime_site_footer', 'restricted', 'core.message.read', NULL, NULL, NULL),
('dime_page_news', 'view', 'dime_site_header', 'dime_site_sidebar', 'dime_find_news', 'dime_site_footer', 'public', NULL, NULL, NULL, NULL),
('dime_page_profile', 'view', 'dime_site_header', 'dime_site_sidebar', 'dime_profile_page', 'dime_site_footer', 'public', NULL, NULL, NULL, NULL),
('dime_page_profile_list', 'view', 'dime_site_header', 'dime_site_sidebar', 'dime_profile_list_page', 'dime_site_footer', 'public', NULL, NULL, NULL, NULL),
('dime_page_static', 'edit', 'dime_site_header', 'dime_site_sidebar', NULL, 'dime_site_footer', 'public', 'core.page.read', 'core.page.update', NULL, 'pages/static.html.twig'),
('dime_page_user_confirm', 'edit', 'dime_site_header', 'dime_site_sidebar', NULL, 'dime_site_footer', 'public', NULL, NULL, NULL, NULL),
('dime_page_user_login', 'edit', 'dime_site_header', 'dime_site_sidebar', 'core_user_login', 'dime_site_footer', 'public', NULL, NULL, NULL, NULL),
('dime_page_user_profile', 'edit', 'dime_site_header', 'dime_site_sidebar', 'dime_user_profile', 'dime_site_footer', 'restricted', 'core.actor.read', 'core.actor.update', NULL, NULL),
('dime_page_user_register', 'edit', 'dime_site_header', 'dime_site_sidebar', 'dime_user_register', 'dime_site_footer', 'public', NULL, NULL, NULL, NULL),
('dime_page_user_reset', 'edit', 'dime_site_header', 'dime_site_sidebar', 'core_user_reset', 'dime_site_footer', 'public', NULL, NULL, NULL, NULL);

-- --------------------------------------------------------

--
-- Table structure for table `ark_view_table`
--

CREATE TABLE `ark_view_table` (
  `element` varchar(30) COLLATE utf8mb4_unicode_ci NOT NULL,
  `name` varchar(30) COLLATE utf8mb4_unicode_ci DEFAULT NULL,
  `mode` varchar(10) COLLATE utf8mb4_unicode_ci DEFAULT NULL,
  `caption` tinyint(1) NOT NULL DEFAULT 1,
  `header` tinyint(1) NOT NULL DEFAULT 1,
  `footer` tinyint(1) NOT NULL DEFAULT 0,
  `sortable` tinyint(1) NOT NULL DEFAULT 1,
  `searchable` tinyint(1) NOT NULL DEFAULT 1,
  `list` tinyint(1) NOT NULL DEFAULT 1,
  `detail` tinyint(1) NOT NULL DEFAULT 0,
  `expand` tinyint(1) NOT NULL DEFAULT 0,
  `card` tinyint(1) NOT NULL DEFAULT 0,
  `thumb` tinyint(1) NOT NULL DEFAULT 0,
  `view` varchar(10) COLLATE utf8mb4_unicode_ci DEFAULT 'list',
  `image` varchar(30) COLLATE utf8mb4_unicode_ci DEFAULT NULL,
  `export` tinyint(1) NOT NULL DEFAULT 1,
  `columns` tinyint(1) NOT NULL DEFAULT 1,
  `pagination` int(11) DEFAULT NULL,
  `selection` varchar(10) COLLATE utf8mb4_unicode_ci DEFAULT NULL,
  `keyword` varchar(100) COLLATE utf8mb4_unicode_ci DEFAULT NULL,
  `classes` varchar(100) COLLATE utf8mb4_unicode_ci DEFAULT NULL,
  `template` varchar(100) COLLATE utf8mb4_unicode_ci DEFAULT NULL,
  `url` varchar(2038) COLLATE utf8mb4_unicode_ci DEFAULT NULL
) ENGINE=InnoDB DEFAULT CHARSET=utf8mb4 COLLATE=utf8mb4_unicode_ci;

--
-- Dumping data for table `ark_view_table`
--

INSERT INTO `ark_view_table` (`element`, `name`, `mode`, `caption`, `header`, `footer`, `sortable`, `searchable`, `list`, `detail`, `expand`, `card`, `thumb`, `view`, `image`, `export`, `columns`, `pagination`, `selection`, `keyword`, `classes`, `template`, `url`) VALUES
('core_actor_table', NULL, 'view', 0, 1, 0, 1, 1, 1, 0, 0, 0, 0, 'list', 'avatar', 1, 1, 10, '1', NULL, 'table-hover dime-table', NULL, NULL),
('core_file_table', NULL, NULL, 0, 1, 0, 1, 1, 1, 0, 0, 0, 0, 'list', NULL, 1, 1, 10, '1', NULL, 'table-hover dime-table', NULL, NULL),
('core_message_table', NULL, 'view', 0, 1, 0, 1, 0, 1, 0, 0, 0, 0, 'list', NULL, 0, 0, 10, '0', NULL, 'table-hover dime-table', 'layouts/messagelist.html.twig', NULL),
('core_profile_table', NULL, 'view', 0, 1, 0, 1, 1, 1, 0, 0, 1, 0, 'card', 'avatar', 1, 1, 9, '1', 'core.profiles', 'table-hover dime-table', NULL, NULL),
('dime_find_front_table', NULL, 'view', 0, 0, 0, 0, 0, 0, 0, 0, 0, 0, 'list', 'image', 0, 0, 5, '0', NULL, 'table-hover dime-table', 'layouts/findcarousel.html.twig', NULL),
('dime_find_search_table', NULL, NULL, 0, 1, 0, 1, 0, 1, 0, 0, 1, 1, 'card', 'image', 0, 0, 9, '1', NULL, 'table-hover dime-table', NULL, NULL),
('dime_find_table', NULL, NULL, 0, 1, 0, 1, 1, 1, 0, 0, 1, 1, 'card', 'image', 1, 1, 9, '1', NULL, 'table-hover dime-table', NULL, NULL),
('dime_museum_table', NULL, NULL, 0, 1, 0, 1, 1, 1, 0, 0, 1, 0, 'list', 'avatar', 1, 1, 10, '1', 'dime.profiles', 'table-hover dime-table', NULL, NULL),
('dime_profile_table', NULL, NULL, 0, 1, 0, 1, 1, 1, 0, 0, 1, 0, 'list', 'avatar', 1, 1, 10, '1', 'dime.profiles', 'table-hover dime-table', NULL, NULL);

-- --------------------------------------------------------

--
-- Table structure for table `ark_view_tree`
--

CREATE TABLE `ark_view_tree` (
  `id` int(11) NOT NULL,
  `ancestor` varchar(30) COLLATE utf8mb4_unicode_ci NOT NULL,
  `descendant` varchar(30) COLLATE utf8mb4_unicode_ci NOT NULL,
  `depth` int(11) NOT NULL
) ENGINE=InnoDB DEFAULT CHARSET=utf8mb4 COLLATE=utf8mb4_unicode_ci;

--
-- Dumping data for table `ark_view_tree`
--

INSERT INTO `ark_view_tree` (`id`, `ancestor`, `descendant`, `depth`) VALUES
(1, 'dime_nav_sidebar', 'dime_nav_sidebar', 0),
(2, 'dime_nav_add', 'dime_nav_add', 0),
(3, 'dime_nav_sidebar', 'dime_nav_add', 1),
(4, 'dime_nav_list', 'dime_nav_list', 0),
(5, 'dime_nav_sidebar', 'dime_nav_list', 1),
(6, 'dime_nav_add_find', 'dime_nav_add_find', 0),
(7, 'dime_nav_add', 'dime_nav_add_find', 1),
(8, 'dime_nav_sidebar', 'dime_nav_add_find', 2),
(9, 'dime_nav_add_locality', 'dime_nav_add_locality', 0),
(10, 'dime_nav_add', 'dime_nav_add_locality', 1),
(11, 'dime_nav_sidebar', 'dime_nav_add_locality', 2),
(12, 'dime_nav_list_locality', 'dime_nav_list_locality', 0),
(13, 'dime_nav_list', 'dime_nav_list_locality', 1),
(14, 'dime_nav_sidebar', 'dime_nav_list_locality', 2),
(15, 'dime_nav_list_find', 'dime_nav_list_find', 0),
(16, 'dime_nav_list', 'dime_nav_list_find', 1),
(17, 'dime_nav_sidebar', 'dime_nav_list_find', 2);

-- --------------------------------------------------------

--
-- Table structure for table `ark_view_type`
--

CREATE TABLE `ark_view_type` (
  `type` varchar(10) COLLATE utf8mb4_unicode_ci NOT NULL,
  `layout` tinyint(1) NOT NULL DEFAULT 0,
  `class` varchar(100) COLLATE utf8mb4_unicode_ci NOT NULL,
  `form_type` varchar(100) COLLATE utf8mb4_unicode_ci DEFAULT NULL,
  `template` varchar(100) COLLATE utf8mb4_unicode_ci NOT NULL,
  `keyword` varchar(100) COLLATE utf8mb4_unicode_ci DEFAULT NULL
) ENGINE=InnoDB DEFAULT CHARSET=utf8mb4 COLLATE=utf8mb4_unicode_ci;

--
-- Dumping data for table `ark_view_type`
--

INSERT INTO `ark_view_type` (`type`, `layout`, `class`, `form_type`, `template`, `keyword`) VALUES
('field', 0, 'ARK\\View\\Field', 'ARK\\Form\\Type\\SimplePropertyType', 'layouts/field.html.twig', NULL),
('form', 1, 'ARK\\View\\Form', 'ARK\\Form\\Type\\SimplePropertyType', 'layouts/form.html.twig', NULL),
('grid', 1, 'ARK\\View\\Grid', 'ARK\\Form\\Type\\SimplePropertyType', 'layouts/grid.html.twig', NULL),
('nav', 0, 'ARK\\View\\Nav', NULL, 'blocks/nav.html.twig', NULL),
('page', 0, 'ARK\\View\\Page', NULL, 'pages/default.html.twig', NULL),
('table', 1, 'ARK\\View\\Table', 'ARK\\Form\\Type\\SimplePropertyType', 'layouts/table.html.twig', NULL),
('widget', 0, 'ARK\\View\\Widget', 'Symfony\\Component\\Form\\Extension\\Core\\Type\\ButtonType', 'layouts/widget.html.twig', NULL);

-- --------------------------------------------------------

--
-- Table structure for table `ark_view_widget`
--

CREATE TABLE `ark_view_widget` (
  `element` varchar(30) COLLATE utf8mb4_unicode_ci NOT NULL,
  `name` varchar(30) COLLATE utf8mb4_unicode_ci DEFAULT NULL,
  `keyword` varchar(100) COLLATE utf8mb4_unicode_ci DEFAULT NULL,
  `template` varchar(100) COLLATE utf8mb4_unicode_ci DEFAULT NULL,
  `form_type` varchar(100) COLLATE utf8mb4_unicode_ci DEFAULT NULL,
  `form_options` varchar(4000) COLLATE utf8mb4_unicode_ci NOT NULL
) ENGINE=InnoDB DEFAULT CHARSET=utf8mb4 COLLATE=utf8mb4_unicode_ci;

--
-- Dumping data for table `ark_view_widget`
--

INSERT INTO `ark_view_widget` (`element`, `name`, `keyword`, `template`, `form_type`, `form_options`) VALUES
('core_widget_block', 'block', NULL, NULL, 'ARK\\Form\\Type\\EmptyType', ''),
('core_widget_br', 'br', NULL, 'blocks/br.html.twig', 'ARK\\Form\\Type\\EmptyType', ''),
('core_widget_button', 'button', NULL, NULL, 'Symfony\\Component\\Form\\Extension\\Core\\Type\\ButtonType', ''),
('core_widget_checkbox', 'checkbox', NULL, NULL, 'Symfony\\Component\\Form\\Extension\\Core\\Type\\CheckboxType', ''),
('core_widget_choice', 'choice', NULL, NULL, 'Symfony\\Component\\Form\\Extension\\Core\\Type\\ChoiceType', ''),
('core_widget_date', 'date', NULL, NULL, 'Symfony\\Component\\Form\\Extension\\Core\\Type\\DateType', '{\"widget\": \"single_text\",\"html5\": false, \"attr\": {\"data-date-format\": \"yyyy-mm-dd\", \"class\": \"datepicker\"}}'),
('core_widget_dateinterval', 'dateinterval', NULL, NULL, 'Symfony\\Component\\Form\\Extension\\Core\\Type\\DateIntervalType', ''),
('core_widget_datetime', 'datetime', NULL, NULL, 'Symfony\\Component\\Form\\Extension\\Core\\Type\\DateTimeType', '{\"widget\": \"single_text\",\"html5\": false, \"attr\": {\"class\": \"datetimepicker\"}}'),
('core_widget_email', 'email', 'core.user.email', NULL, 'Symfony\\Component\\Form\\Extension\\Core\\Type\\EmailType', ''),
('core_widget_email_confirm', 'email', 'core.user.email', NULL, 'ARK\\Form\\Type\\RepeatedEmailType', ''),
('core_widget_hr', 'hr', NULL, 'blocks/hr.html.twig', 'ARK\\Form\\Type\\EmptyType', ''),
('core_widget_item', 'item', NULL, NULL, 'ARK\\Form\\Type\\ItemWidgetType', ''),
('core_widget_monthday', 'monthday', NULL, NULL, 'Symfony\\Component\\Form\\Extension\\Core\\Type\\BirthdayType', ''),
('core_widget_password', '_password', 'core.user.password', NULL, 'Symfony\\Component\\Form\\Extension\\Core\\Type\\PasswordType', ''),
('core_widget_password_confirm', 'password', 'core.user.password', NULL, 'ARK\\Form\\Type\\RepeatedPasswordType', ''),
('core_widget_selected', 'selected', NULL, NULL, 'ARK\\Form\\Type\\HiddenMultipleType', ''),
('core_widget_static', 'static', NULL, NULL, 'ARK\\Form\\Type\\StaticType', ''),
('core_widget_submit', 'submit', 'core.widget.submit', NULL, 'Symfony\\Component\\Form\\Extension\\Core\\Type\\SubmitType', ''),
('core_widget_submit_recaptcha', 'submit', 'core.widget.submit', NULL, 'ARK\\Form\\Type\\RecaptchaSubmitType', ''),
('core_widget_terms', 'terms', NULL, NULL, 'Symfony\\Component\\Form\\Extension\\Core\\Type\\ChoiceType', ''),
('core_widget_textarea', 'textarea', NULL, NULL, 'Symfony\\Component\\Form\\Extension\\Core\\Type\\TextareaType', ''),
('core_widget_time', 'time', NULL, NULL, 'Symfony\\Component\\Form\\Extension\\Core\\Type\\TimeType', '{\"widget\": \"single_text\",\"html5\": false, \"attr\": {\"class\": \"timepicker\"}}'),
('core_widget_username', '_username', 'core.user.username', NULL, 'Symfony\\Component\\Form\\Extension\\Core\\Type\\TextType', ''),
('core_widget_vocabulary', 'vocabulary', NULL, NULL, 'ARK\\Form\\Type\\VocabularyWidgetType', ''),
('dime_widget_classify', 'classify', 'dime.find.classify', 'blocks/classification.html.twig', 'Symfony\\Component\\Form\\Extension\\Core\\Type\\ButtonType', '{\"attr\":{\"class\":\"disabled\"}}'),
('dime_widget_share', 'share', NULL, NULL, 'DIME\\Form\\Type\\ShareType', '');

-- --------------------------------------------------------

--
-- Table structure for table `ark_vocabulary_concept`
--

CREATE TABLE `ark_vocabulary_concept` (
  `concept` varchar(30) COLLATE utf8mb4_unicode_ci NOT NULL,
  `type` varchar(10) COLLATE utf8mb4_unicode_ci NOT NULL,
  `source` varchar(30) COLLATE utf8mb4_unicode_ci NOT NULL,
  `namespace` varchar(50) COLLATE utf8mb4_unicode_ci DEFAULT NULL,
  `entity` varchar(30) COLLATE utf8mb4_unicode_ci DEFAULT NULL,
  `closed` tinyint(1) NOT NULL DEFAULT 1,
  `transitions` tinyint(1) NOT NULL DEFAULT 0,
  `enabled` tinyint(1) NOT NULL DEFAULT 1,
  `deprecated` tinyint(1) NOT NULL DEFAULT 0,
  `keyword` varchar(100) COLLATE utf8mb4_unicode_ci DEFAULT NULL,
  `description` text COLLATE utf8mb4_unicode_ci DEFAULT NULL
) ENGINE=InnoDB DEFAULT CHARSET=utf8mb4 COLLATE=utf8mb4_unicode_ci;

--
-- Dumping data for table `ark_vocabulary_concept`
--

INSERT INTO `ark_vocabulary_concept` (`concept`, `type`, `source`, `namespace`, `entity`, `closed`, `transitions`, `enabled`, `deprecated`, `keyword`, `description`) VALUES
('core.actor.class', 'list', 'ARK Core', 'ARK\\Security', 'Actor', 1, 0, 1, 0, 'core.actor.class', 'Actor Type'),
('core.event.class', 'list', 'ARK Core', 'ARK\\Entity', 'Event', 1, 0, 1, 0, 'core.event.class', 'Core Event'),
('core.file.class', 'list', 'ARK Core', 'ARK\\File', 'File', 1, 0, 1, 0, 'core.file.class', 'File Type'),
('core.file.status', 'list', 'ARK Core', NULL, NULL, 1, 0, 1, 0, 'core.file.status', 'File Status'),
('core.form.modus', 'list', 'ARK Core', NULL, NULL, 1, 0, 1, 0, 'core.form.mode', 'Form field modes'),
('core.item.status', 'list', 'ARK Core', NULL, NULL, 1, 0, 1, 0, 'core.item.status', 'Item Status'),
('core.license', 'list', 'ARK Core', NULL, NULL, 1, 0, 1, 0, 'core.file.class', 'File License'),
('core.message.class', 'list', 'ARK Core', 'ARK\\Message', 'Message', 1, 0, 1, 0, 'core.message.class', 'Message Type'),
('core.message.recipient.status', 'list', 'ARK Core', NULL, NULL, 1, 0, 1, 0, 'core.message.recipient.status', 'Message Recipient Status'),
('core.message.status', 'list', 'ARK Core', NULL, NULL, 1, 0, 1, 0, 'core.message.status', 'Message Status'),
('core.page.class', 'list', 'ARK Core', 'ARK\\Entity', 'Page', 1, 0, 1, 0, NULL, 'Page Class'),
('core.security.user.status', 'list', 'ARK Core', NULL, NULL, 1, 0, 1, 0, 'core.security.user.status', 'Security Status'),
('core.user.terms', 'list', 'ARK Core', NULL, NULL, 1, 0, 1, 0, 'core.user.terms', 'User Terms and Conditions'),
('core.visibility', 'list', 'ARK Core', NULL, NULL, 1, 0, 1, 0, 'core.visibility', 'Data Visibility'),
('core.workflow.role', 'list', 'ARK Core', NULL, NULL, 1, 0, 1, 0, 'core.workflow.role', 'ARK Workflow Roles'),
('country', 'list', 'ISO3166', NULL, NULL, 1, 0, 1, 0, 'vocabulary.country', 'ISO Country Codes'),
('dime.denmark.admin', 'taxonomy', 'DIME', NULL, NULL, 1, 0, 1, 0, 'dime.denmark.admin', 'Danish NUTS and LAU Administrative Unit Hierarchy'),
('dime.denmark.municipality', 'list', 'DIME', NULL, NULL, 1, 0, 1, 0, 'dime.denmark.municipality', 'Danish LAU-1 Municipality (Kommune) List'),
('dime.denmark.region', 'list', 'DIME', NULL, NULL, 1, 0, 1, 0, 'dime.denmark.region', 'Danish NUTS2 Region List'),
('dime.find.class', 'list', 'DIME', 'DIME\\Entity', 'Find', 1, 0, 1, 0, 'dime.find.class', 'DIME Find Type'),
('dime.find.condition', 'list', 'DIME', NULL, NULL, 1, 0, 1, 0, 'dime.find.condition', 'DIME Find Condition'),
('dime.find.custody', 'list', 'DIME', NULL, NULL, 1, 0, 1, 0, 'dime.find.custody', 'DIME Find Custody'),
('dime.find.process', 'list', 'DIME', NULL, NULL, 1, 0, 1, 0, 'dime.find.process', 'DIME Find Process'),
('dime.find.secondary', 'list', 'DIME', NULL, NULL, 1, 0, 1, 0, 'dime.find.material.secondary', 'DIME Secondary Materials List'),
('dime.find.subtype', 'taxonomy', 'DIME', NULL, NULL, 1, 0, 1, 0, 'dime.find.subtype', 'DIME Find Subtype'),
('dime.material', 'list', 'DIME', NULL, NULL, 1, 0, 1, 0, 'dime.material', 'DIME Material List'),
('dime.message.status.search', 'list', 'DIME', NULL, NULL, 1, 0, 1, 0, 'dime.message.status.search', 'DIME Message Search'),
('dime.period', 'taxonomy', 'DIME', NULL, NULL, 1, 0, 1, 0, 'dime.period', 'DIME Period Taxonomy'),
('dime.treasure', 'list', 'DIME', NULL, NULL, 1, 1, 1, 0, 'dime.treasure', 'DIME Treasure Status'),
('dime.user.terms', 'list', 'DIME', NULL, NULL, 1, 0, 1, 0, 'dime.user.terms', 'DIME Terms and Conditions'),
('dime.workflow.role', 'list', 'DIME', NULL, NULL, 1, 0, 1, 0, 'core.workflow.role', 'DIME Workflow Roles'),
('distance', 'list', 'SI', NULL, NULL, 1, 0, 1, 0, 'vocabulary.distance', 'SI Distance Units'),
('language', 'list', 'ISO639', NULL, NULL, 1, 0, 1, 0, 'vocabulary.language', 'ISO Language Codes'),
('mass', 'list', 'SI', NULL, NULL, 1, 0, 1, 0, 'vocabulary.mass', 'SI Mass Units'),
('mediatype', 'list', 'IANA', NULL, NULL, 1, 0, 1, 0, 'core.vocabulary.mediatype', 'IANA Mediatypes as defined by RFC'),
('spatial.crs', 'list', 'EPSG', NULL, NULL, 1, 0, 1, 0, 'vocabulary.spatial.crs', 'Coordinate Reference System'),
('spatial.format', 'list', 'ARK Core', NULL, NULL, 1, 0, 1, 0, 'vocabulary.spatial.format', 'Spatial data formats');

-- --------------------------------------------------------

--
-- Table structure for table `ark_vocabulary_parameter`
--

CREATE TABLE `ark_vocabulary_parameter` (
  `concept` varchar(30) COLLATE utf8mb4_unicode_ci NOT NULL,
  `term` varchar(30) COLLATE utf8mb4_unicode_ci NOT NULL,
  `parameter` varchar(30) COLLATE utf8mb4_unicode_ci NOT NULL,
  `type` varchar(10) COLLATE utf8mb4_unicode_ci NOT NULL,
  `value` text COLLATE utf8mb4_unicode_ci NOT NULL
) ENGINE=InnoDB DEFAULT CHARSET=utf8mb4 COLLATE=utf8mb4_unicode_ci;

--
-- Dumping data for table `ark_vocabulary_parameter`
--

INSERT INTO `ark_vocabulary_parameter` (`concept`, `term`, `parameter`, `type`, `value`) VALUES
('core.license', 'cc0', 'url', 'string', 'https://creativecommons.org/publicdomain/zero/1.0/'),
('core.license', 'ccbyncsa', 'url', 'string', 'https://creativecommons.org/licenses/by-nc-sa/4.0/'),
('core.license', 'ccbysa', 'url', 'string', 'https://creativecommons.org/licenses/by-sa/4.0/'),
('dime.find.subtype', 'accessory.button.other', 'description', 'boolean', '1'),
('dime.find.subtype', 'accessory.fitting.other', 'description', 'boolean', '1'),
('dime.find.subtype', 'accessory.jewelery.bracteate', 'period', 'string', 'CYG'),
('dime.find.subtype', 'accessory.jewelery.other', 'description', 'boolean', '1'),
('dime.find.subtype', 'accessory.other', 'description', 'boolean', '1'),
('dime.find.subtype', 'accessory.pilgrim', 'period', 'string', 'DXXX'),
('dime.find.subtype', 'accessory.tutulus', 'period', 'string', 'BXXX'),
('dime.find.subtype', 'coin.danish', 'period', 'string', 'DLXX'),
('dime.find.subtype', 'coin.danish.civilwar', 'period', 'string', 'DHXX'),
('dime.find.subtype', 'coin.danish.early', 'period', 'string', 'DX1'),
('dime.find.subtype', 'coin.danish.hvide', 'period', 'string', 'DLXX'),
('dime.find.subtype', 'coin.danish.klipping', 'period', 'string', 'DLXX'),
('dime.find.subtype', 'coin.danish.ssling', 'period', 'string', 'DLXX'),
('dime.find.subtype', 'coin.danish.sterling', 'period', 'string', 'DLXX'),
('dime.find.subtype', 'coin.danish.unknown', 'period', 'string', 'DLXX'),
('dime.find.subtype', 'coin.foreign', 'period', 'string', 'DXXX'),
('dime.find.subtype', 'coin.foreign.hohlpfennig', 'period', 'string', 'DXXX'),
('dime.find.subtype', 'coin.foreign.hvide', 'period', 'string', 'DXXX'),
('dime.find.subtype', 'coin.foreign.other', 'description', 'boolean', '1'),
('dime.find.subtype', 'coin.foreign.other', 'period', 'string', 'DXXX'),
('dime.find.subtype', 'coin.foreign.sterling', 'period', 'string', 'DXXX'),
('dime.find.subtype', 'coin.foreign.tournois', 'period', 'string', 'DXXX'),
('dime.find.subtype', 'coin.foreign.unknown', 'period', 'string', 'DXXX'),
('dime.find.subtype', 'coin.modern.danish', 'period', 'string', 'EXFX'),
('dime.find.subtype', 'coin.modern.foreign', 'period', 'string', 'EXFX'),
('dime.find.subtype', 'coin.other', 'description', 'boolean', '1'),
('dime.find.subtype', 'coin.roman.aureus', 'period', 'string', 'CRX'),
('dime.find.subtype', 'coin.roman.denarius', 'period', 'string', 'CXX'),
('dime.find.subtype', 'coin.roman.other', 'description', 'boolean', '1'),
('dime.find.subtype', 'coin.roman.other', 'period', 'string', 'CXX'),
('dime.find.subtype', 'coin.roman.sestertius', 'period', 'string', 'CXX'),
('dime.find.subtype', 'coin.roman.siliqua', 'period', 'string', 'CXXX'),
('dime.find.subtype', 'coin.roman.solidus', 'period', 'string', 'CXXX'),
('dime.find.subtype', 'coin.viking', 'period', 'string', 'CYVX'),
('dime.find.subtype', 'coin.viking.byzantine', 'period', 'string', 'CYVX'),
('dime.find.subtype', 'coin.viking.carolingian', 'period', 'string', 'CYV'),
('dime.find.subtype', 'coin.viking.denarius', 'period', 'string', 'CYV'),
('dime.find.subtype', 'coin.viking.dirham', 'period', 'string', 'CYXX'),
('dime.find.subtype', 'coin.viking.english', 'period', 'string', 'CYVX'),
('dime.find.subtype', 'coin.viking.german', 'period', 'string', 'CYVX'),
('dime.find.subtype', 'coin.viking.nordic', 'period', 'string', 'CYVX'),
('dime.find.subtype', 'coin.viking.other', 'description', 'boolean', '1'),
('dime.find.subtype', 'coin.viking.other', 'period', 'string', 'CYVX'),
('dime.find.subtype', 'coin.viking.penny', 'period', 'string', 'CYVX'),
('dime.find.subtype', 'coin.viking.phennig', 'period', 'string', 'CYVX'),
('dime.find.subtype', 'coin.viking.sceat', 'period', 'string', 'CYXX'),
('dime.find.subtype', 'coin.viking.unknown', 'period', 'string', 'CYVX'),
('dime.find.subtype', 'fibula.beak', 'period', 'string', 'CYGY'),
('dime.find.subtype', 'fibula.bird.above', 'period', 'string', 'CYGY'),
('dime.find.subtype', 'fibula.bird.profile', 'period', 'string', 'DX1'),
('dime.find.subtype', 'fibula.bow', 'period', 'string', 'CXXX'),
('dime.find.subtype', 'fibula.bow.ball', 'period', 'string', 'CFY'),
('dime.find.subtype', 'fibula.bow.band', 'period', 'string', 'CRX'),
('dime.find.subtype', 'fibula.bow.bilateral', 'period', 'string', 'CR'),
('dime.find.subtype', 'fibula.bow.button', 'period', 'string', 'GYV'),
('dime.find.subtype', 'fibula.bow.button', 'period_span', 'string', 'CYVX'),
('dime.find.subtype', 'fibula.bow.cross', 'period', 'string', 'CYG'),
('dime.find.subtype', 'fibula.bow.foot', 'period', 'string', 'CRY'),
('dime.find.subtype', 'fibula.bow.high', 'period', 'string', 'CRY'),
('dime.find.subtype', 'fibula.bow.other', 'description', 'boolean', '1'),
('dime.find.subtype', 'fibula.bow.other', 'period', 'string', 'CXXX'),
('dime.find.subtype', 'fibula.bow.relief', 'period', 'string', 'CYG'),
('dime.find.subtype', 'fibula.bow.unknown', 'period', 'string', 'CXXX'),
('dime.find.subtype', 'fibula.bowl.animal', 'period', 'string', 'CYGY'),
('dime.find.subtype', 'fibula.bowl.circular', 'period', 'string', 'CYGY'),
('dime.find.subtype', 'fibula.bowl.large', 'period', 'string', 'CYV'),
('dime.find.subtype', 'fibula.bowl.other', 'description', 'boolean', '1'),
('dime.find.subtype', 'fibula.bowl.small', 'period', 'string', 'CYGY'),
('dime.find.subtype', 'fibula.circular.large', 'period', 'string', 'CYV'),
('dime.find.subtype', 'fibula.circular.other', 'description', 'boolean', '1'),
('dime.find.subtype', 'fibula.circular.small', 'period', 'string', 'CYV'),
('dime.find.subtype', 'fibula.circular.tin', 'period', 'string', 'CYVX'),
('dime.find.subtype', 'fibula.enamel.central ', 'period', 'string', 'CVD'),
('dime.find.subtype', 'fibula.enamel.central ', 'period_span', 'string', 'DX1'),
('dime.find.subtype', 'fibula.enamel.cross ', 'period', 'string', 'CYVX'),
('dime.find.subtype', 'fibula.enamel.multiple', 'period', 'string', 'CVD'),
('dime.find.subtype', 'fibula.enamel.multiple', 'period_span', 'string', 'DX1'),
('dime.find.subtype', 'fibula.enamel.other', 'description', 'boolean', '1'),
('dime.find.subtype', 'fibula.equalarm', 'period', 'string', 'CYXX'),
('dime.find.subtype', 'fibula.equalarm.large', 'period', 'string', 'CYVX'),
('dime.find.subtype', 'fibula.equalarm.other', 'description', 'boolean', '1'),
('dime.find.subtype', 'fibula.equalarm.small', 'period', 'string', 'CYGY'),
('dime.find.subtype', 'fibula.equalarm.unknown', 'period', 'string', 'CYXX'),
('dime.find.subtype', 'fibula.healing', 'period', 'string', 'CVD'),
('dime.find.subtype', 'fibula.healing', 'period_span', 'string', 'DX1'),
('dime.find.subtype', 'fibula.healing.aalborg', 'period', 'string', 'DX1'),
('dime.find.subtype', 'fibula.healing.lamb', 'period', 'string', 'DX1'),
('dime.find.subtype', 'fibula.healing.other', 'description', 'boolean', '1'),
('dime.find.subtype', 'fibula.healing.unknown', 'period', 'string', 'CVD'),
('dime.find.subtype', 'fibula.healing.unknown', 'period_span', 'string', 'DX1'),
('dime.find.subtype', 'fibula.healing.urnes', 'period', 'string', 'CVD'),
('dime.find.subtype', 'fibula.other', 'description', 'boolean', '1'),
('dime.find.subtype', 'fibula.plate.bird', 'period', 'string', 'CYGY'),
('dime.find.subtype', 'fibula.plate.coin', 'period', 'string', 'CYVX'),
('dime.find.subtype', 'fibula.plate.horse', 'period', 'string', 'CYGY'),
('dime.find.subtype', 'fibula.plate.other', 'description', 'boolean', '1'),
('dime.find.subtype', 'fibula.plate.oval', 'period', 'string', 'CYGY'),
('dime.find.subtype', 'fibula.plate.rhede', 'period', 'string', 'CYV'),
('dime.find.subtype', 'fibula.plate.rectangular', 'period', 'string', 'CYGY'),
('dime.find.subtype', 'fibula.plate.ship', 'period', 'string', 'CYV'),
('dime.find.subtype', 'fibula.plate.snake', 'period', 'string', 'CYGY'),
('dime.find.subtype', 'fibula.plate.swastika', 'period', 'string', 'CXXX'),
('dime.find.subtype', 'fibula.plate.tongue', 'period', 'string', 'CYV'),
('dime.find.subtype', 'fibula.plate.valkyrie', 'period', 'string', 'CYV'),
('dime.find.subtype', 'fibula.ring', 'period', 'string', 'DXXX'),
('dime.find.subtype', 'fibula.ring.circular', 'period', 'string', 'DXXX'),
('dime.find.subtype', 'fibula.ring.heart', 'period', 'string', 'DHXX'),
('dime.find.subtype', 'fibula.ring.other', 'period', 'string', 'DXXX'),
('dime.find.subtype', 'fibula.ring.star', 'period', 'string', 'DHXX'),
('dime.find.subtype', 'fibula.ring.unknown', 'period', 'string', 'DXXX'),
('dime.find.subtype', 'fibula.trilobal', 'period', 'string', 'CYVX'),
('dime.find.subtype', 'fibula.viking', 'period', 'string', 'CYVX'),
('dime.find.subtype', 'fibula.viking.other', 'description', 'boolean', '1'),
('dime.find.subtype', 'fibula.viking.other', 'period', 'string', 'CYVX'),
('dime.find.subtype', 'fibula.viking.rhombic', 'period', 'string', 'CYV'),
('dime.find.subtype', 'fibula.viking.ring', 'period', 'string', 'CYV'),
('dime.find.subtype', 'fibula.viking.roof', 'period', 'string', 'CYV'),
('dime.find.subtype', 'fibula.viking.unknown', 'period', 'string', 'CYVX'),
('dime.find.subtype', 'metal.other', 'description', 'boolean', '1'),
('dime.find.subtype', 'military.fitting.other', 'description', 'boolean', '1'),
('dime.find.subtype', 'military.melee.other', 'description', 'boolean', '1'),
('dime.find.subtype', 'military.other', 'description', 'boolean', '1'),
('dime.find.subtype', 'tool.house.other', 'description', 'boolean', '1'),
('dime.find.subtype', 'tool.other', 'description', 'boolean', '1'),
('dime.find.subtype', 'tool.toilet.other', 'description', 'boolean', '1'),
('dime.find.subtype', 'tool.toy.other', 'description', 'boolean', '1'),
('dime.find.subtype', 'tool.work.other', 'description', 'boolean', '1'),
('dime.period', 'AMXX', 'year_end', 'integer', '-3951'),
('dime.period', 'AMXX', 'year_start', 'integer', '-9000'),
('dime.period', 'APXX', 'year_end', 'integer', '-9001'),
('dime.period', 'APXX', 'year_start', 'integer', '-250000'),
('dime.period', 'AXXX', 'year_end', 'integer', '-1701'),
('dime.period', 'AXXX', 'year_start', 'integer', '-250000'),
('dime.period', 'AYXX', 'year_end', 'integer', '-1701'),
('dime.period', 'AYXX', 'year_start', 'integer', '-3950'),
('dime.period', 'BX1', 'year_end', 'integer', '-1501'),
('dime.period', 'BX1', 'year_start', 'integer', '-1700'),
('dime.period', 'BX2', 'year_end', 'integer', '-1301'),
('dime.period', 'BX2', 'year_start', 'integer', '-1500'),
('dime.period', 'BX3', 'year_end', 'integer', '-1101'),
('dime.period', 'BX3', 'year_start', 'integer', '-1300'),
('dime.period', 'BXX', 'year_end', 'integer', '-1101'),
('dime.period', 'BXX', 'year_start', 'integer', '-1700'),
('dime.period', 'BXXX', 'year_end', 'integer', '-501'),
('dime.period', 'BXXX', 'year_start', 'integer', '-1700'),
('dime.period', 'BYX4', 'year_end', 'integer', '-901'),
('dime.period', 'BYX4', 'year_start', 'integer', '-1100'),
('dime.period', 'BYX5', 'year_end', 'integer', '-701'),
('dime.period', 'BYX5', 'year_start', 'integer', '-900'),
('dime.period', 'BYX6', 'year_end', 'integer', '-501'),
('dime.period', 'BYX6', 'year_start', 'integer', '-700'),
('dime.period', 'BYXX', 'year_end', 'integer', '-501'),
('dime.period', 'BYXX', 'year_start', 'integer', '-1100'),
('dime.period', 'CF', 'year_end', 'integer', '-401'),
('dime.period', 'CF', 'year_start', 'integer', '-500'),
('dime.period', 'CFM', 'year_end', 'integer', '-101'),
('dime.period', 'CFM', 'year_start', 'integer', '-400'),
('dime.period', 'CFX', 'year_end', 'integer', '0'),
('dime.period', 'CFX', 'year_start', 'integer', '-500'),
('dime.period', 'CFY', 'year_end', 'integer', '0'),
('dime.period', 'CFY', 'year_start', 'integer', '-100'),
('dime.period', 'CRA', 'year_end', 'integer', '69'),
('dime.period', 'CRA', 'year_start', 'integer', '1'),
('dime.period', 'CR', 'year_end', 'integer', '174'),
('dime.period', 'CR', 'year_start', 'integer', '1'),
('dime.period', 'CRB', 'year_end', 'integer', '174'),
('dime.period', 'CRB', 'year_start', 'integer', '70'),
('dime.period', 'CRC', 'year_end', 'integer', '249'),
('dime.period', 'CRC', 'year_start', 'integer', '175'),
('dime.period', 'CRD', 'year_end', 'integer', '309'),
('dime.period', 'CRD', 'year_start', 'integer', '250'),
('dime.period', 'CRE', 'year_end', 'integer', '374'),
('dime.period', 'CRE', 'year_start', 'integer', '310'),
('dime.period', 'CRX', 'year_end', 'integer', '374'),
('dime.period', 'CRX', 'year_start', 'integer', '1'),
('dime.period', 'CRY', 'year_end', 'integer', '374'),
('dime.period', 'CRY', 'year_start', 'integer', '175'),
('dime.period', 'CXX', 'year_end', 'integer', '374'),
('dime.period', 'CXX', 'year_start', 'integer', '-500'),
('dime.period', 'CVD', 'year_end', 'integer', '1199'),
('dime.period', 'CVD', 'year_start', 'integer', '750'),
('dime.period', 'CXXX', 'year_end', 'integer', '1066'),
('dime.period', 'CXXX', 'year_start', 'integer', '-500'),
('dime.period', 'CYG', 'year_end', 'integer', '549'),
('dime.period', 'CYG', 'year_start', 'integer', '375'),
('dime.period', 'CYGX', 'year_end', 'integer', '749'),
('dime.period', 'CYGX', 'year_start', 'integer', '375'),
('dime.period', 'CYGY', 'year_end', 'integer', '749'),
('dime.period', 'CYGY', 'year_start', 'integer', '550'),
('dime.period', 'CYV', 'year_end', 'integer', '899'),
('dime.period', 'CYV', 'year_start', 'integer', '750'),
('dime.period', 'CYVX', 'year_end', 'integer', '1066'),
('dime.period', 'CYVX', 'year_start', 'integer', '750'),
('dime.period', 'CYVY', 'year_end', 'integer', '1066'),
('dime.period', 'CYVY', 'year_start', 'integer', '900'),
('dime.period', 'CYXX', 'year_end', 'integer', '1066'),
('dime.period', 'CYXX', 'year_start', 'integer', '375'),
('dime.period', 'DX1', 'year_end', 'integer', '1199'),
('dime.period', 'DX1', 'year_start', 'integer', '1067'),
('dime.period', 'DHXX', 'year_end', 'integer', '1399'),
('dime.period', 'DHXX', 'year_start', 'integer', '1200'),
('dime.period', 'DLXX', 'year_end', 'integer', '1535'),
('dime.period', 'DLXX', 'year_start', 'integer', '1400'),
('dime.period', 'DXXX', 'year_end', 'integer', '1535'),
('dime.period', 'DXXX', 'year_start', 'integer', '1067'),
('dime.period', 'EXFX', 'year_start', 'integer', '1536'),
('dime.period', 'EXXX', 'year_end', 'integer', '1660'),
('dime.period', 'EXXX', 'year_start', 'integer', '1536'),
('dime.period', 'FXX', 'year_end', 'integer', '1848'),
('dime.period', 'FXX', 'year_start', 'integer', '1661'),
('dime.period', 'FMIN', 'year_end', 'integer', '1913'),
('dime.period', 'FMIN', 'year_start', 'integer', '1849'),
('dime.period', 'FMV1', 'year_end', 'integer', '1918'),
('dime.period', 'FMV1', 'year_start', 'integer', '1914'),
('dime.period', 'FMV2', 'year_end', 'integer', '1945'),
('dime.period', 'FMV2', 'year_start', 'integer', '1940'),
('dime.period', 'FMVM', 'year_end', 'integer', '1939'),
('dime.period', 'FMVM', 'year_start', 'integer', '1919'),
('dime.period', 'FXXX', 'year_start', 'integer', '1661'),
('dime.period', 'FYXX', 'year_start', 'integer', '1946'),
('dime.period', 'GYV', 'year_end', 'integer', '899'),
('dime.period', 'GYV', 'year_start', 'integer', '550'),
('dime.period', 'HXXX', 'year_start', 'integer', '1067'),
('dime.period', 'OXXX', 'year_end', 'integer', '1066'),
('dime.period', 'OXXX', 'year_start', 'integer', '-250000');

-- --------------------------------------------------------

--
-- Table structure for table `ark_vocabulary_related`
--

CREATE TABLE `ark_vocabulary_related` (
  `from_concept` varchar(30) COLLATE utf8mb4_unicode_ci NOT NULL,
  `from_term` varchar(30) COLLATE utf8mb4_unicode_ci NOT NULL,
  `to_concept` varchar(30) COLLATE utf8mb4_unicode_ci NOT NULL,
  `to_term` varchar(30) COLLATE utf8mb4_unicode_ci NOT NULL,
  `relation` varchar(30) COLLATE utf8mb4_unicode_ci NOT NULL,
  `parameter` varchar(30) COLLATE utf8mb4_unicode_ci NOT NULL,
  `depth` int(11) NOT NULL
) ENGINE=InnoDB DEFAULT CHARSET=utf8mb4 COLLATE=utf8mb4_unicode_ci;

--
-- Dumping data for table `ark_vocabulary_related`
--

INSERT INTO `ark_vocabulary_related` (`from_concept`, `from_term`, `to_concept`, `to_term`, `relation`, `parameter`, `depth`) VALUES
('core.item.status', 'allocated', 'core.item.status', 'deleted', 'transition', 'delete', 0),
('core.item.status', 'allocated', 'core.item.status', 'registered', 'transition', 'register', 0),
('core.item.status', 'allocated', 'core.item.status', 'void', 'transition', 'void', 0),
('core.item.status', 'registered', 'core.item.status', 'deleted', 'transition', 'delete', 0),
('core.item.status', 'registered', 'core.item.status', 'void', 'transition', 'void', 0),
('core.item.status', 'void', 'core.item.status', 'allocated', 'transition', 'allocate', 0),
('core.item.status', 'void', 'core.item.status', 'deleted', 'transition', 'delete', 0),
('core.item.status', 'void', 'core.item.status', 'registered', 'transition', 'register', 0),
('core.security.user.status', 'disabled', 'core.security.user.status', 'enabled', 'transition', 'enable', 0),
('core.security.user.status', 'enabled', 'core.security.user.status', 'disabled', 'transition', 'disable', 0),
('core.security.user.status', 'enabled', 'core.security.user.status', 'expired', 'transition', 'expire', 0),
('core.security.user.status', 'enabled', 'core.security.user.status', 'locked', 'transition', 'lock', 0),
('core.security.user.status', 'expired', 'core.security.user.status', 'enabled', 'transition', 'enable', 0),
('core.security.user.status', 'locked', 'core.security.user.status', 'enabled', 'transition', 'enable', 0),
('core.security.user.status', 'registered', 'core.security.user.status', 'verified', 'transition', 'verify', 0),
('core.security.user.status', 'verified', 'core.security.user.status', 'enabled', 'transition', 'enable', 0),
('dime.denmark.admin', 'DK', 'dime.denmark.region', 'DK01', 'broader', '', 2),
('dime.denmark.admin', 'DK', 'dime.denmark.region', 'DK02', 'broader', '', 2),
('dime.denmark.admin', 'DK', 'dime.denmark.region', 'DK03', 'broader', '', 2),
('dime.denmark.admin', 'DK', 'dime.denmark.region', 'DK04', 'broader', '', 2),
('dime.denmark.admin', 'DK', 'dime.denmark.region', 'DK05', 'broader', '', 2),
('dime.denmark.region', 'DK01', 'dime.denmark.municipality', '101', 'broader', '', 3),
('dime.denmark.region', 'DK01', 'dime.denmark.municipality', '147', 'broader', '', 3),
('dime.denmark.region', 'DK01', 'dime.denmark.municipality', '151', 'broader', '', 3),
('dime.denmark.region', 'DK01', 'dime.denmark.municipality', '153', 'broader', '', 3),
('dime.denmark.region', 'DK01', 'dime.denmark.municipality', '155', 'broader', '', 3),
('dime.denmark.region', 'DK01', 'dime.denmark.municipality', '157', 'broader', '', 3),
('dime.denmark.region', 'DK01', 'dime.denmark.municipality', '159', 'broader', '', 3),
('dime.denmark.region', 'DK01', 'dime.denmark.municipality', '161', 'broader', '', 3),
('dime.denmark.region', 'DK01', 'dime.denmark.municipality', '163', 'broader', '', 3),
('dime.denmark.region', 'DK01', 'dime.denmark.municipality', '165', 'broader', '', 3),
('dime.denmark.region', 'DK01', 'dime.denmark.municipality', '167', 'broader', '', 3),
('dime.denmark.region', 'DK01', 'dime.denmark.municipality', '169', 'broader', '', 3),
('dime.denmark.region', 'DK01', 'dime.denmark.municipality', '173', 'broader', '', 3),
('dime.denmark.region', 'DK01', 'dime.denmark.municipality', '175', 'broader', '', 3),
('dime.denmark.region', 'DK01', 'dime.denmark.municipality', '183', 'broader', '', 3),
('dime.denmark.region', 'DK01', 'dime.denmark.municipality', '185', 'broader', '', 3),
('dime.denmark.region', 'DK01', 'dime.denmark.municipality', '187', 'broader', '', 3),
('dime.denmark.region', 'DK01', 'dime.denmark.municipality', '190', 'broader', '', 3),
('dime.denmark.region', 'DK01', 'dime.denmark.municipality', '201', 'broader', '', 3),
('dime.denmark.region', 'DK01', 'dime.denmark.municipality', '210', 'broader', '', 3),
('dime.denmark.region', 'DK01', 'dime.denmark.municipality', '217', 'broader', '', 3),
('dime.denmark.region', 'DK01', 'dime.denmark.municipality', '219', 'broader', '', 3),
('dime.denmark.region', 'DK01', 'dime.denmark.municipality', '223', 'broader', '', 3),
('dime.denmark.region', 'DK01', 'dime.denmark.municipality', '230', 'broader', '', 3),
('dime.denmark.region', 'DK01', 'dime.denmark.municipality', '240', 'broader', '', 3),
('dime.denmark.region', 'DK01', 'dime.denmark.municipality', '250', 'broader', '', 3),
('dime.denmark.region', 'DK01', 'dime.denmark.municipality', '260', 'broader', '', 3),
('dime.denmark.region', 'DK01', 'dime.denmark.municipality', '270', 'broader', '', 3),
('dime.denmark.region', 'DK01', 'dime.denmark.municipality', '400', 'broader', '', 3),
('dime.denmark.region', 'DK02', 'dime.denmark.municipality', '253', 'broader', '', 3),
('dime.denmark.region', 'DK02', 'dime.denmark.municipality', '259', 'broader', '', 3),
('dime.denmark.region', 'DK02', 'dime.denmark.municipality', '265', 'broader', '', 3),
('dime.denmark.region', 'DK02', 'dime.denmark.municipality', '269', 'broader', '', 3),
('dime.denmark.region', 'DK02', 'dime.denmark.municipality', '306', 'broader', '', 3),
('dime.denmark.region', 'DK02', 'dime.denmark.municipality', '316', 'broader', '', 3),
('dime.denmark.region', 'DK02', 'dime.denmark.municipality', '320', 'broader', '', 3),
('dime.denmark.region', 'DK02', 'dime.denmark.municipality', '326', 'broader', '', 3),
('dime.denmark.region', 'DK02', 'dime.denmark.municipality', '329', 'broader', '', 3),
('dime.denmark.region', 'DK02', 'dime.denmark.municipality', '330', 'broader', '', 3),
('dime.denmark.region', 'DK02', 'dime.denmark.municipality', '336', 'broader', '', 3),
('dime.denmark.region', 'DK02', 'dime.denmark.municipality', '340', 'broader', '', 3),
('dime.denmark.region', 'DK02', 'dime.denmark.municipality', '350', 'broader', '', 3),
('dime.denmark.region', 'DK02', 'dime.denmark.municipality', '360', 'broader', '', 3),
('dime.denmark.region', 'DK02', 'dime.denmark.municipality', '370', 'broader', '', 3),
('dime.denmark.region', 'DK02', 'dime.denmark.municipality', '376', 'broader', '', 3),
('dime.denmark.region', 'DK02', 'dime.denmark.municipality', '390', 'broader', '', 3),
('dime.denmark.region', 'DK03', 'dime.denmark.municipality', '410', 'broader', '', 3),
('dime.denmark.region', 'DK03', 'dime.denmark.municipality', '420', 'broader', '', 3),
('dime.denmark.region', 'DK03', 'dime.denmark.municipality', '430', 'broader', '', 3),
('dime.denmark.region', 'DK03', 'dime.denmark.municipality', '440', 'broader', '', 3),
('dime.denmark.region', 'DK03', 'dime.denmark.municipality', '450', 'broader', '', 3),
('dime.denmark.region', 'DK03', 'dime.denmark.municipality', '461', 'broader', '', 3),
('dime.denmark.region', 'DK03', 'dime.denmark.municipality', '479', 'broader', '', 3),
('dime.denmark.region', 'DK03', 'dime.denmark.municipality', '480', 'broader', '', 3),
('dime.denmark.region', 'DK03', 'dime.denmark.municipality', '482', 'broader', '', 3),
('dime.denmark.region', 'DK03', 'dime.denmark.municipality', '492', 'broader', '', 3),
('dime.denmark.region', 'DK03', 'dime.denmark.municipality', '510', 'broader', '', 3),
('dime.denmark.region', 'DK03', 'dime.denmark.municipality', '530', 'broader', '', 3),
('dime.denmark.region', 'DK03', 'dime.denmark.municipality', '540', 'broader', '', 3),
('dime.denmark.region', 'DK03', 'dime.denmark.municipality', '550', 'broader', '', 3),
('dime.denmark.region', 'DK03', 'dime.denmark.municipality', '561', 'broader', '', 3),
('dime.denmark.region', 'DK03', 'dime.denmark.municipality', '563', 'broader', '', 3),
('dime.denmark.region', 'DK03', 'dime.denmark.municipality', '573', 'broader', '', 3),
('dime.denmark.region', 'DK03', 'dime.denmark.municipality', '575', 'broader', '', 3),
('dime.denmark.region', 'DK03', 'dime.denmark.municipality', '580', 'broader', '', 3),
('dime.denmark.region', 'DK03', 'dime.denmark.municipality', '607', 'broader', '', 3),
('dime.denmark.region', 'DK03', 'dime.denmark.municipality', '621', 'broader', '', 3),
('dime.denmark.region', 'DK03', 'dime.denmark.municipality', '630', 'broader', '', 3),
('dime.denmark.region', 'DK04', 'dime.denmark.municipality', '615', 'broader', '', 3),
('dime.denmark.region', 'DK04', 'dime.denmark.municipality', '657', 'broader', '', 3),
('dime.denmark.region', 'DK04', 'dime.denmark.municipality', '661', 'broader', '', 3),
('dime.denmark.region', 'DK04', 'dime.denmark.municipality', '665', 'broader', '', 3),
('dime.denmark.region', 'DK04', 'dime.denmark.municipality', '671', 'broader', '', 3),
('dime.denmark.region', 'DK04', 'dime.denmark.municipality', '706', 'broader', '', 3),
('dime.denmark.region', 'DK04', 'dime.denmark.municipality', '707', 'broader', '', 3),
('dime.denmark.region', 'DK04', 'dime.denmark.municipality', '710', 'broader', '', 3),
('dime.denmark.region', 'DK04', 'dime.denmark.municipality', '727', 'broader', '', 3),
('dime.denmark.region', 'DK04', 'dime.denmark.municipality', '730', 'broader', '', 3),
('dime.denmark.region', 'DK04', 'dime.denmark.municipality', '740', 'broader', '', 3),
('dime.denmark.region', 'DK04', 'dime.denmark.municipality', '741', 'broader', '', 3),
('dime.denmark.region', 'DK04', 'dime.denmark.municipality', '746', 'broader', '', 3),
('dime.denmark.region', 'DK04', 'dime.denmark.municipality', '751', 'broader', '', 3),
('dime.denmark.region', 'DK04', 'dime.denmark.municipality', '756', 'broader', '', 3),
('dime.denmark.region', 'DK04', 'dime.denmark.municipality', '760', 'broader', '', 3),
('dime.denmark.region', 'DK04', 'dime.denmark.municipality', '766', 'broader', '', 3),
('dime.denmark.region', 'DK04', 'dime.denmark.municipality', '779', 'broader', '', 3),
('dime.denmark.region', 'DK04', 'dime.denmark.municipality', '791', 'broader', '', 3),
('dime.denmark.region', 'DK05', 'dime.denmark.municipality', '773', 'broader', '', 3),
('dime.denmark.region', 'DK05', 'dime.denmark.municipality', '787', 'broader', '', 3),
('dime.denmark.region', 'DK05', 'dime.denmark.municipality', '810', 'broader', '', 3),
('dime.denmark.region', 'DK05', 'dime.denmark.municipality', '813', 'broader', '', 3),
('dime.denmark.region', 'DK05', 'dime.denmark.municipality', '820', 'broader', '', 3),
('dime.denmark.region', 'DK05', 'dime.denmark.municipality', '825', 'broader', '', 3),
('dime.denmark.region', 'DK05', 'dime.denmark.municipality', '840', 'broader', '', 3),
('dime.denmark.region', 'DK05', 'dime.denmark.municipality', '846', 'broader', '', 3),
('dime.denmark.region', 'DK05', 'dime.denmark.municipality', '849', 'broader', '', 3),
('dime.denmark.region', 'DK05', 'dime.denmark.municipality', '851', 'broader', '', 3),
('dime.denmark.region', 'DK05', 'dime.denmark.municipality', '860', 'broader', '', 3),
('dime.find.class', 'accessory', 'dime.find.subtype', 'accessory.bell', 'broader', '', 2),
('dime.find.class', 'accessory', 'dime.find.subtype', 'accessory.brooch', 'broader', '', 2),
('dime.find.class', 'accessory', 'dime.find.subtype', 'accessory.buckle', 'broader', '', 2),
('dime.find.class', 'accessory', 'dime.find.subtype', 'accessory.button', 'broader', '', 2),
('dime.find.class', 'accessory', 'dime.find.subtype', 'accessory.fitting', 'broader', '', 2),
('dime.find.class', 'accessory', 'dime.find.subtype', 'accessory.hook', 'broader', '', 2),
('dime.find.class', 'accessory', 'dime.find.subtype', 'accessory.jewelery', 'broader', '', 2),
('dime.find.class', 'accessory', 'dime.find.subtype', 'accessory.lace', 'broader', '', 2),
('dime.find.class', 'accessory', 'dime.find.subtype', 'accessory.medal', 'broader', '', 2),
('dime.find.class', 'accessory', 'dime.find.subtype', 'accessory.other', 'broader', '', 2),
('dime.find.class', 'accessory', 'dime.find.subtype', 'accessory.pilgrim', 'broader', '', 2),
('dime.find.class', 'accessory', 'dime.find.subtype', 'accessory.pin', 'broader', '', 2),
('dime.find.class', 'accessory', 'dime.find.subtype', 'accessory.tutulus', 'broader', '', 2),
('dime.find.class', 'accessory', 'dime.find.subtype', 'accessory.unknown', 'broader', '', 2),
('dime.find.class', 'coin', 'dime.find.subtype', 'coin.danish', 'broader', '', 2),
('dime.find.class', 'coin', 'dime.find.subtype', 'coin.danish.civilwar', 'broader', '', 2),
('dime.find.class', 'coin', 'dime.find.subtype', 'coin.danish.early', 'broader', '', 2),
('dime.find.class', 'coin', 'dime.find.subtype', 'coin.foreign', 'broader', '', 2),
('dime.find.class', 'coin', 'dime.find.subtype', 'coin.jeton', 'broader', '', 2),
('dime.find.class', 'coin', 'dime.find.subtype', 'coin.modern.danish', 'broader', '', 2),
('dime.find.class', 'coin', 'dime.find.subtype', 'coin.modern.foreign', 'broader', '', 2),
('dime.find.class', 'coin', 'dime.find.subtype', 'coin.other', 'broader', '', 2),
('dime.find.class', 'coin', 'dime.find.subtype', 'coin.roman', 'broader', '', 2),
('dime.find.class', 'coin', 'dime.find.subtype', 'coin.unknown', 'broader', '', 2),
('dime.find.class', 'coin', 'dime.find.subtype', 'coin.viking', 'broader', '', 2),
('dime.find.class', 'fibula', 'dime.find.subtype', 'fibula.beak', 'broader', '', 2),
('dime.find.class', 'fibula', 'dime.find.subtype', 'fibula.bird.above', 'broader', '', 2),
('dime.find.class', 'fibula', 'dime.find.subtype', 'fibula.bird.profile', 'broader', '', 2),
('dime.find.class', 'fibula', 'dime.find.subtype', 'fibula.bow', 'broader', '', 2),
('dime.find.class', 'fibula', 'dime.find.subtype', 'fibula.bowl', 'broader', '', 2),
('dime.find.class', 'fibula', 'dime.find.subtype', 'fibula.circular', 'broader', '', 2),
('dime.find.class', 'fibula', 'dime.find.subtype', 'fibula.enamel', 'broader', '', 2),
('dime.find.class', 'fibula', 'dime.find.subtype', 'fibula.equalarm', 'broader', '', 2),
('dime.find.class', 'fibula', 'dime.find.subtype', 'fibula.healing', 'broader', '', 2),
('dime.find.class', 'fibula', 'dime.find.subtype', 'fibula.other', 'broader', '', 2),
('dime.find.class', 'fibula', 'dime.find.subtype', 'fibula.plate', 'broader', '', 2),
('dime.find.class', 'fibula', 'dime.find.subtype', 'fibula.ring', 'broader', '', 2),
('dime.find.class', 'fibula', 'dime.find.subtype', 'fibula.trilobal', 'broader', '', 2),
('dime.find.class', 'fibula', 'dime.find.subtype', 'fibula.unknown', 'broader', '', 2),
('dime.find.class', 'fibula', 'dime.find.subtype', 'fibula.viking', 'broader', '', 2),
('dime.find.class', 'metal', 'dime.find.subtype', 'metal.ingot', 'broader', '', 2),
('dime.find.class', 'metal', 'dime.find.subtype', 'metal.mold', 'broader', '', 2),
('dime.find.class', 'metal', 'dime.find.subtype', 'metal.other', 'broader', '', 2),
('dime.find.class', 'metal', 'dime.find.subtype', 'metal.rest', 'broader', '', 2),
('dime.find.class', 'metal', 'dime.find.subtype', 'metal.slag', 'broader', '', 2),
('dime.find.class', 'metal', 'dime.find.subtype', 'metal.tin', 'broader', '', 2),
('dime.find.class', 'metal', 'dime.find.subtype', 'metal.unknown', 'broader', '', 2),
('dime.find.class', 'military', 'dime.find.subtype', 'military.ammunition', 'broader', '', 2),
('dime.find.class', 'military', 'dime.find.subtype', 'military.armor', 'broader', '', 2),
('dime.find.class', 'military', 'dime.find.subtype', 'military.arrow', 'broader', '', 2),
('dime.find.class', 'military', 'dime.find.subtype', 'military.firearm', 'broader', '', 2),
('dime.find.class', 'military', 'dime.find.subtype', 'military.fitting', 'broader', '', 2),
('dime.find.class', 'military', 'dime.find.subtype', 'military.helmet', 'broader', '', 2),
('dime.find.class', 'military', 'dime.find.subtype', 'military.melee', 'broader', '', 2),
('dime.find.class', 'military', 'dime.find.subtype', 'military.other', 'broader', '', 2),
('dime.find.class', 'military', 'dime.find.subtype', 'military.shield', 'broader', '', 2),
('dime.find.class', 'military', 'dime.find.subtype', 'military.unknown', 'broader', '', 2),
('dime.find.class', 'tool', 'dime.find.subtype', 'tool.equestrian', 'broader', '', 2),
('dime.find.class', 'tool', 'dime.find.subtype', 'tool.house', 'broader', '', 2),
('dime.find.class', 'tool', 'dime.find.subtype', 'tool.measure', 'broader', '', 2),
('dime.find.class', 'tool', 'dime.find.subtype', 'tool.other', 'broader', '', 2),
('dime.find.class', 'tool', 'dime.find.subtype', 'tool.textile', 'broader', '', 2),
('dime.find.class', 'tool', 'dime.find.subtype', 'tool.toilet', 'broader', '', 2),
('dime.find.class', 'tool', 'dime.find.subtype', 'tool.toy', 'broader', '', 2),
('dime.find.class', 'tool', 'dime.find.subtype', 'tool.unknown', 'broader', '', 2),
('dime.find.class', 'tool', 'dime.find.subtype', 'tool.work', 'broader', '', 2),
('dime.find.class', 'tool', 'dime.find.subtype', 'tool.writing', 'broader', '', 2),
('dime.find.custody', 'destroyed', 'dime.find.custody', 'held', 'transition', 'recover', 0),
('dime.find.custody', 'discarded', 'dime.find.custody', 'held', 'transition', 'recover', 0),
('dime.find.custody', 'held', 'dime.find.custody', 'destroyed', 'transition', 'destroy', 0),
('dime.find.custody', 'held', 'dime.find.custody', 'discarded', 'transition', 'discard', 0),
('dime.find.custody', 'held', 'dime.find.custody', 'lost', 'transition', 'lose', 0),
('dime.find.custody', 'held', 'dime.find.custody', 'requested', 'transition', 'request', 0),
('dime.find.custody', 'held', 'dime.find.custody', 'sent', 'transition', 'send', 0),
('dime.find.custody', 'lost', 'dime.find.custody', 'held', 'transition', 'recover', 0),
('dime.find.custody', 'requested', 'dime.find.custody', 'held', 'transition', 'decline', 0),
('dime.find.custody', 'requested', 'dime.find.custody', 'sent', 'transition', 'send', 0),
('dime.find.custody', 'sent', 'dime.find.custody', 'held', 'transition', 'receive', 0),
('dime.find.process', 'appraised', 'dime.find.process', 'evaluated', 'transition', 'evaluate', 0),
('dime.find.process', 'evaluated', 'dime.find.process', 'accessioned', 'transition', 'accession', 0),
('dime.find.process', 'evaluated', 'dime.find.process', 'released', 'transition', 'release', 0),
('dime.find.process', 'recorded', 'dime.find.process', 'inactive', 'transition', 'report', 0),
('dime.find.process', 'recorded', 'dime.find.process', 'reported', 'transition', 'report', 0),
('dime.find.process', 'reported', 'dime.find.process', 'appraised', 'transition', 'validate', 0),
('dime.find.process', 'reported', 'dime.find.process', 'rejected', 'transition', 'reject', 0),
('dime.find.subtype', 'accessory.button', 'dime.find.subtype', 'accessory.button.bar', 'broader', '', 3),
('dime.find.subtype', 'accessory.button', 'dime.find.subtype', 'accessory.button.other', 'broader', '', 3),
('dime.find.subtype', 'accessory.button', 'dime.find.subtype', 'accessory.button.round', 'broader', '', 3),
('dime.find.subtype', 'accessory.button', 'dime.find.subtype', 'accessory.button.stud', 'broader', '', 3),
('dime.find.subtype', 'accessory.button', 'dime.find.subtype', 'accessory.button.unknown', 'broader', '', 3),
('dime.find.subtype', 'accessory.fitting', 'dime.find.subtype', 'accessory.fitting.belt', 'broader', '', 3),
('dime.find.subtype', 'accessory.fitting', 'dime.find.subtype', 'accessory.fitting.other', 'broader', '', 3),
('dime.find.subtype', 'accessory.fitting', 'dime.find.subtype', 'accessory.fitting.unknown', 'broader', '', 3),
('dime.find.subtype', 'accessory.jewelery', 'dime.find.subtype', 'accessory.jewelery.bracelet', 'broader', '', 3),
('dime.find.subtype', 'accessory.jewelery', 'dime.find.subtype', 'accessory.jewelery.bracteate', 'broader', '', 3),
('dime.find.subtype', 'accessory.jewelery', 'dime.find.subtype', 'accessory.jewelery.earring', 'broader', '', 3),
('dime.find.subtype', 'accessory.jewelery', 'dime.find.subtype', 'accessory.jewelery.necklace', 'broader', '', 3),
('dime.find.subtype', 'accessory.jewelery', 'dime.find.subtype', 'accessory.jewelery.other', 'broader', '', 3),
('dime.find.subtype', 'accessory.jewelery', 'dime.find.subtype', 'accessory.jewelery.pasyning', 'broader', '', 3),
('dime.find.subtype', 'accessory.jewelery', 'dime.find.subtype', 'accessory.jewelery.pearl', 'broader', '', 3),
('dime.find.subtype', 'accessory.jewelery', 'dime.find.subtype', 'accessory.jewelery.pendant', 'broader', '', 3),
('dime.find.subtype', 'accessory.jewelery', 'dime.find.subtype', 'accessory.jewelery.ring', 'broader', '', 3),
('dime.find.subtype', 'accessory.jewelery', 'dime.find.subtype', 'accessory.jewelery.unknown', 'broader', '', 3),
('dime.find.subtype', 'coin.danish', 'dime.find.subtype', 'coin.danish.hvide', 'broader', '', 3),
('dime.find.subtype', 'coin.danish', 'dime.find.subtype', 'coin.danish.klipping', 'broader', '', 3),
('dime.find.subtype', 'coin.danish', 'dime.find.subtype', 'coin.danish.ssling', 'broader', '', 3),
('dime.find.subtype', 'coin.danish', 'dime.find.subtype', 'coin.danish.sterling', 'broader', '', 3),
('dime.find.subtype', 'coin.danish', 'dime.find.subtype', 'coin.danish.unknown', 'broader', '', 3),
('dime.find.subtype', 'coin.foreign', 'dime.find.subtype', 'coin.foreign.hohlpfennig', 'broader', '', 3),
('dime.find.subtype', 'coin.foreign', 'dime.find.subtype', 'coin.foreign.hvide', 'broader', '', 3),
('dime.find.subtype', 'coin.foreign', 'dime.find.subtype', 'coin.foreign.other', 'broader', '', 3),
('dime.find.subtype', 'coin.foreign', 'dime.find.subtype', 'coin.foreign.sterling', 'broader', '', 3),
('dime.find.subtype', 'coin.foreign', 'dime.find.subtype', 'coin.foreign.tournois', 'broader', '', 3),
('dime.find.subtype', 'coin.foreign', 'dime.find.subtype', 'coin.foreign.unknown', 'broader', '', 3),
('dime.find.subtype', 'coin.roman', 'dime.find.subtype', 'coin.roman.aureus', 'broader', '', 3),
('dime.find.subtype', 'coin.roman', 'dime.find.subtype', 'coin.roman.denarius', 'broader', '', 3),
('dime.find.subtype', 'coin.roman', 'dime.find.subtype', 'coin.roman.other', 'broader', '', 3),
('dime.find.subtype', 'coin.roman', 'dime.find.subtype', 'coin.roman.sestertius', 'broader', '', 3),
('dime.find.subtype', 'coin.roman', 'dime.find.subtype', 'coin.roman.siliqua', 'broader', '', 3),
('dime.find.subtype', 'coin.roman', 'dime.find.subtype', 'coin.roman.solidus', 'broader', '', 3),
('dime.find.subtype', 'coin.roman', 'dime.find.subtype', 'coin.roman.unknown', 'broader', '', 3),
('dime.find.subtype', 'coin.viking', 'dime.find.subtype', 'coin.viking.byzantine', 'broader', '', 3),
('dime.find.subtype', 'coin.viking', 'dime.find.subtype', 'coin.viking.carolingian', 'broader', '', 3),
('dime.find.subtype', 'coin.viking', 'dime.find.subtype', 'coin.viking.denarius', 'broader', '', 3),
('dime.find.subtype', 'coin.viking', 'dime.find.subtype', 'coin.viking.dirham', 'broader', '', 3),
('dime.find.subtype', 'coin.viking', 'dime.find.subtype', 'coin.viking.english', 'broader', '', 3),
('dime.find.subtype', 'coin.viking', 'dime.find.subtype', 'coin.viking.german', 'broader', '', 3),
('dime.find.subtype', 'coin.viking', 'dime.find.subtype', 'coin.viking.nordic', 'broader', '', 3),
('dime.find.subtype', 'coin.viking', 'dime.find.subtype', 'coin.viking.other', 'broader', '', 3),
('dime.find.subtype', 'coin.viking', 'dime.find.subtype', 'coin.viking.penny', 'broader', '', 3),
('dime.find.subtype', 'coin.viking', 'dime.find.subtype', 'coin.viking.phennig', 'broader', '', 3),
('dime.find.subtype', 'coin.viking', 'dime.find.subtype', 'coin.viking.sceat', 'broader', '', 3),
('dime.find.subtype', 'coin.viking', 'dime.find.subtype', 'coin.viking.unknown', 'broader', '', 3),
('dime.find.subtype', 'fibula.bow', 'dime.find.subtype', 'fibula.bow.ball', 'broader', '', 3),
('dime.find.subtype', 'fibula.bow', 'dime.find.subtype', 'fibula.bow.band', 'broader', '', 3),
('dime.find.subtype', 'fibula.bow', 'dime.find.subtype', 'fibula.bow.bilateral', 'broader', '', 3),
('dime.find.subtype', 'fibula.bow', 'dime.find.subtype', 'fibula.bow.button', 'broader', '', 3),
('dime.find.subtype', 'fibula.bow', 'dime.find.subtype', 'fibula.bow.cross', 'broader', '', 3),
('dime.find.subtype', 'fibula.bow', 'dime.find.subtype', 'fibula.bow.foot', 'broader', '', 3),
('dime.find.subtype', 'fibula.bow', 'dime.find.subtype', 'fibula.bow.high', 'broader', '', 3),
('dime.find.subtype', 'fibula.bow', 'dime.find.subtype', 'fibula.bow.other', 'broader', '', 3),
('dime.find.subtype', 'fibula.bow', 'dime.find.subtype', 'fibula.bow.relief', 'broader', '', 3),
('dime.find.subtype', 'fibula.bow', 'dime.find.subtype', 'fibula.bow.unknown', 'broader', '', 3),
('dime.find.subtype', 'fibula.bowl', 'dime.find.subtype', 'fibula.bowl.animal', 'broader', '', 3),
('dime.find.subtype', 'fibula.bowl', 'dime.find.subtype', 'fibula.bowl.circular', 'broader', '', 3),
('dime.find.subtype', 'fibula.bowl', 'dime.find.subtype', 'fibula.bowl.large', 'broader', '', 3),
('dime.find.subtype', 'fibula.bowl', 'dime.find.subtype', 'fibula.bowl.other', 'broader', '', 3),
('dime.find.subtype', 'fibula.bowl', 'dime.find.subtype', 'fibula.bowl.small', 'broader', '', 3),
('dime.find.subtype', 'fibula.bowl', 'dime.find.subtype', 'fibula.bowl.unknown', 'broader', '', 3),
('dime.find.subtype', 'fibula.circular', 'dime.find.subtype', 'fibula.circular.large', 'broader', '', 3),
('dime.find.subtype', 'fibula.circular', 'dime.find.subtype', 'fibula.circular.other', 'broader', '', 3),
('dime.find.subtype', 'fibula.circular', 'dime.find.subtype', 'fibula.circular.small', 'broader', '', 3),
('dime.find.subtype', 'fibula.circular', 'dime.find.subtype', 'fibula.circular.tin', 'broader', '', 3),
('dime.find.subtype', 'fibula.circular', 'dime.find.subtype', 'fibula.circular.unknown', 'broader', '', 3),
('dime.find.subtype', 'fibula.enamel', 'dime.find.subtype', 'fibula.enamel.central', 'broader', '', 3),
('dime.find.subtype', 'fibula.enamel', 'dime.find.subtype', 'fibula.enamel.cross', 'broader', '', 3),
('dime.find.subtype', 'fibula.enamel', 'dime.find.subtype', 'fibula.enamel.multiple', 'broader', '', 3),
('dime.find.subtype', 'fibula.enamel', 'dime.find.subtype', 'fibula.enamel.other', 'broader', '', 3),
('dime.find.subtype', 'fibula.enamel', 'dime.find.subtype', 'fibula.enamel.unknown', 'broader', '', 3),
('dime.find.subtype', 'fibula.equalarm', 'dime.find.subtype', 'fibula.equalarm.large', 'broader', '', 3),
('dime.find.subtype', 'fibula.equalarm', 'dime.find.subtype', 'fibula.equalarm.other', 'broader', '', 3),
('dime.find.subtype', 'fibula.equalarm', 'dime.find.subtype', 'fibula.equalarm.small', 'broader', '', 3),
('dime.find.subtype', 'fibula.equalarm', 'dime.find.subtype', 'fibula.equalarm.unknown', 'broader', '', 3),
('dime.find.subtype', 'fibula.healing', 'dime.find.subtype', 'fibula.healing.aalborg', 'broader', '', 3),
('dime.find.subtype', 'fibula.healing', 'dime.find.subtype', 'fibula.healing.lamb', 'broader', '', 3),
('dime.find.subtype', 'fibula.healing', 'dime.find.subtype', 'fibula.healing.other', 'broader', '', 3),
('dime.find.subtype', 'fibula.healing', 'dime.find.subtype', 'fibula.healing.unknown', 'broader', '', 3),
('dime.find.subtype', 'fibula.healing', 'dime.find.subtype', 'fibula.healing.urnes', 'broader', '', 3),
('dime.find.subtype', 'fibula.plate', 'dime.find.subtype', 'fibula.plate.bird', 'broader', '', 3),
('dime.find.subtype', 'fibula.plate', 'dime.find.subtype', 'fibula.plate.circular', 'broader', '', 3),
('dime.find.subtype', 'fibula.plate', 'dime.find.subtype', 'fibula.plate.coin', 'broader', '', 3),
('dime.find.subtype', 'fibula.plate', 'dime.find.subtype', 'fibula.plate.horse', 'broader', '', 3),
('dime.find.subtype', 'fibula.plate', 'dime.find.subtype', 'fibula.plate.other', 'broader', '', 3),
('dime.find.subtype', 'fibula.plate', 'dime.find.subtype', 'fibula.plate.oval', 'broader', '', 3),
('dime.find.subtype', 'fibula.plate', 'dime.find.subtype', 'fibula.plate.rhede', 'broader', '', 3),
('dime.find.subtype', 'fibula.plate', 'dime.find.subtype', 'fibula.plate.rectangular', 'broader', '', 3),
('dime.find.subtype', 'fibula.plate', 'dime.find.subtype', 'fibula.plate.ship', 'broader', '', 3),
('dime.find.subtype', 'fibula.plate', 'dime.find.subtype', 'fibula.plate.snake', 'broader', '', 3),
('dime.find.subtype', 'fibula.plate', 'dime.find.subtype', 'fibula.plate.swastika', 'broader', '', 3),
('dime.find.subtype', 'fibula.plate', 'dime.find.subtype', 'fibula.plate.tongue', 'broader', '', 3),
('dime.find.subtype', 'fibula.plate', 'dime.find.subtype', 'fibula.plate.unknown', 'broader', '', 3),
('dime.find.subtype', 'fibula.plate', 'dime.find.subtype', 'fibula.plate.valkyrie', 'broader', '', 3),
('dime.find.subtype', 'fibula.ring', 'dime.find.subtype', 'fibula.ring.circular', 'broader', '', 3),
('dime.find.subtype', 'fibula.ring', 'dime.find.subtype', 'fibula.ring.heart', 'broader', '', 3),
('dime.find.subtype', 'fibula.ring', 'dime.find.subtype', 'fibula.ring.other', 'broader', '', 3),
('dime.find.subtype', 'fibula.ring', 'dime.find.subtype', 'fibula.ring.star', 'broader', '', 3),
('dime.find.subtype', 'fibula.ring', 'dime.find.subtype', 'fibula.ring.unknown', 'broader', '', 3),
('dime.find.subtype', 'fibula.viking', 'dime.find.subtype', 'fibula.viking.other', 'broader', '', 3),
('dime.find.subtype', 'fibula.viking', 'dime.find.subtype', 'fibula.viking.rhombic', 'broader', '', 3),
('dime.find.subtype', 'fibula.viking', 'dime.find.subtype', 'fibula.viking.ring', 'broader', '', 3),
('dime.find.subtype', 'fibula.viking', 'dime.find.subtype', 'fibula.viking.roof', 'broader', '', 3),
('dime.find.subtype', 'fibula.viking', 'dime.find.subtype', 'fibula.viking.unknown', 'broader', '', 3),
('dime.find.subtype', 'military.fitting', 'dime.find.subtype', 'military.fitting.other', 'broader', '', 3),
('dime.find.subtype', 'military.fitting', 'dime.find.subtype', 'military.fitting.sheath', 'broader', '', 3),
('dime.find.subtype', 'military.fitting', 'dime.find.subtype', 'military.fitting.uniform', 'broader', '', 3),
('dime.find.subtype', 'military.fitting', 'dime.find.subtype', 'military.fitting.unknown', 'broader', '', 3),
('dime.find.subtype', 'military.melee', 'dime.find.subtype', 'military.melee.axe', 'broader', '', 3),
('dime.find.subtype', 'military.melee', 'dime.find.subtype', 'military.melee.blunt', 'broader', '', 3),
('dime.find.subtype', 'military.melee', 'dime.find.subtype', 'military.melee.knife', 'broader', '', 3),
('dime.find.subtype', 'military.melee', 'dime.find.subtype', 'military.melee.other', 'broader', '', 3),
('dime.find.subtype', 'military.melee', 'dime.find.subtype', 'military.melee.pointed', 'broader', '', 3),
('dime.find.subtype', 'military.melee', 'dime.find.subtype', 'military.melee.sword', 'broader', '', 3),
('dime.find.subtype', 'military.melee', 'dime.find.subtype', 'military.melee.unknown', 'broader', '', 3),
('dime.find.subtype', 'tool.equestrian', 'dime.find.subtype', 'tool.equestrian.bell', 'broader', '', 3),
('dime.find.subtype', 'tool.equestrian', 'dime.find.subtype', 'tool.equestrian.bridle', 'broader', '', 3),
('dime.find.subtype', 'tool.equestrian', 'dime.find.subtype', 'tool.equestrian.cheek', 'broader', '', 3),
('dime.find.subtype', 'tool.equestrian', 'dime.find.subtype', 'tool.equestrian.other', 'broader', '', 3),
('dime.find.subtype', 'tool.equestrian', 'dime.find.subtype', 'tool.equestrian.shoe', 'broader', '', 3),
('dime.find.subtype', 'tool.equestrian', 'dime.find.subtype', 'tool.equestrian.stirrup', 'broader', '', 3),
('dime.find.subtype', 'tool.equestrian', 'dime.find.subtype', 'tool.equestrian.tack', 'broader', '', 3),
('dime.find.subtype', 'tool.equestrian', 'dime.find.subtype', 'tool.equestrian.unknown', 'broader', '', 3),
('dime.find.subtype', 'tool.house', 'dime.find.subtype', 'tool.house.crockery', 'broader', '', 3),
('dime.find.subtype', 'tool.house', 'dime.find.subtype', 'tool.house.cutlery', 'broader', '', 3),
('dime.find.subtype', 'tool.house', 'dime.find.subtype', 'tool.house.fixtures', 'broader', '', 3),
('dime.find.subtype', 'tool.house', 'dime.find.subtype', 'tool.house.key', 'broader', '', 3),
('dime.find.subtype', 'tool.house', 'dime.find.subtype', 'tool.house.knife', 'broader', '', 3),
('dime.find.subtype', 'tool.house', 'dime.find.subtype', 'tool.house.light', 'broader', '', 3),
('dime.find.subtype', 'tool.house', 'dime.find.subtype', 'tool.house.lock', 'broader', '', 3),
('dime.find.subtype', 'tool.house', 'dime.find.subtype', 'tool.house.other', 'broader', '', 3),
('dime.find.subtype', 'tool.house', 'dime.find.subtype', 'tool.house.pot', 'broader', '', 3),
('dime.find.subtype', 'tool.house', 'dime.find.subtype', 'tool.house.scissors', 'broader', '', 3),
('dime.find.subtype', 'tool.house', 'dime.find.subtype', 'tool.house.striker', 'broader', '', 3),
('dime.find.subtype', 'tool.house', 'dime.find.subtype', 'tool.house.unknown', 'broader', '', 3),
('dime.find.subtype', 'tool.measure', 'dime.find.subtype', 'tool.measure.clip', 'broader', '', 3),
('dime.find.subtype', 'tool.measure', 'dime.find.subtype', 'tool.measure.ingot', 'broader', '', 3),
('dime.find.subtype', 'tool.measure', 'dime.find.subtype', 'tool.measure.scale', 'broader', '', 3),
('dime.find.subtype', 'tool.measure', 'dime.find.subtype', 'tool.measure.unknown', 'broader', '', 3),
('dime.find.subtype', 'tool.measure', 'dime.find.subtype', 'tool.measure.weight', 'broader', '', 3),
('dime.find.subtype', 'tool.textile', 'dime.find.subtype', 'tool.textile.case', 'broader', '', 3),
('dime.find.subtype', 'tool.textile', 'dime.find.subtype', 'tool.textile.needle', 'broader', '', 3),
('dime.find.subtype', 'tool.textile', 'dime.find.subtype', 'tool.textile.scissors', 'broader', '', 3),
('dime.find.subtype', 'tool.textile', 'dime.find.subtype', 'tool.textile.thimble', 'broader', '', 3),
('dime.find.subtype', 'tool.textile', 'dime.find.subtype', 'tool.textile.unknown', 'broader', '', 3),
('dime.find.subtype', 'tool.textile', 'dime.find.subtype', 'tool.textile.whorl', 'broader', '', 3),
('dime.find.subtype', 'tool.toilet', 'dime.find.subtype', 'tool.toilet.comb', 'broader', '', 3),
('dime.find.subtype', 'tool.toilet', 'dime.find.subtype', 'tool.toilet.ear', 'broader', '', 3),
('dime.find.subtype', 'tool.toilet', 'dime.find.subtype', 'tool.toilet.other', 'broader', '', 3),
('dime.find.subtype', 'tool.toilet', 'dime.find.subtype', 'tool.toilet.razor', 'broader', '', 3),
('dime.find.subtype', 'tool.toilet', 'dime.find.subtype', 'tool.toilet.tweezers', 'broader', '', 3),
('dime.find.subtype', 'tool.toilet', 'dime.find.subtype', 'tool.toilet.unknown', 'broader', '', 3),
('dime.find.subtype', 'tool.toy', 'dime.find.subtype', 'tool.toy.counter', 'broader', '', 3),
('dime.find.subtype', 'tool.toy', 'dime.find.subtype', 'tool.toy.dice', 'broader', '', 3),
('dime.find.subtype', 'tool.toy', 'dime.find.subtype', 'tool.toy.other', 'broader', '', 3),
('dime.find.subtype', 'tool.toy', 'dime.find.subtype', 'tool.toy.unknown', 'broader', '', 3),
('dime.find.subtype', 'tool.work', 'dime.find.subtype', 'tool.work.axe', 'broader', '', 3),
('dime.find.subtype', 'tool.work', 'dime.find.subtype', 'tool.work.chisel', 'broader', '', 3),
('dime.find.subtype', 'tool.work', 'dime.find.subtype', 'tool.work.drill', 'broader', '', 3),
('dime.find.subtype', 'tool.work', 'dime.find.subtype', 'tool.work.fitting', 'broader', '', 3),
('dime.find.subtype', 'tool.work', 'dime.find.subtype', 'tool.work.hammer', 'broader', '', 3),
('dime.find.subtype', 'tool.work', 'dime.find.subtype', 'tool.work.knife', 'broader', '', 3),
('dime.find.subtype', 'tool.work', 'dime.find.subtype', 'tool.work.nail', 'broader', '', 3),
('dime.find.subtype', 'tool.work', 'dime.find.subtype', 'tool.work.other', 'broader', '', 3),
('dime.find.subtype', 'tool.work', 'dime.find.subtype', 'tool.work.pliars', 'broader', '', 3),
('dime.find.subtype', 'tool.work', 'dime.find.subtype', 'tool.work.rivet', 'broader', '', 3),
('dime.find.subtype', 'tool.work', 'dime.find.subtype', 'tool.work.sickle', 'broader', '', 3),
('dime.find.subtype', 'tool.work', 'dime.find.subtype', 'tool.work.unknown', 'broader', '', 3),
('dime.find.subtype', 'tool.writing', 'dime.find.subtype', 'tool.writing.bylamulet', 'broader', '', 3),
('dime.find.subtype', 'tool.writing', 'dime.find.subtype', 'tool.writing.clasp', 'broader', '', 3),
('dime.find.subtype', 'tool.writing', 'dime.find.subtype', 'tool.writing.guldgubbe', 'broader', '', 3),
('dime.find.subtype', 'tool.writing', 'dime.find.subtype', 'tool.writing.runebrev', 'broader', '', 3),
('dime.find.subtype', 'tool.writing', 'dime.find.subtype', 'tool.writing.seal', 'broader', '', 3),
('dime.find.subtype', 'tool.writing', 'dime.find.subtype', 'tool.writing.stamp', 'broader', '', 3),
('dime.find.subtype', 'tool.writing', 'dime.find.subtype', 'tool.writing.stylus', 'broader', '', 3),
('dime.find.subtype', 'tool.writing', 'dime.find.subtype', 'tool.writing.unknown', 'broader', '', 3),
('dime.period', 'AXXX', 'dime.period', 'AMXX', 'broader', '', 3),
('dime.period', 'AXXX', 'dime.period', 'APXX', 'broader', '', 3),
('dime.period', 'AXXX', 'dime.period', 'AXXX', 'broader', '', 2),
('dime.period', 'AXXX', 'dime.period', 'AYXX', 'broader', '', 3),
('dime.period', 'BXX', 'dime.period', 'BX1', 'broader', '', 4),
('dime.period', 'BXX', 'dime.period', 'BX2', 'broader', '', 4),
('dime.period', 'BXX', 'dime.period', 'BX3', 'broader', '', 4),
('dime.period', 'BXXX', 'dime.period', 'BXX', 'broader', '', 3),
('dime.period', 'BXXX', 'dime.period', 'BXXX', 'broader', '', 2),
('dime.period', 'BXXX', 'dime.period', 'BYXX', 'broader', '', 3),
('dime.period', 'BYXX', 'dime.period', 'BYX4', 'broader', '', 4),
('dime.period', 'BYXX', 'dime.period', 'BYX5', 'broader', '', 4),
('dime.period', 'BYXX', 'dime.period', 'BYX6', 'broader', '', 4),
('dime.period', 'CFX', 'dime.period', 'CF', 'broader', '', 5),
('dime.period', 'CFX', 'dime.period', 'CFM', 'broader', '', 5),
('dime.period', 'CFX', 'dime.period', 'CFY', 'broader', '', 5),
('dime.period', 'CR', 'dime.period', 'CRA', 'broader', '', 6),
('dime.period', 'CR', 'dime.period', 'CRB', 'broader', '', 6),
('dime.period', 'CRX', 'dime.period', 'CR', 'broader', '', 5),
('dime.period', 'CRX', 'dime.period', 'CRY', 'broader', '', 5),
('dime.period', 'CRY', 'dime.period', 'CRC', 'broader', '', 6),
('dime.period', 'CRY', 'dime.period', 'CRD', 'broader', '', 6),
('dime.period', 'CRY', 'dime.period', 'CRE', 'broader', '', 6),
('dime.period', 'CXX', 'dime.period', 'CFX', 'broader', '', 4),
('dime.period', 'CXX', 'dime.period', 'CRX', 'broader', '', 4),
('dime.period', 'CXXX', 'dime.period', 'CXX', 'broader', '', 3),
('dime.period', 'CXXX', 'dime.period', 'CXXX', 'broader', '', 2),
('dime.period', 'CXXX', 'dime.period', 'CYVX', 'broader', '', 3),
('dime.period', 'CXXX', 'dime.period', 'CYXX', 'broader', '', 3),
('dime.period', 'CYGX', 'dime.period', 'CYG', 'broader', '', 5),
('dime.period', 'CYGX', 'dime.period', 'CYGY', 'broader', '', 5),
('dime.period', 'CYVX', 'dime.period', 'CYV', 'broader', '', 5),
('dime.period', 'CYVX', 'dime.period', 'CYVY', 'broader', '', 5),
('dime.period', 'CYXX', 'dime.period', 'CYGX', 'broader', '', 5),
('dime.period', 'DXXX', 'dime.period', 'DX1', 'broader', '', 3),
('dime.period', 'DXXX', 'dime.period', 'DHXX', 'broader', '', 3),
('dime.period', 'DXXX', 'dime.period', 'DLXX', 'broader', '', 3),
('dime.period', 'FXXX', 'dime.period', 'FXX', 'broader', '', 3),
('dime.period', 'FXXX', 'dime.period', 'FMIN', 'broader', '', 3),
('dime.period', 'FXXX', 'dime.period', 'FMV1', 'broader', '', 3),
('dime.period', 'FXXX', 'dime.period', 'FMV2', 'broader', '', 3),
('dime.period', 'FXXX', 'dime.period', 'FMVM', 'broader', '', 3),
('dime.period', 'FXXX', 'dime.period', 'FYXX', 'broader', '', 3),
('dime.period', 'HXXX', 'dime.period', 'DXXX', 'broader', '', 2),
('dime.period', 'HXXX', 'dime.period', 'EXXX', 'broader', '', 2),
('dime.period', 'HXXX', 'dime.period', 'FXXX', 'broader', '', 2),
('dime.period', 'HXXX', 'dime.period', 'HXXX', 'broader', '', 1),
('dime.period', 'OXXX', 'dime.period', 'AXXX', 'broader', '', 1),
('dime.period', 'OXXX', 'dime.period', 'BXXX', 'broader', '', 1),
('dime.period', 'OXXX', 'dime.period', 'CXXX', 'broader', '', 1),
('dime.period', 'OXXX', 'dime.period', 'OXXX', 'broader', '', 1),
('dime.period', 'XXXX', 'dime.period', 'XXXX', 'broader', '', 1),
('dime.treasure', 'appraisal', 'dime.treasure', 'not', 'transition', 'assess', 0),
('dime.treasure', 'appraisal', 'dime.treasure', 'treasure', 'transition', 'assess', 0),
('dime.treasure', 'pending', 'dime.treasure', 'appraisal', 'transition', 'evaluate', 0),
('dime.treasure', 'pending', 'dime.treasure', 'not', 'transition', 'evaluate', 0);

-- --------------------------------------------------------

--
-- Table structure for table `ark_vocabulary_relation`
--

CREATE TABLE `ark_vocabulary_relation` (
  `relation` varchar(10) COLLATE utf8mb4_unicode_ci NOT NULL,
  `notation` varchar(3) COLLATE utf8mb4_unicode_ci NOT NULL,
  `recipricol` varchar(10) COLLATE utf8mb4_unicode_ci NOT NULL,
  `recipricol_notation` varchar(3) COLLATE utf8mb4_unicode_ci NOT NULL,
  `equivalence` tinyint(1) NOT NULL DEFAULT 0,
  `hierarchy` tinyint(1) NOT NULL DEFAULT 0,
  `associative` tinyint(1) NOT NULL DEFAULT 0,
  `description` text COLLATE utf8mb4_unicode_ci DEFAULT NULL
) ENGINE=InnoDB DEFAULT CHARSET=utf8mb4 COLLATE=utf8mb4_unicode_ci;

--
-- Dumping data for table `ark_vocabulary_relation`
--

INSERT INTO `ark_vocabulary_relation` (`relation`, `notation`, `recipricol`, `recipricol_notation`, `equivalence`, `hierarchy`, `associative`, `description`) VALUES
('broader', 'BT', 'narrower', 'NT', 0, 1, 0, 'The \'Has A\' parent/child hierarchy relationship'),
('class', 'BTI', 'instance', 'NTI', 0, 1, 0, 'The \'Is A\' class/instance hierarchy relationship.'),
('related', 'RT', 'related', 'RT', 0, 0, 1, 'Related terms that are neither equivalent or hierarchical.'),
('sequence', 'RTS', '', '', 0, 0, 1, 'Related terms where one term follows another in a list.'),
('transition', 'RTT', '', '', 0, 0, 1, 'Related terms where one term follows another, i.e. a sequence or change of state.'),
('usedfor', 'UF', 'use', 'U', 1, 0, 0, 'Leads from the preferred entry term to the non-preferred term(s).'),
('whole', 'BTP', 'part', 'NTP', 0, 1, 0, 'The \'Part Of\' whole/part hierarchy relationship.');

-- --------------------------------------------------------

--
-- Table structure for table `ark_vocabulary_term`
--

CREATE TABLE `ark_vocabulary_term` (
  `concept` varchar(30) COLLATE utf8mb4_unicode_ci NOT NULL,
  `term` varchar(30) COLLATE utf8mb4_unicode_ci NOT NULL,
  `alias` varchar(50) COLLATE utf8mb4_unicode_ci DEFAULT NULL,
  `namespace` varchar(50) COLLATE utf8mb4_unicode_ci DEFAULT NULL,
  `entity` varchar(30) COLLATE utf8mb4_unicode_ci DEFAULT NULL,
  `seq` int(11) DEFAULT NULL,
  `is_default` tinyint(1) NOT NULL DEFAULT 0,
  `root` tinyint(1) NOT NULL DEFAULT 0,
  `enabled` tinyint(1) NOT NULL DEFAULT 1,
  `deprecated` tinyint(1) NOT NULL DEFAULT 0,
  `keyword` varchar(100) COLLATE utf8mb4_unicode_ci DEFAULT NULL,
  `description` varchar(100) COLLATE utf8mb4_unicode_ci DEFAULT NULL
) ENGINE=InnoDB DEFAULT CHARSET=utf8mb4 COLLATE=utf8mb4_unicode_ci;

--
-- Dumping data for table `ark_vocabulary_term`
--

INSERT INTO `ark_vocabulary_term` (`concept`, `term`, `alias`, `namespace`, `entity`, `seq`, `is_default`, `root`, `enabled`, `deprecated`, `keyword`, `description`) VALUES
('core.actor.class', 'actor', NULL, 'ARK\\Security', 'Actor', NULL, 0, 0, 1, 0, 'core.actor.class', ''),
('core.actor.class', 'museum', NULL, 'DIME\\Entity', 'Museum', NULL, 0, 0, 1, 0, 'core.actor.class.museum', ''),
('core.actor.class', 'person', NULL, 'ARK\\Security', 'Person', NULL, 0, 0, 1, 0, 'core.actor.class.person', ''),
('core.event.class', 'accessioned', NULL, NULL, NULL, NULL, 0, 0, 1, 0, 'dime.find.event.accessioned', ''),
('core.event.class', 'appraised', NULL, NULL, NULL, NULL, 0, 0, 1, 0, 'dime.find.event.appraised', ''),
('core.event.class', 'claimed', NULL, NULL, NULL, NULL, 0, 0, 1, 0, 'dime.find.event.claimed', ''),
('core.event.class', 'conserved', NULL, NULL, NULL, NULL, 0, 0, 1, 0, 'dime.find.event.conserved', ''),
('core.event.class', 'declined', NULL, NULL, NULL, NULL, 0, 0, 1, 0, 'dime.find.event.declined', ''),
('core.event.class', 'deleted', NULL, NULL, NULL, NULL, 0, 0, 1, 0, 'dime.find.event.deleted', ''),
('core.event.class', 'destroyed', NULL, NULL, NULL, NULL, 0, 0, 1, 0, 'dime.find.event.destroyed', ''),
('core.event.class', 'disabled', NULL, NULL, NULL, NULL, 0, 0, 1, 0, 'core.actor.event.disabled', ''),
('core.event.class', 'discarded', NULL, NULL, NULL, NULL, 0, 0, 1, 0, 'dime.find.event.discarded', ''),
('core.event.class', 'edited', NULL, NULL, NULL, NULL, 0, 0, 1, 0, 'core.event.edited', ''),
('core.event.class', 'enabled', NULL, NULL, NULL, NULL, 0, 0, 1, 0, 'core.actor.event.enabled', ''),
('core.event.class', 'evaluated', NULL, NULL, NULL, NULL, 0, 0, 1, 0, 'dime.find.event.evaluated', ''),
('core.event.class', 'event', NULL, NULL, NULL, NULL, 1, 0, 1, 0, 'core.event.class', ''),
('core.event.class', 'expired', NULL, NULL, NULL, NULL, 0, 0, 1, 0, 'core.actor.event.expired', ''),
('core.event.class', 'loaned', NULL, NULL, NULL, NULL, 0, 0, 1, 0, 'dime.find.event.loaned', ''),
('core.event.class', 'locked', NULL, NULL, NULL, NULL, 0, 0, 1, 0, 'core.user', ''),
('core.event.class', 'lost', NULL, NULL, NULL, NULL, 0, 0, 1, 0, 'dime.find.event.lost', ''),
('core.event.class', 'published', NULL, NULL, NULL, NULL, 0, 0, 1, 0, 'dime.find.event.published', ''),
('core.event.class', 'received', NULL, NULL, NULL, NULL, 0, 0, 1, 0, 'dime.find.event.received', ''),
('core.event.class', 'recorded', NULL, NULL, NULL, NULL, 0, 0, 1, 0, 'dime.find.event.recorded', ''),
('core.event.class', 'recovered', NULL, NULL, NULL, NULL, 0, 0, 1, 0, 'dime.find.event.recovered', ''),
('core.event.class', 'registered', NULL, NULL, NULL, NULL, 0, 0, 1, 0, 'core.actor.event.registered', ''),
('core.event.class', 'rejected', NULL, NULL, NULL, NULL, 0, 0, 1, 0, 'dime.find.event.rejected', ''),
('core.event.class', 'released', NULL, NULL, NULL, NULL, 0, 0, 1, 0, 'dime.find.event.released', ''),
('core.event.class', 'reported', NULL, NULL, NULL, NULL, 0, 0, 1, 0, 'dime.find.event.reported', ''),
('core.event.class', 'requested', NULL, NULL, NULL, NULL, 0, 0, 1, 0, 'dime.find.event.requested', ''),
('core.event.class', 'rewarded', NULL, NULL, NULL, NULL, 0, 0, 1, 0, 'dime.find.event.rewarded', ''),
('core.event.class', 'sent', NULL, NULL, NULL, NULL, 0, 0, 1, 0, 'dime.find.event.sent', ''),
('core.event.class', 'submitted', NULL, NULL, NULL, NULL, 0, 0, 1, 0, 'dime.find.event.submitted', ''),
('core.event.class', 'suspended', NULL, NULL, NULL, NULL, 0, 0, 1, 0, 'core.actor.event.suspended', ''),
('core.event.class', 'transferred', NULL, NULL, NULL, NULL, 0, 0, 1, 0, 'dime.find.event.transferred', ''),
('core.event.class', 'unlocked', NULL, NULL, NULL, NULL, 0, 0, 1, 0, 'core.user.agree', ''),
('core.event.class', 'verified', NULL, NULL, NULL, NULL, 0, 0, 1, 0, 'core.actor.event.verified', ''),
('core.event.class', 'viewed', NULL, NULL, NULL, NULL, 0, 0, 1, 0, 'core.event.class.viewed', ''),
('core.event.class', 'withdrawn', NULL, NULL, NULL, NULL, 0, 0, 1, 0, 'dime.find.event.withdrawn', ''),
('core.event.class', 'withheld', NULL, NULL, NULL, NULL, 0, 0, 1, 0, 'dime.find.event.suppressed', ''),
('core.file.class', 'audio', NULL, 'ARK\\File', 'Audio', NULL, 0, 0, 1, 0, 'core.file.class.audio', ''),
('core.file.class', 'document', NULL, 'ARK\\File', 'Document', NULL, 0, 0, 1, 0, 'core.file.class.document', ''),
('core.file.class', 'file', NULL, 'ARK\\File', 'File', NULL, 0, 0, 1, 0, 'core.file.class', ''),
('core.file.class', 'image', NULL, 'ARK\\File', 'Image', NULL, 0, 0, 1, 0, 'core.file.class.image', ''),
('core.file.class', 'other', NULL, 'ARK\\File', 'Other', NULL, 0, 0, 1, 0, 'core.file.class.other', ''),
('core.file.class', 'text', NULL, 'ARK\\File', 'Text', NULL, 0, 0, 1, 0, 'core.file.class.text', ''),
('core.file.class', 'video', NULL, 'ARK\\File', 'Video', NULL, 0, 0, 1, 0, 'core.file.class.video', ''),
('core.file.status', 'checkedin', NULL, NULL, NULL, NULL, 0, 0, 1, 0, 'core.file.status.checkedin', ''),
('core.file.status', 'checkedout', NULL, NULL, NULL, NULL, 0, 0, 1, 0, 'core.file.status.checkedout', ''),
('core.file.status', 'expired', NULL, NULL, NULL, NULL, 0, 0, 1, 0, 'core.file.status.expired', ''),
('core.file.status', 'locked', NULL, NULL, NULL, NULL, 0, 0, 1, 0, 'core.file.status.locked', ''),
('core.file.status', 'new', NULL, NULL, NULL, NULL, 0, 0, 1, 0, 'core.file.status.new', ''),
('core.form.modus', 'active', NULL, NULL, NULL, NULL, 0, 0, 1, 0, 'core.form.mode.active', 'Form field is editable.'),
('core.form.modus', 'disabled', NULL, NULL, NULL, NULL, 0, 0, 1, 0, 'core.form.mode.disabled', 'Form field is Disabled.'),
('core.form.modus', 'hidden', NULL, NULL, NULL, NULL, 0, 0, 1, 0, 'core.form.mode.hidden', 'Form field is Hidden'),
('core.form.modus', 'readonly', NULL, NULL, NULL, NULL, 0, 0, 1, 0, 'core.form.mode.readonly', 'Form field is Readonly.'),
('core.form.modus', 'static', NULL, NULL, NULL, NULL, 0, 0, 1, 0, 'core.form.mode.static', 'Field is displayed but not as a form element.'),
('core.item.status', 'allocated', NULL, NULL, NULL, NULL, 0, 0, 1, 0, 'core.item.status.allocated', ''),
('core.item.status', 'deleted', NULL, NULL, NULL, NULL, 0, 0, 1, 0, 'core.item.status.deleted', ''),
('core.item.status', 'registered', NULL, NULL, NULL, NULL, 0, 0, 1, 0, 'core.item.status.registered', ''),
('core.item.status', 'void', NULL, NULL, NULL, NULL, 0, 0, 1, 0, 'core.item.status.void', ''),
('core.license', 'cc0', 'CC0', NULL, NULL, NULL, 0, 0, 1, 0, 'core.license.cc0', ''),
('core.license', 'ccbyncsa', 'CC BY-NC-SA', NULL, NULL, NULL, 1, 0, 1, 0, 'core.license.ccbyncsa', ''),
('core.license', 'ccbysa', 'CC BY-SA', NULL, NULL, NULL, 0, 0, 1, 0, 'core.license.ccbysa', ''),
('core.message.class', 'mail', NULL, 'ARK\\Message', 'Mail', NULL, 0, 0, 1, 0, 'core.message.class.mail', ''),
('core.message.class', 'message', NULL, 'ARK\\Message', 'Message', NULL, 1, 0, 1, 0, 'core.message.class', ''),
('core.message.class', 'notification', NULL, 'ARK\\Message', 'Notification', NULL, 0, 0, 1, 0, 'core.message.class.notification', ''),
('core.message.recipient.status', 'discarded', NULL, NULL, NULL, NULL, 0, 0, 1, 0, 'core.message.recipient.status.discarded', ''),
('core.message.recipient.status', 'read', NULL, NULL, NULL, NULL, 0, 0, 1, 0, 'core.message.recipient.status.read', ''),
('core.message.recipient.status', 'unread', NULL, NULL, NULL, NULL, 1, 0, 1, 0, 'core.message.recipient.status.unread', ''),
('core.message.status', 'draft', NULL, NULL, NULL, NULL, 0, 0, 1, 0, 'core.message.status.draft', ''),
('core.message.status', 'read', NULL, NULL, NULL, NULL, 0, 0, 1, 0, 'core.message.status.read', ''),
('core.message.status', 'sent', NULL, NULL, NULL, NULL, 0, 0, 1, 0, 'core.message.status.sent', ''),
('core.page.class', 'page', NULL, 'ARK\\Entity', 'Page', NULL, 1, 0, 1, 0, 'core.page', ''),
('core.security.user.status', 'disabled', NULL, NULL, NULL, NULL, 0, 0, 1, 0, 'core.security.user.status.disabled', ''),
('core.security.user.status', 'enabled', NULL, NULL, NULL, NULL, 0, 0, 1, 0, 'core.security.user.status.enabled', ''),
('core.security.user.status', 'expired', NULL, NULL, NULL, NULL, 0, 0, 1, 0, 'core.security.user.status.expired', ''),
('core.security.user.status', 'locked', NULL, NULL, NULL, NULL, 0, 0, 1, 0, 'core.security.user.status.locked', ''),
('core.security.user.status', 'registered', NULL, NULL, NULL, NULL, 1, 0, 1, 0, 'core.security.user.status.registered', ''),
('core.security.user.status', 'verified', NULL, NULL, NULL, NULL, 0, 0, 1, 0, 'core.security.user.status.verified', ''),
('core.user.terms', 'v1', NULL, NULL, NULL, NULL, 1, 0, 1, 0, 'core.user.terms.v1', ''),
('core.visibility', 'private', NULL, NULL, NULL, NULL, 1, 0, 1, 0, 'core.visibility.private', ''),
('core.visibility', 'public', NULL, NULL, NULL, NULL, 0, 0, 1, 0, 'core.visibility.public', ''),
('core.visibility', 'restricted', NULL, NULL, NULL, NULL, 0, 0, 1, 0, 'core.visibility.restricted', ''),
('core.workflow.role', 'admin', NULL, NULL, NULL, NULL, 0, 0, 1, 0, 'core.role.admin', ''),
('core.workflow.role', 'anon', NULL, NULL, NULL, NULL, 0, 0, 1, 0, 'core.role.anon', ''),
('core.workflow.role', 'user', NULL, NULL, NULL, NULL, 0, 0, 1, 0, 'core.role.user', ''),
('country', 'AD', 'andorra', NULL, NULL, NULL, 0, 0, 1, 0, 'country.andorra', ''),
('country', 'AE', 'unitedarabemirates', NULL, NULL, NULL, 0, 0, 1, 0, 'country.unitedarabemirates', ''),
('country', 'AF', 'afghanistan', NULL, NULL, NULL, 0, 0, 1, 0, 'country.afghanistan', ''),
('country', 'AG', 'antigua', NULL, NULL, NULL, 0, 0, 1, 0, 'country.antigua', ''),
('country', 'AI', 'anguilla', NULL, NULL, NULL, 0, 0, 1, 0, 'country.anguilla', ''),
('country', 'AL', 'albania', NULL, NULL, NULL, 0, 0, 1, 0, 'country.albania', ''),
('country', 'AM', 'armenia', NULL, NULL, NULL, 0, 0, 1, 0, 'country.armenia', ''),
('country', 'AO', 'angola', NULL, NULL, NULL, 0, 0, 1, 0, 'country.angola', ''),
('country', 'AQ', 'antarctica', NULL, NULL, NULL, 0, 0, 1, 0, 'country.antarctica', ''),
('country', 'AR', 'argentina', NULL, NULL, NULL, 0, 0, 1, 0, 'country.argentina', ''),
('country', 'AS', 'americansamoa', NULL, NULL, NULL, 0, 0, 1, 0, 'country.americansamoa', ''),
('country', 'AT', 'austria', NULL, NULL, NULL, 0, 0, 1, 0, 'country.austria', ''),
('country', 'AU', 'australia', NULL, NULL, NULL, 0, 0, 1, 0, 'country.australia', ''),
('country', 'AW', 'aruba', NULL, NULL, NULL, 0, 0, 1, 0, 'country.aruba', ''),
('country', 'AX', 'alandislands', NULL, NULL, NULL, 0, 0, 1, 0, 'country.alandislands', ''),
('country', 'AZ', 'azerbaijan', NULL, NULL, NULL, 0, 0, 1, 0, 'country.azerbaijan', ''),
('country', 'BA', 'bosniaherzegovina', NULL, NULL, NULL, 0, 0, 1, 0, 'country.bosniaherzegovina', ''),
('country', 'BB', 'barbados', NULL, NULL, NULL, 0, 0, 1, 0, 'country.barbados', ''),
('country', 'BD', 'bangladesh', NULL, NULL, NULL, 0, 0, 1, 0, 'country.bangladesh', ''),
('country', 'BE', 'belgium', NULL, NULL, NULL, 0, 0, 1, 0, 'country.belgium', ''),
('country', 'BF', 'burkinafaso', NULL, NULL, NULL, 0, 0, 1, 0, 'country.burkinafaso', ''),
('country', 'BG', 'bulgaria', NULL, NULL, NULL, 0, 0, 1, 0, 'country.bulgaria', ''),
('country', 'BH', 'bahrain', NULL, NULL, NULL, 0, 0, 1, 0, 'country.bahrain', ''),
('country', 'BI', 'burundi', NULL, NULL, NULL, 0, 0, 1, 0, 'country.burundi', ''),
('country', 'BJ', 'benin', NULL, NULL, NULL, 0, 0, 1, 0, 'country.benin', ''),
('country', 'BL', 'saintbarthelemy', NULL, NULL, NULL, 0, 0, 1, 0, 'country.saintbarthelemy', ''),
('country', 'BM', 'bermuda', NULL, NULL, NULL, 0, 0, 1, 0, 'country.bermuda', ''),
('country', 'BN', 'brunei', NULL, NULL, NULL, 0, 0, 1, 0, 'country.brunei', ''),
('country', 'BO', 'bolivia', NULL, NULL, NULL, 0, 0, 1, 0, 'country.bolivia', ''),
('country', 'BQ', 'bonaire', NULL, NULL, NULL, 0, 0, 1, 0, 'country.bonaire', ''),
('country', 'BR', 'brazil', NULL, NULL, NULL, 0, 0, 1, 0, 'country.brazil', ''),
('country', 'BS', 'bahamas', NULL, NULL, NULL, 0, 0, 1, 0, 'country.bahamas', ''),
('country', 'BT', 'bhutan', NULL, NULL, NULL, 0, 0, 1, 0, 'country.bhutan', ''),
('country', 'BW', 'botswana', NULL, NULL, NULL, 0, 0, 1, 0, 'country.botswana', ''),
('country', 'BY', 'belarus', NULL, NULL, NULL, 0, 0, 1, 0, 'country.belarus', ''),
('country', 'BZ', 'belize', NULL, NULL, NULL, 0, 0, 1, 0, 'country.belize', ''),
('country', 'CA', 'canada', NULL, NULL, NULL, 0, 0, 1, 0, 'country.canada', ''),
('country', 'CC', 'cocosislands', NULL, NULL, NULL, 0, 0, 1, 0, 'country.cocosislands', ''),
('country', 'CD', 'democraticrepubliccongo', NULL, NULL, NULL, 0, 0, 1, 0, 'country.democraticrepubliccongo', ''),
('country', 'CF', 'centralafricanrepublic', NULL, NULL, NULL, 0, 0, 1, 0, 'country.centralafricanrepublic', ''),
('country', 'CG', 'congo', NULL, NULL, NULL, 0, 0, 1, 0, 'country.congo', ''),
('country', 'CH', 'switzerland', NULL, NULL, NULL, 0, 0, 1, 0, 'country.switzerland', ''),
('country', 'CI', 'cotedivoire', NULL, NULL, NULL, 0, 0, 1, 0, 'country.cotedivoire', ''),
('country', 'CK', 'cookislands', NULL, NULL, NULL, 0, 0, 1, 0, 'country.cookislands', ''),
('country', 'CL', 'chile', NULL, NULL, NULL, 0, 0, 1, 0, 'country.chile', ''),
('country', 'CM', 'cameroon', NULL, NULL, NULL, 0, 0, 1, 0, 'country.cameroon', ''),
('country', 'CN', 'china', NULL, NULL, NULL, 0, 0, 1, 0, 'country.china', ''),
('country', 'CO', 'colombia', NULL, NULL, NULL, 0, 0, 1, 0, 'country.colombia', ''),
('country', 'CR', 'costarica', NULL, NULL, NULL, 0, 0, 1, 0, 'country.costarica', ''),
('country', 'CU', 'cuba', NULL, NULL, NULL, 0, 0, 1, 0, 'country.cuba', ''),
('country', 'CV', 'caboverde', NULL, NULL, NULL, 0, 0, 1, 0, 'country.caboverde', ''),
('country', 'CW', 'curacao', NULL, NULL, NULL, 0, 0, 1, 0, 'country.curacao', ''),
('country', 'CX', 'christmasisland', NULL, NULL, NULL, 0, 0, 1, 0, 'country.christmasisland', ''),
('country', 'CY', 'cyprus', NULL, NULL, NULL, 0, 0, 1, 0, 'country.cyprus', ''),
('country', 'CZ', 'czechrepublic', NULL, NULL, NULL, 0, 0, 1, 0, 'country.czechrepublic', ''),
('country', 'DE', 'germany', NULL, NULL, NULL, 0, 0, 1, 0, 'country.germany', ''),
('country', 'DJ', 'djibouti', NULL, NULL, NULL, 0, 0, 1, 0, 'country.djibouti', ''),
('country', 'DK', 'denmark', NULL, NULL, NULL, 1, 0, 1, 0, 'country.denmark', ''),
('country', 'DM', 'dominica', NULL, NULL, NULL, 0, 0, 1, 0, 'country.dominica', ''),
('country', 'DO', 'dominicanrepublic', NULL, NULL, NULL, 0, 0, 1, 0, 'country.dominicanrepublic', ''),
('country', 'DZ', 'algeria', NULL, NULL, NULL, 0, 0, 1, 0, 'country.algeria', ''),
('country', 'EC', 'ecuador', NULL, NULL, NULL, 0, 0, 1, 0, 'country.ecuador', ''),
('country', 'EE', 'estonia', NULL, NULL, NULL, 0, 0, 1, 0, 'country.estonia', ''),
('country', 'EG', 'egypt', NULL, NULL, NULL, 0, 0, 1, 0, 'country.egypt', ''),
('country', 'EH', 'westernsahara', NULL, NULL, NULL, 0, 0, 1, 0, 'country.westernsahara', ''),
('country', 'ER', 'eritrea', NULL, NULL, NULL, 0, 0, 1, 0, 'country.eritrea', ''),
('country', 'ES', 'spain', NULL, NULL, NULL, 0, 0, 1, 0, 'country.spain', ''),
('country', 'ET', 'ethiopia', NULL, NULL, NULL, 0, 0, 1, 0, 'country.ethiopia', ''),
('country', 'FI', 'finland', NULL, NULL, NULL, 0, 0, 1, 0, 'country.finland', ''),
('country', 'FJ', 'fiji', NULL, NULL, NULL, 0, 0, 1, 0, 'country.fiji', ''),
('country', 'FK', 'falklandislands', NULL, NULL, NULL, 0, 0, 1, 0, 'country.falklandislands', ''),
('country', 'FM', 'micronesia', NULL, NULL, NULL, 0, 0, 1, 0, 'country.micronesia', ''),
('country', 'FO', 'faroeislands', NULL, NULL, NULL, 0, 0, 1, 0, 'country.faroeislands', ''),
('country', 'FR', 'france', NULL, NULL, NULL, 0, 0, 1, 0, 'country.france', ''),
('country', 'GA', 'gabon', NULL, NULL, NULL, 0, 0, 1, 0, 'country.gabon', ''),
('country', 'GB', 'unitedkingdom', NULL, NULL, NULL, 0, 0, 1, 0, 'country.unitedkingdom', ''),
('country', 'GD', 'grenada', NULL, NULL, NULL, 0, 0, 1, 0, 'country.grenada', ''),
('country', 'GE', 'georgia', NULL, NULL, NULL, 0, 0, 1, 0, 'country.georgia', ''),
('country', 'GF', 'frenchguiana', NULL, NULL, NULL, 0, 0, 1, 0, 'country.frenchguiana', ''),
('country', 'GG', 'guernsey', NULL, NULL, NULL, 0, 0, 1, 0, 'country.guernsey', ''),
('country', 'GH', 'ghana', NULL, NULL, NULL, 0, 0, 1, 0, 'country.ghana', ''),
('country', 'GI', 'gibraltar', NULL, NULL, NULL, 0, 0, 1, 0, 'country.gibraltar', ''),
('country', 'GL', 'greenland', NULL, NULL, NULL, 0, 0, 1, 0, 'country.greenland', ''),
('country', 'GM', 'gambia', NULL, NULL, NULL, 0, 0, 1, 0, 'country.gambia', ''),
('country', 'GN', 'guinea', NULL, NULL, NULL, 0, 0, 1, 0, 'country.guinea', ''),
('country', 'GP', 'guadeloupe', NULL, NULL, NULL, 0, 0, 1, 0, 'country.guadeloupe', ''),
('country', 'GQ', 'equatorialguinea', NULL, NULL, NULL, 0, 0, 1, 0, 'country.equatorialguinea', ''),
('country', 'GR', 'greece', NULL, NULL, NULL, 0, 0, 1, 0, 'country.greece', ''),
('country', 'GS', 'southgeorgia', NULL, NULL, NULL, 0, 0, 1, 0, 'country.southgeorgia', ''),
('country', 'GT', 'guatemala', NULL, NULL, NULL, 0, 0, 1, 0, 'country.guatemala', ''),
('country', 'GU', 'guam', NULL, NULL, NULL, 0, 0, 1, 0, 'country.guam', ''),
('country', 'GW', 'guinea-bissau', NULL, NULL, NULL, 0, 0, 1, 0, 'country.guinea-bissau', ''),
('country', 'GY', 'guyana', NULL, NULL, NULL, 0, 0, 1, 0, 'country.guyana', ''),
('country', 'HK', 'hongkong', NULL, NULL, NULL, 0, 0, 1, 0, 'country.hongkong', ''),
('country', 'HN', 'honduras', NULL, NULL, NULL, 0, 0, 1, 0, 'country.honduras', ''),
('country', 'HR', 'croatia', NULL, NULL, NULL, 0, 0, 1, 0, 'country.croatia', ''),
('country', 'HT', 'haiti', NULL, NULL, NULL, 0, 0, 1, 0, 'country.haiti', ''),
('country', 'HU', 'hungary', NULL, NULL, NULL, 0, 0, 1, 0, 'country.hungary', ''),
('country', 'ID', 'indonesia', NULL, NULL, NULL, 0, 0, 1, 0, 'country.indonesia', ''),
('country', 'IE', 'ireland', NULL, NULL, NULL, 0, 0, 1, 0, 'country.ireland', ''),
('country', 'IL', 'israel', NULL, NULL, NULL, 0, 0, 1, 0, 'country.israel', ''),
('country', 'IM', 'isleofman', NULL, NULL, NULL, 0, 0, 1, 0, 'country.isleofman', ''),
('country', 'IN', 'india', NULL, NULL, NULL, 0, 0, 1, 0, 'country.india', ''),
('country', 'IQ', 'iraq', NULL, NULL, NULL, 0, 0, 1, 0, 'country.iraq', ''),
('country', 'IR', 'iran', NULL, NULL, NULL, 0, 0, 1, 0, 'country.iran', ''),
('country', 'IS', 'iceland', NULL, NULL, NULL, 0, 0, 1, 0, 'country.iceland', ''),
('country', 'IT', 'italy', NULL, NULL, NULL, 0, 0, 1, 0, 'country.italy', ''),
('country', 'JE', 'jersey', NULL, NULL, NULL, 0, 0, 1, 0, 'country.jersey', ''),
('country', 'JM', 'jamaica', NULL, NULL, NULL, 0, 0, 1, 0, 'country.jamaica', ''),
('country', 'JO', 'jordan', NULL, NULL, NULL, 0, 0, 1, 0, 'country.jordan', ''),
('country', 'JP', 'japan', NULL, NULL, NULL, 0, 0, 1, 0, 'country.japan', ''),
('country', 'KE', 'kenya', NULL, NULL, NULL, 0, 0, 1, 0, 'country.kenya', ''),
('country', 'KG', 'kyrgyzstan', NULL, NULL, NULL, 0, 0, 1, 0, 'country.kyrgyzstan', ''),
('country', 'KH', 'cambodia', NULL, NULL, NULL, 0, 0, 1, 0, 'country.cambodia', ''),
('country', 'KI', 'kiribati', NULL, NULL, NULL, 0, 0, 1, 0, 'country.kiribati', ''),
('country', 'KM', 'comoros', NULL, NULL, NULL, 0, 0, 1, 0, 'country.comoros', ''),
('country', 'KN', 'saintkitts', NULL, NULL, NULL, 0, 0, 1, 0, 'country.saintkitts', ''),
('country', 'KP', 'northkorea', NULL, NULL, NULL, 0, 0, 1, 0, 'country.northkorea', ''),
('country', 'KR', 'southkorea', NULL, NULL, NULL, 0, 0, 1, 0, 'country.southkorea', ''),
('country', 'KW', 'kuwait', NULL, NULL, NULL, 0, 0, 1, 0, 'country.kuwait', ''),
('country', 'KY', 'caymanislands', NULL, NULL, NULL, 0, 0, 1, 0, 'country.caymanislands', ''),
('country', 'KZ', 'kazakhstan', NULL, NULL, NULL, 0, 0, 1, 0, 'country.kazakhstan', ''),
('country', 'LA', 'lao', NULL, NULL, NULL, 0, 0, 1, 0, 'country.lao', ''),
('country', 'LB', 'lebanon', NULL, NULL, NULL, 0, 0, 1, 0, 'country.lebanon', ''),
('country', 'LC', 'saintlucia', NULL, NULL, NULL, 0, 0, 1, 0, 'country.saintlucia', ''),
('country', 'LI', 'liechtenstein', NULL, NULL, NULL, 0, 0, 1, 0, 'country.liechtenstein', ''),
('country', 'LK', 'srilanka', NULL, NULL, NULL, 0, 0, 1, 0, 'country.srilanka', ''),
('country', 'LR', 'liberia', NULL, NULL, NULL, 0, 0, 1, 0, 'country.liberia', ''),
('country', 'LS', 'lesotho', NULL, NULL, NULL, 0, 0, 1, 0, 'country.lesotho', ''),
('country', 'LT', 'lithuania', NULL, NULL, NULL, 0, 0, 1, 0, 'country.lithuania', ''),
('country', 'LU', 'luxembourg', NULL, NULL, NULL, 0, 0, 1, 0, 'country.luxembourg', ''),
('country', 'LV', 'latvia', NULL, NULL, NULL, 0, 0, 1, 0, 'country.latvia', ''),
('country', 'LY', 'libya', NULL, NULL, NULL, 0, 0, 1, 0, 'country.libya', ''),
('country', 'MA', 'morocco', NULL, NULL, NULL, 0, 0, 1, 0, 'country.morocco', ''),
('country', 'MC', 'monaco', NULL, NULL, NULL, 0, 0, 1, 0, 'country.monaco', ''),
('country', 'MD', 'moldova', NULL, NULL, NULL, 0, 0, 1, 0, 'country.moldova', ''),
('country', 'ME', 'montenegro', NULL, NULL, NULL, 0, 0, 1, 0, 'country.montenegro', ''),
('country', 'MF', 'saintmartin', NULL, NULL, NULL, 0, 0, 1, 0, 'country.saintmartin', ''),
('country', 'MG', 'madagascar', NULL, NULL, NULL, 0, 0, 1, 0, 'country.madagascar', ''),
('country', 'MH', 'marshallislands', NULL, NULL, NULL, 0, 0, 1, 0, 'country.marshallislands', ''),
('country', 'MK', 'macedonia', NULL, NULL, NULL, 0, 0, 1, 0, 'country.macedonia', ''),
('country', 'ML', 'mali', NULL, NULL, NULL, 0, 0, 1, 0, 'country.mali', ''),
('country', 'MM', 'myanmar', NULL, NULL, NULL, 0, 0, 1, 0, 'country.myanmar', ''),
('country', 'MN', 'mongolia', NULL, NULL, NULL, 0, 0, 1, 0, 'country.mongolia', ''),
('country', 'MO', 'macao', NULL, NULL, NULL, 0, 0, 1, 0, 'country.macao', ''),
('country', 'MP', 'northernmarianaislands', NULL, NULL, NULL, 0, 0, 1, 0, 'country.northernmarianaislands', ''),
('country', 'MQ', 'martinique', NULL, NULL, NULL, 0, 0, 1, 0, 'country.martinique', ''),
('country', 'MR', 'mauritania', NULL, NULL, NULL, 0, 0, 1, 0, 'country.mauritania', ''),
('country', 'MS', 'montserrat', NULL, NULL, NULL, 0, 0, 1, 0, 'country.montserrat', ''),
('country', 'MT', 'malta', NULL, NULL, NULL, 0, 0, 1, 0, 'country.malta', ''),
('country', 'MU', 'mauritius', NULL, NULL, NULL, 0, 0, 1, 0, 'country.mauritius', ''),
('country', 'MV', 'maldives', NULL, NULL, NULL, 0, 0, 1, 0, 'country.maldives', ''),
('country', 'MW', 'malawi', NULL, NULL, NULL, 0, 0, 1, 0, 'country.malawi', ''),
('country', 'MX', 'mexico', NULL, NULL, NULL, 0, 0, 1, 0, 'country.mexico', ''),
('country', 'MY', 'malaysia', NULL, NULL, NULL, 0, 0, 1, 0, 'country.malaysia', ''),
('country', 'MZ', 'mozambique', NULL, NULL, NULL, 0, 0, 1, 0, 'country.mozambique', ''),
('country', 'NA', 'namibia', NULL, NULL, NULL, 0, 0, 1, 0, 'country.namibia', ''),
('country', 'NC', 'newcaledonia', NULL, NULL, NULL, 0, 0, 1, 0, 'country.newcaledonia', ''),
('country', 'NE', 'niger', NULL, NULL, NULL, 0, 0, 1, 0, 'country.niger', ''),
('country', 'NF', 'norfolkisland', NULL, NULL, NULL, 0, 0, 1, 0, 'country.norfolkisland', ''),
('country', 'NG', 'nigeria', NULL, NULL, NULL, 0, 0, 1, 0, 'country.nigeria', ''),
('country', 'NI', 'nicaragua', NULL, NULL, NULL, 0, 0, 1, 0, 'country.nicaragua', ''),
('country', 'NL', 'netherlands', NULL, NULL, NULL, 0, 0, 1, 0, 'country.netherlands', ''),
('country', 'NO', 'norway', NULL, NULL, NULL, 0, 0, 1, 0, 'country.norway', ''),
('country', 'NP', 'nepal', NULL, NULL, NULL, 0, 0, 1, 0, 'country.nepal', ''),
('country', 'NR', 'nauru', NULL, NULL, NULL, 0, 0, 1, 0, 'country.nauru', ''),
('country', 'NU', 'niue', NULL, NULL, NULL, 0, 0, 1, 0, 'country.niue', ''),
('country', 'NZ', 'newzealand', NULL, NULL, NULL, 0, 0, 1, 0, 'country.newzealand', ''),
('country', 'OM', 'oman', NULL, NULL, NULL, 0, 0, 1, 0, 'country.oman', ''),
('country', 'PA', 'panama', NULL, NULL, NULL, 0, 0, 1, 0, 'country.panama', ''),
('country', 'PE', 'peru', NULL, NULL, NULL, 0, 0, 1, 0, 'country.peru', ''),
('country', 'PF', 'frenchpolynesia', NULL, NULL, NULL, 0, 0, 1, 0, 'country.frenchpolynesia', ''),
('country', 'PG', 'papuanewguinea', NULL, NULL, NULL, 0, 0, 1, 0, 'country.papuanewguinea', ''),
('country', 'PH', 'philippines', NULL, NULL, NULL, 0, 0, 1, 0, 'country.philippines', ''),
('country', 'PK', 'pakistan', NULL, NULL, NULL, 0, 0, 1, 0, 'country.pakistan', ''),
('country', 'PL', 'poland', NULL, NULL, NULL, 0, 0, 1, 0, 'country.poland', ''),
('country', 'PM', 'saintpierremiquelon', NULL, NULL, NULL, 0, 0, 1, 0, 'country.saintpierremiquelon', ''),
('country', 'PN', 'pitcairn', NULL, NULL, NULL, 0, 0, 1, 0, 'country.pitcairn', ''),
('country', 'PR', 'puertorico', NULL, NULL, NULL, 0, 0, 1, 0, 'country.puertorico', ''),
('country', 'PS', 'palestine', NULL, NULL, NULL, 0, 0, 1, 0, 'country.palestine', ''),
('country', 'PT', 'portugal', NULL, NULL, NULL, 0, 0, 1, 0, 'country.portugal', ''),
('country', 'PW', 'palau', NULL, NULL, NULL, 0, 0, 1, 0, 'country.palau', ''),
('country', 'PY', 'paraguay', NULL, NULL, NULL, 0, 0, 1, 0, 'country.paraguay', ''),
('country', 'QA', 'qatar', NULL, NULL, NULL, 0, 0, 1, 0, 'country.qatar', ''),
('country', 'RE', 'reunion', NULL, NULL, NULL, 0, 0, 1, 0, 'country.reunion', ''),
('country', 'RO', 'romania', NULL, NULL, NULL, 0, 0, 1, 0, 'country.romania', ''),
('country', 'RS', 'serbia', NULL, NULL, NULL, 0, 0, 1, 0, 'country.serbia', ''),
('country', 'RU', 'russia', NULL, NULL, NULL, 0, 0, 1, 0, 'country.russia', ''),
('country', 'RW', 'rwanda', NULL, NULL, NULL, 0, 0, 1, 0, 'country.rwanda', ''),
('country', 'SA', 'saudiarabia', NULL, NULL, NULL, 0, 0, 1, 0, 'country.saudiarabia', ''),
('country', 'SB', 'solomonislands', NULL, NULL, NULL, 0, 0, 1, 0, 'country.solomonislands', ''),
('country', 'SC', 'seychelles', NULL, NULL, NULL, 0, 0, 1, 0, 'country.seychelles', ''),
('country', 'SD', 'sudan', NULL, NULL, NULL, 0, 0, 1, 0, 'country.sudan', ''),
('country', 'SE', 'sweden', NULL, NULL, NULL, 0, 0, 1, 0, 'country.sweden', ''),
('country', 'SG', 'singapore', NULL, NULL, NULL, 0, 0, 1, 0, 'country.singapore', ''),
('country', 'SH', 'sainthelena', NULL, NULL, NULL, 0, 0, 1, 0, 'country.sainthelena', ''),
('country', 'SI', 'slovenia', NULL, NULL, NULL, 0, 0, 1, 0, 'country.slovenia', ''),
('country', 'SJ', 'svalbard', NULL, NULL, NULL, 0, 0, 1, 0, 'country.svalbard', ''),
('country', 'SK', 'slovakia', NULL, NULL, NULL, 0, 0, 1, 0, 'country.slovakia', ''),
('country', 'SL', 'sierraleone', NULL, NULL, NULL, 0, 0, 1, 0, 'country.sierraleone', ''),
('country', 'SM', 'sanmarino', NULL, NULL, NULL, 0, 0, 1, 0, 'country.sanmarino', ''),
('country', 'SN', 'senegal', NULL, NULL, NULL, 0, 0, 1, 0, 'country.senegal', ''),
('country', 'SO', 'somalia', NULL, NULL, NULL, 0, 0, 1, 0, 'country.somalia', ''),
('country', 'SR', 'suriname', NULL, NULL, NULL, 0, 0, 1, 0, 'country.suriname', ''),
('country', 'SS', 'southsudan', NULL, NULL, NULL, 0, 0, 1, 0, 'country.southsudan', ''),
('country', 'ST', 'saotome', NULL, NULL, NULL, 0, 0, 1, 0, 'country.saotome', ''),
('country', 'SV', 'elsalvador', NULL, NULL, NULL, 0, 0, 1, 0, 'country.elsalvador', ''),
('country', 'SX', 'sintmaarten', NULL, NULL, NULL, 0, 0, 1, 0, 'country.sintmaarten', ''),
('country', 'SY', 'syria', NULL, NULL, NULL, 0, 0, 1, 0, 'country.syria', ''),
('country', 'SZ', 'swaziland', NULL, NULL, NULL, 0, 0, 1, 0, 'country.swaziland', ''),
('country', 'TC', 'turkscaicos', NULL, NULL, NULL, 0, 0, 1, 0, 'country.turkscaicos', ''),
('country', 'TD', 'chad', NULL, NULL, NULL, 0, 0, 1, 0, 'country.chad', ''),
('country', 'TG', 'togo', NULL, NULL, NULL, 0, 0, 1, 0, 'country.togo', ''),
('country', 'TH', 'thailand', NULL, NULL, NULL, 0, 0, 1, 0, 'country.thailand', ''),
('country', 'TJ', 'tajikistan', NULL, NULL, NULL, 0, 0, 1, 0, 'country.tajikistan', ''),
('country', 'TK', 'tokelau', NULL, NULL, NULL, 0, 0, 1, 0, 'country.tokelau', ''),
('country', 'TL', 'timorleste', NULL, NULL, NULL, 0, 0, 1, 0, 'country.timorleste', ''),
('country', 'TM', 'turkmenistan', NULL, NULL, NULL, 0, 0, 1, 0, 'country.turkmenistan', ''),
('country', 'TN', 'tunisia', NULL, NULL, NULL, 0, 0, 1, 0, 'country.tunisia', ''),
('country', 'TO', 'tonga', NULL, NULL, NULL, 0, 0, 1, 0, 'country.tonga', ''),
('country', 'TR', 'turkey', NULL, NULL, NULL, 0, 0, 1, 0, 'country.turkey', ''),
('country', 'TT', 'trinidadtobago', NULL, NULL, NULL, 0, 0, 1, 0, 'country.trinidadtobago', ''),
('country', 'TV', 'tuvalu', NULL, NULL, NULL, 0, 0, 1, 0, 'country.tuvalu', ''),
('country', 'TW', 'taiwan', NULL, NULL, NULL, 0, 0, 1, 0, 'country.taiwan', ''),
('country', 'TZ', 'tanzania', NULL, NULL, NULL, 0, 0, 1, 0, 'country.tanzania', ''),
('country', 'UA', 'ukraine', NULL, NULL, NULL, 0, 0, 1, 0, 'country.ukraine', ''),
('country', 'UG', 'uganda', NULL, NULL, NULL, 0, 0, 1, 0, 'country.uganda', ''),
('country', 'US', 'unitedstatesamerica', NULL, NULL, NULL, 0, 0, 1, 0, 'country.unitedstatesamerica', ''),
('country', 'UY', 'uruguay', NULL, NULL, NULL, 0, 0, 1, 0, 'country.uruguay', ''),
('country', 'UZ', 'uzbekistan', NULL, NULL, NULL, 0, 0, 1, 0, 'country.uzbekistan', ''),
('country', 'VA', 'vatican', NULL, NULL, NULL, 0, 0, 1, 0, 'country.vatican', ''),
('country', 'VC', 'saintvincent', NULL, NULL, NULL, 0, 0, 1, 0, 'country.saintvincent', ''),
('country', 'VE', 'venezuela', NULL, NULL, NULL, 0, 0, 1, 0, 'country.venezuela', ''),
('country', 'VG', 'britishvirginislands', NULL, NULL, NULL, 0, 0, 1, 0, 'country.britishvirginislands', ''),
('country', 'VI', 'usvirginislands', NULL, NULL, NULL, 0, 0, 1, 0, 'country.usvirginislands', ''),
('country', 'VN', 'vietnam', NULL, NULL, NULL, 0, 0, 1, 0, 'country.vietnam', ''),
('country', 'VU', 'vanuatu', NULL, NULL, NULL, 0, 0, 1, 0, 'country.vanuatu', ''),
('country', 'WF', 'wallisfutuna', NULL, NULL, NULL, 0, 0, 1, 0, 'country.wallisfutuna', ''),
('country', 'WS', 'samoa', NULL, NULL, NULL, 0, 0, 1, 0, 'country.samoa', ''),
('country', 'YE', 'yemen', NULL, NULL, NULL, 0, 0, 1, 0, 'country.yemen', ''),
('country', 'YT', 'mayotte', NULL, NULL, NULL, 0, 0, 1, 0, 'country.mayotte', ''),
('country', 'ZA', 'southafrica', NULL, NULL, NULL, 0, 0, 1, 0, 'country.southafrica', ''),
('country', 'ZM', 'zambia', NULL, NULL, NULL, 0, 0, 1, 0, 'country.zambia', ''),
('country', 'ZW', 'zimbabwe', NULL, NULL, NULL, 0, 0, 1, 0, 'country.zimbabwe', ''),
('dime.denmark.admin', 'DK', 'denmark', NULL, NULL, NULL, 1, 0, 1, 0, 'dime.denmark.admin.denmark', ''),
('dime.denmark.municipality', '101', 'kobenhavn', NULL, NULL, NULL, 0, 0, 1, 0, 'dime.kommune.kobenhavn', ''),
('dime.denmark.municipality', '147', 'frederiksbeg', NULL, NULL, NULL, 0, 0, 1, 0, 'dime.kommune.frederiksbeg', ''),
('dime.denmark.municipality', '151', 'ballerup', NULL, NULL, NULL, 0, 0, 1, 0, 'dime.kommune.ballerup', ''),
('dime.denmark.municipality', '153', 'brondby', NULL, NULL, NULL, 0, 0, 1, 0, 'dime.kommune.brondby', ''),
('dime.denmark.municipality', '155', 'dragor', NULL, NULL, NULL, 0, 0, 1, 0, 'dime.kommune.dragor', ''),
('dime.denmark.municipality', '157', 'gentofte', NULL, NULL, NULL, 0, 0, 1, 0, 'dime.kommune.gentofte', ''),
('dime.denmark.municipality', '159', 'gladsaxe', NULL, NULL, NULL, 0, 0, 1, 0, 'dime.kommune.gladsaxe', ''),
('dime.denmark.municipality', '161', 'glostrup', NULL, NULL, NULL, 0, 0, 1, 0, 'dime.kommune.glostrup', ''),
('dime.denmark.municipality', '163', 'herlev', NULL, NULL, NULL, 0, 0, 1, 0, 'dime.kommune.herlev', ''),
('dime.denmark.municipality', '165', 'albertslund', NULL, NULL, NULL, 0, 0, 1, 0, 'dime.kommune.albertslund', ''),
('dime.denmark.municipality', '167', 'hvidovre', NULL, NULL, NULL, 0, 0, 1, 0, 'dime.kommune.hvidovre', ''),
('dime.denmark.municipality', '169', 'hojetaastrup', NULL, NULL, NULL, 0, 0, 1, 0, 'dime.kommune.hojetaastrup', ''),
('dime.denmark.municipality', '173', 'lyngbytaarbaek', NULL, NULL, NULL, 0, 0, 1, 0, 'dime.kommune.lyngbytaarbaek', ''),
('dime.denmark.municipality', '175', 'rodovre', NULL, NULL, NULL, 0, 0, 1, 0, 'dime.kommune.rodovre', ''),
('dime.denmark.municipality', '183', 'ishoj', NULL, NULL, NULL, 0, 0, 1, 0, 'dime.kommune.ishoj', ''),
('dime.denmark.municipality', '185', 'tarnby', NULL, NULL, NULL, 0, 0, 1, 0, 'dime.kommune.tarnby', ''),
('dime.denmark.municipality', '187', 'vallensbaek', NULL, NULL, NULL, 0, 0, 1, 0, 'dime.kommune.vallensbaek', ''),
('dime.denmark.municipality', '190', 'fureso', NULL, NULL, NULL, 0, 0, 1, 0, 'dime.kommune.fureso', ''),
('dime.denmark.municipality', '201', 'allerod', NULL, NULL, NULL, 0, 0, 1, 0, 'dime.kommune.allerod', ''),
('dime.denmark.municipality', '210', 'fredensborg', NULL, NULL, NULL, 0, 0, 1, 0, 'dime.kommune.fredensborg', ''),
('dime.denmark.municipality', '217', 'helsingor', NULL, NULL, NULL, 0, 0, 1, 0, 'dime.kommune.helsingor', ''),
('dime.denmark.municipality', '219', 'hillerod', NULL, NULL, NULL, 0, 0, 1, 0, 'dime.kommune.hillerod', ''),
('dime.denmark.municipality', '223', 'horsholm', NULL, NULL, NULL, 0, 0, 1, 0, 'dime.kommune.horsholm', ''),
('dime.denmark.municipality', '230', 'rudersdal', NULL, NULL, NULL, 0, 0, 1, 0, 'dime.kommune.rudersdal', ''),
('dime.denmark.municipality', '240', 'egedal', NULL, NULL, NULL, 0, 0, 1, 0, 'dime.kommune.egedal', ''),
('dime.denmark.municipality', '250', 'frederikssund', NULL, NULL, NULL, 0, 0, 1, 0, 'dime.kommune.frederikssund', ''),
('dime.denmark.municipality', '253', 'greve', NULL, NULL, NULL, 0, 0, 1, 0, 'dime.kommune.greve', ''),
('dime.denmark.municipality', '259', 'koge', NULL, NULL, NULL, 0, 0, 1, 0, 'dime.kommune.koge', ''),
('dime.denmark.municipality', '260', 'halsnaes', NULL, NULL, NULL, 0, 0, 1, 0, 'dime.kommune.halsnaes', ''),
('dime.denmark.municipality', '265', 'roskilde', NULL, NULL, NULL, 0, 0, 1, 0, 'dime.kommune.roskilde', ''),
('dime.denmark.municipality', '269', 'solrod', NULL, NULL, NULL, 0, 0, 1, 0, 'dime.kommune.solrod', ''),
('dime.denmark.municipality', '270', 'gribskov', NULL, NULL, NULL, 0, 0, 1, 0, 'dime.kommune.gribskov', ''),
('dime.denmark.municipality', '306', 'odsherred', NULL, NULL, NULL, 0, 0, 1, 0, 'dime.kommune.odsherred', ''),
('dime.denmark.municipality', '316', 'holbaek', NULL, NULL, NULL, 0, 0, 1, 0, 'dime.kommune.holbaek', ''),
('dime.denmark.municipality', '320', 'faxe', NULL, NULL, NULL, 0, 0, 1, 0, 'dime.kommune.faxe', ''),
('dime.denmark.municipality', '326', 'kalundborg', NULL, NULL, NULL, 0, 0, 1, 0, 'dime.kommune.kalundborg', ''),
('dime.denmark.municipality', '329', 'ringsted', NULL, NULL, NULL, 0, 0, 1, 0, 'dime.kommune.ringsted', ''),
('dime.denmark.municipality', '330', 'slagelse', NULL, NULL, NULL, 0, 0, 1, 0, 'dime.kommune.slagelse', ''),
('dime.denmark.municipality', '336', 'stevns', NULL, NULL, NULL, 0, 0, 1, 0, 'dime.kommune.stevns', ''),
('dime.denmark.municipality', '340', 'soro', NULL, NULL, NULL, 0, 0, 1, 0, 'dime.kommune.soro', ''),
('dime.denmark.municipality', '350', 'lejre', NULL, NULL, NULL, 0, 0, 1, 0, 'dime.kommune.lejre', ''),
('dime.denmark.municipality', '360', 'lolland', NULL, NULL, NULL, 0, 0, 1, 0, 'dime.kommune.lolland', ''),
('dime.denmark.municipality', '370', 'naestved', NULL, NULL, NULL, 0, 0, 1, 0, 'dime.kommune.naestved', ''),
('dime.denmark.municipality', '376', 'guldborgsund', NULL, NULL, NULL, 0, 0, 1, 0, 'dime.kommune.guldborgsund', ''),
('dime.denmark.municipality', '390', 'vordingborg', NULL, NULL, NULL, 0, 0, 1, 0, 'dime.kommune.vordingborg', ''),
('dime.denmark.municipality', '400', 'bornholm', NULL, NULL, NULL, 0, 0, 1, 0, 'dime.kommune.bornholm', ''),
('dime.denmark.municipality', '410', 'middelfart', NULL, NULL, NULL, 0, 0, 1, 0, 'dime.kommune.middelfart', ''),
('dime.denmark.municipality', '420', 'assens', NULL, NULL, NULL, 0, 0, 1, 0, 'dime.kommune.assens', ''),
('dime.denmark.municipality', '430', 'faaborgmidtfyn', NULL, NULL, NULL, 0, 0, 1, 0, 'dime.kommune.faaborgmidtfyn', ''),
('dime.denmark.municipality', '440', 'kerteminde', NULL, NULL, NULL, 0, 0, 1, 0, 'dime.kommune.kerteminde', ''),
('dime.denmark.municipality', '450', 'nyborg', NULL, NULL, NULL, 0, 0, 1, 0, 'dime.kommune.nyborg', ''),
('dime.denmark.municipality', '461', 'odense', NULL, NULL, NULL, 0, 0, 1, 0, 'dime.kommune.odense', ''),
('dime.denmark.municipality', '479', 'svendborg', NULL, NULL, NULL, 0, 0, 1, 0, 'dime.kommune.svendborg', ''),
('dime.denmark.municipality', '480', 'nordfyns', NULL, NULL, NULL, 0, 0, 1, 0, 'dime.kommune.nordfyns', ''),
('dime.denmark.municipality', '482', 'langeland', NULL, NULL, NULL, 0, 0, 1, 0, 'dime.kommune.langeland', ''),
('dime.denmark.municipality', '492', 'aero', NULL, NULL, NULL, 0, 0, 1, 0, 'dime.kommune.aero', ''),
('dime.denmark.municipality', '510', 'haderslev', NULL, NULL, NULL, 0, 0, 1, 0, 'dime.kommune.haderslev', ''),
('dime.denmark.municipality', '530', 'billund', NULL, NULL, NULL, 0, 0, 1, 0, 'dime.kommune.billund', ''),
('dime.denmark.municipality', '540', 'sonderborg', NULL, NULL, NULL, 0, 0, 1, 0, 'dime.kommune.sonderborg', ''),
('dime.denmark.municipality', '550', 'tonder', NULL, NULL, NULL, 0, 0, 1, 0, 'dime.kommune.tonder', ''),
('dime.denmark.municipality', '561', 'esbjerg', NULL, NULL, NULL, 0, 0, 1, 0, 'dime.kommune.esbjerg', ''),
('dime.denmark.municipality', '563', 'fano', NULL, NULL, NULL, 0, 0, 1, 0, 'dime.kommune.fano', ''),
('dime.denmark.municipality', '573', 'varde', NULL, NULL, NULL, 0, 0, 1, 0, 'dime.kommune.varde', ''),
('dime.denmark.municipality', '575', 'vejen', NULL, NULL, NULL, 0, 0, 1, 0, 'dime.kommune.vejen', ''),
('dime.denmark.municipality', '580', 'aabenraa', NULL, NULL, NULL, 0, 0, 1, 0, 'dime.kommune.aabenraa', ''),
('dime.denmark.municipality', '607', 'fredericia', NULL, NULL, NULL, 0, 0, 1, 0, 'dime.kommune.fredericia', ''),
('dime.denmark.municipality', '615', 'horsens', NULL, NULL, NULL, 0, 0, 1, 0, 'dime.kommune.horsens', ''),
('dime.denmark.municipality', '621', 'kolding', NULL, NULL, NULL, 0, 0, 1, 0, 'dime.kommune.kolding', ''),
('dime.denmark.municipality', '630', 'vejle', NULL, NULL, NULL, 0, 0, 1, 0, 'dime.kommune.vejle', ''),
('dime.denmark.municipality', '657', 'herning', NULL, NULL, NULL, 0, 0, 1, 0, 'dime.kommune.herning', ''),
('dime.denmark.municipality', '661', 'holstebro', NULL, NULL, NULL, 0, 0, 1, 0, 'dime.kommune.holstebro', ''),
('dime.denmark.municipality', '665', 'lemvig', NULL, NULL, NULL, 0, 0, 1, 0, 'dime.kommune.lemvig', ''),
('dime.denmark.municipality', '671', 'struer', NULL, NULL, NULL, 0, 0, 1, 0, 'dime.kommune.struer', ''),
('dime.denmark.municipality', '706', 'syddjurs', NULL, NULL, NULL, 0, 0, 1, 0, 'dime.kommune.syddjurs', ''),
('dime.denmark.municipality', '707', 'norddjurs', NULL, NULL, NULL, 0, 0, 1, 0, 'dime.kommune.norddjurs', ''),
('dime.denmark.municipality', '710', 'favrskov', NULL, NULL, NULL, 0, 0, 1, 0, 'dime.kommune.favrskov', ''),
('dime.denmark.municipality', '727', 'odder', NULL, NULL, NULL, 0, 0, 1, 0, 'dime.kommune.odder', ''),
('dime.denmark.municipality', '730', 'randers', NULL, NULL, NULL, 0, 0, 1, 0, 'dime.kommune.randers', ''),
('dime.denmark.municipality', '740', 'silkeborg', NULL, NULL, NULL, 0, 0, 1, 0, 'dime.kommune.silkeborg', ''),
('dime.denmark.municipality', '741', 'samso', NULL, NULL, NULL, 0, 0, 1, 0, 'dime.kommune.samso', ''),
('dime.denmark.municipality', '746', 'skanderborg', NULL, NULL, NULL, 0, 0, 1, 0, 'dime.kommune.skanderborg', ''),
('dime.denmark.municipality', '751', 'arhus', NULL, NULL, NULL, 0, 0, 1, 0, 'dime.kommune.arhus', ''),
('dime.denmark.municipality', '756', 'ikastbrande', NULL, NULL, NULL, 0, 0, 1, 0, 'dime.kommune.ikastbrande', ''),
('dime.denmark.municipality', '760', 'ringkobingskjern', NULL, NULL, NULL, 0, 0, 1, 0, 'dime.kommune.ringkobingskjern', ''),
('dime.denmark.municipality', '766', 'hedensted', NULL, NULL, NULL, 0, 0, 1, 0, 'dime.kommune.hedensted', ''),
('dime.denmark.municipality', '773', 'morso', NULL, NULL, NULL, 0, 0, 1, 0, 'dime.kommune.morso', ''),
('dime.denmark.municipality', '779', 'skive', NULL, NULL, NULL, 0, 0, 1, 0, 'dime.kommune.skive', ''),
('dime.denmark.municipality', '787', 'thisted', NULL, NULL, NULL, 0, 0, 1, 0, 'dime.kommune.thisted', ''),
('dime.denmark.municipality', '791', 'viborg', NULL, NULL, NULL, 0, 0, 1, 0, 'dime.kommune.viborg', ''),
('dime.denmark.municipality', '810', 'bronderslev', NULL, NULL, NULL, 0, 0, 1, 0, 'dime.kommune.bronderslev', ''),
('dime.denmark.municipality', '813', 'frederikshavn', NULL, NULL, NULL, 0, 0, 1, 0, 'dime.kommune.frederikshavn', ''),
('dime.denmark.municipality', '820', 'vesthimmerland', NULL, NULL, NULL, 0, 0, 1, 0, 'dime.kommune.vesthimmerland', ''),
('dime.denmark.municipality', '825', 'laeso', NULL, NULL, NULL, 0, 0, 1, 0, 'dime.kommune.laeso', ''),
('dime.denmark.municipality', '840', 'rebild', NULL, NULL, NULL, 0, 0, 1, 0, 'dime.kommune.rebild', ''),
('dime.denmark.municipality', '846', 'mariagerfjord', NULL, NULL, NULL, 0, 0, 1, 0, 'dime.kommune.mariagerfjord', ''),
('dime.denmark.municipality', '849', 'jammerbugt', NULL, NULL, NULL, 0, 0, 1, 0, 'dime.kommune.jammerbugt', ''),
('dime.denmark.municipality', '851', 'aalborg', NULL, NULL, NULL, 0, 0, 1, 0, 'dime.kommune.aalborg', ''),
('dime.denmark.municipality', '860', 'hjorring', NULL, NULL, NULL, 0, 0, 1, 0, 'dime.kommune.hjorring', ''),
('dime.denmark.region', 'DK01', 'hovedstaden', NULL, NULL, NULL, 0, 0, 1, 0, 'dime.region.hovedstaden', ''),
('dime.denmark.region', 'DK02', 'sjaelland', NULL, NULL, NULL, 0, 0, 1, 0, 'dime.region.sjaelland', ''),
('dime.denmark.region', 'DK03', 'syddanmark', NULL, NULL, NULL, 0, 0, 1, 0, 'dime.region.syddanmark', ''),
('dime.denmark.region', 'DK04', 'midtjylland', NULL, NULL, NULL, 0, 0, 1, 0, 'dime.region.midtjylland', ''),
('dime.denmark.region', 'DK05', 'nordjylland', NULL, NULL, NULL, 0, 0, 1, 0, 'dime.region.nordjylland', ''),
('dime.find.class', 'accessory', NULL, NULL, NULL, NULL, 0, 0, 1, 0, 'dime.find.class.accessory', ''),
('dime.find.class', 'coin', NULL, NULL, NULL, NULL, 0, 0, 1, 0, 'dime.find.class.coin', ''),
('dime.find.class', 'fibula', NULL, NULL, NULL, NULL, 0, 0, 1, 0, 'dime.find.class.fibula', ''),
('dime.find.class', 'find', NULL, NULL, NULL, NULL, 0, 0, 0, 0, 'dime.find.class', ''),
('dime.find.class', 'metal', NULL, NULL, NULL, NULL, 0, 0, 1, 0, 'dime.find.class.metal', ''),
('dime.find.class', 'military', NULL, NULL, NULL, NULL, 0, 0, 1, 0, 'dime.find.class.military', ''),
('dime.find.class', 'tool', NULL, NULL, NULL, NULL, 0, 0, 1, 0, 'dime.find.class.tool', ''),
('dime.find.class', 'unassessed', NULL, NULL, NULL, NULL, 1, 0, 1, 0, 'dime.find.class.unassessed', ''),
('dime.find.class', 'unknown', NULL, NULL, NULL, NULL, 0, 0, 1, 0, 'dime.find.class.unknown', ''),
('dime.find.condition', 'fragmented', NULL, NULL, NULL, NULL, 0, 0, 1, 0, 'dime.find.condition.fragmented', ''),
('dime.find.condition', 'modified', NULL, NULL, NULL, NULL, 0, 0, 1, 0, 'dime.find.condition.modified', ''),
('dime.find.condition', 'unfinished', NULL, NULL, NULL, NULL, 0, 0, 1, 0, 'dime.find.condition.unfinished', ''),
('dime.find.condition', 'whole', NULL, NULL, NULL, NULL, 1, 0, 1, 0, 'dime.find.condition.whole', ''),
('dime.find.custody', 'destroyed', NULL, NULL, NULL, NULL, 0, 0, 1, 0, 'dime.find.custody.destroyed', ''),
('dime.find.custody', 'discarded', NULL, NULL, NULL, NULL, 0, 0, 1, 0, 'dime.find.custody.discarded', ''),
('dime.find.custody', 'held', NULL, NULL, NULL, NULL, 0, 1, 1, 0, 'dime.find.custody.held', ''),
('dime.find.custody', 'lost', NULL, NULL, NULL, NULL, 0, 0, 1, 0, 'dime.find.custody.lost', ''),
('dime.find.custody', 'requested', NULL, NULL, NULL, NULL, 0, 0, 1, 0, 'dime.find.custody.requested', ''),
('dime.find.custody', 'sent', NULL, NULL, NULL, NULL, 0, 0, 1, 0, 'dime.find.custody.sent', ''),
('dime.find.process', 'accessioned', NULL, NULL, NULL, NULL, 0, 0, 1, 0, 'dime.find.process.accessioned', ''),
('dime.find.process', 'appraised', NULL, NULL, NULL, NULL, 0, 0, 1, 0, 'dime.find.process.appraised', ''),
('dime.find.process', 'claimed', NULL, NULL, NULL, NULL, 0, 0, 1, 0, 'dime.find.process.claimed', ''),
('dime.find.process', 'evaluated', NULL, NULL, NULL, NULL, 0, 0, 1, 0, 'dime.find.process.evaluated', ''),
('dime.find.process', 'inactive', NULL, NULL, NULL, NULL, 0, 0, 1, 0, 'dime.find.process.inactive', ''),
('dime.find.process', 'recorded', NULL, NULL, NULL, NULL, 0, 1, 1, 0, 'dime.find.process.recorded', ''),
('dime.find.process', 'rejected', NULL, NULL, NULL, NULL, 0, 0, 1, 0, 'dime.find.process.rejected', ''),
('dime.find.process', 'released', NULL, NULL, NULL, NULL, 0, 0, 1, 0, 'dime.find.process.released', ''),
('dime.find.process', 'reported', NULL, NULL, NULL, NULL, 0, 0, 1, 0, 'dime.find.process.reported', ''),
('dime.find.secondary', 'ceramic', NULL, NULL, NULL, NULL, 0, 0, 1, 0, 'dime.find.secondary.ceramic', ''),
('dime.find.secondary', 'enamel', NULL, NULL, NULL, NULL, 0, 0, 1, 0, 'dime.find.secondary.enamel', ''),
('dime.find.secondary', 'gilded', NULL, NULL, NULL, NULL, 0, 0, 1, 0, 'dime.find.secondary.gilded', ''),
('dime.find.secondary', 'glass', NULL, NULL, NULL, NULL, 0, 0, 1, 0, 'dime.find.secondary.glass', ''),
('dime.find.secondary', 'iron', NULL, NULL, NULL, NULL, 0, 0, 1, 0, 'dime.find.secondary.iron', ''),
('dime.find.secondary', 'looped', NULL, NULL, NULL, NULL, 0, 0, 1, 0, 'dime.find.secondary.looped', ''),
('dime.find.secondary', 'niello', NULL, NULL, NULL, NULL, 0, 0, 1, 0, 'dime.find.secondary.niello', ''),
('dime.find.secondary', 'organic', NULL, NULL, NULL, NULL, 0, 0, 1, 0, 'dime.find.secondary.organic', ''),
('dime.find.secondary', 'stone', NULL, NULL, NULL, NULL, 0, 0, 1, 0, 'dime.find.secondary.stone', ''),
('dime.find.secondary', 'tinned', NULL, NULL, NULL, NULL, 0, 0, 1, 0, 'dime.find.secondary.tinned', ''),
('dime.find.secondary', 'zz', 'other', NULL, NULL, NULL, 0, 0, 1, 0, 'dime.find.secondary.other', ''),
('dime.find.subtype', 'accessory.bell', NULL, NULL, NULL, NULL, 0, 0, 1, 0, 'dime.find.subtype.accessory.bell', ''),
('dime.find.subtype', 'accessory.brooch', NULL, NULL, NULL, NULL, 0, 0, 1, 0, 'dime.find.subtype.accessory.brooch', ''),
('dime.find.subtype', 'accessory.buckle', NULL, NULL, NULL, NULL, 0, 0, 1, 0, 'dime.find.subtype.accessory.buckle', ''),
('dime.find.subtype', 'accessory.button', NULL, NULL, NULL, NULL, 0, 0, 1, 0, 'dime.find.subtype.accessory.button', ''),
('dime.find.subtype', 'accessory.button.bar', NULL, NULL, NULL, NULL, 0, 0, 1, 0, 'dime.find.subtype.accessory.button.bar', ''),
('dime.find.subtype', 'accessory.button.other', NULL, NULL, NULL, NULL, 0, 0, 1, 0, 'dime.find.subtype.accessory.button.other', ''),
('dime.find.subtype', 'accessory.button.round', NULL, NULL, NULL, NULL, 0, 0, 1, 0, 'dime.find.subtype.accessory.button.round', ''),
('dime.find.subtype', 'accessory.button.stud', NULL, NULL, NULL, NULL, 0, 0, 1, 0, 'dime.find.subtype.accessory.button.stud', ''),
('dime.find.subtype', 'accessory.button.unknown', NULL, NULL, NULL, NULL, 1, 0, 1, 0, 'dime.find.subtype.accessory.button.unknown', ''),
('dime.find.subtype', 'accessory.fitting', NULL, NULL, NULL, NULL, 0, 0, 1, 0, 'dime.find.subtype.accessory.fitting', ''),
('dime.find.subtype', 'accessory.fitting.belt', NULL, NULL, NULL, NULL, 0, 0, 1, 0, 'dime.find.subtype.accessory.fitting.belt', ''),
('dime.find.subtype', 'accessory.fitting.other', NULL, NULL, NULL, NULL, 0, 0, 1, 0, 'dime.find.subtype.accessory.fitting.other', ''),
('dime.find.subtype', 'accessory.fitting.unknown', NULL, NULL, NULL, NULL, 1, 0, 1, 0, 'dime.find.subtype.accessory.fitting.unknown', ''),
('dime.find.subtype', 'accessory.hook', NULL, NULL, NULL, NULL, 0, 0, 1, 0, 'dime.find.subtype.accessory.hook', ''),
('dime.find.subtype', 'accessory.jewelery', NULL, NULL, NULL, NULL, 0, 0, 1, 0, 'dime.find.subtype.accessory.jewelery', ''),
('dime.find.subtype', 'accessory.jewelery.bracelet', NULL, NULL, NULL, NULL, 0, 0, 1, 0, 'dime.find.subtype.accessory.jewelery.bracelet', ''),
('dime.find.subtype', 'accessory.jewelery.bracteate', NULL, NULL, NULL, NULL, 0, 0, 1, 0, 'dime.find.subtype.accessory.jewelery.bracteate', ''),
('dime.find.subtype', 'accessory.jewelery.earring', NULL, NULL, NULL, NULL, 0, 0, 1, 0, 'dime.find.subtype.accessory.jewelery.earring', ''),
('dime.find.subtype', 'accessory.jewelery.necklace', NULL, NULL, NULL, NULL, 0, 0, 1, 0, 'dime.find.subtype.accessory.jewelery.necklace', ''),
('dime.find.subtype', 'accessory.jewelery.other', NULL, NULL, NULL, NULL, 0, 0, 1, 0, 'dime.find.subtype.accessory.jewelery.other', ''),
('dime.find.subtype', 'accessory.jewelery.pasyning', NULL, NULL, NULL, NULL, 0, 0, 1, 0, 'dime.find.subtype.accessory.jewelery.pasyning', ''),
('dime.find.subtype', 'accessory.jewelery.pearl', NULL, NULL, NULL, NULL, 0, 0, 1, 0, 'dime.find.subtype.accessory.jewelery.pearl', ''),
('dime.find.subtype', 'accessory.jewelery.pendant', NULL, NULL, NULL, NULL, 0, 0, 1, 0, 'dime.find.subtype.accessory.jewelery.pendant', ''),
('dime.find.subtype', 'accessory.jewelery.ring', NULL, NULL, NULL, NULL, 0, 0, 1, 0, 'dime.find.subtype.accessory.jewelery.ring', ''),
('dime.find.subtype', 'accessory.jewelery.unknown', NULL, NULL, NULL, NULL, 1, 0, 1, 0, 'dime.find.subtype.accessory.jewelery.unknown', ''),
('dime.find.subtype', 'accessory.lace', NULL, NULL, NULL, NULL, 0, 0, 1, 0, 'dime.find.subtype.accessory.lace', ''),
('dime.find.subtype', 'accessory.medal', NULL, NULL, NULL, NULL, 0, 0, 1, 0, 'dime.find.subtype.accessory.medal', ''),
('dime.find.subtype', 'accessory.other', NULL, NULL, NULL, NULL, 0, 0, 1, 0, 'dime.find.subtype.accessory.other', ''),
('dime.find.subtype', 'accessory.pilgrim', NULL, NULL, NULL, NULL, 0, 0, 1, 0, 'dime.find.subtype.accessory.pilgrim', ''),
('dime.find.subtype', 'accessory.pin', NULL, NULL, NULL, NULL, 0, 0, 1, 0, 'dime.find.subtype.accessory.pin', ''),
('dime.find.subtype', 'accessory.tutulus', NULL, NULL, NULL, NULL, 0, 0, 1, 0, 'dime.find.subtype.accessory.tutulus', ''),
('dime.find.subtype', 'accessory.unknown', NULL, NULL, NULL, NULL, 1, 0, 1, 0, 'dime.find.subtype.accessory.unknown', ''),
('dime.find.subtype', 'coin.danish', NULL, NULL, NULL, NULL, 0, 0, 1, 0, 'dime.find.subtype.coin.danish', ''),
('dime.find.subtype', 'coin.danish.civilwar', NULL, NULL, NULL, NULL, 0, 0, 1, 0, 'dime.find.subtype.coin.danish.civilwar', ''),
('dime.find.subtype', 'coin.danish.early', NULL, NULL, NULL, NULL, 0, 0, 1, 0, 'dime.find.subtype.coin.danish.early', ''),
('dime.find.subtype', 'coin.danish.hvide', NULL, NULL, NULL, NULL, 0, 0, 1, 0, 'dime.find.subtype.coin.danish.hvide', ''),
('dime.find.subtype', 'coin.danish.klipping', NULL, NULL, NULL, NULL, 0, 0, 1, 0, 'dime.find.subtype.coin.danish.klipping', ''),
('dime.find.subtype', 'coin.danish.ssling', NULL, NULL, NULL, NULL, 0, 0, 1, 0, 'dime.find.subtype.coin.danish.ssling', ''),
('dime.find.subtype', 'coin.danish.sterling', NULL, NULL, NULL, NULL, 0, 0, 1, 0, 'dime.find.subtype.coin.danish.sterling', ''),
('dime.find.subtype', 'coin.danish.unknown', NULL, NULL, NULL, NULL, 1, 0, 1, 0, 'dime.find.subtype.coin.danish.unknown', ''),
('dime.find.subtype', 'coin.foreign', NULL, NULL, NULL, NULL, 0, 0, 1, 0, 'dime.find.subtype.coin.foreign', ''),
('dime.find.subtype', 'coin.foreign.hohlpfennig', NULL, NULL, NULL, NULL, 0, 0, 1, 0, 'dime.find.subtype.coin.foreign.hohlpfennig', '');
INSERT INTO `ark_vocabulary_term` (`concept`, `term`, `alias`, `namespace`, `entity`, `seq`, `is_default`, `root`, `enabled`, `deprecated`, `keyword`, `description`) VALUES
('dime.find.subtype', 'coin.foreign.hvide', NULL, NULL, NULL, NULL, 0, 0, 1, 0, 'dime.find.subtype.coin.foreign.hvide', ''),
('dime.find.subtype', 'coin.foreign.other', NULL, NULL, NULL, NULL, 0, 0, 1, 0, 'dime.find.subtype.coin.foreign.other', ''),
('dime.find.subtype', 'coin.foreign.sterling', NULL, NULL, NULL, NULL, 0, 0, 1, 0, 'dime.find.subtype.coin.foreign.sterling', ''),
('dime.find.subtype', 'coin.foreign.tournois', NULL, NULL, NULL, NULL, 0, 0, 1, 0, 'dime.find.subtype.coin.foreign.tournois', ''),
('dime.find.subtype', 'coin.foreign.unknown', NULL, NULL, NULL, NULL, 1, 0, 1, 0, 'dime.find.subtype.coin.foreign.unknown', ''),
('dime.find.subtype', 'coin.jeton', NULL, NULL, NULL, NULL, 0, 0, 1, 0, 'dime.find.subtype.coin.jeton', ''),
('dime.find.subtype', 'coin.modern.danish', NULL, NULL, NULL, NULL, 0, 0, 1, 0, 'dime.find.subtype.coin.modern.danish', ''),
('dime.find.subtype', 'coin.modern.foreign', NULL, NULL, NULL, NULL, 0, 0, 1, 0, 'dime.find.subtype.coin.modern.foreign', ''),
('dime.find.subtype', 'coin.other', NULL, NULL, NULL, NULL, 0, 0, 1, 0, 'dime.find.subtype.coin.other', ''),
('dime.find.subtype', 'coin.roman', NULL, NULL, NULL, NULL, 0, 0, 1, 0, 'dime.find.subtype.coin.roman', ''),
('dime.find.subtype', 'coin.roman.aureus', NULL, NULL, NULL, NULL, 0, 0, 1, 0, 'dime.find.subtype.coin.roman.aureus', ''),
('dime.find.subtype', 'coin.roman.denarius', NULL, NULL, NULL, NULL, 0, 0, 1, 0, 'dime.find.subtype.coin.roman.denarius', ''),
('dime.find.subtype', 'coin.roman.other', NULL, NULL, NULL, NULL, 0, 0, 1, 0, 'dime.find.subtype.coin.roman.other', ''),
('dime.find.subtype', 'coin.roman.sestertius', NULL, NULL, NULL, NULL, 0, 0, 1, 0, 'dime.find.subtype.coin.roman.sestertius', ''),
('dime.find.subtype', 'coin.roman.siliqua', NULL, NULL, NULL, NULL, 0, 0, 1, 0, 'dime.find.subtype.coin.roman.siliqua', ''),
('dime.find.subtype', 'coin.roman.solidus', NULL, NULL, NULL, NULL, 0, 0, 1, 0, 'dime.find.subtype.coin.roman.solidus', ''),
('dime.find.subtype', 'coin.roman.unknown', NULL, NULL, NULL, NULL, 1, 0, 1, 0, 'dime.find.subtype.coin.roman.unknown', ''),
('dime.find.subtype', 'coin.unknown', NULL, NULL, NULL, NULL, 1, 0, 1, 0, 'dime.find.subtype.coin.unknown', ''),
('dime.find.subtype', 'coin.viking', NULL, NULL, NULL, NULL, 0, 0, 1, 0, 'dime.find.subtype.coin.viking', ''),
('dime.find.subtype', 'coin.viking.byzantine', NULL, NULL, NULL, NULL, 0, 0, 1, 0, 'dime.find.subtype.coin.viking.byzantine', ''),
('dime.find.subtype', 'coin.viking.carolingian', NULL, NULL, NULL, NULL, 0, 0, 1, 0, 'dime.find.subtype.coin.viking.carolingian', ''),
('dime.find.subtype', 'coin.viking.denarius', NULL, NULL, NULL, NULL, 0, 0, 1, 0, 'dime.find.subtype.coin.viking.denarius', ''),
('dime.find.subtype', 'coin.viking.dirham', NULL, NULL, NULL, NULL, 0, 0, 1, 0, 'dime.find.subtype.coin.viking.dirham', ''),
('dime.find.subtype', 'coin.viking.english', NULL, NULL, NULL, NULL, 0, 0, 1, 0, 'dime.find.subtype.coin.viking.english', ''),
('dime.find.subtype', 'coin.viking.german', NULL, NULL, NULL, NULL, 0, 0, 1, 0, 'dime.find.subtype.coin.viking.german', ''),
('dime.find.subtype', 'coin.viking.nordic', NULL, NULL, NULL, NULL, 0, 0, 1, 0, 'dime.find.subtype.coin.viking.nordic', ''),
('dime.find.subtype', 'coin.viking.other', NULL, NULL, NULL, NULL, 0, 0, 1, 0, 'dime.find.subtype.coin.viking.other', ''),
('dime.find.subtype', 'coin.viking.penny', NULL, NULL, NULL, NULL, 0, 0, 1, 0, 'dime.find.subtype.coin.viking.penny', ''),
('dime.find.subtype', 'coin.viking.phennig', NULL, NULL, NULL, NULL, 0, 0, 1, 0, 'dime.find.subtype.coin.viking.phennig', ''),
('dime.find.subtype', 'coin.viking.sceat', NULL, NULL, NULL, NULL, 0, 0, 1, 0, 'dime.find.subtype.coin.viking.sceat', ''),
('dime.find.subtype', 'coin.viking.unknown', NULL, NULL, NULL, NULL, 1, 0, 1, 0, 'dime.find.subtype.coin.viking.unknown', ''),
('dime.find.subtype', 'fibula.beak', NULL, NULL, NULL, NULL, 0, 0, 1, 0, 'dime.find.subtype.fibula.beak', ''),
('dime.find.subtype', 'fibula.bird.above', NULL, NULL, NULL, NULL, 0, 0, 1, 0, 'dime.find.subtype.fibula.bird.above', ''),
('dime.find.subtype', 'fibula.bird.profile', NULL, NULL, NULL, NULL, 0, 0, 1, 0, 'dime.find.subtype.fibula.bird.profile', ''),
('dime.find.subtype', 'fibula.bow', NULL, NULL, NULL, NULL, 0, 0, 1, 0, 'dime.find.subtype.fibula.bow', ''),
('dime.find.subtype', 'fibula.bow.ball', NULL, NULL, NULL, NULL, 0, 0, 1, 0, 'dime.find.subtype.fibula.bow.ball', ''),
('dime.find.subtype', 'fibula.bow.band', NULL, NULL, NULL, NULL, 0, 0, 1, 0, 'dime.find.subtype.fibula.bow.band', ''),
('dime.find.subtype', 'fibula.bow.bilateral', NULL, NULL, NULL, NULL, 0, 0, 1, 0, 'dime.find.subtype.fibula.bow.bilateral', ''),
('dime.find.subtype', 'fibula.bow.button', NULL, NULL, NULL, NULL, 0, 0, 1, 0, 'dime.find.subtype.fibula.bow.button', ''),
('dime.find.subtype', 'fibula.bow.cross', NULL, NULL, NULL, NULL, 0, 0, 1, 0, 'dime.find.subtype.fibula.bow.cross', ''),
('dime.find.subtype', 'fibula.bow.foot', NULL, NULL, NULL, NULL, 0, 0, 1, 0, 'dime.find.subtype.fibula.bow.foot', ''),
('dime.find.subtype', 'fibula.bow.high', NULL, NULL, NULL, NULL, 0, 0, 1, 0, 'dime.find.subtype.fibula.bow.high', ''),
('dime.find.subtype', 'fibula.bow.other', NULL, NULL, NULL, NULL, 0, 0, 1, 0, 'dime.find.subtype.fibula.bow.other', ''),
('dime.find.subtype', 'fibula.bow.relief', NULL, NULL, NULL, NULL, 0, 0, 1, 0, 'dime.find.subtype.fibula.bow.relief', ''),
('dime.find.subtype', 'fibula.bow.unknown', NULL, NULL, NULL, NULL, 1, 0, 1, 0, 'dime.find.subtype.fibula.bow.unknown', ''),
('dime.find.subtype', 'fibula.bowl', NULL, NULL, NULL, NULL, 0, 0, 1, 0, 'dime.find.subtype.fibula.bowl', ''),
('dime.find.subtype', 'fibula.bowl.animal', NULL, NULL, NULL, NULL, 0, 0, 1, 0, 'dime.find.subtype.fibula.bowl.animal', ''),
('dime.find.subtype', 'fibula.bowl.circular', NULL, NULL, NULL, NULL, 0, 0, 1, 0, 'dime.find.subtype.fibula.bowl.circular', ''),
('dime.find.subtype', 'fibula.bowl.large', NULL, NULL, NULL, NULL, 0, 0, 1, 0, 'dime.find.subtype.fibula.bowl.large', ''),
('dime.find.subtype', 'fibula.bowl.other', NULL, NULL, NULL, NULL, 0, 0, 1, 0, 'dime.find.subtype.fibula.bowl.other', ''),
('dime.find.subtype', 'fibula.bowl.small', NULL, NULL, NULL, NULL, 0, 0, 1, 0, 'dime.find.subtype.fibula.bowl.small', ''),
('dime.find.subtype', 'fibula.bowl.unknown', NULL, NULL, NULL, NULL, 1, 0, 1, 0, 'dime.find.subtype.fibula.bowl.unknown', ''),
('dime.find.subtype', 'fibula.circular', NULL, NULL, NULL, NULL, 0, 0, 1, 0, 'dime.find.subtype.fibula.circular', ''),
('dime.find.subtype', 'fibula.circular.large', NULL, NULL, NULL, NULL, 0, 0, 1, 0, 'dime.find.subtype.fibula.circular.large', ''),
('dime.find.subtype', 'fibula.circular.other', NULL, NULL, NULL, NULL, 0, 0, 1, 0, 'dime.find.subtype.fibula.circular.other', ''),
('dime.find.subtype', 'fibula.circular.small', NULL, NULL, NULL, NULL, 0, 0, 1, 0, 'dime.find.subtype.fibula.circular.small', ''),
('dime.find.subtype', 'fibula.circular.tin', NULL, NULL, NULL, NULL, 0, 0, 1, 0, 'dime.find.subtype.fibula.circular.tin', ''),
('dime.find.subtype', 'fibula.circular.unknown', NULL, NULL, NULL, NULL, 1, 0, 1, 0, 'dime.find.subtype.fibula.circular.unknown', ''),
('dime.find.subtype', 'fibula.enamel', NULL, NULL, NULL, NULL, 0, 0, 1, 0, 'dime.find.subtype.fibula.enamel', ''),
('dime.find.subtype', 'fibula.enamel.central', NULL, NULL, NULL, NULL, 0, 0, 1, 0, 'dime.find.subtype.fibula.enamel.central', ''),
('dime.find.subtype', 'fibula.enamel.cross', NULL, NULL, NULL, NULL, 0, 0, 1, 0, 'dime.find.subtype.fibula.enamel.cross', ''),
('dime.find.subtype', 'fibula.enamel.multiple', NULL, NULL, NULL, NULL, 0, 0, 1, 0, 'dime.find.subtype.fibula.enamel.multiple', ''),
('dime.find.subtype', 'fibula.enamel.other', NULL, NULL, NULL, NULL, 0, 0, 1, 0, 'dime.find.subtype.fibula.enamel.other', ''),
('dime.find.subtype', 'fibula.enamel.unknown', NULL, NULL, NULL, NULL, 1, 0, 1, 0, 'dime.find.subtype.fibula.enamel.unknown', ''),
('dime.find.subtype', 'fibula.equalarm', NULL, NULL, NULL, NULL, 0, 0, 1, 0, 'dime.find.subtype.fibula.equalarm', ''),
('dime.find.subtype', 'fibula.equalarm.large', NULL, NULL, NULL, NULL, 0, 0, 1, 0, 'dime.find.subtype.fibula.equalarm.large', ''),
('dime.find.subtype', 'fibula.equalarm.other', NULL, NULL, NULL, NULL, 0, 0, 1, 0, 'dime.find.subtype.fibula.equalarm.other', ''),
('dime.find.subtype', 'fibula.equalarm.small', NULL, NULL, NULL, NULL, 0, 0, 1, 0, 'dime.find.subtype.fibula.equalarm.small', ''),
('dime.find.subtype', 'fibula.equalarm.unknown', NULL, NULL, NULL, NULL, 1, 0, 1, 0, 'dime.find.subtype.fibula.equalarm.unknown', ''),
('dime.find.subtype', 'fibula.healing', NULL, NULL, NULL, NULL, 0, 0, 1, 0, 'dime.find.subtype.fibula.healing', ''),
('dime.find.subtype', 'fibula.healing.aalborg', NULL, NULL, NULL, NULL, 0, 0, 1, 0, 'dime.find.subtype.fibula.healing.aalborg', ''),
('dime.find.subtype', 'fibula.healing.lamb', NULL, NULL, NULL, NULL, 0, 0, 1, 0, 'dime.find.subtype.fibula.healing.lamb', ''),
('dime.find.subtype', 'fibula.healing.other', NULL, NULL, NULL, NULL, 0, 0, 1, 0, 'dime.find.subtype.fibula.healing.other', ''),
('dime.find.subtype', 'fibula.healing.unknown', NULL, NULL, NULL, NULL, 1, 0, 1, 0, 'dime.find.subtype.fibula.healing.unknown', ''),
('dime.find.subtype', 'fibula.healing.urnes', NULL, NULL, NULL, NULL, 0, 0, 1, 0, 'dime.find.subtype.fibula.healing.urnes', ''),
('dime.find.subtype', 'fibula.other', NULL, NULL, NULL, NULL, 0, 0, 1, 0, 'dime.find.subtype.fibula.other', ''),
('dime.find.subtype', 'fibula.plate', NULL, NULL, NULL, NULL, 0, 0, 1, 0, 'dime.find.subtype.fibula.plate', ''),
('dime.find.subtype', 'fibula.plate.bird', NULL, NULL, NULL, NULL, 0, 0, 1, 0, 'dime.find.subtype.fibula.plate.bird', ''),
('dime.find.subtype', 'fibula.plate.circular', NULL, NULL, NULL, NULL, 0, 0, 1, 0, 'dime.find.subtype.fibula.plate.circular', ''),
('dime.find.subtype', 'fibula.plate.coin', NULL, NULL, NULL, NULL, 0, 0, 1, 0, 'dime.find.subtype.fibula.plate.coin', ''),
('dime.find.subtype', 'fibula.plate.horse', NULL, NULL, NULL, NULL, 0, 0, 1, 0, 'dime.find.subtype.fibula.plate.horse', ''),
('dime.find.subtype', 'fibula.plate.other', NULL, NULL, NULL, NULL, 0, 0, 1, 0, 'dime.find.subtype.fibula.plate.other', ''),
('dime.find.subtype', 'fibula.plate.oval', NULL, NULL, NULL, NULL, 0, 0, 1, 0, 'dime.find.subtype.fibula.plate.oval', ''),
('dime.find.subtype', 'fibula.plate.rhede', NULL, NULL, NULL, NULL, 0, 0, 1, 0, 'dime.find.subtype.fibula.plate.rhede', ''),
('dime.find.subtype', 'fibula.plate.rectangular', NULL, NULL, NULL, NULL, 0, 0, 1, 0, 'dime.find.subtype.fibula.plate.rectangular', ''),
('dime.find.subtype', 'fibula.plate.ship', NULL, NULL, NULL, NULL, 0, 0, 1, 0, 'dime.find.subtype.fibula.plate.ship', ''),
('dime.find.subtype', 'fibula.plate.snake', NULL, NULL, NULL, NULL, 0, 0, 1, 0, 'dime.find.subtype.fibula.plate.snake', ''),
('dime.find.subtype', 'fibula.plate.swastika', NULL, NULL, NULL, NULL, 0, 0, 1, 0, 'dime.find.subtype.fibula.plate.swastika', ''),
('dime.find.subtype', 'fibula.plate.tongue', NULL, NULL, NULL, NULL, 0, 0, 1, 0, 'dime.find.subtype.fibula.plate.tongue', ''),
('dime.find.subtype', 'fibula.plate.unknown', NULL, NULL, NULL, NULL, 1, 0, 1, 0, 'dime.find.subtype.fibula.plate.unknown', ''),
('dime.find.subtype', 'fibula.plate.valkyrie', NULL, NULL, NULL, NULL, 0, 0, 1, 0, 'dime.find.subtype.fibula.plate.valkyrie', ''),
('dime.find.subtype', 'fibula.ring', NULL, NULL, NULL, NULL, 0, 0, 1, 0, 'dime.find.subtype.fibula.ring', ''),
('dime.find.subtype', 'fibula.ring.circular', NULL, NULL, NULL, NULL, 0, 0, 1, 0, 'dime.find.subtype.fibula.ring.circular', ''),
('dime.find.subtype', 'fibula.ring.heart', NULL, NULL, NULL, NULL, 0, 0, 1, 0, 'dime.find.subtype.fibula.ring.heart', ''),
('dime.find.subtype', 'fibula.ring.other', NULL, NULL, NULL, NULL, 0, 0, 1, 0, 'dime.find.subtype.fibula.ring.other', ''),
('dime.find.subtype', 'fibula.ring.star', NULL, NULL, NULL, NULL, 0, 0, 1, 0, 'dime.find.subtype.fibula.ring.star', ''),
('dime.find.subtype', 'fibula.ring.unknown', NULL, NULL, NULL, NULL, 1, 0, 1, 0, 'dime.find.subtype.fibula.ring.unknown', ''),
('dime.find.subtype', 'fibula.trilobal', NULL, NULL, NULL, NULL, 0, 0, 1, 0, 'dime.find.subtype.fibula.trilobal', ''),
('dime.find.subtype', 'fibula.unknown', NULL, NULL, NULL, NULL, 1, 0, 1, 0, 'dime.find.subtype.fibula.unknown', ''),
('dime.find.subtype', 'fibula.viking', NULL, NULL, NULL, NULL, 0, 0, 1, 0, 'dime.find.subtype.fibula.viking', ''),
('dime.find.subtype', 'fibula.viking.other', NULL, NULL, NULL, NULL, 0, 0, 1, 0, 'dime.find.subtype.fibula.viking.other', ''),
('dime.find.subtype', 'fibula.viking.rhombic', NULL, NULL, NULL, NULL, 0, 0, 1, 0, 'dime.find.subtype.fibula.viking.rhombic', ''),
('dime.find.subtype', 'fibula.viking.ring', NULL, NULL, NULL, NULL, 0, 0, 1, 0, 'dime.find.subtype.fibula.viking.ring', ''),
('dime.find.subtype', 'fibula.viking.roof', NULL, NULL, NULL, NULL, 0, 0, 1, 0, 'dime.find.subtype.fibula.viking.roof', ''),
('dime.find.subtype', 'fibula.viking.unknown', NULL, NULL, NULL, NULL, 1, 0, 1, 0, 'dime.find.subtype.fibula.viking.unknown', ''),
('dime.find.subtype', 'metal.ingot', NULL, NULL, NULL, NULL, 0, 0, 1, 0, 'dime.find.subtype.metal.ingot', ''),
('dime.find.subtype', 'metal.mold', NULL, NULL, NULL, NULL, 0, 0, 1, 0, 'dime.find.subtype.metal.mold', ''),
('dime.find.subtype', 'metal.other', NULL, NULL, NULL, NULL, 0, 0, 1, 0, 'dime.find.subtype.metal.other', ''),
('dime.find.subtype', 'metal.rest', NULL, NULL, NULL, NULL, 0, 0, 1, 0, 'dime.find.subtype.metal.rest', ''),
('dime.find.subtype', 'metal.slag', NULL, NULL, NULL, NULL, 0, 0, 1, 0, 'dime.find.subtype.metal.slag', ''),
('dime.find.subtype', 'metal.tin', NULL, NULL, NULL, NULL, 0, 0, 1, 0, 'dime.find.subtype.metal.tin', ''),
('dime.find.subtype', 'metal.unknown', NULL, NULL, NULL, NULL, 1, 0, 1, 0, 'dime.find.subtype.metal.unknown', ''),
('dime.find.subtype', 'military.ammunition', NULL, NULL, NULL, NULL, 0, 0, 1, 0, 'dime.find.subtype.military.ammunition', ''),
('dime.find.subtype', 'military.armor', NULL, NULL, NULL, NULL, 0, 0, 1, 0, 'dime.find.subtype.military.armor', ''),
('dime.find.subtype', 'military.arrow', NULL, NULL, NULL, NULL, 0, 0, 1, 0, 'dime.find.subtype.military.arrow', ''),
('dime.find.subtype', 'military.firearm', NULL, NULL, NULL, NULL, 0, 0, 1, 0, 'dime.find.subtype.military.firearm', ''),
('dime.find.subtype', 'military.fitting', NULL, NULL, NULL, NULL, 0, 0, 1, 0, 'dime.find.subtype.military.fitting', ''),
('dime.find.subtype', 'military.fitting.other', NULL, NULL, NULL, NULL, 0, 0, 1, 0, 'dime.find.subtype.military.fitting.other', ''),
('dime.find.subtype', 'military.fitting.sheath', NULL, NULL, NULL, NULL, 0, 0, 1, 0, 'dime.find.subtype.military.fitting.sheath', ''),
('dime.find.subtype', 'military.fitting.uniform', NULL, NULL, NULL, NULL, 0, 0, 1, 0, 'dime.find.subtype.military.fitting.uniform', ''),
('dime.find.subtype', 'military.fitting.unknown', NULL, NULL, NULL, NULL, 1, 0, 1, 0, 'dime.find.subtype.military.fitting.unknown', ''),
('dime.find.subtype', 'military.helmet', NULL, NULL, NULL, NULL, 0, 0, 1, 0, 'dime.find.subtype.military.helmet', ''),
('dime.find.subtype', 'military.melee', NULL, NULL, NULL, NULL, 0, 0, 1, 0, 'dime.find.subtype.military.melee', ''),
('dime.find.subtype', 'military.melee.axe', NULL, NULL, NULL, NULL, 0, 0, 1, 0, 'dime.find.subtype.military.melee.axe', ''),
('dime.find.subtype', 'military.melee.blunt', NULL, NULL, NULL, NULL, 0, 0, 1, 0, 'dime.find.subtype.military.melee.blunt', ''),
('dime.find.subtype', 'military.melee.knife', NULL, NULL, NULL, NULL, 0, 0, 1, 0, 'dime.find.subtype.military.melee.knife', ''),
('dime.find.subtype', 'military.melee.other', NULL, NULL, NULL, NULL, 0, 0, 1, 0, 'dime.find.subtype.military.melee.other', ''),
('dime.find.subtype', 'military.melee.pointed', NULL, NULL, NULL, NULL, 0, 0, 1, 0, 'dime.find.subtype.military.melee.pointed', ''),
('dime.find.subtype', 'military.melee.sword', NULL, NULL, NULL, NULL, 0, 0, 1, 0, 'dime.find.subtype.military.melee.sword', ''),
('dime.find.subtype', 'military.melee.unknown', NULL, NULL, NULL, NULL, 1, 0, 1, 0, 'dime.find.subtype.military.melee.unknown', ''),
('dime.find.subtype', 'military.other', NULL, NULL, NULL, NULL, 0, 0, 1, 0, 'dime.find.subtype.military.other', ''),
('dime.find.subtype', 'military.shield', NULL, NULL, NULL, NULL, 0, 0, 1, 0, 'dime.find.subtype.military.shield', ''),
('dime.find.subtype', 'military.unknown', NULL, NULL, NULL, NULL, 1, 0, 1, 0, 'dime.find.subtype.military.unknown', ''),
('dime.find.subtype', 'tool.equestrian', NULL, NULL, NULL, NULL, 0, 0, 1, 0, 'dime.find.subtype.tool.equestrian', ''),
('dime.find.subtype', 'tool.equestrian.bell', NULL, NULL, NULL, NULL, 0, 0, 1, 0, 'dime.find.subtype.tool.equestrian.bell', ''),
('dime.find.subtype', 'tool.equestrian.bridle', NULL, NULL, NULL, NULL, 0, 0, 1, 0, 'dime.find.subtype.tool.equestrian.bridle', ''),
('dime.find.subtype', 'tool.equestrian.cheek', NULL, NULL, NULL, NULL, 0, 0, 1, 0, 'dime.find.subtype.tool.equestrian.cheek', ''),
('dime.find.subtype', 'tool.equestrian.other', NULL, NULL, NULL, NULL, 0, 0, 1, 0, 'dime.find.subtype.tool.equestrian.other', ''),
('dime.find.subtype', 'tool.equestrian.shoe', NULL, NULL, NULL, NULL, 0, 0, 1, 0, 'dime.find.subtype.tool.equestrian.shoe', ''),
('dime.find.subtype', 'tool.equestrian.stirrup', NULL, NULL, NULL, NULL, 0, 0, 1, 0, 'dime.find.subtype.tool.equestrian.stirrup', ''),
('dime.find.subtype', 'tool.equestrian.tack', NULL, NULL, NULL, NULL, 0, 0, 1, 0, 'dime.find.subtype.tool.equestrian.tack', ''),
('dime.find.subtype', 'tool.equestrian.unknown', NULL, NULL, NULL, NULL, 1, 0, 1, 0, 'dime.find.subtype.tool.equestrian.unknown', ''),
('dime.find.subtype', 'tool.house', NULL, NULL, NULL, NULL, 0, 0, 1, 0, 'dime.find.subtype.tool.house', ''),
('dime.find.subtype', 'tool.house.crockery', NULL, NULL, NULL, NULL, 0, 0, 1, 0, 'dime.find.subtype.tool.house.crockery', ''),
('dime.find.subtype', 'tool.house.cutlery', NULL, NULL, NULL, NULL, 0, 0, 1, 0, 'dime.find.subtype.tool.house.cutlery', ''),
('dime.find.subtype', 'tool.house.fixtures', NULL, NULL, NULL, NULL, 0, 0, 1, 0, 'dime.find.subtype.tool.house.fixtures', ''),
('dime.find.subtype', 'tool.house.key', NULL, NULL, NULL, NULL, 0, 0, 1, 0, 'dime.find.subtype.tool.house.key', ''),
('dime.find.subtype', 'tool.house.knife', NULL, NULL, NULL, NULL, 0, 0, 1, 0, 'dime.find.subtype.tool.house.knife', ''),
('dime.find.subtype', 'tool.house.light', NULL, NULL, NULL, NULL, 0, 0, 1, 0, 'dime.find.subtype.tool.house.light', ''),
('dime.find.subtype', 'tool.house.lock', NULL, NULL, NULL, NULL, 0, 0, 1, 0, 'dime.find.subtype.tool.house.lock', ''),
('dime.find.subtype', 'tool.house.other', NULL, NULL, NULL, NULL, 0, 0, 1, 0, 'dime.find.subtype.tool.house.other', ''),
('dime.find.subtype', 'tool.house.pot', NULL, NULL, NULL, NULL, 0, 0, 1, 0, 'dime.find.subtype.tool.house.pot', ''),
('dime.find.subtype', 'tool.house.scissors', NULL, NULL, NULL, NULL, 0, 0, 1, 0, 'dime.find.subtype.tool.house.scissors', ''),
('dime.find.subtype', 'tool.house.striker', NULL, NULL, NULL, NULL, 0, 0, 1, 0, 'dime.find.subtype.tool.house.striker', ''),
('dime.find.subtype', 'tool.house.unknown', NULL, NULL, NULL, NULL, 1, 0, 1, 0, 'dime.find.subtype.tool.house.unknown', ''),
('dime.find.subtype', 'tool.measure', NULL, NULL, NULL, NULL, 0, 0, 1, 0, 'dime.find.subtype.tool.measure', ''),
('dime.find.subtype', 'tool.measure.clip', NULL, NULL, NULL, NULL, 0, 0, 1, 0, 'dime.find.subtype.tool.measure.clip', ''),
('dime.find.subtype', 'tool.measure.ingot', NULL, NULL, NULL, NULL, 0, 0, 1, 0, 'dime.find.subtype.tool.measure.ingot', ''),
('dime.find.subtype', 'tool.measure.scale', NULL, NULL, NULL, NULL, 0, 0, 1, 0, 'dime.find.subtype.tool.measure.scale', ''),
('dime.find.subtype', 'tool.measure.unknown', NULL, NULL, NULL, NULL, 1, 0, 1, 0, 'dime.find.subtype.tool.measure.unknown', ''),
('dime.find.subtype', 'tool.measure.weight', NULL, NULL, NULL, NULL, 0, 0, 1, 0, 'dime.find.subtype.tool.measure.weight', ''),
('dime.find.subtype', 'tool.other', NULL, NULL, NULL, NULL, 0, 0, 1, 0, 'dime.find.subtype.tool.other', ''),
('dime.find.subtype', 'tool.textile', NULL, NULL, NULL, NULL, 0, 0, 1, 0, 'dime.find.subtype.tool.textile', ''),
('dime.find.subtype', 'tool.textile.case', NULL, NULL, NULL, NULL, 0, 0, 1, 0, 'dime.find.subtype.tool.textile.case', ''),
('dime.find.subtype', 'tool.textile.needle', NULL, NULL, NULL, NULL, 0, 0, 1, 0, 'dime.find.subtype.tool.textile.needle', ''),
('dime.find.subtype', 'tool.textile.scissors', NULL, NULL, NULL, NULL, 0, 0, 1, 0, 'dime.find.subtype.tool.textile.scissors', ''),
('dime.find.subtype', 'tool.textile.thimble', NULL, NULL, NULL, NULL, 0, 0, 1, 0, 'dime.find.subtype.tool.textile.thimble', ''),
('dime.find.subtype', 'tool.textile.unknown', NULL, NULL, NULL, NULL, 1, 0, 1, 0, 'dime.find.subtype.tool.textile.unknown', ''),
('dime.find.subtype', 'tool.textile.whorl', NULL, NULL, NULL, NULL, 0, 0, 1, 0, 'dime.find.subtype.tool.textile.whorl', ''),
('dime.find.subtype', 'tool.toilet', NULL, NULL, NULL, NULL, 0, 0, 1, 0, 'dime.find.subtype.tool.toilet', ''),
('dime.find.subtype', 'tool.toilet.comb', NULL, NULL, NULL, NULL, 0, 0, 1, 0, 'dime.find.subtype.tool.toilet.comb', ''),
('dime.find.subtype', 'tool.toilet.ear', NULL, NULL, NULL, NULL, 0, 0, 1, 0, 'dime.find.subtype.tool.toilet.ear', ''),
('dime.find.subtype', 'tool.toilet.other', NULL, NULL, NULL, NULL, 0, 0, 1, 0, 'dime.find.subtype.tool.toilet.other', ''),
('dime.find.subtype', 'tool.toilet.razor', NULL, NULL, NULL, NULL, 0, 0, 1, 0, 'dime.find.subtype.tool.toilet.razor', ''),
('dime.find.subtype', 'tool.toilet.tweezers', NULL, NULL, NULL, NULL, 0, 0, 1, 0, 'dime.find.subtype.tool.toilet.tweezers', ''),
('dime.find.subtype', 'tool.toilet.unknown', NULL, NULL, NULL, NULL, 1, 0, 1, 0, 'dime.find.subtype.tool.toilet.unknown', ''),
('dime.find.subtype', 'tool.toy', NULL, NULL, NULL, NULL, 0, 0, 1, 0, 'dime.find.subtype.tool.toy', ''),
('dime.find.subtype', 'tool.toy.counter', NULL, NULL, NULL, NULL, 0, 0, 1, 0, 'dime.find.subtype.tool.toy.counter', ''),
('dime.find.subtype', 'tool.toy.dice', NULL, NULL, NULL, NULL, 0, 0, 1, 0, 'dime.find.subtype.tool.toy.dice', ''),
('dime.find.subtype', 'tool.toy.other', NULL, NULL, NULL, NULL, 0, 0, 1, 0, 'dime.find.subtype.tool.toy.other', ''),
('dime.find.subtype', 'tool.toy.unknown', NULL, NULL, NULL, NULL, 1, 0, 1, 0, 'dime.find.subtype.tool.toy.unknown', ''),
('dime.find.subtype', 'tool.unknown', NULL, NULL, NULL, NULL, 1, 0, 1, 0, 'dime.find.subtype.tool.unknown', ''),
('dime.find.subtype', 'tool.work', NULL, NULL, NULL, NULL, 0, 0, 1, 0, 'dime.find.subtype.tool.work', ''),
('dime.find.subtype', 'tool.work.axe', NULL, NULL, NULL, NULL, 0, 0, 1, 0, 'dime.find.subtype.tool.work.axe', ''),
('dime.find.subtype', 'tool.work.chisel', NULL, NULL, NULL, NULL, 0, 0, 1, 0, 'dime.find.subtype.tool.work.chisel', ''),
('dime.find.subtype', 'tool.work.drill', NULL, NULL, NULL, NULL, 0, 0, 1, 0, 'dime.find.subtype.tool.work.drill', ''),
('dime.find.subtype', 'tool.work.fitting', NULL, NULL, NULL, NULL, 0, 0, 1, 0, 'dime.find.subtype.tool.work.fitting', ''),
('dime.find.subtype', 'tool.work.hammer', NULL, NULL, NULL, NULL, 0, 0, 1, 0, 'dime.find.subtype.tool.work.hammer', ''),
('dime.find.subtype', 'tool.work.knife', NULL, NULL, NULL, NULL, 0, 0, 1, 0, 'dime.find.subtype.tool.work.knife', ''),
('dime.find.subtype', 'tool.work.nail', NULL, NULL, NULL, NULL, 0, 0, 1, 0, 'dime.find.subtype.tool.work.nail', ''),
('dime.find.subtype', 'tool.work.other', NULL, NULL, NULL, NULL, 0, 0, 1, 0, 'dime.find.subtype.tool.work.other', ''),
('dime.find.subtype', 'tool.work.pliars', NULL, NULL, NULL, NULL, 0, 0, 1, 0, 'dime.find.subtype.tool.work.pliars', ''),
('dime.find.subtype', 'tool.work.rivet', NULL, NULL, NULL, NULL, 0, 0, 1, 0, 'dime.find.subtype.tool.work.rivet', ''),
('dime.find.subtype', 'tool.work.sickle', NULL, NULL, NULL, NULL, 0, 0, 1, 0, 'dime.find.subtype.tool.work.sickle', ''),
('dime.find.subtype', 'tool.work.unknown', NULL, NULL, NULL, NULL, 1, 0, 1, 0, 'dime.find.subtype.tool.work.unknown', ''),
('dime.find.subtype', 'tool.writing', NULL, NULL, NULL, NULL, 0, 0, 1, 0, 'dime.find.subtype.tool.writing', ''),
('dime.find.subtype', 'tool.writing.bylamulet', NULL, NULL, NULL, NULL, 0, 0, 1, 0, 'dime.find.subtype.tool.writing.bylamulet', ''),
('dime.find.subtype', 'tool.writing.clasp', NULL, NULL, NULL, NULL, 0, 0, 1, 0, 'dime.find.subtype.tool.writing.clasp', ''),
('dime.find.subtype', 'tool.writing.guldgubbe', NULL, NULL, NULL, NULL, 0, 0, 1, 0, 'dime.find.subtype.tool.writing.guldgubbe', ''),
('dime.find.subtype', 'tool.writing.runebrev', NULL, NULL, NULL, NULL, 0, 0, 1, 0, 'dime.find.subtype.tool.writing.runebrev', ''),
('dime.find.subtype', 'tool.writing.seal', NULL, NULL, NULL, NULL, 0, 0, 1, 0, 'dime.find.subtype.tool.writing.seal', ''),
('dime.find.subtype', 'tool.writing.stamp', NULL, NULL, NULL, NULL, 0, 0, 1, 0, 'dime.find.subtype.tool.writing.stamp', ''),
('dime.find.subtype', 'tool.writing.stylus', NULL, NULL, NULL, NULL, 0, 0, 1, 0, 'dime.find.subtype.tool.writing.stylus', ''),
('dime.find.subtype', 'tool.writing.unknown', NULL, NULL, NULL, NULL, 1, 0, 1, 0, 'dime.find.subtype.tool.writing.unknown', ''),
('dime.material', 'ag', 'silver', NULL, NULL, NULL, 0, 0, 1, 0, 'dime.material.silver', ''),
('dime.material', 'al', 'aluminium', NULL, NULL, NULL, 0, 0, 1, 0, 'dime.material.aluminium', ''),
('dime.material', 'au', 'gold', NULL, NULL, NULL, 0, 0, 1, 0, 'dime.material.gold', ''),
('dime.material', 'ceramic', 'ceramic', NULL, NULL, NULL, 0, 0, 1, 0, 'dime.material.ceramic', ''),
('dime.material', 'cu', 'copper', NULL, NULL, NULL, 0, 0, 1, 0, 'dime.material.copper', ''),
('dime.material', 'cual', 'copperalloy', NULL, NULL, NULL, 0, 0, 1, 0, 'dime.material.copperalloy', ''),
('dime.material', 'fe', 'iron', NULL, NULL, NULL, 0, 0, 1, 0, 'dime.material.iron', ''),
('dime.material', 'glass', 'glass', NULL, NULL, NULL, 0, 0, 1, 0, 'dime.material.glass', ''),
('dime.material', 'pb', 'lead', NULL, NULL, NULL, 0, 0, 1, 0, 'dime.material.lead', ''),
('dime.material', 'sa', 'tin', NULL, NULL, NULL, 0, 0, 1, 0, 'dime.material.tin', ''),
('dime.material', 'stone', 'stone', NULL, NULL, NULL, 0, 0, 1, 0, 'dime.material.stone', ''),
('dime.material', 'unknown', 'unknown', NULL, NULL, NULL, 1, 0, 1, 0, 'dime.material.unknown', ''),
('dime.material', 'xx', 'othermetal', NULL, NULL, NULL, 0, 0, 1, 0, 'dime.material.othermetal', ''),
('dime.message.status.search', 'all', NULL, NULL, NULL, NULL, 0, 0, 1, 0, 'dime.message.status.search.all', ''),
('dime.message.status.search', 'read', NULL, NULL, NULL, NULL, 0, 0, 1, 0, 'dime.message.status.search.read', ''),
('dime.message.status.search', 'received', NULL, NULL, NULL, NULL, 0, 0, 1, 0, 'dime.message.status.search.received', ''),
('dime.message.status.search', 'sent', NULL, NULL, NULL, NULL, 0, 0, 1, 0, 'dime.message.status.search.sent', ''),
('dime.message.status.search', 'unread', NULL, NULL, NULL, NULL, 1, 0, 1, 0, 'dime.message.status.search.unread', ''),
('dime.period', 'AMXX', 'mesolithic', NULL, NULL, NULL, 0, 0, 1, 0, 'dime.period.mesolithic', 'Mesolithic'),
('dime.period', 'APXX', 'palaeolithic', NULL, NULL, NULL, 0, 0, 1, 0, 'dime.period.palaeolithic', 'Palaeolithic'),
('dime.period', 'AXXX', 'stone', NULL, NULL, NULL, 0, 0, 1, 0, 'dime.period.stone', 'Stone Age'),
('dime.period', 'AYXX', 'neolithic', NULL, NULL, NULL, 0, 0, 1, 0, 'dime.period.neolithic', 'Neolithic'),
('dime.period', 'BX1', 'bronze.1', NULL, NULL, NULL, 0, 0, 1, 0, 'dime.period.bronze.1', 'Bronze Age Period 1'),
('dime.period', 'BX2', 'bronze.2', NULL, NULL, NULL, 0, 0, 1, 0, 'dime.period.bronze.2', 'Bronze Age Period 2'),
('dime.period', 'BX3', 'bronze.3', NULL, NULL, NULL, 0, 0, 1, 0, 'dime.period.bronze.3', 'Bronze Age Period 3'),
('dime.period', 'BXX', 'bronze.early', NULL, NULL, NULL, 0, 0, 1, 0, 'dime.period.bronze.early', 'Early Bronze Age'),
('dime.period', 'BXXX', 'bronze', NULL, NULL, NULL, 0, 0, 1, 0, 'dime.period.bronze', 'Bronze Age'),
('dime.period', 'BYX4', 'bronze.4', NULL, NULL, NULL, 0, 0, 1, 0, 'dime.period.bronze.4', 'Bronze Age Period 4'),
('dime.period', 'BYX5', 'bronze.5', NULL, NULL, NULL, 0, 0, 1, 0, 'dime.period.bronze.5', 'Bronze Age Period 5'),
('dime.period', 'BYX6', 'bronze.6', NULL, NULL, NULL, 0, 0, 1, 0, 'dime.period.bronze.6', 'Bronze Age Period 6'),
('dime.period', 'BYXX', 'bronze.late', NULL, NULL, NULL, 0, 0, 1, 0, 'dime.period.bronze.late', 'Late Bronze Age'),
('dime.period', 'CF', 'iron.preroman.early', NULL, NULL, NULL, 0, 0, 1, 0, 'dime.period.iron.preroman.early', 'Early Pre-Roman Iron Age'),
('dime.period', 'CFM', 'iron.preroman.middle', NULL, NULL, NULL, 0, 0, 1, 0, 'dime.period.iron.preroman.middle', 'Middle Pre-Roman Iron Age'),
('dime.period', 'CFX', 'iron.preroman', NULL, NULL, NULL, 0, 0, 1, 0, 'dime.period.iron.preroman', 'Pre-Roman Iron Age'),
('dime.period', 'CFY', 'iron.preroman.late', NULL, NULL, NULL, 0, 0, 1, 0, 'dime.period.iron.preroman.late', 'Late Pre-Roman Iron Age'),
('dime.period', 'CRA', 'iron.roman.early.b1', NULL, NULL, NULL, 0, 0, 1, 0, 'dime.period.iron.roman.early.b1', 'Early Roman Iron Age B1'),
('dime.period', 'CR', 'iron.roman.early', NULL, NULL, NULL, 0, 0, 1, 0, 'dime.period.iron.roman.early', 'Early Roman Iron Age'),
('dime.period', 'CRB', 'iron.roman.early.b2', NULL, NULL, NULL, 0, 0, 1, 0, 'dime.period.iron.roman.early.b2', 'Early Roman Iron Age B2'),
('dime.period', 'CRC', 'iron.roman.late.c1', NULL, NULL, NULL, 0, 0, 1, 0, 'dime.period.iron.roman.late.c1', 'Late Roman Iron Age C1'),
('dime.period', 'CRD', 'iron.roman.late.c2', NULL, NULL, NULL, 0, 0, 1, 0, 'dime.period.iron.roman.late.c2', 'Late Roman Iron Age C2'),
('dime.period', 'CRE', 'iron.roman.late.c3', NULL, NULL, NULL, 0, 0, 1, 0, 'dime.period.iron.roman.late.c3', 'Late Roman Iron Age C3'),
('dime.period', 'CRX', 'iron.roman', NULL, NULL, NULL, 0, 0, 1, 0, 'dime.period.iron.roman', 'Roman Iron Age'),
('dime.period', 'CRY', 'iron.roman.late', NULL, NULL, NULL, 0, 0, 1, 0, 'dime.period.iron.roman.late', 'Late Roman Iron Age'),
('dime.period', 'CXX', 'iron.early', NULL, NULL, NULL, 0, 0, 1, 0, 'dime.period.iron.early', 'Early Iron Age'),
('dime.period', 'CVD', 'viking.medieval', NULL, NULL, NULL, 0, 0, 1, 0, 'dime.period.viking.medieval', 'Viking / Early Medieval '),
('dime.period', 'CXXX', 'iron', NULL, NULL, NULL, 0, 0, 1, 0, 'dime.period.iron', 'Iron Age'),
('dime.period', 'CYG', 'iron.germainic.early', NULL, NULL, NULL, 0, 0, 1, 0, 'dime.period.iron.germainic.early', 'Early Germanic Iron Age'),
('dime.period', 'CYGX', 'iron.germainic', NULL, NULL, NULL, 0, 0, 1, 0, 'dime.period.iron.germainic', 'Germanic Iron Age'),
('dime.period', 'CYGY', 'iron.germainic.late', NULL, NULL, NULL, 0, 0, 1, 0, 'dime.period.iron.germainic.late', 'Late Germanic Iron Age'),
('dime.period', 'CYV', 'viking.early', NULL, NULL, NULL, 0, 0, 1, 0, 'dime.period.viking.early', 'Early Viking Age'),
('dime.period', 'CYVX', 'viking', NULL, NULL, NULL, 0, 0, 1, 0, 'dime.period.viking', 'Viking Age'),
('dime.period', 'CYVY', 'viking.late', NULL, NULL, NULL, 0, 0, 1, 0, 'dime.period.viking.late', 'Late Viking Age'),
('dime.period', 'CYXX', 'iron.late', NULL, NULL, NULL, 0, 0, 1, 0, 'dime.period.iron.late', 'Late Iron Age'),
('dime.period', 'DX1', 'medieval.early', NULL, NULL, NULL, 0, 0, 1, 0, 'dime.period.medieval.early', 'Early Medieval'),
('dime.period', 'DHXX', 'medieval.high', NULL, NULL, NULL, 0, 0, 1, 0, 'dime.period.medieval.high', 'High Medieval'),
('dime.period', 'DLXX', 'medieval.late', NULL, NULL, NULL, 0, 0, 1, 0, 'dime.period.medieval.late', 'Late Medieval'),
('dime.period', 'DXXX', 'medieval', NULL, NULL, NULL, 0, 0, 1, 0, 'dime.period.medieval', 'Medieval'),
('dime.period', 'EXFX', 'reformation.modern', NULL, NULL, NULL, 0, 0, 1, 0, 'dime.period.reformation.modern', 'Reformation / Modern'),
('dime.period', 'EXXX', 'reformation', NULL, NULL, NULL, 0, 0, 1, 0, 'dime.period.reformation', 'Reformation'),
('dime.period', 'FXX', 'absolutism', NULL, NULL, NULL, 0, 0, 1, 0, 'dime.period.absolutism', 'Absolutism'),
('dime.period', 'FMIN', 'industrial', NULL, NULL, NULL, 0, 0, 1, 0, 'dime.period.industrial', 'Industrial Age'),
('dime.period', 'FMV1', 'ww1', NULL, NULL, NULL, 0, 0, 1, 0, 'dime.period.ww1', 'First World War'),
('dime.period', 'FMV2', 'ww2', NULL, NULL, NULL, 0, 0, 1, 0, 'dime.period.ww2', 'Second World War'),
('dime.period', 'FMVM', 'interwar', NULL, NULL, NULL, 0, 0, 1, 0, 'dime.period.interwar', 'Interwar Years'),
('dime.period', 'FXXX', 'modern', NULL, NULL, NULL, 0, 0, 1, 0, 'dime.period.modern', 'Modern Age'),
('dime.period', 'FYXX', 'welfare', NULL, NULL, NULL, 0, 0, 1, 0, 'dime.period.welfare', 'Welfare Age'),
('dime.period', 'GYV', 'late.germanic.early.viking', NULL, NULL, NULL, 0, 0, 1, 0, 'dime.period.lategermanic.earlyviking', 'Late Germanic Iron Age'),
('dime.period', 'HXXX', 'historic', NULL, NULL, NULL, 0, 0, 1, 0, 'dime.period.historic', 'Historic Age'),
('dime.period', 'OXXX', 'prehistoric', NULL, NULL, NULL, 0, 0, 1, 0, 'dime.period.prehistoric', 'Prehistoric'),
('dime.period', 'XXXX', 'undated', NULL, NULL, NULL, 0, 0, 1, 0, 'dime.period.undated', 'Undated'),
('dime.treasure', 'appraisal', NULL, NULL, NULL, NULL, 0, 0, 1, 0, 'dime.treasure.appraisal', ''),
('dime.treasure', 'not', NULL, NULL, NULL, NULL, 0, 0, 1, 0, 'dime.treasure.not', ''),
('dime.treasure', 'pending', NULL, NULL, NULL, NULL, 0, 1, 1, 0, 'dime.treasure.pending', ''),
('dime.treasure', 'treasure', NULL, NULL, NULL, NULL, 0, 0, 1, 0, 'dime.treasure.treasure', ''),
('dime.user.terms', 'v1', NULL, NULL, NULL, NULL, 1, 0, 1, 0, 'dime.user.terms.v1', ''),
('dime.workflow.role', 'admin', NULL, NULL, NULL, NULL, 0, 0, 1, 0, 'dime.role.admin', ''),
('dime.workflow.role', 'curator', NULL, NULL, NULL, NULL, 0, 0, 1, 0, 'dime.role.curator', ''),
('dime.workflow.role', 'detectorist', NULL, NULL, NULL, NULL, 1, 0, 1, 0, 'dime.role.detectorist', ''),
('dime.workflow.role', 'registrar', NULL, NULL, NULL, NULL, 0, 0, 1, 0, 'dime.role.registrar', ''),
('dime.workflow.role', 'researcher', NULL, NULL, NULL, NULL, 0, 0, 1, 0, 'dime.role.researcher', ''),
('distance', 'km', 'kilometre', NULL, NULL, NULL, 0, 0, 1, 0, 'length.kilometre', ''),
('distance', 'm', 'metre', NULL, NULL, NULL, 0, 0, 1, 0, 'length.metre', ''),
('distance', 'mm', 'millimetre', NULL, NULL, NULL, 1, 0, 1, 0, 'length.millimetre', ''),
('distance', 'nm', 'nanometre', NULL, NULL, NULL, 0, 0, 1, 0, 'length.nanometre', ''),
('distance', 'm', 'nanometre', NULL, NULL, NULL, 0, 0, 1, 0, 'length.micrometre', ''),
('language', 'aa', 'afar', NULL, NULL, NULL, 0, 0, 1, 0, 'language.afar', ''),
('language', 'ab', 'abkhazian', NULL, NULL, NULL, 0, 0, 1, 0, 'language.abkhazian', ''),
('language', 'ace', 'achinese', NULL, NULL, NULL, 0, 0, 1, 0, 'language.achinese', ''),
('language', 'ach', 'acoli', NULL, NULL, NULL, 0, 0, 1, 0, 'language.acoli', ''),
('language', 'ada', 'adangme', NULL, NULL, NULL, 0, 0, 1, 0, 'language.adangme', ''),
('language', 'ady', 'adyghe', NULL, NULL, NULL, 0, 0, 1, 0, 'language.adyghe', ''),
('language', 'ae', 'avestan', NULL, NULL, NULL, 0, 0, 1, 0, 'language.avestan', ''),
('language', 'aeb', 'arabic.tunisian', NULL, NULL, NULL, 0, 0, 1, 0, 'language.arabic.tunisian', ''),
('language', 'af', 'afrikaans', NULL, NULL, NULL, 0, 0, 1, 0, 'language.afrikaans', ''),
('language', 'afh', 'afrihili', NULL, NULL, NULL, 0, 0, 1, 0, 'language.afrihili', ''),
('language', 'agq', 'aghem', NULL, NULL, NULL, 0, 0, 1, 0, 'language.aghem', ''),
('language', 'ain', 'ainu', NULL, NULL, NULL, 0, 0, 1, 0, 'language.ainu', ''),
('language', 'ak', 'akan', NULL, NULL, NULL, 0, 0, 1, 0, 'language.akan', ''),
('language', 'akk', 'akkadian', NULL, NULL, NULL, 0, 0, 1, 0, 'language.akkadian', ''),
('language', 'akz', 'alabama', NULL, NULL, NULL, 0, 0, 1, 0, 'language.alabama', ''),
('language', 'ale', 'aleut', NULL, NULL, NULL, 0, 0, 1, 0, 'language.aleut', ''),
('language', 'aln', 'albanian.gheg', NULL, NULL, NULL, 0, 0, 1, 0, 'language.albanian.gheg', ''),
('language', 'alt', 'altai.southern', NULL, NULL, NULL, 0, 0, 1, 0, 'language.altai.southern', ''),
('language', 'am', 'amharic', NULL, NULL, NULL, 0, 0, 1, 0, 'language.amharic', ''),
('language', 'an', 'aragonese', NULL, NULL, NULL, 0, 0, 1, 0, 'language.aragonese', ''),
('language', 'ang', 'english.old', NULL, NULL, NULL, 0, 0, 1, 0, 'language.english.old', ''),
('language', 'anp', 'angika', NULL, NULL, NULL, 0, 0, 1, 0, 'language.angika', ''),
('language', 'ar', 'arabic', NULL, NULL, NULL, 0, 0, 1, 0, 'language.arabic', ''),
('language', 'ar-001', 'arabic.modern', NULL, NULL, NULL, 0, 0, 1, 0, 'language.arabic.modern', ''),
('language', 'arc', 'aramaic', NULL, NULL, NULL, 0, 0, 1, 0, 'language.aramaic', ''),
('language', 'arn', 'mapuche', NULL, NULL, NULL, 0, 0, 1, 0, 'language.mapuche', ''),
('language', 'aro', 'araona', NULL, NULL, NULL, 0, 0, 1, 0, 'language.araona', ''),
('language', 'arp', 'arapaho', NULL, NULL, NULL, 0, 0, 1, 0, 'language.arapaho', ''),
('language', 'arq', 'arabic.algerian', NULL, NULL, NULL, 0, 0, 1, 0, 'language.arabic.algerian', ''),
('language', 'arw', 'arawak', NULL, NULL, NULL, 0, 0, 1, 0, 'language.arawak', ''),
('language', 'ary', 'arabic.moroccan', NULL, NULL, NULL, 0, 0, 1, 0, 'language.arabic.moroccan', ''),
('language', 'arz', 'arabic.egyptian', NULL, NULL, NULL, 0, 0, 1, 0, 'language.arabic.egyptian', ''),
('language', 'as', 'assamese', NULL, NULL, NULL, 0, 0, 1, 0, 'language.assamese', ''),
('language', 'asa', 'asu', NULL, NULL, NULL, 0, 0, 1, 0, 'language.asu', ''),
('language', 'ast', 'asturian', NULL, NULL, NULL, 0, 0, 1, 0, 'language.asturian', ''),
('language', 'av', 'avaric', NULL, NULL, NULL, 0, 0, 1, 0, 'language.avaric', ''),
('language', 'avk', 'kotava', NULL, NULL, NULL, 0, 0, 1, 0, 'language.kotava', ''),
('language', 'awa', 'awadhi', NULL, NULL, NULL, 0, 0, 1, 0, 'language.awadhi', ''),
('language', 'ay', 'aymara', NULL, NULL, NULL, 0, 0, 1, 0, 'language.aymara', ''),
('language', 'az', 'azerbaijani', NULL, NULL, NULL, 0, 0, 1, 0, 'language.azerbaijani', ''),
('language', 'ba', 'bashkir', NULL, NULL, NULL, 0, 0, 1, 0, 'language.bashkir', ''),
('language', 'bal', 'baluchi', NULL, NULL, NULL, 0, 0, 1, 0, 'language.baluchi', ''),
('language', 'ban', 'balinese', NULL, NULL, NULL, 0, 0, 1, 0, 'language.balinese', ''),
('language', 'bar', 'bavarian', NULL, NULL, NULL, 0, 0, 1, 0, 'language.bavarian', ''),
('language', 'bas', 'basaa', NULL, NULL, NULL, 0, 0, 1, 0, 'language.basaa', ''),
('language', 'bax', 'bamun', NULL, NULL, NULL, 0, 0, 1, 0, 'language.bamun', ''),
('language', 'bbc', 'bataktoba', NULL, NULL, NULL, 0, 0, 1, 0, 'language.bataktoba', ''),
('language', 'bbj', 'ghomala', NULL, NULL, NULL, 0, 0, 1, 0, 'language.ghomala', ''),
('language', 'be', 'belarusian', NULL, NULL, NULL, 0, 0, 1, 0, 'language.belarusian', ''),
('language', 'bej', 'beja', NULL, NULL, NULL, 0, 0, 1, 0, 'language.beja', ''),
('language', 'bem', 'bemba', NULL, NULL, NULL, 0, 0, 1, 0, 'language.bemba', ''),
('language', 'bew', 'betawi', NULL, NULL, NULL, 0, 0, 1, 0, 'language.betawi', ''),
('language', 'bez', 'bena', NULL, NULL, NULL, 0, 0, 1, 0, 'language.bena', ''),
('language', 'bfd', 'bafut', NULL, NULL, NULL, 0, 0, 1, 0, 'language.bafut', ''),
('language', 'bfq', 'badaga', NULL, NULL, NULL, 0, 0, 1, 0, 'language.badaga', ''),
('language', 'bg', 'bulgarian', NULL, NULL, NULL, 0, 0, 1, 0, 'language.bulgarian', ''),
('language', 'bgn', 'balochi.western', NULL, NULL, NULL, 0, 0, 1, 0, 'language.balochi.western', ''),
('language', 'bho', 'bhojpuri', NULL, NULL, NULL, 0, 0, 1, 0, 'language.bhojpuri', ''),
('language', 'bi', 'bislama', NULL, NULL, NULL, 0, 0, 1, 0, 'language.bislama', ''),
('language', 'bik', 'bikol', NULL, NULL, NULL, 0, 0, 1, 0, 'language.bikol', ''),
('language', 'bin', 'bini', NULL, NULL, NULL, 0, 0, 1, 0, 'language.bini', ''),
('language', 'bjn', 'banjar', NULL, NULL, NULL, 0, 0, 1, 0, 'language.banjar', ''),
('language', 'bkm', 'kom', NULL, NULL, NULL, 0, 0, 1, 0, 'language.kom', ''),
('language', 'bla', 'siksika', NULL, NULL, NULL, 0, 0, 1, 0, 'language.siksika', ''),
('language', 'bm', 'bambara', NULL, NULL, NULL, 0, 0, 1, 0, 'language.bambara', ''),
('language', 'bn', 'bengali', NULL, NULL, NULL, 0, 0, 1, 0, 'language.bengali', ''),
('language', 'bo', 'tibetan', NULL, NULL, NULL, 0, 0, 1, 0, 'language.tibetan', ''),
('language', 'bpy', 'bishnupriya', NULL, NULL, NULL, 0, 0, 1, 0, 'language.bishnupriya', ''),
('language', 'bqi', 'bakhtiari', NULL, NULL, NULL, 0, 0, 1, 0, 'language.bakhtiari', ''),
('language', 'br', 'breton', NULL, NULL, NULL, 0, 0, 1, 0, 'language.breton', ''),
('language', 'bra', 'braj', NULL, NULL, NULL, 0, 0, 1, 0, 'language.braj', ''),
('language', 'brh', 'brahui', NULL, NULL, NULL, 0, 0, 1, 0, 'language.brahui', ''),
('language', 'brx', 'bodo', NULL, NULL, NULL, 0, 0, 1, 0, 'language.bodo', ''),
('language', 'bs', 'bosnian', NULL, NULL, NULL, 0, 0, 1, 0, 'language.bosnian', ''),
('language', 'bss', 'akoose', NULL, NULL, NULL, 0, 0, 1, 0, 'language.akoose', ''),
('language', 'bua', 'buriat', NULL, NULL, NULL, 0, 0, 1, 0, 'language.buriat', ''),
('language', 'bug', 'buginese', NULL, NULL, NULL, 0, 0, 1, 0, 'language.buginese', ''),
('language', 'bum', 'bulu', NULL, NULL, NULL, 0, 0, 1, 0, 'language.bulu', ''),
('language', 'byn', 'blin', NULL, NULL, NULL, 0, 0, 1, 0, 'language.blin', ''),
('language', 'byv', 'medumba', NULL, NULL, NULL, 0, 0, 1, 0, 'language.medumba', ''),
('language', 'ca', 'catalan', NULL, NULL, NULL, 0, 0, 1, 0, 'language.catalan', ''),
('language', 'cad', 'caddo', NULL, NULL, NULL, 0, 0, 1, 0, 'language.caddo', ''),
('language', 'car', 'carib', NULL, NULL, NULL, 0, 0, 1, 0, 'language.carib', ''),
('language', 'cay', 'cayuga', NULL, NULL, NULL, 0, 0, 1, 0, 'language.cayuga', ''),
('language', 'cch', 'atsam', NULL, NULL, NULL, 0, 0, 1, 0, 'language.atsam', ''),
('language', 'ce', 'chechen', NULL, NULL, NULL, 0, 0, 1, 0, 'language.chechen', ''),
('language', 'ceb', 'cebuano', NULL, NULL, NULL, 0, 0, 1, 0, 'language.cebuano', ''),
('language', 'cgg', 'chiga', NULL, NULL, NULL, 0, 0, 1, 0, 'language.chiga', ''),
('language', 'ch', 'chamorro', NULL, NULL, NULL, 0, 0, 1, 0, 'language.chamorro', ''),
('language', 'chb', 'chibcha', NULL, NULL, NULL, 0, 0, 1, 0, 'language.chibcha', ''),
('language', 'chg', 'chagatai', NULL, NULL, NULL, 0, 0, 1, 0, 'language.chagatai', ''),
('language', 'chk', 'chuukese', NULL, NULL, NULL, 0, 0, 1, 0, 'language.chuukese', ''),
('language', 'chm', 'mari', NULL, NULL, NULL, 0, 0, 1, 0, 'language.mari', ''),
('language', 'chn', 'jargon.chinook', NULL, NULL, NULL, 0, 0, 1, 0, 'language.jargon.chinook', ''),
('language', 'cho', 'choctaw', NULL, NULL, NULL, 0, 0, 1, 0, 'language.choctaw', ''),
('language', 'chp', 'chipewyan', NULL, NULL, NULL, 0, 0, 1, 0, 'language.chipewyan', ''),
('language', 'chr', 'cherokee', NULL, NULL, NULL, 0, 0, 1, 0, 'language.cherokee', ''),
('language', 'chy', 'cheyenne', NULL, NULL, NULL, 0, 0, 1, 0, 'language.cheyenne', ''),
('language', 'ckb', 'kurdish.central', NULL, NULL, NULL, 0, 0, 1, 0, 'language.kurdish.central', ''),
('language', 'co', 'corsican', NULL, NULL, NULL, 0, 0, 1, 0, 'language.corsican', ''),
('language', 'cop', 'coptic', NULL, NULL, NULL, 0, 0, 1, 0, 'language.coptic', ''),
('language', 'cps', 'capiznon', NULL, NULL, NULL, 0, 0, 1, 0, 'language.capiznon', ''),
('language', 'cr', 'cree', NULL, NULL, NULL, 0, 0, 1, 0, 'language.cree', ''),
('language', 'crh', 'turkish.crimean', NULL, NULL, NULL, 0, 0, 1, 0, 'language.turkish.crimean', ''),
('language', 'cs', 'czech', NULL, NULL, NULL, 0, 0, 1, 0, 'language.czech', ''),
('language', 'csb', 'kashubian', NULL, NULL, NULL, 0, 0, 1, 0, 'language.kashubian', ''),
('language', 'cu', 'slavic.church', NULL, NULL, NULL, 0, 0, 1, 0, 'language.slavic.church', ''),
('language', 'cv', 'chuvash', NULL, NULL, NULL, 0, 0, 1, 0, 'language.chuvash', ''),
('language', 'cy', 'welsh', NULL, NULL, NULL, 0, 0, 1, 0, 'language.welsh', ''),
('language', 'da', 'danish', NULL, NULL, NULL, 0, 0, 1, 0, 'language.danish', ''),
('language', 'dak', 'dakota', NULL, NULL, NULL, 0, 0, 1, 0, 'language.dakota', ''),
('language', 'dar', 'dargwa', NULL, NULL, NULL, 0, 0, 1, 0, 'language.dargwa', ''),
('language', 'dav', 'taita', NULL, NULL, NULL, 0, 0, 1, 0, 'language.taita', ''),
('language', 'de', 'german', NULL, NULL, NULL, 0, 0, 1, 0, 'language.german', ''),
('language', 'de-AT', 'german.austrian', NULL, NULL, NULL, 0, 0, 1, 0, 'language.german.austrian', ''),
('language', 'de-CH', 'german.swisshigh', NULL, NULL, NULL, 0, 0, 1, 0, 'language.german.swisshigh', ''),
('language', 'del', 'delaware', NULL, NULL, NULL, 0, 0, 1, 0, 'language.delaware', ''),
('language', 'den', 'slave', NULL, NULL, NULL, 0, 0, 1, 0, 'language.slave', ''),
('language', 'dgr', 'dogrib', NULL, NULL, NULL, 0, 0, 1, 0, 'language.dogrib', ''),
('language', 'din', 'dinka', NULL, NULL, NULL, 0, 0, 1, 0, 'language.dinka', ''),
('language', 'dje', 'zarma', NULL, NULL, NULL, 0, 0, 1, 0, 'language.zarma', ''),
('language', 'doi', 'dogri', NULL, NULL, NULL, 0, 0, 1, 0, 'language.dogri', ''),
('language', 'dsb', 'sorbian.lower', NULL, NULL, NULL, 0, 0, 1, 0, 'language.sorbian.lower', ''),
('language', 'dtp', 'dusun.central', NULL, NULL, NULL, 0, 0, 1, 0, 'language.dusun.central', ''),
('language', 'dua', 'duala', NULL, NULL, NULL, 0, 0, 1, 0, 'language.duala', ''),
('language', 'dum', 'dutch.middle', NULL, NULL, NULL, 0, 0, 1, 0, 'language.dutch.middle', ''),
('language', 'dv', 'divehi', NULL, NULL, NULL, 0, 0, 1, 0, 'language.divehi', ''),
('language', 'dyo', 'jolafonyi', NULL, NULL, NULL, 0, 0, 1, 0, 'language.jolafonyi', ''),
('language', 'dyu', 'dyula', NULL, NULL, NULL, 0, 0, 1, 0, 'language.dyula', ''),
('language', 'dz', 'dzongkha', NULL, NULL, NULL, 0, 0, 1, 0, 'language.dzongkha', ''),
('language', 'dzg', 'dazaga', NULL, NULL, NULL, 0, 0, 1, 0, 'language.dazaga', ''),
('language', 'ebu', 'embu', NULL, NULL, NULL, 0, 0, 1, 0, 'language.embu', ''),
('language', 'ee', 'ewe', NULL, NULL, NULL, 0, 0, 1, 0, 'language.ewe', ''),
('language', 'efi', 'efik', NULL, NULL, NULL, 0, 0, 1, 0, 'language.efik', ''),
('language', 'egl', 'emilian', NULL, NULL, NULL, 0, 0, 1, 0, 'language.emilian', ''),
('language', 'egy', 'egyptian.ancient', NULL, NULL, NULL, 0, 0, 1, 0, 'language.egyptian.ancient', ''),
('language', 'eka', 'ekajuk', NULL, NULL, NULL, 0, 0, 1, 0, 'language.ekajuk', ''),
('language', 'el', 'greek', NULL, NULL, NULL, 0, 0, 1, 0, 'language.greek', ''),
('language', 'elx', 'elamite', NULL, NULL, NULL, 0, 0, 1, 0, 'language.elamite', ''),
('language', 'en', 'english', NULL, NULL, NULL, 0, 0, 1, 0, 'language.english', ''),
('language', 'en-AU', 'english.australian', NULL, NULL, NULL, 0, 0, 1, 0, 'language.english.australian', ''),
('language', 'en-CA', 'english.canadian', NULL, NULL, NULL, 0, 0, 1, 0, 'language.english.canadian', ''),
('language', 'en-GB', 'english.british', NULL, NULL, NULL, 0, 0, 1, 0, 'language.english.british', ''),
('language', 'en-US', 'english.american', NULL, NULL, NULL, 0, 0, 1, 0, 'language.english.american', ''),
('language', 'enm', 'english.middle', NULL, NULL, NULL, 0, 0, 1, 0, 'language.english.middle', ''),
('language', 'eo', 'esperanto', NULL, NULL, NULL, 0, 0, 1, 0, 'language.esperanto', ''),
('language', 'es', 'spanish', NULL, NULL, NULL, 0, 0, 1, 0, 'language.spanish', ''),
('language', 'es-419', 'spanish.latinamerican', NULL, NULL, NULL, 0, 0, 1, 0, 'Language.spanish.latinamerican', ''),
('language', 'es-ES', 'spanish.european', NULL, NULL, NULL, 0, 0, 1, 0, 'language.spanish.european', ''),
('language', 'es-MX', 'spanish.mexican', NULL, NULL, NULL, 0, 0, 1, 0, 'language.spanish.mexican', ''),
('language', 'esu', 'yupik.central', NULL, NULL, NULL, 0, 0, 1, 0, 'language.yupik.central', ''),
('language', 'et', 'estonian', NULL, NULL, NULL, 0, 0, 1, 0, 'language.estonian', ''),
('language', 'eu', 'basque', NULL, NULL, NULL, 0, 0, 1, 0, 'language.basque', ''),
('language', 'ewo', 'ewondo', NULL, NULL, NULL, 0, 0, 1, 0, 'language.ewondo', ''),
('language', 'ext', 'extremaduran', NULL, NULL, NULL, 0, 0, 1, 0, 'language.extremaduran', ''),
('language', 'fa', 'persian', NULL, NULL, NULL, 0, 0, 1, 0, 'language.persian', ''),
('language', 'fan', 'fang', NULL, NULL, NULL, 0, 0, 1, 0, 'language.fang', ''),
('language', 'fat', 'fanti', NULL, NULL, NULL, 0, 0, 1, 0, 'language.fanti', ''),
('language', 'ff', 'fulah', NULL, NULL, NULL, 0, 0, 1, 0, 'language.fulah', ''),
('language', 'fi', 'finnish', NULL, NULL, NULL, 0, 0, 1, 0, 'language.finnish', ''),
('language', 'fil', 'filipino', NULL, NULL, NULL, 0, 0, 1, 0, 'language.filipino', ''),
('language', 'fit', 'finnish.tornedalen', NULL, NULL, NULL, 0, 0, 1, 0, 'language.finnish.tornedalen', ''),
('language', 'fj', 'fijian', NULL, NULL, NULL, 0, 0, 1, 0, 'language.fijian', ''),
('language', 'fo', 'faroese', NULL, NULL, NULL, 0, 0, 1, 0, 'language.faroese', ''),
('language', 'fon', 'fon', NULL, NULL, NULL, 0, 0, 1, 0, 'language.fon', ''),
('language', 'fr', 'french', NULL, NULL, NULL, 0, 0, 1, 0, 'language.french', ''),
('language', 'fr-CA', 'french.canadian', NULL, NULL, NULL, 0, 0, 1, 0, 'language.french.canadian', ''),
('language', 'fr-CH', 'french.swiss', NULL, NULL, NULL, 0, 0, 1, 0, 'language.french.swiss', ''),
('language', 'frc', 'french.cajun', NULL, NULL, NULL, 0, 0, 1, 0, 'language.french.cajun', ''),
('language', 'frm', 'french.middle', NULL, NULL, NULL, 0, 0, 1, 0, 'language.french.middle', ''),
('language', 'fro', 'french.old', NULL, NULL, NULL, 0, 0, 1, 0, 'language.french.old', ''),
('language', 'frp', 'arpitan', NULL, NULL, NULL, 0, 0, 1, 0, 'language.arpitan', ''),
('language', 'frr', 'frisian.northern', NULL, NULL, NULL, 0, 0, 1, 0, 'language.frisian.northern', ''),
('language', 'frs', 'frisian.eastern', NULL, NULL, NULL, 0, 0, 1, 0, 'language.frisian.eastern', ''),
('language', 'fur', 'friulian', NULL, NULL, NULL, 0, 0, 1, 0, 'language.friulian', ''),
('language', 'fy', 'frisian.western', NULL, NULL, NULL, 0, 0, 1, 0, 'language.frisian.western', ''),
('language', 'ga', 'irish', NULL, NULL, NULL, 0, 0, 1, 0, 'language.irish', ''),
('language', 'gaa', 'ga', NULL, NULL, NULL, 0, 0, 1, 0, 'language.ga', ''),
('language', 'gag', 'gagauz', NULL, NULL, NULL, 0, 0, 1, 0, 'language.gagauz', ''),
('language', 'gan', 'chinese.gan', NULL, NULL, NULL, 0, 0, 1, 0, 'language.chinese.gan', ''),
('language', 'gay', 'gayo', NULL, NULL, NULL, 0, 0, 1, 0, 'language.gayo', ''),
('language', 'gba', 'gbaya', NULL, NULL, NULL, 0, 0, 1, 0, 'language.gbaya', ''),
('language', 'gbz', 'dari.zoroastrian', NULL, NULL, NULL, 0, 0, 1, 0, 'language.dari.zoroastrian', '');
INSERT INTO `ark_vocabulary_term` (`concept`, `term`, `alias`, `namespace`, `entity`, `seq`, `is_default`, `root`, `enabled`, `deprecated`, `keyword`, `description`) VALUES
('language', 'gd', 'gaelic.scottish', NULL, NULL, NULL, 0, 0, 1, 0, 'language.gaelic.scottish', ''),
('language', 'gez', 'geez', NULL, NULL, NULL, 0, 0, 1, 0, 'language.geez', ''),
('language', 'gil', 'gilbertese', NULL, NULL, NULL, 0, 0, 1, 0, 'language.gilbertese', ''),
('language', 'gl', 'galician', NULL, NULL, NULL, 0, 0, 1, 0, 'language.galician', ''),
('language', 'glk', 'gilaki', NULL, NULL, NULL, 0, 0, 1, 0, 'language.gilaki', ''),
('language', 'gmh', 'german.middlehigh', NULL, NULL, NULL, 0, 0, 1, 0, 'language.german.middlehigh', ''),
('language', 'gn', 'guarani', NULL, NULL, NULL, 0, 0, 1, 0, 'language.guarani', ''),
('language', 'goh', 'german.oldhigh', NULL, NULL, NULL, 0, 0, 1, 0, 'language.german.oldhigh', ''),
('language', 'gom', 'konkani.goan', NULL, NULL, NULL, 0, 0, 1, 0, 'language.konkani.goan', ''),
('language', 'gon', 'gondi', NULL, NULL, NULL, 0, 0, 1, 0, 'language.gondi', ''),
('language', 'gor', 'gorontalo', NULL, NULL, NULL, 0, 0, 1, 0, 'language.gorontalo', ''),
('language', 'got', 'gothic', NULL, NULL, NULL, 0, 0, 1, 0, 'language.gothic', ''),
('language', 'grb', 'grebo', NULL, NULL, NULL, 0, 0, 1, 0, 'language.grebo', ''),
('language', 'grc', 'greek.ancient', NULL, NULL, NULL, 0, 0, 1, 0, 'language.greek.ancient', ''),
('language', 'gsw', 'german.swiss', NULL, NULL, NULL, 0, 0, 1, 0, 'language.german.swiss', ''),
('language', 'gu', 'gujarati', NULL, NULL, NULL, 0, 0, 1, 0, 'language.gujarati', ''),
('language', 'guc', 'wayuu', NULL, NULL, NULL, 0, 0, 1, 0, 'language.wayuu', ''),
('language', 'gur', 'frafra', NULL, NULL, NULL, 0, 0, 1, 0, 'language.frafra', ''),
('language', 'guz', 'gusii', NULL, NULL, NULL, 0, 0, 1, 0, 'language.gusii', ''),
('language', 'gv', 'manx', NULL, NULL, NULL, 0, 0, 1, 0, 'language.manx', ''),
('language', 'gwi', 'gwichin', NULL, NULL, NULL, 0, 0, 1, 0, 'language.gwichin', ''),
('language', 'ha', 'hausa', NULL, NULL, NULL, 0, 0, 1, 0, 'language.hausa', ''),
('language', 'hai', 'haida', NULL, NULL, NULL, 0, 0, 1, 0, 'language.haida', ''),
('language', 'hak', 'chinese.hakka', NULL, NULL, NULL, 0, 0, 1, 0, 'language.chinese.hakka', ''),
('language', 'haw', 'hawaiian', NULL, NULL, NULL, 0, 0, 1, 0, 'language.hawaiian', ''),
('language', 'he', 'hebrew', NULL, NULL, NULL, 0, 0, 1, 0, 'language.hebrew', ''),
('language', 'hi', 'hindi', NULL, NULL, NULL, 0, 0, 1, 0, 'language.hindi', ''),
('language', 'hif', 'hindi.fiji', NULL, NULL, NULL, 0, 0, 1, 0, 'language.hindi.fiji', ''),
('language', 'hil', 'hiligaynon', NULL, NULL, NULL, 0, 0, 1, 0, 'language.hiligaynon', ''),
('language', 'hit', 'hittite', NULL, NULL, NULL, 0, 0, 1, 0, 'language.hittite', ''),
('language', 'hmn', 'hmong', NULL, NULL, NULL, 0, 0, 1, 0, 'language.hmong', ''),
('language', 'ho', 'motu.hiri', NULL, NULL, NULL, 0, 0, 1, 0, 'language.motu.hiri', ''),
('language', 'hr', 'croatian', NULL, NULL, NULL, 0, 0, 1, 0, 'language.croatian', ''),
('language', 'hsb', 'sorbian.upper', NULL, NULL, NULL, 0, 0, 1, 0, 'language.sorbian.upper', ''),
('language', 'hsn', 'chinese.xiang', NULL, NULL, NULL, 0, 0, 1, 0, 'language.chinese.xiang', ''),
('language', 'ht', 'creole.haitian', NULL, NULL, NULL, 0, 0, 1, 0, 'language.creole.haitian', ''),
('language', 'hu', 'hungarian', NULL, NULL, NULL, 0, 0, 1, 0, 'language.hungarian', ''),
('language', 'hup', 'hupa', NULL, NULL, NULL, 0, 0, 1, 0, 'language.hupa', ''),
('language', 'hy', 'armenian', NULL, NULL, NULL, 0, 0, 1, 0, 'language.armenian', ''),
('language', 'hz', 'herero', NULL, NULL, NULL, 0, 0, 1, 0, 'language.herero', ''),
('language', 'ia', 'interlingua', NULL, NULL, NULL, 0, 0, 1, 0, 'language.interlingua', ''),
('language', 'iba', 'iban', NULL, NULL, NULL, 0, 0, 1, 0, 'language.iban', ''),
('language', 'ibb', 'ibibio', NULL, NULL, NULL, 0, 0, 1, 0, 'language.ibibio', ''),
('language', 'id', 'indonesian', NULL, NULL, NULL, 0, 0, 1, 0, 'language.indonesian', ''),
('language', 'ie', 'interlingue', NULL, NULL, NULL, 0, 0, 1, 0, 'language.interlingue', ''),
('language', 'ig', 'igbo', NULL, NULL, NULL, 0, 0, 1, 0, 'language.igbo', ''),
('language', 'ii', 'yi.sichuan', NULL, NULL, NULL, 0, 0, 1, 0, 'language.yi.sichuan', ''),
('language', 'ik', 'inupiaq', NULL, NULL, NULL, 0, 0, 1, 0, 'language.inupiaq', ''),
('language', 'ilo', 'iloko', NULL, NULL, NULL, 0, 0, 1, 0, 'language.iloko', ''),
('language', 'inh', 'ingush', NULL, NULL, NULL, 0, 0, 1, 0, 'language.ingush', ''),
('language', 'io', 'ido', NULL, NULL, NULL, 0, 0, 1, 0, 'language.ido', ''),
('language', 'is', 'icelandic', NULL, NULL, NULL, 0, 0, 1, 0, 'language.icelandic', ''),
('language', 'it', 'italian', NULL, NULL, NULL, 0, 0, 1, 0, 'language.italian', ''),
('language', 'iu', 'inuktitut', NULL, NULL, NULL, 0, 0, 1, 0, 'language.inuktitut', ''),
('language', 'izh', 'ingrian', NULL, NULL, NULL, 0, 0, 1, 0, 'language.ingrian', ''),
('language', 'ja', 'japanese', NULL, NULL, NULL, 0, 0, 1, 0, 'language.japanese', ''),
('language', 'jam', 'english.jamaicancreole ', NULL, NULL, NULL, 0, 0, 1, 0, 'language.english.jamaicancreole ', ''),
('language', 'jbo', 'lojban', NULL, NULL, NULL, 0, 0, 1, 0, 'language.lojban', ''),
('language', 'jgo', 'ngomba', NULL, NULL, NULL, 0, 0, 1, 0, 'language.ngomba', ''),
('language', 'jmc', 'machame', NULL, NULL, NULL, 0, 0, 1, 0, 'language.machame', ''),
('language', 'jpr', 'judeopersian', NULL, NULL, NULL, 0, 0, 1, 0, 'language.judeopersian', ''),
('language', 'jrb', 'judeoarabic', NULL, NULL, NULL, 0, 0, 1, 0, 'language.judeoarabic', ''),
('language', 'jut', 'jutish', NULL, NULL, NULL, 0, 0, 1, 0, 'language.jutish', ''),
('language', 'jv', 'javanese', NULL, NULL, NULL, 0, 0, 1, 0, 'language.javanese', ''),
('language', 'ka', 'georgian', NULL, NULL, NULL, 0, 0, 1, 0, 'language.georgian', ''),
('language', 'kaa', 'karakalpak', NULL, NULL, NULL, 0, 0, 1, 0, 'language.karakalpak', ''),
('language', 'kab', 'kabyle', NULL, NULL, NULL, 0, 0, 1, 0, 'language.kabyle', ''),
('language', 'kac', 'kachin', NULL, NULL, NULL, 0, 0, 1, 0, 'language.kachin', ''),
('language', 'kaj', 'jju', NULL, NULL, NULL, 0, 0, 1, 0, 'language.jju', ''),
('language', 'kam', 'kamba', NULL, NULL, NULL, 0, 0, 1, 0, 'language.kamba', ''),
('language', 'kaw', 'kawi', NULL, NULL, NULL, 0, 0, 1, 0, 'language.kawi', ''),
('language', 'kbd', 'kabardian', NULL, NULL, NULL, 0, 0, 1, 0, 'language.kabardian', ''),
('language', 'kbl', 'kanembu', NULL, NULL, NULL, 0, 0, 1, 0, 'language.kanembu', ''),
('language', 'kcg', 'tyap', NULL, NULL, NULL, 0, 0, 1, 0, 'language.tyap', ''),
('language', 'kde', 'makonde', NULL, NULL, NULL, 0, 0, 1, 0, 'language.makonde', ''),
('language', 'kea', 'kabuverdianu', NULL, NULL, NULL, 0, 0, 1, 0, 'language.kabuverdianu', ''),
('language', 'ken', 'kenyang', NULL, NULL, NULL, 0, 0, 1, 0, 'language.kenyang', ''),
('language', 'kfo', 'koro', NULL, NULL, NULL, 0, 0, 1, 0, 'language.koro', ''),
('language', 'kg', 'kongo', NULL, NULL, NULL, 0, 0, 1, 0, 'language.kongo', ''),
('language', 'kgp', 'kaingang', NULL, NULL, NULL, 0, 0, 1, 0, 'language.kaingang', ''),
('language', 'kha', 'khasi', NULL, NULL, NULL, 0, 0, 1, 0, 'language.khasi', ''),
('language', 'kho', 'khotanese', NULL, NULL, NULL, 0, 0, 1, 0, 'language.khotanese', ''),
('language', 'khq', 'chiini.koyra', NULL, NULL, NULL, 0, 0, 1, 0, 'language.chiini.koyra', ''),
('language', 'khw', 'khowar', NULL, NULL, NULL, 0, 0, 1, 0, 'language.khowar', ''),
('language', 'ki', 'kikuyu', NULL, NULL, NULL, 0, 0, 1, 0, 'language.kikuyu', ''),
('language', 'kiu', 'kirmanjki', NULL, NULL, NULL, 0, 0, 1, 0, 'language.kirmanjki', ''),
('language', 'kj', 'kuanyama', NULL, NULL, NULL, 0, 0, 1, 0, 'language.kuanyama', ''),
('language', 'kk', 'kazakh', NULL, NULL, NULL, 0, 0, 1, 0, 'language.kazakh', ''),
('language', 'kkj', 'kako', NULL, NULL, NULL, 0, 0, 1, 0, 'language.kako', ''),
('language', 'kl', 'kalaallisut', NULL, NULL, NULL, 0, 0, 1, 0, 'language.kalaallisut', ''),
('language', 'kln', 'kalenjin', NULL, NULL, NULL, 0, 0, 1, 0, 'language.kalenjin', ''),
('language', 'km', 'khmer', NULL, NULL, NULL, 0, 0, 1, 0, 'language.khmer', ''),
('language', 'kmb', 'kimbundu', NULL, NULL, NULL, 0, 0, 1, 0, 'language.kimbundu', ''),
('language', 'kn', 'kannada', NULL, NULL, NULL, 0, 0, 1, 0, 'language.kannada', ''),
('language', 'ko', 'korean', NULL, NULL, NULL, 0, 0, 1, 0, 'language.korean', ''),
('language', 'koi', 'komi.permyak', NULL, NULL, NULL, 0, 0, 1, 0, 'language.komi.permyak', ''),
('language', 'kok', 'konkani', NULL, NULL, NULL, 0, 0, 1, 0, 'language.konkani', ''),
('language', 'kos', 'kosraean', NULL, NULL, NULL, 0, 0, 1, 0, 'language.kosraean', ''),
('language', 'kpe', 'kpelle', NULL, NULL, NULL, 0, 0, 1, 0, 'language.kpelle', ''),
('language', 'kr', 'kanuri', NULL, NULL, NULL, 0, 0, 1, 0, 'language.kanuri', ''),
('language', 'krc', 'karachaybalkar', NULL, NULL, NULL, 0, 0, 1, 0, 'language.karachaybalkar', ''),
('language', 'kri', 'krio', NULL, NULL, NULL, 0, 0, 1, 0, 'language.krio', ''),
('language', 'krj', 'kinaraya', NULL, NULL, NULL, 0, 0, 1, 0, 'language.kinaraya', ''),
('language', 'krl', 'karelian', NULL, NULL, NULL, 0, 0, 1, 0, 'language.karelian', ''),
('language', 'kru', 'kurukh', NULL, NULL, NULL, 0, 0, 1, 0, 'language.kurukh', ''),
('language', 'ks', 'kashmiri', NULL, NULL, NULL, 0, 0, 1, 0, 'language.kashmiri', ''),
('language', 'ksb', 'shambala', NULL, NULL, NULL, 0, 0, 1, 0, 'language.shambala', ''),
('language', 'ksf', 'bafia', NULL, NULL, NULL, 0, 0, 1, 0, 'language.bafia', ''),
('language', 'ksh', 'colognian', NULL, NULL, NULL, 0, 0, 1, 0, 'language.colognian', ''),
('language', 'ku', 'kurdish', NULL, NULL, NULL, 0, 0, 1, 0, 'language.kurdish', ''),
('language', 'kum', 'kumyk', NULL, NULL, NULL, 0, 0, 1, 0, 'language.kumyk', ''),
('language', 'kut', 'kutenai', NULL, NULL, NULL, 0, 0, 1, 0, 'language.kutenai', ''),
('language', 'kv', 'komi', NULL, NULL, NULL, 0, 0, 1, 0, 'language.komi', ''),
('language', 'kw', 'cornish', NULL, NULL, NULL, 0, 0, 1, 0, 'language.cornish', ''),
('language', 'ky', 'kyrgyz', NULL, NULL, NULL, 0, 0, 1, 0, 'language.kyrgyz', ''),
('language', 'la', 'latin', NULL, NULL, NULL, 0, 0, 1, 0, 'language.latin', ''),
('language', 'lad', 'ladino', NULL, NULL, NULL, 0, 0, 1, 0, 'language.ladino', ''),
('language', 'lag', 'langi', NULL, NULL, NULL, 0, 0, 1, 0, 'language.langi', ''),
('language', 'lah', 'lahnda', NULL, NULL, NULL, 0, 0, 1, 0, 'language.lahnda', ''),
('language', 'lam', 'lamba', NULL, NULL, NULL, 0, 0, 1, 0, 'language.lamba', ''),
('language', 'lb', 'luxembourgish', NULL, NULL, NULL, 0, 0, 1, 0, 'language.luxembourgish', ''),
('language', 'lez', 'lezghian', NULL, NULL, NULL, 0, 0, 1, 0, 'language.lezghian', ''),
('language', 'lfn', 'linguafranca.nova', NULL, NULL, NULL, 0, 0, 1, 0, 'language.linguafranca.nova', ''),
('language', 'lg', 'ganda', NULL, NULL, NULL, 0, 0, 1, 0, 'language.ganda', ''),
('language', 'li', 'limburgish', NULL, NULL, NULL, 0, 0, 1, 0, 'language.limburgish', ''),
('language', 'lij', 'ligurian', NULL, NULL, NULL, 0, 0, 1, 0, 'language.ligurian', ''),
('language', 'liv', 'livonian', NULL, NULL, NULL, 0, 0, 1, 0, 'language.livonian', ''),
('language', 'lkt', 'lakota', NULL, NULL, NULL, 0, 0, 1, 0, 'language.lakota', ''),
('language', 'lmo', 'lombard', NULL, NULL, NULL, 0, 0, 1, 0, 'language.lombard', ''),
('language', 'ln', 'lingala', NULL, NULL, NULL, 0, 0, 1, 0, 'language.lingala', ''),
('language', 'lo', 'lao', NULL, NULL, NULL, 0, 0, 1, 0, 'language.lao', ''),
('language', 'lol', 'mongo', NULL, NULL, NULL, 0, 0, 1, 0, 'language.mongo', ''),
('language', 'loz', 'lozi', NULL, NULL, NULL, 0, 0, 1, 0, 'language.lozi', ''),
('language', 'lrc', 'luri.northern', NULL, NULL, NULL, 0, 0, 1, 0, 'language.luri.northern', ''),
('language', 'lt', 'lithuanian', NULL, NULL, NULL, 0, 0, 1, 0, 'language.lithuanian', ''),
('language', 'ltg', 'latgalian', NULL, NULL, NULL, 0, 0, 1, 0, 'language.latgalian', ''),
('language', 'lu', 'luba.katanga', NULL, NULL, NULL, 0, 0, 1, 0, 'language.luba.katanga', ''),
('language', 'lua', 'luba.lulua', NULL, NULL, NULL, 0, 0, 1, 0, 'language.luba.lulua', ''),
('language', 'lui', 'luiseno', NULL, NULL, NULL, 0, 0, 1, 0, 'language.luiseno', ''),
('language', 'lun', 'lunda', NULL, NULL, NULL, 0, 0, 1, 0, 'language.lunda', ''),
('language', 'luo', 'luo', NULL, NULL, NULL, 0, 0, 1, 0, 'language.luo', ''),
('language', 'lus', 'mizo', NULL, NULL, NULL, 0, 0, 1, 0, 'language.mizo', ''),
('language', 'luy', 'luyia', NULL, NULL, NULL, 0, 0, 1, 0, 'language.luyia', ''),
('language', 'lv', 'latvian', NULL, NULL, NULL, 0, 0, 1, 0, 'language.latvian', ''),
('language', 'lzh', 'chinese.literary', NULL, NULL, NULL, 0, 0, 1, 0, 'language.chinese.literary', ''),
('language', 'lzz', 'laz', NULL, NULL, NULL, 0, 0, 1, 0, 'language.laz', ''),
('language', 'mad', 'madurese', NULL, NULL, NULL, 0, 0, 1, 0, 'language.madurese', ''),
('language', 'maf', 'mafa', NULL, NULL, NULL, 0, 0, 1, 0, 'language.mafa', ''),
('language', 'mag', 'magahi', NULL, NULL, NULL, 0, 0, 1, 0, 'language.magahi', ''),
('language', 'mai', 'maithili', NULL, NULL, NULL, 0, 0, 1, 0, 'language.maithili', ''),
('language', 'mak', 'makasar', NULL, NULL, NULL, 0, 0, 1, 0, 'language.makasar', ''),
('language', 'man', 'mandingo', NULL, NULL, NULL, 0, 0, 1, 0, 'language.mandingo', ''),
('language', 'mas', 'masai', NULL, NULL, NULL, 0, 0, 1, 0, 'language.masai', ''),
('language', 'mde', 'maba', NULL, NULL, NULL, 0, 0, 1, 0, 'language.maba', ''),
('language', 'mdf', 'moksha', NULL, NULL, NULL, 0, 0, 1, 0, 'language.moksha', ''),
('language', 'mdr', 'mandar', NULL, NULL, NULL, 0, 0, 1, 0, 'language.mandar', ''),
('language', 'men', 'mende', NULL, NULL, NULL, 0, 0, 1, 0, 'language.mende', ''),
('language', 'mer', 'meru', NULL, NULL, NULL, 0, 0, 1, 0, 'language.meru', ''),
('language', 'mfe', 'morisyen', NULL, NULL, NULL, 0, 0, 1, 0, 'language.morisyen', ''),
('language', 'mg', 'malagasy', NULL, NULL, NULL, 0, 0, 1, 0, 'language.malagasy', ''),
('language', 'mga', 'irish.middle', NULL, NULL, NULL, 0, 0, 1, 0, 'language.irish.middle', ''),
('language', 'mgh', 'makhuwameetto', NULL, NULL, NULL, 0, 0, 1, 0, 'language.makhuwameetto', ''),
('language', 'mgo', 'meta', NULL, NULL, NULL, 0, 0, 1, 0, 'language.meta', ''),
('language', 'mh', 'marshallese', NULL, NULL, NULL, 0, 0, 1, 0, 'language.marshallese', ''),
('language', 'mi', 'maori', NULL, NULL, NULL, 0, 0, 1, 0, 'language.maori', ''),
('language', 'mic', 'micmac', NULL, NULL, NULL, 0, 0, 1, 0, 'language.micmac', ''),
('language', 'min', 'minangkabau', NULL, NULL, NULL, 0, 0, 1, 0, 'language.minangkabau', ''),
('language', 'mk', 'macedonian', NULL, NULL, NULL, 0, 0, 1, 0, 'language.macedonian', ''),
('language', 'ml', 'malayalam', NULL, NULL, NULL, 0, 0, 1, 0, 'language.malayalam', ''),
('language', 'mn', 'mongolian', NULL, NULL, NULL, 0, 0, 1, 0, 'language.mongolian', ''),
('language', 'mnc', 'manchu', NULL, NULL, NULL, 0, 0, 1, 0, 'language.manchu', ''),
('language', 'mni', 'manipuri', NULL, NULL, NULL, 0, 0, 1, 0, 'language.manipuri', ''),
('language', 'moh', 'mohawk', NULL, NULL, NULL, 0, 0, 1, 0, 'language.mohawk', ''),
('language', 'mos', 'mossi', NULL, NULL, NULL, 0, 0, 1, 0, 'language.mossi', ''),
('language', 'mr', 'marathi', NULL, NULL, NULL, 0, 0, 1, 0, 'language.marathi', ''),
('language', 'mrj', 'mari.western', NULL, NULL, NULL, 0, 0, 1, 0, 'language.mari.western', ''),
('language', 'ms', 'malay', NULL, NULL, NULL, 0, 0, 1, 0, 'language.malay', ''),
('language', 'mt', 'maltese', NULL, NULL, NULL, 0, 0, 1, 0, 'language.maltese', ''),
('language', 'mua', 'mundang', NULL, NULL, NULL, 0, 0, 1, 0, 'language.mundang', ''),
('language', 'mul', 'multiple', NULL, NULL, NULL, 0, 0, 1, 0, 'language.multiple', ''),
('language', 'mus', 'creek', NULL, NULL, NULL, 0, 0, 1, 0, 'language.creek', ''),
('language', 'mwl', 'mirandese', NULL, NULL, NULL, 0, 0, 1, 0, 'language.mirandese', ''),
('language', 'mwr', 'marwari', NULL, NULL, NULL, 0, 0, 1, 0, 'language.marwari', ''),
('language', 'mwv', 'mentawai', NULL, NULL, NULL, 0, 0, 1, 0, 'language.mentawai', ''),
('language', 'my', 'burmese', NULL, NULL, NULL, 0, 0, 1, 0, 'language.burmese', ''),
('language', 'mye', 'myene', NULL, NULL, NULL, 0, 0, 1, 0, 'language.myene', ''),
('language', 'myv', 'erzya', NULL, NULL, NULL, 0, 0, 1, 0, 'language.erzya', ''),
('language', 'mzn', 'mazanderani', NULL, NULL, NULL, 0, 0, 1, 0, 'language.mazanderani', ''),
('language', 'na', 'nauru', NULL, NULL, NULL, 0, 0, 1, 0, 'language.nauru', ''),
('language', 'nan', 'chinese.minnan', NULL, NULL, NULL, 0, 0, 1, 0, 'language.chinese.minnan', ''),
('language', 'nap', 'neapolitan', NULL, NULL, NULL, 0, 0, 1, 0, 'language.neapolitan', ''),
('language', 'naq', 'nama', NULL, NULL, NULL, 0, 0, 1, 0, 'language.nama', ''),
('language', 'nb', 'norwegian.bokml', NULL, NULL, NULL, 0, 0, 1, 0, 'language.norwegian.bokml', ''),
('language', 'nd', 'ndebele.north', NULL, NULL, NULL, 0, 0, 1, 0, 'language.ndebele.north', ''),
('language', 'nds', 'german.low', NULL, NULL, NULL, 0, 0, 1, 0, 'language.german.low', ''),
('language', 'nds-NL', 'saxon.low', NULL, NULL, NULL, 0, 0, 1, 0, 'language.saxon.low', ''),
('language', 'ne', 'nepali', NULL, NULL, NULL, 0, 0, 1, 0, 'language.nepali', ''),
('language', 'new', 'newari', NULL, NULL, NULL, 0, 0, 1, 0, 'language.newari', ''),
('language', 'ng', 'ndonga', NULL, NULL, NULL, 0, 0, 1, 0, 'language.ndonga', ''),
('language', 'nia', 'nias', NULL, NULL, NULL, 0, 0, 1, 0, 'language.nias', ''),
('language', 'niu', 'niuean', NULL, NULL, NULL, 0, 0, 1, 0, 'language.niuean', ''),
('language', 'njo', 'aonaga', NULL, NULL, NULL, 0, 0, 1, 0, 'language.aonaga', ''),
('language', 'nl', 'dutch', NULL, NULL, NULL, 0, 0, 1, 0, 'language.dutch', ''),
('language', 'nl-BE', 'flemish', NULL, NULL, NULL, 0, 0, 1, 0, 'language.flemish', ''),
('language', 'nmg', 'kwasio', NULL, NULL, NULL, 0, 0, 1, 0, 'language.kwasio', ''),
('language', 'nn', 'norwegian.nynorsk', NULL, NULL, NULL, 0, 0, 1, 0, 'language.norwegian.nynorsk', ''),
('language', 'nnh', 'ngiemboon', NULL, NULL, NULL, 0, 0, 1, 0, 'language.ngiemboon', ''),
('language', 'no', 'norwegian', NULL, NULL, NULL, 0, 0, 1, 0, 'language.norwegian', ''),
('language', 'nog', 'nogai', NULL, NULL, NULL, 0, 0, 1, 0, 'language.nogai', ''),
('language', 'non', 'norse.old', NULL, NULL, NULL, 0, 0, 1, 0, 'language.norse.old', ''),
('language', 'nov', 'novial', NULL, NULL, NULL, 0, 0, 1, 0, 'language.novial', ''),
('language', 'nqo', 'nko', NULL, NULL, NULL, 0, 0, 1, 0, 'language.nko', ''),
('language', 'nr', 'ndebele.south', NULL, NULL, NULL, 0, 0, 1, 0, 'language.ndebele.south', ''),
('language', 'nso', 'sotho.northern', NULL, NULL, NULL, 0, 0, 1, 0, 'language.sotho.northern', ''),
('language', 'nus', 'nuer', NULL, NULL, NULL, 0, 0, 1, 0, 'language.nuer', ''),
('language', 'nv', 'navajo', NULL, NULL, NULL, 0, 0, 1, 0, 'language.navajo', ''),
('language', 'nwc', 'newari.classical', NULL, NULL, NULL, 0, 0, 1, 0, 'language.newari.classical', ''),
('language', 'ny', 'nyanja', NULL, NULL, NULL, 0, 0, 1, 0, 'language.nyanja', ''),
('language', 'nym', 'nyamwezi', NULL, NULL, NULL, 0, 0, 1, 0, 'language.nyamwezi', ''),
('language', 'nyn', 'nyankole', NULL, NULL, NULL, 0, 0, 1, 0, 'language.nyankole', ''),
('language', 'nyo', 'nyoro', NULL, NULL, NULL, 0, 0, 1, 0, 'language.nyoro', ''),
('language', 'nzi', 'nzima', NULL, NULL, NULL, 0, 0, 1, 0, 'language.nzima', ''),
('language', 'oc', 'occitan', NULL, NULL, NULL, 0, 0, 1, 0, 'language.occitan', ''),
('language', 'oj', 'ojibwa', NULL, NULL, NULL, 0, 0, 1, 0, 'language.ojibwa', ''),
('language', 'om', 'oromo', NULL, NULL, NULL, 0, 0, 1, 0, 'language.oromo', ''),
('language', 'or', 'oriya', NULL, NULL, NULL, 0, 0, 1, 0, 'language.oriya', ''),
('language', 'os', 'ossetic', NULL, NULL, NULL, 0, 0, 1, 0, 'language.ossetic', ''),
('language', 'osa', 'osage', NULL, NULL, NULL, 0, 0, 1, 0, 'language.osage', ''),
('language', 'ota', 'turkish.ottoman', NULL, NULL, NULL, 0, 0, 1, 0, 'language.turkish.ottoman', ''),
('language', 'pa', 'punjabi', NULL, NULL, NULL, 0, 0, 1, 0, 'language.punjabi', ''),
('language', 'pag', 'pangasinan', NULL, NULL, NULL, 0, 0, 1, 0, 'language.pangasinan', ''),
('language', 'pal', 'pahlavi', NULL, NULL, NULL, 0, 0, 1, 0, 'language.pahlavi', ''),
('language', 'pam', 'pampanga', NULL, NULL, NULL, 0, 0, 1, 0, 'language.pampanga', ''),
('language', 'pap', 'papiamento', NULL, NULL, NULL, 0, 0, 1, 0, 'language.papiamento', ''),
('language', 'pau', 'palauan', NULL, NULL, NULL, 0, 0, 1, 0, 'language.palauan', ''),
('language', 'pcd', 'picard', NULL, NULL, NULL, 0, 0, 1, 0, 'language.picard', ''),
('language', 'pdc', 'german.pennsylvania', NULL, NULL, NULL, 0, 0, 1, 0, 'language.german.pennsylvania', ''),
('language', 'pdt', 'plautdietsch', NULL, NULL, NULL, 0, 0, 1, 0, 'language.plautdietsch', ''),
('language', 'peo', 'persian.old', NULL, NULL, NULL, 0, 0, 1, 0, 'language.persian.old', ''),
('language', 'pfl', 'german.palatine', NULL, NULL, NULL, 0, 0, 1, 0, 'language.german.palatine', ''),
('language', 'phn', 'phoenician', NULL, NULL, NULL, 0, 0, 1, 0, 'language.phoenician', ''),
('language', 'pi', 'pali', NULL, NULL, NULL, 0, 0, 1, 0, 'language.pali', ''),
('language', 'pl', 'polish', NULL, NULL, NULL, 0, 0, 1, 0, 'language.polish', ''),
('language', 'pms', 'piedmontese', NULL, NULL, NULL, 0, 0, 1, 0, 'language.piedmontese', ''),
('language', 'pnt', 'pontic', NULL, NULL, NULL, 0, 0, 1, 0, 'language.pontic', ''),
('language', 'pon', 'pohnpeian', NULL, NULL, NULL, 0, 0, 1, 0, 'language.pohnpeian', ''),
('language', 'prg', 'prussian', NULL, NULL, NULL, 0, 0, 1, 0, 'language.prussian', ''),
('language', 'pro', 'provenal.old', NULL, NULL, NULL, 0, 0, 1, 0, 'language.provenal.old', ''),
('language', 'ps', 'pashto', NULL, NULL, NULL, 0, 0, 1, 0, 'language.pashto', ''),
('language', 'pt', 'portuguese', NULL, NULL, NULL, 0, 0, 1, 0, 'language.portuguese', ''),
('language', 'pt-BR', 'portuguese.brazilian', NULL, NULL, NULL, 0, 0, 1, 0, 'language.portuguese.brazilian', ''),
('language', 'pt-PT', 'portuguese.european', NULL, NULL, NULL, 0, 0, 1, 0, 'language.portuguese.european', ''),
('language', 'qu', 'quechua', NULL, NULL, NULL, 0, 0, 1, 0, 'language.quechua', ''),
('language', 'quc', 'kiche', NULL, NULL, NULL, 0, 0, 1, 0, 'language.kiche', ''),
('language', 'qug', 'quichua.chimborazohighland', NULL, NULL, NULL, 0, 0, 1, 0, 'language.quichua.chimborazohighland', ''),
('language', 'raj', 'rajasthani', NULL, NULL, NULL, 0, 0, 1, 0, 'language.rajasthani', ''),
('language', 'rap', 'rapanui', NULL, NULL, NULL, 0, 0, 1, 0, 'language.rapanui', ''),
('language', 'rar', 'rarotongan', NULL, NULL, NULL, 0, 0, 1, 0, 'language.rarotongan', ''),
('language', 'rgn', 'romagnol', NULL, NULL, NULL, 0, 0, 1, 0, 'language.romagnol', ''),
('language', 'rif', 'riffian', NULL, NULL, NULL, 0, 0, 1, 0, 'language.riffian', ''),
('language', 'rm', 'romansh', NULL, NULL, NULL, 0, 0, 1, 0, 'language.romansh', ''),
('language', 'rn', 'rundi', NULL, NULL, NULL, 0, 0, 1, 0, 'language.rundi', ''),
('language', 'ro', 'romanian', NULL, NULL, NULL, 0, 0, 1, 0, 'language.romanian', ''),
('language', 'ro-MD', 'moldavian', NULL, NULL, NULL, 0, 0, 1, 0, 'language.moldavian', ''),
('language', 'rof', 'rombo', NULL, NULL, NULL, 0, 0, 1, 0, 'language.rombo', ''),
('language', 'rom', 'romany', NULL, NULL, NULL, 0, 0, 1, 0, 'language.romany', ''),
('language', 'root', 'root', NULL, NULL, NULL, 0, 0, 1, 0, 'language.root', ''),
('language', 'rtm', 'rotuman', NULL, NULL, NULL, 0, 0, 1, 0, 'language.rotuman', ''),
('language', 'ru', 'russian', NULL, NULL, NULL, 0, 0, 1, 0, 'language.russian', ''),
('language', 'rue', 'rusyn', NULL, NULL, NULL, 0, 0, 1, 0, 'language.rusyn', ''),
('language', 'rug', 'roviana', NULL, NULL, NULL, 0, 0, 1, 0, 'language.roviana', ''),
('language', 'rup', 'aromanian', NULL, NULL, NULL, 0, 0, 1, 0, 'language.aromanian', ''),
('language', 'rw', 'kinyarwanda', NULL, NULL, NULL, 0, 0, 1, 0, 'language.kinyarwanda', ''),
('language', 'rwk', 'rwa', NULL, NULL, NULL, 0, 0, 1, 0, 'language.rwa', ''),
('language', 'sa', 'sanskrit', NULL, NULL, NULL, 0, 0, 1, 0, 'language.sanskrit', ''),
('language', 'sad', 'sandawe', NULL, NULL, NULL, 0, 0, 1, 0, 'language.sandawe', ''),
('language', 'sah', 'sakha', NULL, NULL, NULL, 0, 0, 1, 0, 'language.sakha', ''),
('language', 'sam', 'aramaic.samaritan', NULL, NULL, NULL, 0, 0, 1, 0, 'language.aramaic.samaritan', ''),
('language', 'saq', 'samburu', NULL, NULL, NULL, 0, 0, 1, 0, 'language.samburu', ''),
('language', 'sas', 'sasak', NULL, NULL, NULL, 0, 0, 1, 0, 'language.sasak', ''),
('language', 'sat', 'santali', NULL, NULL, NULL, 0, 0, 1, 0, 'language.santali', ''),
('language', 'saz', 'saurashtra', NULL, NULL, NULL, 0, 0, 1, 0, 'language.saurashtra', ''),
('language', 'sba', 'ngambay', NULL, NULL, NULL, 0, 0, 1, 0, 'language.ngambay', ''),
('language', 'sbp', 'sangu', NULL, NULL, NULL, 0, 0, 1, 0, 'language.sangu', ''),
('language', 'sc', 'sardinian', NULL, NULL, NULL, 0, 0, 1, 0, 'language.sardinian', ''),
('language', 'scn', 'sicilian', NULL, NULL, NULL, 0, 0, 1, 0, 'language.sicilian', ''),
('language', 'sco', 'scots', NULL, NULL, NULL, 0, 0, 1, 0, 'language.scots', ''),
('language', 'sd', 'sindhi', NULL, NULL, NULL, 0, 0, 1, 0, 'language.sindhi', ''),
('language', 'sdc', 'sardinian.sassarese', NULL, NULL, NULL, 0, 0, 1, 0, 'language.sardinian.sassarese', ''),
('language', 'sdh', 'southern kurdish', NULL, NULL, NULL, 0, 0, 1, 0, 'language.southern kurdish', ''),
('language', 'se', 'northern sami', NULL, NULL, NULL, 0, 0, 1, 0, 'language.northern sami', ''),
('language', 'see', 'seneca', NULL, NULL, NULL, 0, 0, 1, 0, 'language.seneca', ''),
('language', 'seh', 'sena', NULL, NULL, NULL, 0, 0, 1, 0, 'language.sena', ''),
('language', 'sei', 'seri', NULL, NULL, NULL, 0, 0, 1, 0, 'language.seri', ''),
('language', 'sel', 'selkup', NULL, NULL, NULL, 0, 0, 1, 0, 'language.selkup', ''),
('language', 'ses', 'senni.koyraboro', NULL, NULL, NULL, 0, 0, 1, 0, 'language.senni.koyraboro', ''),
('language', 'sg', 'sango', NULL, NULL, NULL, 0, 0, 1, 0, 'language.sango', ''),
('language', 'sga', 'irish.old', NULL, NULL, NULL, 0, 0, 1, 0, 'language.irish.old', ''),
('language', 'sgs', 'samogitian', NULL, NULL, NULL, 0, 0, 1, 0, 'language.samogitian', ''),
('language', 'sh', 'serbocroatian', NULL, NULL, NULL, 0, 0, 1, 0, 'language.serbocroatian', ''),
('language', 'shi', 'tachelhit', NULL, NULL, NULL, 0, 0, 1, 0, 'language.tachelhit', ''),
('language', 'shn', 'shan', NULL, NULL, NULL, 0, 0, 1, 0, 'language.shan', ''),
('language', 'shu', 'arabic.chadian', NULL, NULL, NULL, 0, 0, 1, 0, 'language.arabic.chadian', ''),
('language', 'si', 'sinhala', NULL, NULL, NULL, 0, 0, 1, 0, 'language.sinhala', ''),
('language', 'sid', 'sidamo', NULL, NULL, NULL, 0, 0, 1, 0, 'language.sidamo', ''),
('language', 'sk', 'slovak', NULL, NULL, NULL, 0, 0, 1, 0, 'language.slovak', ''),
('language', 'sl', 'slovenian', NULL, NULL, NULL, 0, 0, 1, 0, 'language.slovenian', ''),
('language', 'sli', 'silesian.lower', NULL, NULL, NULL, 0, 0, 1, 0, 'language.silesian.lower', ''),
('language', 'sly', 'selayar', NULL, NULL, NULL, 0, 0, 1, 0, 'language.selayar', ''),
('language', 'sm', 'samoan', NULL, NULL, NULL, 0, 0, 1, 0, 'language.samoan', ''),
('language', 'sma', 'sami.southern', NULL, NULL, NULL, 0, 0, 1, 0, 'language.sami.southern', ''),
('language', 'smj', 'sami.lule', NULL, NULL, NULL, 0, 0, 1, 0, 'language.sami.lule', ''),
('language', 'smn', 'sami.inari', NULL, NULL, NULL, 0, 0, 1, 0, 'language.sami.inari', ''),
('language', 'sms', 'sami.skolt', NULL, NULL, NULL, 0, 0, 1, 0, 'language.sami.skolt', ''),
('language', 'sn', 'shona', NULL, NULL, NULL, 0, 0, 1, 0, 'language.shona', ''),
('language', 'snk', 'soninke', NULL, NULL, NULL, 0, 0, 1, 0, 'language.soninke', ''),
('language', 'so', 'somali', NULL, NULL, NULL, 0, 0, 1, 0, 'language.somali', ''),
('language', 'sog', 'sogdien', NULL, NULL, NULL, 0, 0, 1, 0, 'language.sogdien', ''),
('language', 'sq', 'albanian', NULL, NULL, NULL, 0, 0, 1, 0, 'language.albanian', ''),
('language', 'sr', 'serbian', NULL, NULL, NULL, 0, 0, 1, 0, 'language.serbian', ''),
('language', 'srn', 'tongo.sranan', NULL, NULL, NULL, 0, 0, 1, 0, 'language.tongo.sranan', ''),
('language', 'srr', 'serer', NULL, NULL, NULL, 0, 0, 1, 0, 'language.serer', ''),
('language', 'ss', 'swati', NULL, NULL, NULL, 0, 0, 1, 0, 'language.swati', ''),
('language', 'ssy', 'saho', NULL, NULL, NULL, 0, 0, 1, 0, 'language.saho', ''),
('language', 'st', 'sotho.southern', NULL, NULL, NULL, 0, 0, 1, 0, 'language.sotho.southern', ''),
('language', 'stq', 'frisian.saterland', NULL, NULL, NULL, 0, 0, 1, 0, 'language.frisian.saterland', ''),
('language', 'su', 'sundanese', NULL, NULL, NULL, 0, 0, 1, 0, 'language.sundanese', ''),
('language', 'suk', 'sukuma', NULL, NULL, NULL, 0, 0, 1, 0, 'language.sukuma', ''),
('language', 'sus', 'susu', NULL, NULL, NULL, 0, 0, 1, 0, 'language.susu', ''),
('language', 'sux', 'sumerian', NULL, NULL, NULL, 0, 0, 1, 0, 'language.sumerian', ''),
('language', 'sv', 'swedish', NULL, NULL, NULL, 0, 0, 1, 0, 'language.swedish', ''),
('language', 'sw', 'swahili', NULL, NULL, NULL, 0, 0, 1, 0, 'language.swahili', ''),
('language', 'sw-CD', 'swahili.congo', NULL, NULL, NULL, 0, 0, 1, 0, 'language.swahili.congo', ''),
('language', 'swb', 'comorian', NULL, NULL, NULL, 0, 0, 1, 0, 'language.comorian', ''),
('language', 'syc', 'syriac.classical', NULL, NULL, NULL, 0, 0, 1, 0, 'language.syriac.classical', ''),
('language', 'syr', 'syriac', NULL, NULL, NULL, 0, 0, 1, 0, 'language.syriac', ''),
('language', 'szl', 'silesian', NULL, NULL, NULL, 0, 0, 1, 0, 'language.silesian', ''),
('language', 'ta', 'tamil', NULL, NULL, NULL, 0, 0, 1, 0, 'language.tamil', ''),
('language', 'tcy', 'tulu', NULL, NULL, NULL, 0, 0, 1, 0, 'language.tulu', ''),
('language', 'te', 'telugu', NULL, NULL, NULL, 0, 0, 1, 0, 'language.telugu', ''),
('language', 'tem', 'timne', NULL, NULL, NULL, 0, 0, 1, 0, 'language.timne', ''),
('language', 'teo', 'teso', NULL, NULL, NULL, 0, 0, 1, 0, 'language.teso', ''),
('language', 'ter', 'tereno', NULL, NULL, NULL, 0, 0, 1, 0, 'language.tereno', ''),
('language', 'tet', 'tetum', NULL, NULL, NULL, 0, 0, 1, 0, 'language.tetum', ''),
('language', 'tg', 'tajik', NULL, NULL, NULL, 0, 0, 1, 0, 'language.tajik', ''),
('language', 'th', 'thai', NULL, NULL, NULL, 0, 0, 1, 0, 'language.thai', ''),
('language', 'ti', 'tigrinya', NULL, NULL, NULL, 0, 0, 1, 0, 'language.tigrinya', ''),
('language', 'tig', 'tigre', NULL, NULL, NULL, 0, 0, 1, 0, 'language.tigre', ''),
('language', 'tiv', 'tiv', NULL, NULL, NULL, 0, 0, 1, 0, 'language.tiv', ''),
('language', 'tk', 'turkmen', NULL, NULL, NULL, 0, 0, 1, 0, 'language.turkmen', ''),
('language', 'tkl', 'tokelau', NULL, NULL, NULL, 0, 0, 1, 0, 'language.tokelau', ''),
('language', 'tkr', 'tsakhur', NULL, NULL, NULL, 0, 0, 1, 0, 'language.tsakhur', ''),
('language', 'tl', 'tagalog', NULL, NULL, NULL, 0, 0, 1, 0, 'language.tagalog', ''),
('language', 'tlh', 'klingon', NULL, NULL, NULL, 0, 0, 1, 0, 'language.klingon', ''),
('language', 'tli', 'tlingit', NULL, NULL, NULL, 0, 0, 1, 0, 'language.tlingit', ''),
('language', 'tly', 'talysh', NULL, NULL, NULL, 0, 0, 1, 0, 'language.talysh', ''),
('language', 'tmh', 'tamashek', NULL, NULL, NULL, 0, 0, 1, 0, 'language.tamashek', ''),
('language', 'tn', 'tswana', NULL, NULL, NULL, 0, 0, 1, 0, 'language.tswana', ''),
('language', 'to', 'tongan', NULL, NULL, NULL, 0, 0, 1, 0, 'language.tongan', ''),
('language', 'tog', 'tonga.nyasa', NULL, NULL, NULL, 0, 0, 1, 0, 'language.tonga.nyasa', ''),
('language', 'tpi', 'pisin.tok', NULL, NULL, NULL, 0, 0, 1, 0, 'language.pisin.tok', ''),
('language', 'tr', 'turkish', NULL, NULL, NULL, 0, 0, 1, 0, 'language.turkish', ''),
('language', 'tru', 'turoyo', NULL, NULL, NULL, 0, 0, 1, 0, 'language.turoyo', ''),
('language', 'trv', 'taroko', NULL, NULL, NULL, 0, 0, 1, 0, 'language.taroko', ''),
('language', 'ts', 'tsonga', NULL, NULL, NULL, 0, 0, 1, 0, 'language.tsonga', ''),
('language', 'tsd', 'tsakonian', NULL, NULL, NULL, 0, 0, 1, 0, 'language.tsakonian', ''),
('language', 'tsi', 'tsimshian', NULL, NULL, NULL, 0, 0, 1, 0, 'language.tsimshian', ''),
('language', 'tt', 'tatar', NULL, NULL, NULL, 0, 0, 1, 0, 'language.tatar', ''),
('language', 'ttt', 'tat.muslim', NULL, NULL, NULL, 0, 0, 1, 0, 'language.tat.muslim', ''),
('language', 'tum', 'tumbuka', NULL, NULL, NULL, 0, 0, 1, 0, 'language.tumbuka', ''),
('language', 'tvl', 'tuvalu', NULL, NULL, NULL, 0, 0, 1, 0, 'language.tuvalu', ''),
('language', 'tw', 'twi', NULL, NULL, NULL, 0, 0, 1, 0, 'language.twi', ''),
('language', 'twq', 'tasawaq', NULL, NULL, NULL, 0, 0, 1, 0, 'language.tasawaq', ''),
('language', 'ty', 'tahitian', NULL, NULL, NULL, 0, 0, 1, 0, 'language.tahitian', ''),
('language', 'tyv', 'tuvinian', NULL, NULL, NULL, 0, 0, 1, 0, 'language.tuvinian', ''),
('language', 'tzm', 'tamazight.centralatlas', NULL, NULL, NULL, 0, 0, 1, 0, 'language.tamazight.centralatlas', ''),
('language', 'udm', 'udmurt', NULL, NULL, NULL, 0, 0, 1, 0, 'language.udmurt', ''),
('language', 'ug', 'uyghur', NULL, NULL, NULL, 0, 0, 1, 0, 'language.uyghur', ''),
('language', 'uga', 'ugaritic', NULL, NULL, NULL, 0, 0, 1, 0, 'language.ugaritic', ''),
('language', 'uk', 'ukrainian', NULL, NULL, NULL, 0, 0, 1, 0, 'language.ukrainian', ''),
('language', 'umb', 'umbundu', NULL, NULL, NULL, 0, 0, 1, 0, 'language.umbundu', ''),
('language', 'und', 'unknown', NULL, NULL, NULL, 0, 0, 1, 0, 'language.unknown', ''),
('language', 'ur', 'urdu', NULL, NULL, NULL, 0, 0, 1, 0, 'language.urdu', ''),
('language', 'uz', 'uzbek', NULL, NULL, NULL, 0, 0, 1, 0, 'language.uzbek', ''),
('language', 'vai', 'vai', NULL, NULL, NULL, 0, 0, 1, 0, 'language.vai', ''),
('language', 've', 'venda', NULL, NULL, NULL, 0, 0, 1, 0, 'language.venda', ''),
('language', 'vec', 'venetian', NULL, NULL, NULL, 0, 0, 1, 0, 'language.venetian', ''),
('language', 'vep', 'veps', NULL, NULL, NULL, 0, 0, 1, 0, 'language.veps', ''),
('language', 'vi', 'vietnamese', NULL, NULL, NULL, 0, 0, 1, 0, 'language.vietnamese', ''),
('language', 'vls', 'flemish.west', NULL, NULL, NULL, 0, 0, 1, 0, 'language.flemish.west', ''),
('language', 'vmf', 'franconian.main', NULL, NULL, NULL, 0, 0, 1, 0, 'language.franconian.main', ''),
('language', 'vo', 'volapk', NULL, NULL, NULL, 0, 0, 1, 0, 'language.volapk', ''),
('language', 'vot', 'votic', NULL, NULL, NULL, 0, 0, 1, 0, 'language.votic', ''),
('language', 'vro', 'vro', NULL, NULL, NULL, 0, 0, 1, 0, 'language.vro', ''),
('language', 'vun', 'vunjo', NULL, NULL, NULL, 0, 0, 1, 0, 'language.vunjo', ''),
('language', 'wa', 'walloon', NULL, NULL, NULL, 0, 0, 1, 0, 'language.walloon', ''),
('language', 'wae', 'walser', NULL, NULL, NULL, 0, 0, 1, 0, 'language.walser', ''),
('language', 'wal', 'wolaytta', NULL, NULL, NULL, 0, 0, 1, 0, 'language.wolaytta', ''),
('language', 'war', 'waray', NULL, NULL, NULL, 0, 0, 1, 0, 'language.waray', ''),
('language', 'was', 'washo', NULL, NULL, NULL, 0, 0, 1, 0, 'language.washo', ''),
('language', 'wbp', 'warlpiri', NULL, NULL, NULL, 0, 0, 1, 0, 'language.warlpiri', ''),
('language', 'wo', 'wolof', NULL, NULL, NULL, 0, 0, 1, 0, 'language.wolof', ''),
('language', 'wuu', 'chinese.wu', NULL, NULL, NULL, 0, 0, 1, 0, 'language.chinese.wu', ''),
('language', 'xal', 'kalmyk', NULL, NULL, NULL, 0, 0, 1, 0, 'language.kalmyk', ''),
('language', 'xh', 'xhosa', NULL, NULL, NULL, 0, 0, 1, 0, 'language.xhosa', ''),
('language', 'xmf', 'mingrelian', NULL, NULL, NULL, 0, 0, 1, 0, 'language.mingrelian', ''),
('language', 'xog', 'soga', NULL, NULL, NULL, 0, 0, 1, 0, 'language.soga', ''),
('language', 'yao', 'yao', NULL, NULL, NULL, 0, 0, 1, 0, 'language.yao', ''),
('language', 'yap', 'yapese', NULL, NULL, NULL, 0, 0, 1, 0, 'language.yapese', ''),
('language', 'yav', 'yangben', NULL, NULL, NULL, 0, 0, 1, 0, 'language.yangben', ''),
('language', 'ybb', 'yemba', NULL, NULL, NULL, 0, 0, 1, 0, 'language.yemba', ''),
('language', 'yi', 'yiddish', NULL, NULL, NULL, 0, 0, 1, 0, 'language.yiddish', ''),
('language', 'yo', 'yoruba', NULL, NULL, NULL, 0, 0, 1, 0, 'language.yoruba', ''),
('language', 'yrl', 'nheengatu', NULL, NULL, NULL, 0, 0, 1, 0, 'language.nheengatu', ''),
('language', 'yue', 'cantonese', NULL, NULL, NULL, 0, 0, 1, 0, 'language.cantonese', ''),
('language', 'za', 'zhuang', NULL, NULL, NULL, 0, 0, 1, 0, 'language.zhuang', ''),
('language', 'zap', 'zapotec', NULL, NULL, NULL, 0, 0, 1, 0, 'language.zapotec', ''),
('language', 'zbl', 'blissymbols', NULL, NULL, NULL, 0, 0, 1, 0, 'language.blissymbols', ''),
('language', 'zea', 'zeelandic', NULL, NULL, NULL, 0, 0, 1, 0, 'language.zeelandic', ''),
('language', 'zen', 'zenaga', NULL, NULL, NULL, 0, 0, 1, 0, 'language.zenaga', ''),
('language', 'zgh', 'tamazight.standardmoroccan', NULL, NULL, NULL, 0, 0, 1, 0, 'language.tamazight.standardmoroccan', ''),
('language', 'zh', 'chinese', NULL, NULL, NULL, 0, 0, 1, 0, 'language.chinese', ''),
('language', 'zh-Hans', 'chinese.simplified', NULL, NULL, NULL, 0, 0, 1, 0, 'language.chinese.simplified', ''),
('language', 'zh-Hant', 'chinese.traditional', NULL, NULL, NULL, 0, 0, 1, 0, 'language.chinese.traditional', ''),
('language', 'zu', 'zulu', NULL, NULL, NULL, 0, 0, 1, 0, 'language.zulu', ''),
('language', 'zun', 'zuni', NULL, NULL, NULL, 0, 0, 1, 0, 'language.zuni', ''),
('language', 'zxx', 'none', NULL, NULL, NULL, 0, 0, 1, 0, 'language.none', ''),
('language', 'zza', 'zaza', NULL, NULL, NULL, 0, 0, 1, 0, 'language.zaza', ''),
('mass', 'g', 'gram', NULL, NULL, NULL, 1, 0, 1, 0, 'mass.gram', ''),
('mass', 'kg', 'kilogram', NULL, NULL, NULL, 0, 0, 1, 0, 'mass.kilogram', ''),
('mass', 'mg', 'milligram', NULL, NULL, NULL, 0, 0, 1, 0, 'mass.milligram', ''),
('mass', 't', 'tonne', NULL, NULL, NULL, 0, 0, 1, 0, 'mass.tonne', ''),
('mass', 'g', 'microgram', NULL, NULL, NULL, 0, 0, 1, 0, 'mass.microgram', ''),
('mediatype', 'image/jpeg', 'jpeg', NULL, NULL, NULL, 0, 0, 1, 0, 'core.mediatype.image.jpeg', ''),
('mediatype', 'image/png', 'png', NULL, NULL, NULL, 0, 0, 1, 0, 'core.mediatype.image.png', ''),
('mediatype', 'text/html', 'html', NULL, NULL, NULL, 0, 0, 1, 0, 'core.mediatype.text.html', ''),
('mediatype', 'text/plain', 'plain', NULL, NULL, NULL, 0, 0, 1, 0, 'core.mediatype.text.plain', ''),
('spatial.crs', '4326', 'WGS84', NULL, NULL, NULL, 0, 0, 1, 0, 'spatial.crs.wgs84', ''),
('spatial.format', 'geojson', NULL, NULL, NULL, NULL, 0, 0, 1, 0, 'spatial.format.geojson', ''),
('spatial.format', 'gpx', NULL, NULL, NULL, NULL, 0, 0, 1, 0, 'spatial.format.gpx', ''),
('spatial.format', 'wkt', NULL, NULL, NULL, NULL, 0, 0, 1, 0, 'spatial.format.wkt', '');

-- --------------------------------------------------------

--
-- Table structure for table `ark_vocabulary_type`
--

CREATE TABLE `ark_vocabulary_type` (
  `type` varchar(10) COLLATE utf8mb4_unicode_ci NOT NULL,
  `equivalence` tinyint(1) NOT NULL DEFAULT 0,
  `hierarchy` tinyint(1) NOT NULL DEFAULT 0,
  `association` tinyint(1) NOT NULL DEFAULT 0,
  `keyword` varchar(100) COLLATE utf8mb4_unicode_ci DEFAULT NULL
) ENGINE=InnoDB DEFAULT CHARSET=utf8mb4 COLLATE=utf8mb4_unicode_ci;

--
-- Dumping data for table `ark_vocabulary_type`
--

INSERT INTO `ark_vocabulary_type` (`type`, `equivalence`, `hierarchy`, `association`, `keyword`) VALUES
('list', 0, 0, 0, 'core.vocabulary.type.list'),
('ring', 1, 0, 0, 'core.vocabulary.type.ring'),
('taxonomy', 0, 1, 0, 'core.vocabulary.type.taxonomy'),
('thesaurus', 1, 1, 1, 'core.vocabulary.type.thesaurus');

-- --------------------------------------------------------

--
-- Table structure for table `ark_workflow_action`
--

CREATE TABLE `ark_workflow_action` (
  `schma` varchar(30) COLLATE utf8mb4_unicode_ci NOT NULL,
  `action` varchar(30) COLLATE utf8mb4_unicode_ci NOT NULL,
  `event_vocabulary` varchar(30) COLLATE utf8mb4_unicode_ci DEFAULT NULL,
  `event_term` varchar(30) COLLATE utf8mb4_unicode_ci DEFAULT NULL,
  `agent` varchar(30) COLLATE utf8mb4_unicode_ci DEFAULT NULL,
  `actionable` tinyint(1) NOT NULL DEFAULT 0,
  `default_permission` tinyint(1) NOT NULL DEFAULT 0,
  `default_agency` tinyint(1) NOT NULL DEFAULT 0,
  `default_allowance` tinyint(1) NOT NULL DEFAULT 0,
  `enabled` tinyint(1) NOT NULL DEFAULT 1,
  `keyword` varchar(100) COLLATE utf8mb4_unicode_ci DEFAULT NULL,
  `description` varchar(100) COLLATE utf8mb4_unicode_ci DEFAULT NULL
) ENGINE=InnoDB DEFAULT CHARSET=utf8mb4 COLLATE=utf8mb4_unicode_ci;

--
-- Dumping data for table `ark_workflow_action`
--

INSERT INTO `ark_workflow_action` (`schma`, `action`, `event_vocabulary`, `event_term`, `agent`, `actionable`, `default_permission`, `default_agency`, `default_allowance`, `enabled`, `keyword`, `description`) VALUES
('core.actor', 'disable', 'core.event.class', 'disabled', NULL, 1, 0, 1, 0, 1, 'core.action.disable', NULL),
('core.actor', 'edit', 'core.event.class', 'edited', NULL, 0, 0, 1, 0, 1, 'core.action.edit', NULL),
('core.actor', 'enable', 'core.event.class', 'enabled', NULL, 1, 0, 1, 0, 1, 'core.action.enable', NULL),
('core.actor', 'expire', 'core.event.class', 'expired', NULL, 0, 0, 1, 0, 1, 'core.action.expire', NULL),
('core.actor', 'lock', 'core.event.class', 'locked', NULL, 1, 0, 1, 0, 1, 'core.action.lock', NULL),
('core.actor', 'register', 'core.event.class', 'registered', NULL, 0, 1, 1, 1, 1, 'core.action.register', NULL),
('core.actor', 'verify', 'core.event.class', 'verified', NULL, 1, 0, 1, 0, 1, 'core.action.verify', NULL),
('core.actor', 'view', 'core.event.class', 'viewed', NULL, 0, 0, 1, 0, 1, 'core.action.view', NULL),
('core.event', 'edit', 'core.event.class', 'edited', NULL, 0, 0, 0, 0, 1, 'dime.action.edit', 'Edit find record'),
('core.event', 'view', 'core.event.class', 'viewed', NULL, 0, 0, 0, 0, 1, 'dime.action.view', 'View find record'),
('core.file', 'edit', 'core.event.class', 'edited', NULL, 0, 0, 0, 0, 1, 'dime.action.edit', 'Edit find record'),
('core.file', 'view', 'core.event.class', 'viewed', NULL, 0, 0, 1, 1, 1, 'dime.action.view', 'View find record'),
('core.message', 'edit', 'core.event.class', 'edited', NULL, 0, 0, 1, 1, 1, 'dime.action.edit', 'Edit find record'),
('core.message', 'view', 'core.event.class', 'viewed', NULL, 0, 0, 1, 1, 1, 'dime.action.view', 'View find record'),
('core.page', 'edit', 'core.event.class', 'edited', NULL, 0, 0, 1, 0, 1, 'dime.action.edit', 'Edit find record'),
('core.page', 'view', 'core.event.class', 'viewed', NULL, 0, 0, 1, 0, 1, 'dime.action.view', 'View find record'),
('dime.find', 'accession', 'core.event.class', 'accessioned', NULL, 1, 0, 0, 0, 1, 'dime.action.accession', 'Local museum takes ownership'),
('dime.find', 'appraise', 'core.event.class', 'appraised', NULL, 1, 0, 0, 0, 1, 'dime.action.appraise', 'National museum deems as treasure, takes ownership'),
('dime.find', 'claim', 'core.event.class', 'claimed', NULL, 1, 0, 0, 0, 1, 'dime.action.claim', 'Send treasure claim form to National Museum'),
('dime.find', 'clone', NULL, NULL, NULL, 0, 1, 0, 1, 1, NULL, 'Finder can clone their finds'),
('dime.find', 'destroy', 'core.event.class', 'destroyed', NULL, 1, 0, 0, 1, 1, 'dime.action.destroy', 'Artefact was destroyed'),
('dime.find', 'discard', 'core.event.class', 'discarded', NULL, 1, 0, 0, 1, 1, 'dime.action.discard', 'Artefact was discarded after assessment'),
('dime.find', 'edit', 'core.event.class', 'edited', NULL, 0, 0, 0, 0, 1, 'dime.action.edit', 'Edit find record'),
('dime.find', 'erase', NULL, NULL, NULL, 1, 1, 1, 0, 1, 'dime.action.erase', 'Hard delete find record'),
('dime.find', 'evaluate', 'core.event.class', 'evaluated', NULL, 1, 0, 0, 0, 1, 'dime.action.evaluate', 'Local museum evaluates as potential treasure, send to national museum'),
('dime.find', 'lose', 'core.event.class', 'lost', NULL, 1, 0, 0, 1, 1, 'dime.action.lose', 'Artefact was lost'),
('dime.find', 'publish', 'core.event.class', 'published', NULL, 1, 0, 0, 1, 1, 'dime.action.publish', 'Find record is made public'),
('dime.find', 'record', 'core.event.class', 'recorded', NULL, 0, 0, 0, 1, 1, 'dime.action.record', 'Find record was created'),
('dime.find', 'recover', 'core.event.class', 'recovered', NULL, 1, 0, 0, 1, 1, 'dime.action.recover', 'Lost artefact has been found'),
('dime.find', 'reject', 'core.event.class', 'rejected', NULL, 1, 0, 0, 0, 1, 'dime.action.reject', 'Local museum requests more info from finder'),
('dime.find', 'release', 'core.event.class', 'released', NULL, 1, 0, 0, 0, 1, 'dime.action.release', 'Find deemed not treasure and returned to finder'),
('dime.find', 'report', 'core.event.class', 'reported', NULL, 1, 1, 0, 1, 1, 'dime.action.report', 'Report but don\'t send artefact to local museum'),
('dime.find', 'request', 'core.event.class', 'requested', NULL, 1, 1, 0, 0, 1, 'dime.action.request', 'Request custody of artefact'),
('dime.find', 'send', 'core.event.class', 'sent', NULL, 1, 1, 0, 1, 1, 'dime.action.send', 'Send find to museum'),
('dime.find', 'submit', 'core.event.class', 'submitted', NULL, 1, 0, 0, 1, 1, 'dime.action.submit', 'Report and send artefact to local museum'),
('dime.find', 'view', 'core.event.class', 'viewed', NULL, 0, 0, 0, 0, 1, 'dime.action.view', 'View find record'),
('dime.find', 'withhold', 'core.event.class', 'withheld', NULL, 1, 0, 0, 1, 1, 'dime.action.withhold', 'Withhold publication of find record');

-- --------------------------------------------------------

--
-- Table structure for table `ark_workflow_agency`
--

CREATE TABLE `ark_workflow_agency` (
  `schma` varchar(30) COLLATE utf8mb4_unicode_ci NOT NULL,
  `action` varchar(30) COLLATE utf8mb4_unicode_ci NOT NULL,
  `class` varchar(30) COLLATE utf8mb4_unicode_ci NOT NULL,
  `attribute` varchar(30) COLLATE utf8mb4_unicode_ci NOT NULL,
  `grp` int(11) NOT NULL DEFAULT 0,
  `operator` varchar(10) COLLATE utf8mb4_unicode_ci NOT NULL DEFAULT 'eq',
  `condition_attribute` varchar(30) COLLATE utf8mb4_unicode_ci DEFAULT NULL,
  `condition_operator` varchar(10) COLLATE utf8mb4_unicode_ci DEFAULT NULL,
  `condition_value` varchar(4000) COLLATE utf8mb4_unicode_ci DEFAULT NULL,
  `condition_actor` tinyint(1) DEFAULT NULL
) ENGINE=InnoDB DEFAULT CHARSET=utf8mb4 COLLATE=utf8mb4_unicode_ci;

--
-- Dumping data for table `ark_workflow_agency`
--

INSERT INTO `ark_workflow_agency` (`schma`, `action`, `class`, `attribute`, `grp`, `operator`, `condition_attribute`, `condition_operator`, `condition_value`, `condition_actor`) VALUES
('dime.find', 'accession', 'find', 'museum', 0, 'is', 'custodian', 'is', NULL, 1),
('dime.find', 'accession', 'find', 'museum', 1, 'is', 'recipient', 'is', NULL, 1),
('dime.find', 'appraise', 'find', 'museum', 0, 'is', NULL, NULL, NULL, NULL),
('dime.find', 'claim', 'find', 'museum', 0, 'is', 'custodian', 'is', NULL, 1),
('dime.find', 'claim', 'find', 'museum', 1, 'is', 'recipient', 'is', NULL, 1),
('dime.find', 'clone', 'find', 'finder', 0, 'is', NULL, NULL, NULL, NULL),
('dime.find', 'destroy', 'find', 'finder', 0, 'is', 'process', 'is', 'recorded', NULL),
('dime.find', 'destroy', 'find', 'finder', 1, 'is', 'process', 'is', 'released', NULL),
('dime.find', 'destroy', 'find', 'museum', 0, 'is', NULL, NULL, NULL, NULL),
('dime.find', 'discard', 'find', 'finder', 0, 'is', 'process', 'is', 'recorded', NULL),
('dime.find', 'discard', 'find', 'finder', 1, 'is', 'process', 'is', 'released', NULL),
('dime.find', 'discard', 'find', 'museum', 0, 'is', NULL, NULL, NULL, NULL),
('dime.find', 'edit', 'find', 'finder', 0, 'is', 'process', 'is', 'recorded', NULL),
('dime.find', 'edit', 'find', 'finder', 1, 'is', 'process', 'is', 'rejected', NULL),
('dime.find', 'edit', 'find', 'finder', 12, 'is', 'process', 'is', 'released', NULL),
('dime.find', 'edit', 'find', 'museum', 0, 'is', NULL, NULL, NULL, NULL),
('dime.find', 'evaluate', 'find', 'museum', 0, 'is', 'custodian', 'is', NULL, 1),
('dime.find', 'evaluate', 'find', 'museum', 1, 'is', 'recipient', 'is', NULL, 1),
('dime.find', 'lose', 'find', 'finder', 0, 'is', 'process', 'is', 'recorded', NULL),
('dime.find', 'lose', 'find', 'finder', 1, 'is', 'process', 'is', 'released', NULL),
('dime.find', 'lose', 'find', 'museum', 0, 'is', NULL, NULL, NULL, NULL),
('dime.find', 'publish', 'find', 'finder', 2, 'is', 'process', 'is', 'recorded', NULL),
('dime.find', 'publish', 'find', 'finder', 4, 'is', 'process', 'is', 'released', NULL),
('dime.find', 'publish', 'find', 'finder', 6, 'is', 'process', 'is', 'rejected', NULL),
('dime.find', 'publish', 'find', 'museum', 0, 'is', NULL, NULL, NULL, NULL),
('dime.find', 'record', 'find', 'finder', 0, 'is', NULL, NULL, NULL, NULL),
('dime.find', 'record', 'find', 'museum', 0, 'is', NULL, NULL, NULL, NULL),
('dime.find', 'recover', 'find', 'finder', 0, 'is', 'process', 'is', 'recorded', NULL),
('dime.find', 'recover', 'find', 'finder', 1, 'is', 'process', 'is', 'released', NULL),
('dime.find', 'recover', 'find', 'museum', 0, 'is', NULL, NULL, NULL, NULL),
('dime.find', 'reject', 'find', 'museum', 0, 'is', NULL, NULL, NULL, NULL),
('dime.find', 'release', 'find', 'museum', 0, 'is', NULL, NULL, NULL, NULL),
('dime.find', 'report', 'find', 'finder', 0, 'is', NULL, NULL, NULL, NULL),
('dime.find', 'report', 'find', 'museum', 0, 'is', NULL, NULL, NULL, NULL),
('dime.find', 'request', 'find', 'museum', 0, 'is', 'custodian', 'not', NULL, 1),
('dime.find', 'request', 'find', 'museum', 1, 'is', 'recipient', 'not', NULL, 1),
('dime.find', 'send', 'find', 'finder', 0, 'is', 'custodian', 'is', NULL, 1),
('dime.find', 'submit', 'find', 'finder', 0, 'is', 'process', 'is', 'recorded', NULL),
('dime.find', 'submit', 'find', 'museum', 0, 'is', 'process', 'is', 'recorded', NULL),
('dime.find', 'view', 'find', 'finder', 0, 'is', NULL, NULL, NULL, NULL),
('dime.find', 'view', 'find', 'museum', 0, 'is', NULL, NULL, NULL, NULL),
('dime.find', 'withhold', 'find', 'finder', 2, 'is', 'process', 'is', 'recorded', NULL),
('dime.find', 'withhold', 'find', 'finder', 4, 'is', 'process', 'is', 'released', NULL),
('dime.find', 'withhold', 'find', 'finder', 6, 'is', 'process', 'is', 'rejected', NULL),
('dime.find', 'withhold', 'find', 'museum', 0, 'is', NULL, NULL, NULL, NULL);

-- --------------------------------------------------------

--
-- Table structure for table `ark_workflow_allow`
--

CREATE TABLE `ark_workflow_allow` (
  `schma` varchar(30) COLLATE utf8mb4_unicode_ci NOT NULL,
  `action` varchar(30) COLLATE utf8mb4_unicode_ci NOT NULL,
  `role` varchar(30) COLLATE utf8mb4_unicode_ci NOT NULL,
  `operator` varchar(10) COLLATE utf8mb4_unicode_ci NOT NULL DEFAULT 'is'
) ENGINE=InnoDB DEFAULT CHARSET=utf8mb4 COLLATE=utf8mb4_unicode_ci;

--
-- Dumping data for table `ark_workflow_allow`
--

INSERT INTO `ark_workflow_allow` (`schma`, `action`, `role`, `operator`) VALUES
('core.actor', 'disable', 'admin', 'is'),
('core.actor', 'disable', 'sysadmin', 'is'),
('core.actor', 'edit', 'admin', 'is'),
('core.actor', 'edit', 'detectorist', 'is'),
('core.actor', 'edit', 'registrar', 'is'),
('core.actor', 'edit', 'sysadmin', 'is'),
('core.actor', 'enable', 'admin', 'is'),
('core.actor', 'enable', 'sysadmin', 'is'),
('core.actor', 'expire', 'admin', 'is'),
('core.actor', 'expire', 'sysadmin', 'is'),
('core.actor', 'lock', 'admin', 'is'),
('core.actor', 'lock', 'sysadmin', 'is'),
('core.actor', 'verify', 'admin', 'is'),
('core.actor', 'verify', 'detectorist', 'is'),
('core.actor', 'verify', 'sysadmin', 'is'),
('core.actor', 'view', 'admin', 'is'),
('core.actor', 'view', 'anonymous', 'is'),
('core.actor', 'view', 'appraiser', 'is'),
('core.actor', 'view', 'curator', 'is'),
('core.actor', 'view', 'detectorist', 'is'),
('core.actor', 'view', 'registrar', 'is'),
('core.actor', 'view', 'researcher', 'is'),
('core.actor', 'view', 'sysadmin', 'is'),
('core.actor', 'view', 'user', 'is'),
('core.page', 'edit', 'admin', 'is'),
('core.page', 'edit', 'sysadmin', 'is'),
('core.page', 'view', 'admin', 'is'),
('core.page', 'view', 'anonymous', 'is'),
('core.page', 'view', 'appraiser', 'is'),
('core.page', 'view', 'curator', 'is'),
('core.page', 'view', 'detectorist', 'is'),
('core.page', 'view', 'registrar', 'is'),
('core.page', 'view', 'researcher', 'is'),
('core.page', 'view', 'sysadmin', 'is'),
('dime.find', 'accession', 'registrar', 'is'),
('dime.find', 'appraise', 'registrar', 'is'),
('dime.find', 'claim', 'registrar', 'is'),
('dime.find', 'edit', 'admin', 'is'),
('dime.find', 'edit', 'detectorist', 'is'),
('dime.find', 'edit', 'registrar', 'is'),
('dime.find', 'erase', 'admin', 'is'),
('dime.find', 'erase', 'sysadmin', 'is'),
('dime.find', 'evaluate', 'registrar', 'is'),
('dime.find', 'record', 'admin', 'is'),
('dime.find', 'record', 'detectorist', 'is'),
('dime.find', 'record', 'registrar', 'is'),
('dime.find', 'reject', 'registrar', 'is'),
('dime.find', 'release', 'registrar', 'is'),
('dime.find', 'report', 'admin', 'is'),
('dime.find', 'report', 'detectorist', 'is'),
('dime.find', 'report', 'registrar', 'is'),
('dime.find', 'request', 'registrar', 'is'),
('dime.find', 'send', 'detectorist', 'is'),
('dime.find', 'submit', 'admin', 'is'),
('dime.find', 'submit', 'detectorist', 'is'),
('dime.find', 'submit', 'registrar', 'is'),
('dime.find', 'view', 'admin', 'is'),
('dime.find', 'view', 'anonymous', 'is'),
('dime.find', 'view', 'appraiser', 'is'),
('dime.find', 'view', 'curator', 'is'),
('dime.find', 'view', 'detectorist', 'is'),
('dime.find', 'view', 'registrar', 'is'),
('dime.find', 'view', 'researcher', 'is');

-- --------------------------------------------------------

--
-- Table structure for table `ark_workflow_condition`
--

CREATE TABLE `ark_workflow_condition` (
  `schma` varchar(30) COLLATE utf8mb4_unicode_ci NOT NULL,
  `action` varchar(30) COLLATE utf8mb4_unicode_ci NOT NULL,
  `grp` int(11) NOT NULL DEFAULT 0,
  `class` varchar(30) COLLATE utf8mb4_unicode_ci NOT NULL,
  `attribute` varchar(30) COLLATE utf8mb4_unicode_ci NOT NULL,
  `subattribute` varchar(30) COLLATE utf8mb4_unicode_ci DEFAULT NULL,
  `operator` varchar(10) COLLATE utf8mb4_unicode_ci NOT NULL DEFAULT 'eq',
  `value` varchar(4000) COLLATE utf8mb4_unicode_ci DEFAULT NULL
) ENGINE=InnoDB DEFAULT CHARSET=utf8mb4 COLLATE=utf8mb4_unicode_ci;

--
-- Dumping data for table `ark_workflow_condition`
--

INSERT INTO `ark_workflow_condition` (`schma`, `action`, `grp`, `class`, `attribute`, `subattribute`, `operator`, `value`) VALUES
('core.actor', 'disable', 0, 'person', 'status', NULL, 'eq', 'enabled'),
('core.actor', 'enable', 0, 'person', 'status', NULL, 'eq', 'verified'),
('core.actor', 'enable', 2, 'person', 'status', NULL, 'eq', 'locked'),
('core.actor', 'enable', 4, 'person', 'status', NULL, 'eq', 'disabled'),
('core.actor', 'enable', 6, 'person', 'status', NULL, 'eq', 'expired'),
('core.actor', 'expire', 0, 'person', 'status', NULL, 'eq', 'enabled'),
('core.actor', 'lock', 0, 'person', 'status', NULL, 'eq', 'enabled'),
('core.actor', 'verify', 0, 'person', 'status', NULL, 'eq', 'registered'),
('dime.find', 'accession', 0, 'find', 'process', NULL, 'eq', 'reported'),
('dime.find', 'accession', 1, 'find', 'process', NULL, 'eq', 'claimed'),
('dime.find', 'appraise', 0, 'find', 'process', NULL, 'eq', 'claimed'),
('dime.find', 'appraise', 0, 'find', 'treasure', NULL, 'eq', 'appraisal'),
('dime.find', 'claim', 0, 'find', 'process', NULL, 'eq', 'evaluated'),
('dime.find', 'claim', 1, 'find', 'process', NULL, 'eq', 'reported'),
('dime.find', 'destroy', 0, 'find', 'custody', NULL, 'eq', 'held'),
('dime.find', 'destroy', 1, 'find', 'custody', NULL, 'eq', 'requested'),
('dime.find', 'destroy', 2, 'find', 'custody', NULL, 'eq', 'sent'),
('dime.find', 'discard', 0, 'find', 'custody', NULL, 'eq', 'held'),
('dime.find', 'discard', 1, 'find', 'custody', NULL, 'eq', 'requested'),
('dime.find', 'discard', 2, 'find', 'custody', NULL, 'eq', 'sent'),
('dime.find', 'evaluate', 0, 'find', 'process', NULL, 'eq', 'reported'),
('dime.find', 'lose', 0, 'find', 'custody', NULL, 'eq', 'held'),
('dime.find', 'lose', 1, 'find', 'custody', NULL, 'eq', 'requested'),
('dime.find', 'lose', 2, 'find', 'custody', NULL, 'eq', 'sent'),
('dime.find', 'publish', 0, 'find', 'visibility', NULL, 'eq', 'private'),
('dime.find', 'publish', 2, 'find', 'visibility', NULL, 'eq', 'restricted'),
('dime.find', 'record', 0, 'find', 'process', NULL, 'eq', 'recorded'),
('dime.find', 'recover', 0, 'find', 'custody', NULL, 'eq', 'lost'),
('dime.find', 'recover', 1, 'find', 'custody', NULL, 'eq', 'discarded'),
('dime.find', 'recover', 3, 'find', 'custody', NULL, 'eq', 'destroyed'),
('dime.find', 'reject', 0, 'find', 'process', NULL, 'eq', 'reported'),
('dime.find', 'release', 0, 'find', 'process', NULL, 'eq', 'reported'),
('dime.find', 'release', 1, 'find', 'process', NULL, 'eq', 'claimed'),
('dime.find', 'report', 0, 'find', 'image', NULL, 'gt', '0'),
('dime.find', 'report', 0, 'find', 'museum', 'participating', 'eq', '1'),
('dime.find', 'report', 0, 'find', 'process', NULL, 'eq', 'recorded'),
('dime.find', 'report', 1, 'find', 'image', NULL, 'gt', '0'),
('dime.find', 'report', 1, 'find', 'museum', 'participating', 'eq', '1'),
('dime.find', 'report', 1, 'find', 'process', NULL, 'eq', 'rejected'),
('dime.find', 'request', 0, 'find', 'custody', NULL, 'eq', 'held'),
('dime.find', 'send', 0, 'find', 'custody', NULL, 'eq', 'held'),
('dime.find', 'send', 0, 'find', 'museum', 'participating', 'eq', '1'),
('dime.find', 'send', 0, 'find', 'process', NULL, 'eq', 'reported'),
('dime.find', 'send', 1, 'find', 'custody', NULL, 'eq', 'requested'),
('dime.find', 'send', 1, 'find', 'museum', 'participating', 'eq', '1'),
('dime.find', 'send', 1, 'find', 'process', NULL, 'eq', 'reported'),
('dime.find', 'submit', 0, 'find', 'image', NULL, 'gt', '0'),
('dime.find', 'submit', 0, 'find', 'museum', 'participating', 'eq', '1'),
('dime.find', 'submit', 0, 'find', 'process', NULL, 'eq', 'recorded'),
('dime.find', 'submit', 1, 'find', 'image', NULL, 'gt', '0'),
('dime.find', 'submit', 1, 'find', 'museum', 'participating', 'eq', '1'),
('dime.find', 'submit', 1, 'find', 'process', NULL, 'eq', 'rejected'),
('dime.find', 'withhold', 0, 'find', 'visibility', NULL, 'eq', 'public');

-- --------------------------------------------------------

--
-- Table structure for table `ark_workflow_notify`
--

CREATE TABLE `ark_workflow_notify` (
  `id` int(11) NOT NULL,
  `schma` varchar(30) COLLATE utf8mb4_unicode_ci NOT NULL,
  `action` varchar(30) COLLATE utf8mb4_unicode_ci NOT NULL,
  `class` varchar(30) COLLATE utf8mb4_unicode_ci NOT NULL,
  `attribute` varchar(30) COLLATE utf8mb4_unicode_ci DEFAULT NULL,
  `role` varchar(30) COLLATE utf8mb4_unicode_ci DEFAULT NULL,
  `keyword` varchar(100) COLLATE utf8mb4_unicode_ci DEFAULT NULL
) ENGINE=InnoDB DEFAULT CHARSET=utf8mb4 COLLATE=utf8mb4_unicode_ci;

--
-- Dumping data for table `ark_workflow_notify`
--

INSERT INTO `ark_workflow_notify` (`id`, `schma`, `action`, `class`, `attribute`, `role`, `keyword`) VALUES
(1, 'core.actor', 'register', 'person', NULL, 'admin', NULL),
(2, 'dime.find', 'accession', 'find', 'finder', NULL, NULL),
(5, 'dime.find', 'appraise', 'find', 'finder', NULL, NULL),
(17, 'dime.find', 'destroy', 'find', 'custodian', NULL, NULL),
(18, 'dime.find', 'destroy', 'find', 'owner', NULL, NULL),
(19, 'dime.find', 'discard', 'find', 'custodian', NULL, NULL),
(20, 'dime.find', 'discard', 'find', 'owner', NULL, NULL),
(24, 'dime.find', 'lose', 'find', 'custodian', NULL, NULL),
(25, 'dime.find', 'lose', 'find', 'owner', NULL, NULL),
(29, 'dime.find', 'recover', 'find', 'custodian', NULL, NULL),
(30, 'dime.find', 'recover', 'find', 'owner', NULL, NULL),
(32, 'dime.find', 'reject', 'find', 'finder', NULL, NULL),
(34, 'dime.find', 'release', 'find', 'finder', NULL, NULL),
(39, 'dime.find', 'report', 'find', 'museum', NULL, NULL),
(41, 'dime.find', 'request', 'find', 'finder', NULL, NULL),
(55, 'dime.find', 'submit', 'find', 'museum', NULL, NULL),
(56, 'dime.find', 'claim', 'find', 'finder', NULL, NULL);

-- --------------------------------------------------------

--
-- Table structure for table `ark_workflow_trigger`
--

CREATE TABLE `ark_workflow_trigger` (
  `schma` varchar(30) COLLATE utf8mb4_unicode_ci NOT NULL,
  `action` varchar(30) COLLATE utf8mb4_unicode_ci NOT NULL,
  `trigger_schma` varchar(30) COLLATE utf8mb4_unicode_ci NOT NULL,
  `trigger_action` varchar(30) COLLATE utf8mb4_unicode_ci NOT NULL
) ENGINE=InnoDB DEFAULT CHARSET=utf8mb4 COLLATE=utf8mb4_unicode_ci;

-- --------------------------------------------------------

--
-- Table structure for table `ark_workflow_update`
--

CREATE TABLE `ark_workflow_update` (
  `schma` varchar(30) COLLATE utf8mb4_unicode_ci NOT NULL,
  `action` varchar(30) COLLATE utf8mb4_unicode_ci NOT NULL,
  `class` varchar(30) COLLATE utf8mb4_unicode_ci NOT NULL,
  `attribute` varchar(30) COLLATE utf8mb4_unicode_ci NOT NULL,
  `actor` tinyint(1) DEFAULT NULL,
  `subject` tinyint(1) DEFAULT NULL,
  `clear` tinyint(1) DEFAULT NULL,
  `term` varchar(30) COLLATE utf8mb4_unicode_ci DEFAULT NULL,
  `id` varchar(30) COLLATE utf8mb4_unicode_ci DEFAULT NULL,
  `source` varchar(30) COLLATE utf8mb4_unicode_ci DEFAULT NULL
) ENGINE=InnoDB DEFAULT CHARSET=utf8mb4 COLLATE=utf8mb4_unicode_ci;

--
-- Dumping data for table `ark_workflow_update`
--

INSERT INTO `ark_workflow_update` (`schma`, `action`, `class`, `attribute`, `actor`, `subject`, `clear`, `term`, `id`, `source`) VALUES
('core.actor', 'disable', 'person', 'status', NULL, NULL, NULL, 'disabled', NULL, NULL),
('core.actor', 'enable', 'person', 'status', NULL, NULL, NULL, 'enabled', NULL, NULL),
('core.actor', 'expire', 'person', 'status', NULL, NULL, NULL, 'expired', NULL, NULL),
('core.actor', 'lock', 'person', 'status', NULL, NULL, NULL, 'locked', NULL, NULL),
('core.actor', 'register', 'person', 'status', NULL, NULL, NULL, 'registered', NULL, NULL),
('core.actor', 'verify', 'person', 'status', NULL, NULL, NULL, 'verified', NULL, NULL),
('dime.find', 'accession', 'find', 'custodian', NULL, NULL, NULL, NULL, NULL, 'museum'),
('dime.find', 'accession', 'find', 'custody', NULL, NULL, NULL, 'held', NULL, NULL),
('dime.find', 'accession', 'find', 'owner', NULL, NULL, NULL, NULL, NULL, 'museum'),
('dime.find', 'accession', 'find', 'process', NULL, NULL, NULL, 'accessioned', NULL, NULL),
('dime.find', 'accession', 'find', 'recipient', NULL, NULL, 1, NULL, NULL, NULL),
('dime.find', 'accession', 'find', 'treasure', NULL, NULL, NULL, 'not', NULL, NULL),
('dime.find', 'appraise', 'find', 'custodian', 1, NULL, NULL, NULL, 'NMD', NULL),
('dime.find', 'appraise', 'find', 'custody', NULL, NULL, NULL, 'held', NULL, NULL),
('dime.find', 'appraise', 'find', 'owner', 1, NULL, NULL, NULL, 'NMD', NULL),
('dime.find', 'appraise', 'find', 'process', NULL, NULL, NULL, 'appraised', NULL, NULL),
('dime.find', 'appraise', 'find', 'recipient', NULL, NULL, 1, NULL, NULL, NULL),
('dime.find', 'appraise', 'find', 'treasure', NULL, NULL, NULL, 'treasure', NULL, NULL),
('dime.find', 'claim', 'find', 'custody', NULL, NULL, NULL, 'sent', NULL, NULL),
('dime.find', 'claim', 'find', 'process', NULL, NULL, NULL, 'claimed', NULL, NULL),
('dime.find', 'claim', 'find', 'recipient', 1, NULL, NULL, NULL, 'NMD', NULL),
('dime.find', 'claim', 'find', 'treasure', NULL, NULL, NULL, 'appraisal', NULL, NULL),
('dime.find', 'destroy', 'find', 'custody', NULL, NULL, NULL, 'destroyed', NULL, NULL),
('dime.find', 'discard', 'find', 'custody', NULL, NULL, NULL, 'discarded', NULL, NULL),
('dime.find', 'evaluate', 'find', 'custodian', NULL, NULL, NULL, NULL, NULL, 'museum'),
('dime.find', 'evaluate', 'find', 'custody', NULL, NULL, NULL, 'held', NULL, NULL),
('dime.find', 'evaluate', 'find', 'process', NULL, NULL, NULL, 'evaluated', NULL, NULL),
('dime.find', 'evaluate', 'find', 'recipient', NULL, NULL, 1, NULL, NULL, NULL),
('dime.find', 'lose', 'find', 'custody', NULL, NULL, NULL, 'lost', NULL, NULL),
('dime.find', 'publish', 'find', 'publish', NULL, NULL, 1, NULL, NULL, NULL),
('dime.find', 'publish', 'find', 'visibility', NULL, NULL, NULL, 'public', NULL, NULL),
('dime.find', 'record', 'find', 'custodian', 1, NULL, NULL, NULL, NULL, NULL),
('dime.find', 'record', 'find', 'custody', NULL, NULL, NULL, 'held', NULL, NULL),
('dime.find', 'record', 'find', 'finder', 1, NULL, NULL, NULL, NULL, NULL),
('dime.find', 'record', 'find', 'owner', 1, NULL, NULL, NULL, NULL, NULL),
('dime.find', 'record', 'find', 'process', NULL, NULL, NULL, 'recorded', NULL, NULL),
('dime.find', 'record', 'find', 'treasure', NULL, NULL, NULL, 'pending', NULL, NULL),
('dime.find', 'recover', 'find', 'custody', NULL, NULL, NULL, 'held', NULL, NULL),
('dime.find', 'reject', 'find', 'process', NULL, NULL, NULL, 'rejected', NULL, NULL),
('dime.find', 'release', 'find', 'custodian', NULL, NULL, NULL, NULL, NULL, 'museum'),
('dime.find', 'release', 'find', 'custody', NULL, NULL, NULL, 'sent', NULL, NULL),
('dime.find', 'release', 'find', 'owner', NULL, NULL, NULL, NULL, NULL, 'finder'),
('dime.find', 'release', 'find', 'process', NULL, NULL, NULL, 'released', NULL, NULL),
('dime.find', 'release', 'find', 'recipient', NULL, NULL, NULL, NULL, NULL, 'finder'),
('dime.find', 'release', 'find', 'treasure', NULL, NULL, NULL, 'not', NULL, NULL),
('dime.find', 'report', 'find', 'process', NULL, NULL, NULL, 'reported', NULL, NULL),
('dime.find', 'request', 'find', 'custody', NULL, NULL, NULL, 'requested', NULL, NULL),
('dime.find', 'send', 'find', 'custody', NULL, NULL, NULL, 'sent', NULL, NULL),
('dime.find', 'send', 'find', 'recipient', NULL, NULL, NULL, NULL, NULL, 'museum'),
('dime.find', 'submit', 'find', 'custody', NULL, NULL, NULL, 'sent', NULL, NULL),
('dime.find', 'submit', 'find', 'process', NULL, NULL, NULL, 'reported', NULL, NULL),
('dime.find', 'submit', 'find', 'recipient', NULL, NULL, NULL, NULL, NULL, 'museum'),
('dime.find', 'withhold', 'find', 'visibility', NULL, NULL, NULL, 'restricted', NULL, NULL);

--
-- Indexes for dumped tables
--

--
-- Indexes for table `ark_dataclass`
--
ALTER TABLE `ark_dataclass`
  ADD PRIMARY KEY (`dataclass`),
  ADD KEY `datatype_foreign` (`datatype`) USING BTREE,
  ADD KEY `keyword_foreign` (`keyword`) USING BTREE,
  ADD KEY `parameter_foreign` (`parameter_vocabulary`) USING BTREE,
  ADD KEY `format_foreign` (`format_vocabulary`) USING BTREE;

--
-- Indexes for table `ark_dataclass_attribute`
--
ALTER TABLE `ark_dataclass_attribute`
  ADD PRIMARY KEY (`parent`,`attribute`),
  ADD KEY `vocabulary_foreign` (`vocabulary`) USING BTREE,
  ADD KEY `keyword_foreign` (`keyword`) USING BTREE,
  ADD KEY `dataclass_foreign` (`dataclass`) USING BTREE,
  ADD KEY `parent_foreign` (`parent`) USING BTREE;

--
-- Indexes for table `ark_dataclass_blob`
--
ALTER TABLE `ark_dataclass_blob`
  ADD PRIMARY KEY (`dataclass`);

--
-- Indexes for table `ark_dataclass_boolean`
--
ALTER TABLE `ark_dataclass_boolean`
  ADD PRIMARY KEY (`dataclass`);

--
-- Indexes for table `ark_dataclass_date`
--
ALTER TABLE `ark_dataclass_date`
  ADD PRIMARY KEY (`dataclass`);

--
-- Indexes for table `ark_dataclass_datetime`
--
ALTER TABLE `ark_dataclass_datetime`
  ADD PRIMARY KEY (`dataclass`);

--
-- Indexes for table `ark_dataclass_decimal`
--
ALTER TABLE `ark_dataclass_decimal`
  ADD PRIMARY KEY (`dataclass`);

--
-- Indexes for table `ark_dataclass_float`
--
ALTER TABLE `ark_dataclass_float`
  ADD PRIMARY KEY (`dataclass`);

--
-- Indexes for table `ark_dataclass_integer`
--
ALTER TABLE `ark_dataclass_integer`
  ADD PRIMARY KEY (`dataclass`);

--
-- Indexes for table `ark_dataclass_item`
--
ALTER TABLE `ark_dataclass_item`
  ADD PRIMARY KEY (`dataclass`),
  ADD KEY `module_foreign` (`module`) USING BTREE;

--
-- Indexes for table `ark_dataclass_spatial`
--
ALTER TABLE `ark_dataclass_spatial`
  ADD PRIMARY KEY (`dataclass`);

--
-- Indexes for table `ark_dataclass_string`
--
ALTER TABLE `ark_dataclass_string`
  ADD PRIMARY KEY (`dataclass`);

--
-- Indexes for table `ark_dataclass_structure`
--
ALTER TABLE `ark_dataclass_structure`
  ADD PRIMARY KEY (`dataclass`);

--
-- Indexes for table `ark_dataclass_text`
--
ALTER TABLE `ark_dataclass_text`
  ADD PRIMARY KEY (`dataclass`);

--
-- Indexes for table `ark_dataclass_time`
--
ALTER TABLE `ark_dataclass_time`
  ADD PRIMARY KEY (`dataclass`);

--
-- Indexes for table `ark_dataclass_type`
--
ALTER TABLE `ark_dataclass_type`
  ADD PRIMARY KEY (`datatype`),
  ADD KEY `format_foreign` (`format_vocabulary`) USING BTREE,
  ADD KEY `parameter_foreign` (`parameter_vocabulary`) USING BTREE,
  ADD KEY `datatype_foreign` (`keyword`) USING BTREE;

--
-- Indexes for table `ark_map`
--
ALTER TABLE `ark_map`
  ADD PRIMARY KEY (`map`),
  ADD KEY `keyword_foreign` (`keyword`) USING BTREE;

--
-- Indexes for table `ark_map_layer`
--
ALTER TABLE `ark_map_layer`
  ADD PRIMARY KEY (`source`,`layer`),
  ADD KEY `keyword_foreign` (`keyword`) USING BTREE,
  ADD KEY `source_foreign` (`source`) USING BTREE;

--
-- Indexes for table `ark_map_legend`
--
ALTER TABLE `ark_map_legend`
  ADD PRIMARY KEY (`map`,`source`,`layer`),
  ADD UNIQUE KEY `sequence_unique` (`map`,`source`,`layer`,`seq`) USING BTREE,
  ADD KEY `layer_foreign` (`source`,`layer`) USING BTREE,
  ADD KEY `keyword_foreign` (`keyword`) USING BTREE,
  ADD KEY `map_foreign` (`map`) USING BTREE;

--
-- Indexes for table `ark_map_source`
--
ALTER TABLE `ark_map_source`
  ADD PRIMARY KEY (`source`),
  ADD KEY `keyword_foreign` (`keyword`) USING BTREE;

--
-- Indexes for table `ark_model`
--
ALTER TABLE `ark_model`
  ADD PRIMARY KEY (`model`),
  ADD KEY `model_keyword_constraint` (`keyword`);

--
-- Indexes for table `ark_model_association`
--
ALTER TABLE `ark_model_association`
  ADD PRIMARY KEY (`model`,`schma`,`class`,`association`),
  ADD KEY `keyword_foreign` (`keyword`),
  ADD KEY `schema_foreign` (`schma`),
  ADD KEY `schema1_foreign` (`schema1`),
  ADD KEY `schema2_foreign` (`schema2`),
  ADD KEY `model_foreign` (`model`);

--
-- Indexes for table `ark_model_attribute`
--
ALTER TABLE `ark_model_attribute`
  ADD PRIMARY KEY (`schma`,`class`,`attribute`),
  ADD KEY `dataclass_foreign` (`dataclass`),
  ADD KEY `vocabulary_foreign` (`vocabulary`),
  ADD KEY `view_foreign` (`view_permission`),
  ADD KEY `edit_foreign` (`edit_permission`),
  ADD KEY `keyword_foreign` (`keyword`),
  ADD KEY `schema_foreign` (`schma`),
  ADD KEY `schema_attribte_event_constraint` (`vocabulary`,`event`);

--
-- Indexes for table `ark_model_item`
--
ALTER TABLE `ark_model_item`
  ADD PRIMARY KEY (`attribute`),
  ADD KEY `dataclass_foreign` (`dataclass`) USING BTREE,
  ADD KEY `vocabulary_foreign` (`vocabulary`) USING BTREE;

--
-- Indexes for table `ark_model_module`
--
ALTER TABLE `ark_model_module`
  ADD PRIMARY KEY (`module`),
  ADD UNIQUE KEY `tbl_unique` (`tbl`),
  ADD KEY `keyword_foreign` (`keyword`);

--
-- Indexes for table `ark_model_root`
--
ALTER TABLE `ark_model_root`
  ADD PRIMARY KEY (`model`,`schma`,`class`),
  ADD KEY `schema_foreign` (`schma`),
  ADD KEY `instance_foreign` (`model`),
  ADD KEY `model_root_class_constraint` (`schma`,`class`);

--
-- Indexes for table `ark_model_schema`
--
ALTER TABLE `ark_model_schema`
  ADD PRIMARY KEY (`schma`),
  ADD KEY `module` (`module`),
  ADD KEY `vocabulary_foreign` (`class_vocabulary`),
  ADD KEY `keyword_foreign` (`keyword`),
  ADD KEY `new_foreign` (`create_permission`),
  ADD KEY `remove_foreign` (`delete_permission`),
  ADD KEY `edit_foreign` (`update_permission`),
  ADD KEY `view_foreign` (`read_permission`),
  ADD KEY `route_foreign` (`route`) USING BTREE;

--
-- Indexes for table `ark_model_subschema`
--
ALTER TABLE `ark_model_subschema`
  ADD PRIMARY KEY (`model`,`schma`,`class`,`subschema`),
  ADD KEY `schema_foreign` (`schma`),
  ADD KEY `instance_foreign` (`model`),
  ADD KEY `model_subschema_subschema_constraint` (`subschema`),
  ADD KEY `model_subschema_schema_constraint` (`schma`,`class`);

--
-- Indexes for table `ark_route`
--
ALTER TABLE `ark_route`
  ADD PRIMARY KEY (`route`),
  ADD KEY `page_foreign` (`view`) USING BTREE,
  ADD KEY `redirect_foreign` (`redirect`) USING BTREE;

--
-- Indexes for table `ark_route_parameter`
--
ALTER TABLE `ark_route_parameter`
  ADD PRIMARY KEY (`route`,`parameter`) USING BTREE,
  ADD KEY `route_foreign` (`route`) USING BTREE;

--
-- Indexes for table `ark_route_path`
--
ALTER TABLE `ark_route_path`
  ADD PRIMARY KEY (`route`,`language`),
  ADD KEY `language_foreign` (`language`) USING BTREE,
  ADD KEY `route_foreign` (`route`);

--
-- Indexes for table `ark_security_grant`
--
ALTER TABLE `ark_security_grant`
  ADD PRIMARY KEY (`role`,`permission`),
  ADD KEY `role_foreign` (`role`) USING BTREE,
  ADD KEY `permission_foreign` (`permission`) USING BTREE;

--
-- Indexes for table `ark_security_permission`
--
ALTER TABLE `ark_security_permission`
  ADD PRIMARY KEY (`permission`),
  ADD KEY `keyword_foreign` (`keyword`) USING BTREE;

--
-- Indexes for table `ark_security_role`
--
ALTER TABLE `ark_security_role`
  ADD PRIMARY KEY (`role`),
  ADD KEY `keyword_foreign` (`keyword`) USING BTREE;

--
-- Indexes for table `ark_translation_domain`
--
ALTER TABLE `ark_translation_domain`
  ADD PRIMARY KEY (`domain`),
  ADD KEY `keyword_foreign` (`keyword`) USING BTREE;

--
-- Indexes for table `ark_translation_keyword`
--
ALTER TABLE `ark_translation_keyword`
  ADD PRIMARY KEY (`keyword`),
  ADD KEY `domain_foreign` (`domain`) USING BTREE;

--
-- Indexes for table `ark_translation_language`
--
ALTER TABLE `ark_translation_language`
  ADD PRIMARY KEY (`language`);

--
-- Indexes for table `ark_translation_message`
--
ALTER TABLE `ark_translation_message`
  ADD PRIMARY KEY (`language`,`keyword`,`role`),
  ADD KEY `keyword_foreign` (`keyword`) USING BTREE,
  ADD KEY `language_foreign` (`language`) USING BTREE,
  ADD KEY `role_foreign` (`role`) USING BTREE;

--
-- Indexes for table `ark_translation_parameter`
--
ALTER TABLE `ark_translation_parameter`
  ADD PRIMARY KEY (`keyword`,`parameter`),
  ADD KEY `keyword_foreign` (`keyword`) USING BTREE;

--
-- Indexes for table `ark_translation_role`
--
ALTER TABLE `ark_translation_role`
  ADD PRIMARY KEY (`role`),
  ADD KEY `keyword_foreign` (`keyword`) USING BTREE;

--
-- Indexes for table `ark_view_cell`
--
ALTER TABLE `ark_view_cell`
  ADD PRIMARY KEY (`grp`,`class`,`row`,`col`,`seq`),
  ADD KEY `element_foreign` (`element`) USING BTREE,
  ADD KEY `map_foreign` (`map`) USING BTREE,
  ADD KEY `keyword_foreign` (`keyword`) USING BTREE,
  ADD KEY `vocabulary_foreign` (`vocabulary`) USING BTREE,
  ADD KEY `grp_foreign` (`grp`) USING BTREE,
  ADD KEY `view_foreign` (`view_permission`) USING BTREE,
  ADD KEY `edit_foreign` (`edit_permission`) USING BTREE,
  ADD KEY `action_foreign` (`action_schema`,`action`) USING BTREE;

--
-- Indexes for table `ark_view_element`
--
ALTER TABLE `ark_view_element`
  ADD PRIMARY KEY (`element`),
  ADD KEY `type_foreign` (`type`) USING BTREE;

--
-- Indexes for table `ark_view_field`
--
ALTER TABLE `ark_view_field`
  ADD PRIMARY KEY (`element`),
  ADD KEY `attribute_foreign` (`schma`,`class`,`attribute`) USING BTREE,
  ADD KEY `keyword_foreign` (`keyword`) USING BTREE;

--
-- Indexes for table `ark_view_form`
--
ALTER TABLE `ark_view_form`
  ADD PRIMARY KEY (`element`),
  ADD KEY `keyword_foreign` (`keyword`) USING BTREE,
  ADD KEY `route_foreign` (`action`) USING BTREE;

--
-- Indexes for table `ark_view_group`
--
ALTER TABLE `ark_view_group`
  ADD PRIMARY KEY (`element`),
  ADD KEY `keyword_foreign` (`keyword`) USING BTREE;

--
-- Indexes for table `ark_view_nav`
--
ALTER TABLE `ark_view_nav`
  ADD PRIMARY KEY (`element`),
  ADD UNIQUE KEY `sequence_unique` (`parent`,`seq`) USING BTREE,
  ADD KEY `parent_foreign` (`parent`) USING BTREE,
  ADD KEY `keyword_foreign` (`keyword`) USING BTREE;

--
-- Indexes for table `ark_view_page`
--
ALTER TABLE `ark_view_page`
  ADD PRIMARY KEY (`element`),
  ADD KEY `navbar_foreign` (`header`) USING BTREE,
  ADD KEY `sidebar_foreign` (`sidebar`) USING BTREE,
  ADD KEY `content_foreign` (`content`) USING BTREE,
  ADD KEY `footer_foreign` (`footer`) USING BTREE,
  ADD KEY `view_foreign` (`view_permission`) USING BTREE,
  ADD KEY `edit_foreign` (`edit_permission`) USING BTREE,
  ADD KEY `keyword_foreign` (`keyword`) USING BTREE;

--
-- Indexes for table `ark_view_table`
--
ALTER TABLE `ark_view_table`
  ADD PRIMARY KEY (`element`),
  ADD KEY `keyword_foreign` (`keyword`) USING BTREE;

--
-- Indexes for table `ark_view_tree`
--
ALTER TABLE `ark_view_tree`
  ADD PRIMARY KEY (`id`),
  ADD KEY `depth` (`depth`),
  ADD KEY `ancestor_foreign` (`ancestor`) USING BTREE,
  ADD KEY `descendent_foreign` (`descendant`) USING BTREE;

--
-- Indexes for table `ark_view_type`
--
ALTER TABLE `ark_view_type`
  ADD PRIMARY KEY (`type`),
  ADD KEY `keyword_foreign` (`keyword`) USING BTREE;

--
-- Indexes for table `ark_view_widget`
--
ALTER TABLE `ark_view_widget`
  ADD PRIMARY KEY (`element`),
  ADD KEY `keyword_foreign` (`keyword`) USING BTREE;

--
-- Indexes for table `ark_vocabulary_concept`
--
ALTER TABLE `ark_vocabulary_concept`
  ADD PRIMARY KEY (`concept`),
  ADD KEY `type_foreign` (`type`) USING BTREE,
  ADD KEY `keyword_foreign` (`keyword`) USING BTREE;

--
-- Indexes for table `ark_vocabulary_parameter`
--
ALTER TABLE `ark_vocabulary_parameter`
  ADD PRIMARY KEY (`concept`,`term`,`parameter`),
  ADD KEY `term_foreign` (`concept`,`term`) USING BTREE;

--
-- Indexes for table `ark_vocabulary_related`
--
ALTER TABLE `ark_vocabulary_related`
  ADD PRIMARY KEY (`from_concept`,`from_term`,`to_concept`,`to_term`),
  ADD KEY `relation_foreign` (`relation`) USING BTREE,
  ADD KEY `from_foreign` (`from_concept`,`from_term`) USING BTREE,
  ADD KEY `to_foreign` (`to_concept`,`to_term`) USING BTREE;

--
-- Indexes for table `ark_vocabulary_relation`
--
ALTER TABLE `ark_vocabulary_relation`
  ADD PRIMARY KEY (`relation`);

--
-- Indexes for table `ark_vocabulary_term`
--
ALTER TABLE `ark_vocabulary_term`
  ADD PRIMARY KEY (`concept`,`term`),
  ADD UNIQUE KEY `keyword_unique` (`keyword`) USING BTREE,
  ADD KEY `concept_foreign` (`concept`) USING BTREE;

--
-- Indexes for table `ark_vocabulary_type`
--
ALTER TABLE `ark_vocabulary_type`
  ADD PRIMARY KEY (`type`),
  ADD KEY `keyword_foreign` (`keyword`) USING BTREE;

--
-- Indexes for table `ark_workflow_action`
--
ALTER TABLE `ark_workflow_action`
  ADD PRIMARY KEY (`schma`,`action`),
  ADD KEY `schema_foreign` (`schma`) USING BTREE,
  ADD KEY `keyword_foreign` (`keyword`) USING BTREE,
  ADD KEY `event_foreign` (`event_vocabulary`,`event_term`) USING BTREE;

--
-- Indexes for table `ark_workflow_agency`
--
ALTER TABLE `ark_workflow_agency`
  ADD PRIMARY KEY (`schma`,`action`,`class`,`attribute`,`grp`),
  ADD KEY `attribute_foreign` (`schma`,`class`,`attribute`) USING BTREE,
  ADD KEY `action_foreign` (`schma`,`action`) USING BTREE,
  ADD KEY `condition_foreign` (`schma`,`class`,`condition_attribute`) USING BTREE;

--
-- Indexes for table `ark_workflow_allow`
--
ALTER TABLE `ark_workflow_allow`
  ADD PRIMARY KEY (`schma`,`action`,`role`),
  ADD KEY `action_foreign` (`schma`,`action`) USING BTREE,
  ADD KEY `schema_foreign` (`schma`) USING BTREE,
  ADD KEY `role_foreign` (`role`) USING BTREE;

--
-- Indexes for table `ark_workflow_condition`
--
ALTER TABLE `ark_workflow_condition`
  ADD PRIMARY KEY (`schma`,`action`,`grp`,`class`,`attribute`),
  ADD KEY `action_foreign` (`schma`,`action`) USING BTREE,
  ADD KEY `attribute_foreign` (`schma`,`class`,`attribute`) USING BTREE;

--
-- Indexes for table `ark_workflow_notify`
--
ALTER TABLE `ark_workflow_notify`
  ADD PRIMARY KEY (`id`),
  ADD KEY `attribute_foreign` (`schma`,`class`,`attribute`) USING BTREE,
  ADD KEY `keyword_foreign` (`keyword`) USING BTREE,
  ADD KEY `action_foreign` (`schma`,`action`) USING BTREE,
  ADD KEY `role_foreign` (`role`) USING BTREE;

--
-- Indexes for table `ark_workflow_trigger`
--
ALTER TABLE `ark_workflow_trigger`
  ADD PRIMARY KEY (`schma`,`action`,`trigger_schma`,`trigger_action`),
  ADD KEY `schema_foreign` (`schma`) USING BTREE,
  ADD KEY `action_foreign` (`schma`,`action`) USING BTREE,
  ADD KEY `trigger_foreign` (`trigger_schma`,`trigger_action`) USING BTREE;

--
-- Indexes for table `ark_workflow_update`
--
ALTER TABLE `ark_workflow_update`
  ADD PRIMARY KEY (`schma`,`action`,`class`,`attribute`),
  ADD KEY `schema_foreign` (`schma`,`class`,`attribute`) USING BTREE,
  ADD KEY `action_foreign` (`schma`,`action`) USING BTREE,
  ADD KEY `source_foreign` (`schma`,`class`,`source`) USING BTREE;

--
-- AUTO_INCREMENT for dumped tables
--

--
-- AUTO_INCREMENT for table `ark_view_tree`
--
ALTER TABLE `ark_view_tree`
  MODIFY `id` int(11) NOT NULL AUTO_INCREMENT, AUTO_INCREMENT=18;

--
-- AUTO_INCREMENT for table `ark_workflow_notify`
--
ALTER TABLE `ark_workflow_notify`
  MODIFY `id` int(11) NOT NULL AUTO_INCREMENT, AUTO_INCREMENT=57;

--
-- Constraints for dumped tables
--

--
-- Constraints for table `ark_dataclass`
--
ALTER TABLE `ark_dataclass`
  ADD CONSTRAINT `dataclass_datatype_constraint` FOREIGN KEY (`datatype`) REFERENCES `ark_dataclass_type` (`datatype`) ON UPDATE CASCADE,
  ADD CONSTRAINT `dataclass_format_constraint` FOREIGN KEY (`format_vocabulary`) REFERENCES `ark_vocabulary_concept` (`concept`) ON UPDATE CASCADE,
  ADD CONSTRAINT `dataclass_keyword_constraint` FOREIGN KEY (`keyword`) REFERENCES `ark_translation_keyword` (`keyword`) ON DELETE SET NULL ON UPDATE CASCADE,
  ADD CONSTRAINT `dataclass_parameter_constraint` FOREIGN KEY (`parameter_vocabulary`) REFERENCES `ark_vocabulary_concept` (`concept`) ON UPDATE CASCADE;

--
-- Constraints for table `ark_dataclass_attribute`
--
ALTER TABLE `ark_dataclass_attribute`
  ADD CONSTRAINT `dataclass_attribute_dataclass_constraint` FOREIGN KEY (`dataclass`) REFERENCES `ark_dataclass` (`dataclass`) ON UPDATE CASCADE,
  ADD CONSTRAINT `dataclass_attribute_keyword_constraint` FOREIGN KEY (`keyword`) REFERENCES `ark_translation_keyword` (`keyword`) ON DELETE SET NULL ON UPDATE CASCADE,
  ADD CONSTRAINT `dataclass_attribute_parent_constraint` FOREIGN KEY (`parent`) REFERENCES `ark_dataclass` (`dataclass`) ON DELETE CASCADE ON UPDATE CASCADE,
  ADD CONSTRAINT `dataclass_attribute_vocabulary_constraint` FOREIGN KEY (`vocabulary`) REFERENCES `ark_vocabulary_concept` (`concept`) ON UPDATE CASCADE;

--
-- Constraints for table `ark_dataclass_blob`
--
ALTER TABLE `ark_dataclass_blob`
  ADD CONSTRAINT `dataclass_blob_dataclass_constraint` FOREIGN KEY (`dataclass`) REFERENCES `ark_dataclass` (`dataclass`) ON DELETE CASCADE ON UPDATE CASCADE;

--
-- Constraints for table `ark_dataclass_boolean`
--
ALTER TABLE `ark_dataclass_boolean`
  ADD CONSTRAINT `dataclass_boolean_dataclass_constraint` FOREIGN KEY (`dataclass`) REFERENCES `ark_dataclass` (`dataclass`) ON DELETE CASCADE ON UPDATE CASCADE;

--
-- Constraints for table `ark_dataclass_date`
--
ALTER TABLE `ark_dataclass_date`
  ADD CONSTRAINT `dataclass_date_dataclass_constraint` FOREIGN KEY (`dataclass`) REFERENCES `ark_dataclass` (`dataclass`) ON DELETE CASCADE ON UPDATE CASCADE;

--
-- Constraints for table `ark_dataclass_datetime`
--
ALTER TABLE `ark_dataclass_datetime`
  ADD CONSTRAINT `dataclass_datetime_dataclass_constraint` FOREIGN KEY (`dataclass`) REFERENCES `ark_dataclass` (`dataclass`) ON DELETE CASCADE ON UPDATE CASCADE;

--
-- Constraints for table `ark_dataclass_decimal`
--
ALTER TABLE `ark_dataclass_decimal`
  ADD CONSTRAINT `dataclass_decimal_dataclass_constraint` FOREIGN KEY (`dataclass`) REFERENCES `ark_dataclass` (`dataclass`) ON DELETE CASCADE ON UPDATE CASCADE;

--
-- Constraints for table `ark_dataclass_float`
--
ALTER TABLE `ark_dataclass_float`
  ADD CONSTRAINT `dataclass_float_dataclass_constraint` FOREIGN KEY (`dataclass`) REFERENCES `ark_dataclass` (`dataclass`) ON DELETE CASCADE ON UPDATE CASCADE;

--
-- Constraints for table `ark_dataclass_integer`
--
ALTER TABLE `ark_dataclass_integer`
  ADD CONSTRAINT `dataclass_integer_dataclass_constraint` FOREIGN KEY (`dataclass`) REFERENCES `ark_dataclass` (`dataclass`) ON DELETE CASCADE ON UPDATE CASCADE;

--
-- Constraints for table `ark_dataclass_item`
--
ALTER TABLE `ark_dataclass_item`
  ADD CONSTRAINT `dataclass_item_dataclass_constraint` FOREIGN KEY (`dataclass`) REFERENCES `ark_dataclass` (`dataclass`) ON DELETE CASCADE ON UPDATE CASCADE,
  ADD CONSTRAINT `dataclass_item_module_constraint` FOREIGN KEY (`module`) REFERENCES `ark_module` (`module`) ON DELETE CASCADE ON UPDATE CASCADE;

--
-- Constraints for table `ark_dataclass_spatial`
--
ALTER TABLE `ark_dataclass_spatial`
  ADD CONSTRAINT `dataclass_spatial_dataclass_constraint` FOREIGN KEY (`dataclass`) REFERENCES `ark_dataclass` (`dataclass`) ON DELETE CASCADE ON UPDATE CASCADE;

--
-- Constraints for table `ark_dataclass_string`
--
ALTER TABLE `ark_dataclass_string`
  ADD CONSTRAINT `dataclass_string_dataclass_constraint` FOREIGN KEY (`dataclass`) REFERENCES `ark_dataclass` (`dataclass`) ON DELETE CASCADE ON UPDATE CASCADE;

--
-- Constraints for table `ark_dataclass_structure`
--
ALTER TABLE `ark_dataclass_structure`
  ADD CONSTRAINT `dataclass_structure_dataclass_constraint` FOREIGN KEY (`dataclass`) REFERENCES `ark_dataclass` (`dataclass`) ON DELETE CASCADE ON UPDATE CASCADE;

--
-- Constraints for table `ark_dataclass_text`
--
ALTER TABLE `ark_dataclass_text`
  ADD CONSTRAINT `dataclass_text_dataclass_constraint` FOREIGN KEY (`dataclass`) REFERENCES `ark_dataclass` (`dataclass`) ON DELETE CASCADE ON UPDATE CASCADE;

--
-- Constraints for table `ark_dataclass_time`
--
ALTER TABLE `ark_dataclass_time`
  ADD CONSTRAINT `dataclass_time_dataclass_constraint` FOREIGN KEY (`dataclass`) REFERENCES `ark_dataclass` (`dataclass`) ON DELETE CASCADE ON UPDATE CASCADE;

--
-- Constraints for table `ark_dataclass_type`
--
ALTER TABLE `ark_dataclass_type`
  ADD CONSTRAINT `dataclass_type_format_constraint` FOREIGN KEY (`format_vocabulary`) REFERENCES `ark_vocabulary_concept` (`concept`) ON UPDATE CASCADE,
  ADD CONSTRAINT `dataclass_type_keyword_constraint` FOREIGN KEY (`keyword`) REFERENCES `ark_translation_keyword` (`keyword`) ON DELETE SET NULL ON UPDATE CASCADE,
  ADD CONSTRAINT `dataclass_type_parameter_constraint` FOREIGN KEY (`parameter_vocabulary`) REFERENCES `ark_vocabulary_concept` (`concept`) ON UPDATE CASCADE;

--
-- Constraints for table `ark_map`
--
ALTER TABLE `ark_map`
  ADD CONSTRAINT `map_keyword_constraint` FOREIGN KEY (`keyword`) REFERENCES `ark_translation_keyword` (`keyword`) ON DELETE SET NULL ON UPDATE CASCADE;

--
-- Constraints for table `ark_map_layer`
--
ALTER TABLE `ark_map_layer`
  ADD CONSTRAINT `map_layer_keyword_constraint` FOREIGN KEY (`keyword`) REFERENCES `ark_translation_keyword` (`keyword`) ON DELETE SET NULL ON UPDATE CASCADE,
  ADD CONSTRAINT `map_layer_source_constraint` FOREIGN KEY (`source`) REFERENCES `ark_map_source` (`source`) ON DELETE CASCADE ON UPDATE CASCADE;

--
-- Constraints for table `ark_map_legend`
--
ALTER TABLE `ark_map_legend`
  ADD CONSTRAINT `map_legend_keyword_constraint` FOREIGN KEY (`keyword`) REFERENCES `ark_translation_keyword` (`keyword`) ON DELETE SET NULL ON UPDATE CASCADE,
  ADD CONSTRAINT `map_legend_layer_constraint` FOREIGN KEY (`source`,`layer`) REFERENCES `ark_map_layer` (`source`, `layer`) ON DELETE CASCADE ON UPDATE CASCADE,
  ADD CONSTRAINT `map_legend_map_constraint` FOREIGN KEY (`map`) REFERENCES `ark_map` (`map`) ON DELETE CASCADE ON UPDATE CASCADE;

--
-- Constraints for table `ark_map_source`
--
ALTER TABLE `ark_map_source`
  ADD CONSTRAINT `map_source_keyword_constraint` FOREIGN KEY (`keyword`) REFERENCES `ark_translation_keyword` (`keyword`) ON DELETE SET NULL ON UPDATE CASCADE;

--
-- Constraints for table `ark_model`
--
ALTER TABLE `ark_model`
  ADD CONSTRAINT `model_keyword_constraint` FOREIGN KEY (`keyword`) REFERENCES `ark_translation_keyword` (`keyword`) ON DELETE SET NULL ON UPDATE CASCADE;

--
-- Constraints for table `ark_model_association`
--
ALTER TABLE `ark_model_association`
  ADD CONSTRAINT `model_association_keyword_constraint` FOREIGN KEY (`keyword`) REFERENCES `ark_translation_keyword` (`keyword`) ON DELETE SET NULL ON UPDATE CASCADE,
  ADD CONSTRAINT `model_association_model_constraint` FOREIGN KEY (`model`) REFERENCES `ark_model` (`model`) ON DELETE CASCADE ON UPDATE CASCADE,
  ADD CONSTRAINT `model_association_schema1_constraint` FOREIGN KEY (`schema1`) REFERENCES `ark_model_schema` (`schma`) ON DELETE CASCADE ON UPDATE CASCADE,
  ADD CONSTRAINT `model_association_schema2_constraint` FOREIGN KEY (`schema2`) REFERENCES `ark_model_schema` (`schma`) ON DELETE CASCADE ON UPDATE CASCADE,
  ADD CONSTRAINT `model_association_schema_constraint` FOREIGN KEY (`schma`) REFERENCES `ark_model_schema` (`schma`) ON DELETE CASCADE ON UPDATE CASCADE;

--
-- Constraints for table `ark_model_attribute`
--
ALTER TABLE `ark_model_attribute`
  ADD CONSTRAINT `model_attribte_event_constraint` FOREIGN KEY (`vocabulary`,`event`) REFERENCES `ark_vocabulary_term` (`concept`, `term`) ON DELETE SET NULL ON UPDATE CASCADE,
  ADD CONSTRAINT `model_attribute_dataclass_constraint` FOREIGN KEY (`dataclass`) REFERENCES `ark_dataclass` (`dataclass`) ON UPDATE CASCADE,
  ADD CONSTRAINT `model_attribute_edit_constraint` FOREIGN KEY (`edit_permission`) REFERENCES `ark_security_permission` (`permission`) ON UPDATE CASCADE,
  ADD CONSTRAINT `model_attribute_keyword_constraint` FOREIGN KEY (`keyword`) REFERENCES `ark_translation_keyword` (`keyword`) ON DELETE SET NULL ON UPDATE CASCADE,
  ADD CONSTRAINT `model_attribute_schema_constraint` FOREIGN KEY (`schma`) REFERENCES `ark_model_schema` (`schma`) ON DELETE CASCADE ON UPDATE CASCADE,
  ADD CONSTRAINT `model_attribute_view_constraint` FOREIGN KEY (`view_permission`) REFERENCES `ark_security_permission` (`permission`) ON UPDATE CASCADE,
  ADD CONSTRAINT `model_attribute_vocabulary_constraint` FOREIGN KEY (`vocabulary`) REFERENCES `ark_vocabulary_concept` (`concept`) ON UPDATE CASCADE;

--
-- Constraints for table `ark_model_item`
--
ALTER TABLE `ark_model_item`
  ADD CONSTRAINT `schema_item_dataclass_constraint` FOREIGN KEY (`dataclass`) REFERENCES `ark_dataclass` (`dataclass`) ON UPDATE CASCADE,
  ADD CONSTRAINT `schema_item_vocabulary_constraint` FOREIGN KEY (`vocabulary`) REFERENCES `ark_vocabulary_concept` (`concept`) ON UPDATE CASCADE;

--
-- Constraints for table `ark_model_module`
--
ALTER TABLE `ark_model_module`
  ADD CONSTRAINT `model_module_keyword_constraint` FOREIGN KEY (`keyword`) REFERENCES `ark_translation_keyword` (`keyword`) ON DELETE SET NULL ON UPDATE CASCADE;

--
-- Constraints for table `ark_model_root`
--
ALTER TABLE `ark_model_root`
  ADD CONSTRAINT `model_root_class_constraint` FOREIGN KEY (`schma`,`class`) REFERENCES `ark_model_class` (`schma`, `class`),
  ADD CONSTRAINT `model_root_model_constraint` FOREIGN KEY (`model`) REFERENCES `ark_model` (`model`) ON DELETE CASCADE ON UPDATE CASCADE;

--
-- Constraints for table `ark_model_schema`
--
ALTER TABLE `ark_model_schema`
  ADD CONSTRAINT `model_schema_edit_constraint` FOREIGN KEY (`update_permission`) REFERENCES `ark_security_permission` (`permission`) ON UPDATE CASCADE,
  ADD CONSTRAINT `model_schema_keyword_constraint` FOREIGN KEY (`keyword`) REFERENCES `ark_translation_keyword` (`keyword`) ON UPDATE CASCADE,
  ADD CONSTRAINT `model_schema_module_constraint` FOREIGN KEY (`module`) REFERENCES `ark_model_module` (`module`) ON DELETE CASCADE ON UPDATE CASCADE,
  ADD CONSTRAINT `model_schema_new_constraint` FOREIGN KEY (`create_permission`) REFERENCES `ark_security_permission` (`permission`) ON UPDATE CASCADE,
  ADD CONSTRAINT `model_schema_remove_constraint` FOREIGN KEY (`delete_permission`) REFERENCES `ark_security_permission` (`permission`) ON UPDATE CASCADE,
  ADD CONSTRAINT `model_schema_route_constraint` FOREIGN KEY (`route`) REFERENCES `ark_route` (`route`) ON DELETE SET NULL ON UPDATE CASCADE,
  ADD CONSTRAINT `model_schema_view_constraint` FOREIGN KEY (`read_permission`) REFERENCES `ark_security_permission` (`permission`) ON UPDATE CASCADE,
  ADD CONSTRAINT `model_schema_vocabulary_constraint` FOREIGN KEY (`class_vocabulary`) REFERENCES `ark_vocabulary_concept` (`concept`) ON UPDATE CASCADE;

--
-- Constraints for table `ark_model_subschema`
--
ALTER TABLE `ark_model_subschema`
  ADD CONSTRAINT `model_subschema_model_constraint` FOREIGN KEY (`model`) REFERENCES `ark_model` (`model`) ON DELETE CASCADE ON UPDATE CASCADE,
  ADD CONSTRAINT `model_subschema_schema_constraint` FOREIGN KEY (`schma`,`class`) REFERENCES `ark_model_class` (`schma`, `class`) ON DELETE CASCADE ON UPDATE CASCADE,
  ADD CONSTRAINT `model_subschema_subschema_constraint` FOREIGN KEY (`subschema`) REFERENCES `ark_model_schema` (`schma`) ON DELETE CASCADE ON UPDATE CASCADE;

--
-- Constraints for table `ark_route`
--
ALTER TABLE `ark_route`
  ADD CONSTRAINT `route_page_constraint` FOREIGN KEY (`view`) REFERENCES `ark_view_element` (`element`) ON DELETE SET NULL ON UPDATE CASCADE,
  ADD CONSTRAINT `route_redirect_constraint` FOREIGN KEY (`redirect`) REFERENCES `ark_route` (`route`) ON DELETE SET NULL ON UPDATE CASCADE;

--
-- Constraints for table `ark_route_parameter`
--
ALTER TABLE `ark_route_parameter`
  ADD CONSTRAINT `route_constraint` FOREIGN KEY (`route`) REFERENCES `ark_route` (`route`) ON DELETE CASCADE ON UPDATE CASCADE;

--
-- Constraints for table `ark_route_path`
--
ALTER TABLE `ark_route_path`
  ADD CONSTRAINT `ark_route_path_language_constraint` FOREIGN KEY (`language`) REFERENCES `ark_translation_language` (`language`) ON UPDATE CASCADE,
  ADD CONSTRAINT `ark_route_path_route_constraint` FOREIGN KEY (`route`) REFERENCES `ark_route` (`route`) ON DELETE CASCADE ON UPDATE CASCADE;

--
-- Constraints for table `ark_security_grant`
--
ALTER TABLE `ark_security_grant`
  ADD CONSTRAINT `workflow_grant_permission_constraint` FOREIGN KEY (`permission`) REFERENCES `ark_security_permission` (`permission`) ON DELETE CASCADE ON UPDATE CASCADE,
  ADD CONSTRAINT `workflow_grant_role_constraint` FOREIGN KEY (`role`) REFERENCES `ark_security_role` (`role`) ON DELETE CASCADE ON UPDATE CASCADE;

--
-- Constraints for table `ark_security_permission`
--
ALTER TABLE `ark_security_permission`
  ADD CONSTRAINT `workflow_permission_keyword_constraint` FOREIGN KEY (`keyword`) REFERENCES `ark_translation_keyword` (`keyword`) ON DELETE SET NULL ON UPDATE CASCADE;

--
-- Constraints for table `ark_security_role`
--
ALTER TABLE `ark_security_role`
  ADD CONSTRAINT `workflow_role_keyword_constraint` FOREIGN KEY (`keyword`) REFERENCES `ark_translation_keyword` (`keyword`) ON DELETE SET NULL ON UPDATE CASCADE;

--
-- Constraints for table `ark_translation_domain`
--
ALTER TABLE `ark_translation_domain`
  ADD CONSTRAINT `translation_domain_keyword_constraint` FOREIGN KEY (`keyword`) REFERENCES `ark_translation_keyword` (`keyword`) ON DELETE SET NULL ON UPDATE CASCADE;

--
-- Constraints for table `ark_translation_keyword`
--
ALTER TABLE `ark_translation_keyword`
  ADD CONSTRAINT `translation_domain_constraint` FOREIGN KEY (`domain`) REFERENCES `ark_translation_domain` (`domain`) ON UPDATE CASCADE;

--
-- Constraints for table `ark_translation_message`
--
ALTER TABLE `ark_translation_message`
  ADD CONSTRAINT `translation_message_keyword_constraint` FOREIGN KEY (`keyword`) REFERENCES `ark_translation_keyword` (`keyword`) ON DELETE CASCADE ON UPDATE CASCADE,
  ADD CONSTRAINT `translation_message_language_constraint` FOREIGN KEY (`language`) REFERENCES `ark_translation_language` (`language`) ON DELETE CASCADE ON UPDATE CASCADE,
  ADD CONSTRAINT `translation_message_role_constraint` FOREIGN KEY (`role`) REFERENCES `ark_translation_role` (`role`) ON DELETE CASCADE ON UPDATE CASCADE;

--
-- Constraints for table `ark_translation_parameter`
--
ALTER TABLE `ark_translation_parameter`
  ADD CONSTRAINT `translation_parameter_keyword_constraint` FOREIGN KEY (`keyword`) REFERENCES `ark_translation_keyword` (`keyword`) ON DELETE CASCADE ON UPDATE CASCADE;

--
-- Constraints for table `ark_translation_role`
--
ALTER TABLE `ark_translation_role`
  ADD CONSTRAINT `translation_role_keyword_constraint` FOREIGN KEY (`keyword`) REFERENCES `ark_translation_keyword` (`keyword`) ON DELETE SET NULL ON UPDATE CASCADE;

--
-- Constraints for table `ark_view_cell`
--
ALTER TABLE `ark_view_cell`
  ADD CONSTRAINT `view_cell_action_constraint` FOREIGN KEY (`action_schema`,`action`) REFERENCES `ark_workflow_action` (`schma`, `action`) ON UPDATE CASCADE,
  ADD CONSTRAINT `view_cell_edit_constraint` FOREIGN KEY (`edit_permission`) REFERENCES `ark_security_permission` (`permission`) ON UPDATE CASCADE,
  ADD CONSTRAINT `view_cell_element_constraint` FOREIGN KEY (`element`) REFERENCES `ark_view_element` (`element`) ON DELETE CASCADE ON UPDATE CASCADE,
  ADD CONSTRAINT `view_cell_group_constraint` FOREIGN KEY (`grp`) REFERENCES `ark_view_element` (`element`) ON DELETE CASCADE ON UPDATE CASCADE,
  ADD CONSTRAINT `view_cell_keyword_constraint` FOREIGN KEY (`keyword`) REFERENCES `ark_translation_keyword` (`keyword`) ON DELETE SET NULL ON UPDATE CASCADE,
  ADD CONSTRAINT `view_cell_map_constraint` FOREIGN KEY (`map`) REFERENCES `ark_map` (`map`) ON UPDATE CASCADE,
  ADD CONSTRAINT `view_cell_view_constraint` FOREIGN KEY (`view_permission`) REFERENCES `ark_security_permission` (`permission`) ON UPDATE CASCADE,
  ADD CONSTRAINT `view_cell_vocabulary_constraint` FOREIGN KEY (`vocabulary`) REFERENCES `ark_vocabulary_concept` (`concept`) ON UPDATE CASCADE;

--
-- Constraints for table `ark_view_element`
--
ALTER TABLE `ark_view_element`
  ADD CONSTRAINT `view_element_type_constraint` FOREIGN KEY (`type`) REFERENCES `ark_view_type` (`type`) ON UPDATE CASCADE;

--
-- Constraints for table `ark_view_field`
--
ALTER TABLE `ark_view_field`
  ADD CONSTRAINT `view_field_element_constraint` FOREIGN KEY (`element`) REFERENCES `ark_view_element` (`element`) ON DELETE CASCADE ON UPDATE CASCADE,
  ADD CONSTRAINT `view_field_keyword` FOREIGN KEY (`keyword`) REFERENCES `ark_translation_keyword` (`keyword`) ON DELETE SET NULL ON UPDATE CASCADE;

--
-- Constraints for table `ark_view_form`
--
ALTER TABLE `ark_view_form`
  ADD CONSTRAINT `view_form_element_constraint` FOREIGN KEY (`element`) REFERENCES `ark_view_element` (`element`) ON DELETE CASCADE ON UPDATE CASCADE,
  ADD CONSTRAINT `view_form_keyword_contraint` FOREIGN KEY (`keyword`) REFERENCES `ark_translation_keyword` (`keyword`) ON DELETE SET NULL ON UPDATE CASCADE,
  ADD CONSTRAINT `view_form_route_constraint` FOREIGN KEY (`action`) REFERENCES `ark_route` (`route`) ON UPDATE CASCADE;

--
-- Constraints for table `ark_view_group`
--
ALTER TABLE `ark_view_group`
  ADD CONSTRAINT `view_group_element_constraint` FOREIGN KEY (`element`) REFERENCES `ark_view_element` (`element`) ON DELETE CASCADE ON UPDATE CASCADE,
  ADD CONSTRAINT `view_group_keyword_contraint` FOREIGN KEY (`keyword`) REFERENCES `ark_translation_keyword` (`keyword`) ON DELETE SET NULL ON UPDATE CASCADE;

--
-- Constraints for table `ark_view_nav`
--
ALTER TABLE `ark_view_nav`
  ADD CONSTRAINT `view_nav_element_constraint` FOREIGN KEY (`element`) REFERENCES `ark_view_element` (`element`) ON DELETE CASCADE ON UPDATE CASCADE,
  ADD CONSTRAINT `view_nav_keyword_contraint` FOREIGN KEY (`keyword`) REFERENCES `ark_translation_keyword` (`keyword`) ON DELETE SET NULL ON UPDATE CASCADE,
  ADD CONSTRAINT `view_nav_parent_constraint` FOREIGN KEY (`parent`) REFERENCES `ark_view_nav` (`element`) ON DELETE CASCADE ON UPDATE CASCADE;

--
-- Constraints for table `ark_view_page`
--
ALTER TABLE `ark_view_page`
  ADD CONSTRAINT `view_page_content_constraint` FOREIGN KEY (`content`) REFERENCES `ark_view_element` (`element`) ON UPDATE CASCADE,
  ADD CONSTRAINT `view_page_edit_constraint` FOREIGN KEY (`edit_permission`) REFERENCES `ark_security_permission` (`permission`) ON UPDATE CASCADE,
  ADD CONSTRAINT `view_page_element_constraint` FOREIGN KEY (`element`) REFERENCES `ark_view_element` (`element`) ON DELETE CASCADE ON UPDATE CASCADE,
  ADD CONSTRAINT `view_page_footer_constraint` FOREIGN KEY (`footer`) REFERENCES `ark_view_element` (`element`) ON UPDATE CASCADE,
  ADD CONSTRAINT `view_page_header_constraint` FOREIGN KEY (`header`) REFERENCES `ark_view_element` (`element`) ON UPDATE CASCADE,
  ADD CONSTRAINT `view_page_keyword_contraint` FOREIGN KEY (`keyword`) REFERENCES `ark_translation_keyword` (`keyword`) ON DELETE SET NULL ON UPDATE CASCADE,
  ADD CONSTRAINT `view_page_sidebar_constraint` FOREIGN KEY (`sidebar`) REFERENCES `ark_view_element` (`element`) ON UPDATE CASCADE,
  ADD CONSTRAINT `view_page_view_constraint` FOREIGN KEY (`view_permission`) REFERENCES `ark_security_permission` (`permission`) ON UPDATE CASCADE;

--
-- Constraints for table `ark_view_table`
--
ALTER TABLE `ark_view_table`
  ADD CONSTRAINT `view_table_element_constraint` FOREIGN KEY (`element`) REFERENCES `ark_view_element` (`element`) ON DELETE CASCADE ON UPDATE CASCADE,
  ADD CONSTRAINT `viewtable_keyword_contraint` FOREIGN KEY (`keyword`) REFERENCES `ark_translation_keyword` (`keyword`) ON DELETE SET NULL ON UPDATE CASCADE;

--
-- Constraints for table `ark_view_tree`
--
ALTER TABLE `ark_view_tree`
  ADD CONSTRAINT `view_tree_ancestor_constraint` FOREIGN KEY (`ancestor`) REFERENCES `ark_view_element` (`element`) ON DELETE CASCADE ON UPDATE CASCADE,
  ADD CONSTRAINT `view_tree_descendent_constraint` FOREIGN KEY (`descendant`) REFERENCES `ark_view_element` (`element`) ON DELETE CASCADE ON UPDATE CASCADE;

--
-- Constraints for table `ark_view_type`
--
ALTER TABLE `ark_view_type`
  ADD CONSTRAINT `view_type_keyword_constraint` FOREIGN KEY (`keyword`) REFERENCES `ark_translation_keyword` (`keyword`) ON DELETE SET NULL ON UPDATE CASCADE;

--
-- Constraints for table `ark_view_widget`
--
ALTER TABLE `ark_view_widget`
  ADD CONSTRAINT `view_widget_element_constraint` FOREIGN KEY (`element`) REFERENCES `ark_view_element` (`element`) ON DELETE CASCADE ON UPDATE CASCADE,
  ADD CONSTRAINT `view_widget_keyword_contraint` FOREIGN KEY (`keyword`) REFERENCES `ark_translation_keyword` (`keyword`) ON DELETE SET NULL ON UPDATE CASCADE;

--
-- Constraints for table `ark_vocabulary_concept`
--
ALTER TABLE `ark_vocabulary_concept`
  ADD CONSTRAINT `vocabulary_keyword_constraint` FOREIGN KEY (`keyword`) REFERENCES `ark_translation_keyword` (`keyword`) ON DELETE SET NULL ON UPDATE CASCADE,
  ADD CONSTRAINT `vocabulary_type_constraint` FOREIGN KEY (`type`) REFERENCES `ark_vocabulary_type` (`type`) ON UPDATE CASCADE;

--
-- Constraints for table `ark_vocabulary_parameter`
--
ALTER TABLE `ark_vocabulary_parameter`
  ADD CONSTRAINT `vocabulary_parameter_term_constraint` FOREIGN KEY (`concept`,`term`) REFERENCES `ark_vocabulary_term` (`concept`, `term`) ON DELETE CASCADE ON UPDATE CASCADE;

--
-- Constraints for table `ark_vocabulary_related`
--
ALTER TABLE `ark_vocabulary_related`
  ADD CONSTRAINT `vocabulary_related_from_constraint` FOREIGN KEY (`from_concept`,`from_term`) REFERENCES `ark_vocabulary_term` (`concept`, `term`) ON DELETE CASCADE ON UPDATE CASCADE,
  ADD CONSTRAINT `vocabulary_related_relation_constraint` FOREIGN KEY (`relation`) REFERENCES `ark_vocabulary_relation` (`relation`) ON DELETE CASCADE,
  ADD CONSTRAINT `vocabulary_related_to_constraint` FOREIGN KEY (`to_concept`,`to_term`) REFERENCES `ark_vocabulary_term` (`concept`, `term`) ON DELETE CASCADE ON UPDATE CASCADE;

--
-- Constraints for table `ark_vocabulary_term`
--
ALTER TABLE `ark_vocabulary_term`
  ADD CONSTRAINT `vocabulary_term_concept_constraint` FOREIGN KEY (`concept`) REFERENCES `ark_vocabulary_concept` (`concept`) ON DELETE CASCADE ON UPDATE CASCADE,
  ADD CONSTRAINT `vocabulary_term_keyword_constraint` FOREIGN KEY (`keyword`) REFERENCES `ark_translation_keyword` (`keyword`) ON DELETE SET NULL ON UPDATE CASCADE;

--
-- Constraints for table `ark_vocabulary_type`
--
ALTER TABLE `ark_vocabulary_type`
  ADD CONSTRAINT `vocabulary_type_keyword_constraint` FOREIGN KEY (`keyword`) REFERENCES `ark_translation_keyword` (`keyword`) ON DELETE SET NULL ON UPDATE CASCADE;

--
-- Constraints for table `ark_workflow_action`
--
ALTER TABLE `ark_workflow_action`
  ADD CONSTRAINT `workflow_action_keyword_constraint` FOREIGN KEY (`keyword`) REFERENCES `ark_translation_keyword` (`keyword`) ON DELETE SET NULL ON UPDATE CASCADE,
  ADD CONSTRAINT `workflow_action_schema_constraint` FOREIGN KEY (`schma`) REFERENCES `ark_model_schema` (`schma`) ON DELETE CASCADE ON UPDATE CASCADE,
  ADD CONSTRAINT `workflow_action_term_constraint` FOREIGN KEY (`event_vocabulary`,`event_term`) REFERENCES `ark_vocabulary_term` (`concept`, `term`) ON UPDATE CASCADE;

--
-- Constraints for table `ark_workflow_agency`
--
ALTER TABLE `ark_workflow_agency`
  ADD CONSTRAINT `workflow_agency_action_constraint` FOREIGN KEY (`schma`,`action`) REFERENCES `ark_workflow_action` (`schma`, `action`) ON DELETE CASCADE ON UPDATE CASCADE,
  ADD CONSTRAINT `workflow_agency_attribute_constraint` FOREIGN KEY (`schma`,`class`,`attribute`) REFERENCES `ark_model_attribute` (`schma`, `class`, `attribute`) ON DELETE CASCADE ON UPDATE CASCADE,
  ADD CONSTRAINT `workflow_agency_condition_attribute_constraint` FOREIGN KEY (`schma`,`class`,`condition_attribute`) REFERENCES `ark_model_attribute` (`schma`, `class`, `attribute`) ON DELETE CASCADE ON UPDATE CASCADE;

--
-- Constraints for table `ark_workflow_allow`
--
ALTER TABLE `ark_workflow_allow`
  ADD CONSTRAINT `workflow_allow_action_constraint` FOREIGN KEY (`schma`,`action`) REFERENCES `ark_workflow_action` (`schma`, `action`) ON DELETE CASCADE ON UPDATE CASCADE,
  ADD CONSTRAINT `workflow_allow_role_constraint` FOREIGN KEY (`role`) REFERENCES `ark_security_role` (`role`) ON DELETE CASCADE ON UPDATE CASCADE;

--
-- Constraints for table `ark_workflow_condition`
--
ALTER TABLE `ark_workflow_condition`
  ADD CONSTRAINT `workflow_condition_action_constraint` FOREIGN KEY (`schma`,`action`) REFERENCES `ark_workflow_action` (`schma`, `action`) ON DELETE CASCADE ON UPDATE CASCADE,
  ADD CONSTRAINT `workflow_condition_attribute_constraint` FOREIGN KEY (`schma`,`class`,`attribute`) REFERENCES `ark_model_attribute` (`schma`, `class`, `attribute`) ON DELETE CASCADE ON UPDATE CASCADE;

--
-- Constraints for table `ark_workflow_notify`
--
ALTER TABLE `ark_workflow_notify`
  ADD CONSTRAINT `workflow_notify_action_constraint` FOREIGN KEY (`schma`,`action`) REFERENCES `ark_workflow_action` (`schma`, `action`) ON DELETE CASCADE ON UPDATE CASCADE,
  ADD CONSTRAINT `workflow_notify_attribute_constraint` FOREIGN KEY (`schma`,`class`,`attribute`) REFERENCES `ark_model_attribute` (`schma`, `class`, `attribute`) ON DELETE CASCADE ON UPDATE CASCADE,
  ADD CONSTRAINT `workflow_notify_keyword_constraint` FOREIGN KEY (`keyword`) REFERENCES `ark_translation_keyword` (`keyword`) ON DELETE SET NULL ON UPDATE CASCADE,
  ADD CONSTRAINT `workflow_notify_role_constraint` FOREIGN KEY (`role`) REFERENCES `ark_security_role` (`role`) ON UPDATE CASCADE;

--
-- Constraints for table `ark_workflow_trigger`
--
ALTER TABLE `ark_workflow_trigger`
  ADD CONSTRAINT `workflow_trigger_action_constraint` FOREIGN KEY (`schma`,`action`) REFERENCES `ark_workflow_action` (`schma`, `action`) ON DELETE CASCADE ON UPDATE CASCADE,
  ADD CONSTRAINT `workflow_trigger_trigger_constraint` FOREIGN KEY (`trigger_schma`,`trigger_action`) REFERENCES `ark_workflow_action` (`schma`, `action`) ON DELETE CASCADE ON UPDATE CASCADE;

--
-- Constraints for table `ark_workflow_update`
--
ALTER TABLE `ark_workflow_update`
  ADD CONSTRAINT `workflow_update_action_constraint` FOREIGN KEY (`schma`,`action`) REFERENCES `ark_workflow_action` (`schma`, `action`) ON DELETE CASCADE ON UPDATE CASCADE,
  ADD CONSTRAINT `workflow_update_agency_constraint` FOREIGN KEY (`schma`,`class`,`source`) REFERENCES `ark_model_attribute` (`schma`, `class`, `attribute`) ON DELETE CASCADE ON UPDATE CASCADE,
  ADD CONSTRAINT `workflow_update_attribute_constraint` FOREIGN KEY (`schma`,`class`,`attribute`) REFERENCES `ark_model_attribute` (`schma`, `class`, `attribute`) ON DELETE CASCADE ON UPDATE CASCADE;
SET FOREIGN_KEY_CHECKS=1;
COMMIT;

/*!40101 SET CHARACTER_SET_CLIENT=@OLD_CHARACTER_SET_CLIENT */;
/*!40101 SET CHARACTER_SET_RESULTS=@OLD_CHARACTER_SET_RESULTS */;
/*!40101 SET COLLATION_CONNECTION=@OLD_COLLATION_CONNECTION */;
