-- phpMyAdmin SQL Dump
-- version 4.7.3
-- https://www.phpmyadmin.net/
--
-- Host: localhost
-- Generation Time: Aug 08, 2017 at 05:28 PM
-- Server version: 10.2.7-MariaDB
-- PHP Version: 7.1.7

SET SQL_MODE = "NO_AUTO_VALUE_ON_ZERO";
SET AUTOCOMMIT = 0;
START TRANSACTION;
SET time_zone = "+00:00";

--
-- Database: `dime_ark_core`
--

--
-- Dumping data for table `ark_datatype`
--

INSERT INTO `ark_datatype` (`datatype`, `type`, `format_vocabulary`, `parameter_vocabulary`, `keyword`, `entity`, `value_name`, `active_form_class`, `readonly_form_class`, `static_form_class`, `parameter_name`, `parameter_form_class`, `format_name`, `format_form_class`, `form_type_class`, `object`, `array`, `span`, `multiple`, `sortable`, `searchable`, `enabled`, `deprecated`) VALUES
('classification', 'object', NULL, NULL, 'dime.find.classification', NULL, NULL, 'ARK\\Form\\Type\\TermChoiceType', NULL, NULL, NULL, NULL, NULL, NULL, NULL, 1, 0, 0, 0, 0, 1, 1, 0),
('dating', 'object', NULL, NULL, 'format.dating', NULL, NULL, 'Symfony\\Component\\Form\\Extension\\Core\\Type\\IntegerType', NULL, NULL, NULL, NULL, NULL, NULL, NULL, 1, 0, 0, 0, 0, 1, 1, 0),
('museum', 'item', NULL, NULL, 'core.actor.type.museum', 'ARK\\Actor\\Museum', NULL, 'ARK\\Form\\Type\\ActorChoiceType', 'ARK\\Form\\Type\\ActorChoiceType', NULL, NULL, NULL, NULL, NULL, 'ARK\\Form\\Type\\ItemChoicePropertyType', 0, 0, 0, 0, 0, 0, 1, 0);

--
-- Dumping data for table `ark_datatype_attribute`
--

INSERT INTO `ark_datatype_attribute` (`parent`, `attribute`, `datatype`, `keyword`, `vocabulary`, `sequence`, `root`, `span`, `minimum`, `maximum`, `unique_values`, `additional_values`, `enabled`, `deprecated`) VALUES
('classification', 'event', 'event', 'format.classification.classified', 'core.event.type', 2, 0, 0, 1, 1, 1, 0, 1, 0),
('classification', 'subtype', 'term', 'format.classification.class', 'dime.find.subtype', 0, 1, 0, 1, 1, 1, 0, 1, 0),
('dating', 'entered', 'identifier', 'format.dating.type', NULL, 0, 0, 0, 1, 1, 1, 0, 1, 0),
('dating', 'event', 'event', 'format.dating.dated', NULL, 6, 0, 0, 1, 1, 1, 0, 1, 0),
('dating', 'period', 'term', 'format.dating.period', 'dime.period', 4, 0, 1, 1, 1, 1, 0, 1, 0),
('dating', 'year', 'integer', 'format.dating.year', NULL, 2, 1, 1, 1, 1, 1, 0, 1, 0);

--
-- Dumping data for table `ark_datatype_item`
--

INSERT INTO `ark_datatype_item` (`datatype`, `module`, `preset`) VALUES
('museum', 'actor', NULL);

--
-- Dumping data for table `ark_datatype_object`
--

INSERT INTO `ark_datatype_object` (`datatype`) VALUES
('classification'),
('dating');

--
-- Dumping data for table `ark_instance`
--

INSERT INTO `ark_instance` (`instance`, `enabled`, `deprecated`) VALUES
('dime', 1, 0);

--
-- Dumping data for table `ark_instance_schema`
--

INSERT INTO `ark_instance_schema` (`instance`, `schma`, `enabled`, `deprecated`) VALUES
('dime', 'core.actor', 1, 0),
('dime', 'core.file', 1, 0),
('dime', 'core.message', 1, 0),
('dime', 'core.page', 1, 0),
('dime', 'dime.find', 1, 0);

--
-- Dumping data for table `ark_map`
--

INSERT INTO `ark_map` (`map`, `keyword`, `draggable`, `zoomable`, `clickable`, `options`) VALUES
('dime_map_public', 'dime.map.public', 1, 1, 1, ''),
('dime_map_user', 'dime.map.user', 1, 1, 1, '');

--
-- Dumping data for table `ark_map_layer`
--

INSERT INTO `ark_map_layer` (`source`, `layer`, `keyword`, `source_name`, `url`, `options`, `parameters`) VALUES
('bing', 'road', 'map.layer.bing.road', 'Road', '', '', ''),
('kortforsyningen', 'foraar', 'dime.map.layer.foraar', 'orto_foraar', 'http://kortforsyningen.kms.dk/service?servicename=orto_foraar&service=WMS&layers=orto_foraar', '', '{\"LAYERS\": \"orto_foraar\", \"VERSION\": \"1.1.1\", \"FORMAT\": \"image/png\", \"TILED\": true,\"TRANSPARENT\":\"TRUE\"}'),
('kortforsyningen', 'skaermkort', 'dime.map.layer.skaermkort', 'topo_skaermkort', 'http://kortforsyningen.kms.dk/service?servicename=topo_skaermkort&service=WMS&layers=topo_skaermkort', '', '{\"LAYERS\": \"topo_skaermkort\", \"VERSION\": \"1.1.1\", \"FORMAT\": \"image/png\", \"TILED\": true,\"TRANSPARENT\":\"TRUE\" }');

--
-- Dumping data for table `ark_map_legend`
--

INSERT INTO `ark_map_legend` (`map`, `source`, `layer`, `keyword`, `seq`, `is_default`, `enabled`, `visible`, `options`) VALUES
('dime_map_public', 'bing', 'aerial', NULL, 2, 0, 1, 0, ''),
('dime_map_public', 'bing', 'aerialwithlabels', NULL, 1, 1, 1, 1, ''),
('dime_map_public', 'bing', 'road', NULL, 3, 0, 1, 0, ''),
('dime_map_public', 'kortforsyningen', 'foraar', NULL, 4, 0, 1, 0, ''),
('dime_map_public', 'kortforsyningen', 'skaermkort', NULL, 5, 0, 1, 0, ''),
('dime_map_user', 'bing', 'aerial', NULL, 2, 0, 1, 0, ''),
('dime_map_user', 'bing', 'aerialwithlabels', NULL, 1, 1, 1, 1, ''),
('dime_map_user', 'bing', 'road', NULL, 3, 0, 1, 0, ''),
('dime_map_user', 'kortforsyningen', 'foraar', NULL, 4, 0, 1, 0, ''),
('dime_map_user', 'kortforsyningen', 'skaermkort', NULL, 5, 0, 1, 0, '');

--
-- Dumping data for table `ark_map_source`
--

INSERT INTO `ark_map_source` (`source`, `keyword`, `type`, `subtype`, `format`, `view_class`, `ticket`, `ticket_expiry`, `options`) VALUES
('kortforsyningen', 'map.source.kfs', 'raster', 'tile', 'wms', 'TileWMS', '', NULL, '');

--
-- Dumping data for table `ark_module`
--

INSERT INTO `ark_module` (`module`, `keyword`, `resource`, `project`, `namespace`, `entity`, `classname`, `tbl`, `core`, `enabled`, `deprecated`) VALUES
('find', 'dime.find', 'finds', 'DIME', 'DIME\\Entity', 'Find', 'DIME\\Entity\\Find', 'ark_item_find', 0, 1, 0);

--
-- Dumping data for table `ark_route`
--

INSERT INTO `ark_route` (`route`, `path`, `can_get`, `can_post`, `page`, `controller`) VALUES
('dime.finds.add', '/finds/add', 1, 1, 'dime_page_find', 'DIME\\Controller\\View\\FindAddController'),
('dime.finds.list', '/finds', 1, 0, 'dime_page_find_list', 'DIME\\Controller\\View\\FindListController'),
('dime.finds.view', '/finds/{find}', 1, 1, 'dime_page_find', 'DIME\\Controller\\View\\FindViewController'),
('dime.front', '/', 1, 0, 'dime_page_front', 'DIME\\Controller\\View\\FrontPageController'),
('dime.home', '/home', 1, 0, 'dime_page_home', 'DIME\\Controller\\View\\HomePageController'),
('dime.home.finds', '/home/finds', 1, 1, 'dime_page_home_find_list', 'DIME\\Controller\\View\\FindListController'),
('dime.home.messages', '/home/messages', 1, 0, 'dime_page_message', 'DIME\\Controller\\View\\MessagePageController'),
('dime.home.profile', '/home/profile', 1, 1, 'dime_page_user_profile', 'DIME\\Controller\\View\\UserProfileController'),
('dime.profiles.list', '/profiles', 1, 0, 'dime_page_profile_list', 'DIME\\Controller\\View\\ProfileListController'),
('dime.profiles.view', '/profiles/{id}', 1, 0, 'dime_page_profile', 'DIME\\Controller\\View\\ProfileViewController'),
('dime.user.check', '/users/check', 1, 1, NULL, 'DIME\\Controller\\UserCheckController'),
('dime.user.login', '/users/login', 1, 1, NULL, 'DIME\\Controller\\UserLoginController'),
('dime.user.register', '/users/register', 1, 1, 'core_page_user_register', 'DIME\\Contoller\\UserRegisterController');

--
-- Dumping data for table `ark_schema`
--

INSERT INTO `ark_schema` (`schma`, `edit`, `module`, `new`, `remove`, `keyword`, `view`, `vocabulary`, `generator`, `sequence`, `type`, `visibility`, `entities`, `enabled`, `deprecated`) VALUES
('dime.find', 'dime.find.update', 'find', 'dime.find.create', 'dime.find.delete', 'dime.find', 'dime.find.read', 'dime.find.type', 'sequence', 'id', 'type', 'restricted', 0, 1, 0);

--
-- Dumping data for table `ark_schema_attribute`
--

INSERT INTO `ark_schema_attribute` (`schma`, `type`, `attribute`, `edit`, `datatype`, `keyword`, `view`, `vocabulary`, `visibility`, `span`, `minimum`, `maximum`, `unique_values`, `additional_values`, `enabled`, `deprecated`) VALUES
('core.actor', 'person', 'museum', NULL, 'museum', 'dime.user.actor.museum', NULL, NULL, 'public', 0, 1, 1, 1, 0, 1, 0),
('dime.find', 'coin', 'issuer', NULL, 'shorttext', 'dime.find.issuer', NULL, NULL, 'public', 0, 0, 1, 1, 0, 1, 0),
('dime.find', 'coin', 'mint', NULL, 'shorttext', 'dime.find.mint', NULL, NULL, 'public', 0, 0, 1, 1, 0, 1, 0),
('dime.find', 'find', 'case', NULL, 'identifier', 'dime.find.case', NULL, NULL, 'public', 0, 0, 1, 1, 0, 1, 0),
('dime.find', 'find', 'classification', NULL, 'classification', 'dime.find.classification', NULL, NULL, 'public', 0, 0, 1, 1, 0, 1, 0),
('dime.find', 'find', 'condition', NULL, 'term', 'dime.find.condition', NULL, 'dime.find.condition', 'public', 0, 0, 1, 1, 0, 1, 0),
('dime.find', 'find', 'custodian', 'dime.find.update.custody', 'actor', 'dime.find.custodian', 'dime.find.read.custody', NULL, 'restricted', 0, 1, 1, 1, 0, 1, 0),
('dime.find', 'find', 'custody', 'dime.find.update.custody', 'term', 'dime.find.custody', 'dime.find.read.custody', 'dime.find.custody', 'restricted', 0, 1, 1, 1, 0, 1, 0),
('dime.find', 'find', 'dating', NULL, 'dating', 'dime.find.dating', NULL, NULL, 'public', 0, 0, 1, 1, 0, 1, 0),
('dime.find', 'find', 'description', NULL, 'description', 'dime.find.description', NULL, NULL, 'public', 0, 0, 1, 1, 0, 1, 0),
('dime.find', 'find', 'finddate', 'dime.find.update.finddate', 'date', 'dime.find.finddate', 'dime.find.read.finddate', NULL, 'restricted', 0, 0, 1, 1, 0, 1, 0),
('dime.find', 'find', 'finder', 'dime.find.update.finder', 'person', 'dime.find.finder', 'dime.find.read.finder', NULL, 'restricted', 0, 1, 1, 1, 0, 1, 0),
('dime.find', 'find', 'finder_id', 'dime.find.update.finder', 'identifier', 'dime.find.finder_id', 'dime.find.read.finder', NULL, 'restricted', 0, 0, 1, 1, 0, 1, 0),
('dime.find', 'find', 'finder_place', 'dime.find.update.finder', 'identifier', 'dime.find.finder_place', 'dime.find.read.finder', NULL, 'restricted', 0, 0, 1, 1, 0, 1, 0),
('dime.find', 'find', 'id', NULL, 'identifier', 'dime.find.id', NULL, NULL, 'public', 0, 1, 1, 1, 0, 1, 0),
('dime.find', 'find', 'image', NULL, 'image', 'dime.find.images', NULL, NULL, 'public', 0, 0, 3, 1, 1, 1, 0),
('dime.find', 'find', 'length', NULL, 'distance', 'dime.find.length', NULL, NULL, 'public', 0, 0, 1, 1, 0, 1, 0),
('dime.find', 'find', 'location', 'dime.find.update.location', 'spatial', 'dime.find.location', 'dime.find.read.location', NULL, 'restricted', 0, 1, 1, 1, 0, 1, 0),
('dime.find', 'find', 'material', NULL, 'term', 'dime.find.material', NULL, 'dime.material', 'public', 0, 1, 1, 1, 0, 1, 0),
('dime.find', 'find', 'municipality', NULL, 'term', 'dime.find.municipality', NULL, 'dime.denmark.municipality', 'public', 0, 1, 1, 1, 0, 1, 0),
('dime.find', 'find', 'museum', NULL, 'museum', 'core.actor.type.museum', NULL, NULL, 'public', 0, 1, 1, 1, 0, 1, 0),
('dime.find', 'find', 'museum_id', 'dime.find.update.museum_id', 'identifier', 'dime.find.museum_id', 'dime.find.read', NULL, 'restricted', 0, 0, 1, 1, 0, 1, 0),
('dime.find', 'find', 'owner', 'dime.find.update.owner', 'actor', 'dime.find.owner', 'dime.find.read.owner', NULL, 'restricted', 0, 1, 1, 1, 0, 1, 0),
('dime.find', 'find', 'process', NULL, 'term', 'dime.find.process', NULL, 'dime.find.process', 'public', 0, 1, 1, 1, 0, 1, 0),
('dime.find', 'find', 'recipient', 'dime.find.update.custody', 'actor', 'dime.find.recipient', 'dime.find.read.custody', NULL, 'restricted', 0, 0, 1, 1, 0, 1, 0),
('dime.find', 'find', 'recorder', 'dime.find.update.finder', 'actor', 'dime.find.recorder', 'dime.find.read.finder', NULL, 'restricted', 0, 1, 1, 1, 0, 1, 0),
('dime.find', 'find', 'secondary', NULL, 'term', 'dime.find.material.secondary', NULL, 'dime.find.secondary', 'public', 0, 0, 0, 1, 0, 1, 0),
('dime.find', 'find', 'treasure', NULL, 'term', 'dime.find.treasure', NULL, 'dime.treasure', 'public', 0, 1, 1, 1, 0, 1, 0),
('dime.find', 'find', 'type', NULL, 'term', 'dime.find.type', NULL, 'dime.find.type', 'public', 0, 1, 1, 1, 0, 1, 0),
('dime.find', 'find', 'visibility', NULL, 'term', 'dime.find.visibility', NULL, 'core.visibility', 'public', 0, 1, 1, 1, 0, 1, 0),
('dime.find', 'find', 'weight', NULL, 'mass', 'dime.find.weight', NULL, NULL, 'public', 0, 0, 1, 1, 0, 1, 0);

--
-- Dumping data for table `ark_translation`
--

INSERT INTO `ark_translation` (`keyword`, `domain`, `is_plural`, `has_parameters`) VALUES
('dime.about', 'dime', 0, 0),
('dime.about.background', 'dime', 0, 0),
('dime.about.groups', 'dime', 0, 0),
('dime.about.hevn', 'dime', 0, 0),
('dime.about.hevntext', 'dime', 0, 0),
('dime.about.instructions', 'dime', 0, 0),
('dime.about.museums', 'dime', 0, 0),
('dime.about.partners', 'dime', 0, 0),
('dime.action.accession', 'dime', 0, 0),
('dime.action.activate', 'dime', 0, 0),
('dime.action.agree', 'dime', 0, 0),
('dime.action.annotate', 'dime', 0, 0),
('dime.action.appraise', 'dime', 0, 0),
('dime.action.approve', 'dime', 0, 0),
('dime.action.assess', 'dime', 0, 0),
('dime.action.cancel', 'dime', 0, 0),
('dime.action.cite', 'dime', 0, 0),
('dime.action.classify', 'dime', 0, 0),
('dime.action.comment', 'dime', 0, 0),
('dime.action.conserve', 'dime', 0, 0),
('dime.action.contact', 'dime', 0, 0),
('dime.action.date', 'dime', 0, 0),
('dime.action.decline', 'dime', 0, 0),
('dime.action.delete', 'dime', 0, 0),
('dime.action.describe', 'dime', 0, 0),
('dime.action.destroy', 'dime', 0, 0),
('dime.action.disagree', 'dime', 0, 0),
('dime.action.discard', 'dime', 0, 0),
('dime.action.edit', 'dime', 0, 0),
('dime.action.evaluate', 'dime', 0, 0),
('dime.action.export', 'dime', 0, 0),
('dime.action.follow', 'dime', 0, 0),
('dime.action.identify', 'dime', 0, 0),
('dime.action.like', 'dime', 0, 0),
('dime.action.loan', 'dime', 0, 0),
('dime.action.lose', 'dime', 0, 0),
('dime.action.notify', 'dime', 0, 0),
('dime.action.publish', 'dime', 0, 0),
('dime.action.receive', 'dime', 0, 0),
('dime.action.record', 'dime', 0, 0),
('dime.action.recover', 'core', 0, 0),
('dime.action.redact', 'core', 0, 0),
('dime.action.refer', 'core', 0, 0),
('dime.action.register', 'core', 0, 0),
('dime.action.reject', 'core', 0, 0),
('dime.action.release', 'core', 0, 0),
('dime.action.report', 'dime', 0, 0),
('dime.action.request', 'core', 0, 0),
('dime.action.restore', 'core', 0, 0),
('dime.action.reward', 'core', 0, 0),
('dime.action.send', 'core', 0, 0),
('dime.action.share', 'core', 0, 0),
('dime.action.subscribe', 'core', 0, 0),
('dime.action.suppress', 'core', 0, 0),
('dime.action.suspend', 'core', 0, 0),
('dime.action.transfer', 'core', 0, 0),
('dime.action.validate', 'core', 0, 0),
('dime.action.view', 'dime', 0, 0),
('dime.action.withdraw', 'core', 0, 0),
('dime.actions', 'dime', 0, 0),
('dime.actor.municipalities', 'dime', 0, 0),
('dime.actor.municipality', 'dime', 0, 0),
('dime.actor.participating', 'dime', 0, 0),
('dime.admin.users', 'dime', 0, 0),
('dime.background', 'dime', 0, 0),
('dime.claim', 'dime', 0, 0),
('dime.confirm', 'dime', 0, 0),
('dime.controls', 'dime', 0, 0),
('dime.copyright', 'dime', 0, 0),
('dime.credits', 'dime', 0, 0),
('dime.denmark.admin.denmark', 'vocabulary', 0, 0),
('dime.denmark.municipality', 'dime', 0, 0),
('dime.detector', 'dime', 0, 0),
('dime.exhibits', 'dime', 0, 0),
('dime.exhibits.forests', 'dime', 0, 0),
('dime.exhibits.weapons', 'dime', 0, 0),
('dime.find', 'dime', 0, 0),
('dime.find.add', 'dime', 0, 0),
('dime.find.add.success', 'dime', 0, 0),
('dime.find.artefact', 'dime', 0, 0),
('dime.find.case', 'dime', 0, 0),
('dime.find.classification', 'dime', 0, 0),
('dime.find.classify', 'dime', 0, 0),
('dime.find.condition', 'dime', 0, 0),
('dime.find.condition.fragmented', 'vocabulary', 0, 0),
('dime.find.condition.modified', 'dime', 0, 0),
('dime.find.condition.unfinished', 'dime', 0, 0),
('dime.find.condition.whole', 'vocabulary', 0, 0),
('dime.find.coordinates', 'dime', 0, 0),
('dime.find.custodian', 'dime', 0, 0),
('dime.find.custody', 'dime', 0, 0),
('dime.find.custody.destroyed', 'dime', 0, 0),
('dime.find.custody.discarded', 'dime', 0, 0),
('dime.find.custody.held', 'dime', 0, 0),
('dime.find.custody.lost', 'dime', 0, 0),
('dime.find.custody.requested', 'dime', 0, 0),
('dime.find.custody.sent', 'dime', 0, 0),
('dime.find.dating', 'dime', 0, 0),
('dime.find.description', 'core', 0, 0),
('dime.find.event', 'dime', 0, 0),
('dime.find.event.accessioned', 'vocabulary', 0, 0),
('dime.find.event.agreed', 'vocabulary', 0, 0),
('dime.find.event.annotated', 'vocabulary', 0, 0),
('dime.find.event.appraised', 'vocabulary', 0, 0),
('dime.find.event.assessed', 'vocabulary', 0, 0),
('dime.find.event.cited', 'vocabulary', 0, 0),
('dime.find.event.classified', 'dime', 0, 0),
('dime.find.event.commented', 'vocabulary', 0, 0),
('dime.find.event.conserved', 'vocabulary', 0, 0),
('dime.find.event.contacted', 'vocabulary', 0, 0),
('dime.find.event.dated', 'vocabulary', 0, 0),
('dime.find.event.declined', 'vocabulary', 0, 0),
('dime.find.event.deleted', 'vocabulary', 0, 0),
('dime.find.event.described', 'vocabulary', 0, 0),
('dime.find.event.destroyed', 'vocabulary', 0, 0),
('dime.find.event.disagreed', 'vocabulary', 0, 0),
('dime.find.event.discarded', 'vocabulary', 0, 0),
('dime.find.event.edited', 'dime', 0, 0),
('dime.find.event.evaluated', 'vocabulary', 0, 0),
('dime.find.event.exported', 'vocabulary', 0, 0),
('dime.find.event.followed', 'vocabulary', 0, 0),
('dime.find.event.identified', 'vocabulary', 0, 0),
('dime.find.event.liked', 'vocabulary', 0, 0),
('dime.find.event.loaned', 'vocabulary', 0, 0),
('dime.find.event.lost', 'vocabulary', 0, 0),
('dime.find.event.notified', 'vocabulary', 0, 0),
('dime.find.event.published', 'vocabulary', 0, 0),
('dime.find.event.received', 'vocabulary', 0, 0),
('dime.find.event.recorded', 'vocabulary', 0, 0),
('dime.find.event.recovered', 'vocabulary', 0, 0),
('dime.find.event.redacted', 'vocabulary', 0, 0),
('dime.find.event.referred', 'vocabulary', 0, 0),
('dime.find.event.rejected', 'vocabulary', 0, 0),
('dime.find.event.released', 'vocabulary', 0, 0),
('dime.find.event.reported', 'dime', 0, 0),
('dime.find.event.requested', 'vocabulary', 0, 0),
('dime.find.event.rewarded', 'vocabulary', 0, 0),
('dime.find.event.sent', 'vocabulary', 0, 0),
('dime.find.event.shared', 'vocabulary', 0, 0),
('dime.find.event.subscribed', 'vocabulary', 0, 0),
('dime.find.event.suppressed', 'vocabulary', 0, 0),
('dime.find.event.transferred', 'vocabulary', 0, 0),
('dime.find.event.validated', 'vocabulary', 0, 0),
('dime.find.event.withdrawn', 'vocabulary', 0, 0),
('dime.find.filters', 'dime', 0, 0),
('dime.find.finddate', 'dime', 0, 0),
('dime.find.finder', 'core', 0, 0),
('dime.find.finder_id', 'dime', 0, 0),
('dime.find.finder_place', 'dime', 0, 0),
('dime.find.id', 'dime', 0, 0),
('dime.find.images', 'core', 0, 0),
('dime.find.issuer', 'dime', 0, 0),
('dime.find.length', 'dime', 0, 0),
('dime.find.location', 'dime', 0, 0),
('dime.find.location.decimal', 'dime', 0, 0),
('dime.find.location.utm', 'dime', 0, 0),
('dime.find.material', 'dime', 0, 0),
('dime.find.material.secondary', 'dime', 0, 0),
('dime.find.metadata', 'dime', 0, 0),
('dime.find.mint', 'dime', 0, 0),
('dime.find.municipality', 'dime', 0, 0),
('dime.find.museum_id', 'dime', 0, 0),
('dime.find.owner', 'dime', 0, 0),
('dime.find.period', 'dime', 0, 0),
('dime.find.period.end', 'dime', 0, 0),
('dime.find.period.start', 'dime', 0, 0),
('dime.find.photo', 'dime', 0, 0),
('dime.find.process', 'dime', 0, 0),
('dime.find.process.accessioned', 'dime', 0, 0),
('dime.find.process.assessed', 'dime', 0, 0),
('dime.find.process.deleted', 'dime', 0, 0),
('dime.find.process.evaluated', 'dime', 0, 0),
('dime.find.process.inactive', 'dime', 0, 0),
('dime.find.process.recorded', 'dime', 0, 0),
('dime.find.process.rejected', 'dime', 0, 0),
('dime.find.process.released', 'dime', 0, 0),
('dime.find.process.reported', 'dime', 0, 0),
('dime.find.process.validated', 'dime', 0, 0),
('dime.find.query.set', 'dime', 0, 0),
('dime.find.recipient', 'dime', 0, 0),
('dime.find.recorder', 'core', 0, 0),
('dime.find.save', 'dime', 0, 0),
('dime.find.search', 'dime', 0, 0),
('dime.find.secondary.enamel', 'vocabulary', 0, 0),
('dime.find.secondary.gilded', 'vocabulary', 0, 0),
('dime.find.secondary.glass', 'vocabulary', 0, 0),
('dime.find.secondary.iron', 'vocabulary', 0, 0),
('dime.find.secondary.looped', 'dime', 0, 0),
('dime.find.secondary.niello', 'vocabulary', 0, 0),
('dime.find.secondary.organic', 'vocabulary', 0, 0),
('dime.find.secondary.other', 'vocabulary', 0, 0),
('dime.find.secondary.stone', 'vocabulary', 0, 0),
('dime.find.secondary.tinned', 'vocabulary', 0, 0),
('dime.find.status', 'dime', 0, 0),
('dime.find.subtype', 'dime', 0, 0),
('dime.find.subtype.accessory.bell', 'vocabulary', 0, 0),
('dime.find.subtype.accessory.brooch', 'vocabulary', 0, 0),
('dime.find.subtype.accessory.buckle', 'vocabulary', 0, 0),
('dime.find.subtype.accessory.button', 'vocabulary', 0, 0),
('dime.find.subtype.accessory.button.bar', 'vocabulary', 0, 0),
('dime.find.subtype.accessory.button.other', 'vocabulary', 0, 0),
('dime.find.subtype.accessory.button.round', 'vocabulary', 0, 0),
('dime.find.subtype.accessory.button.stud', 'vocabulary', 0, 0),
('dime.find.subtype.accessory.fitting', 'vocabulary', 0, 0),
('dime.find.subtype.accessory.fitting.belt', 'vocabulary', 0, 0),
('dime.find.subtype.accessory.fitting.other', 'vocabulary', 0, 0),
('dime.find.subtype.accessory.hook', 'vocabulary', 0, 0),
('dime.find.subtype.accessory.jewelery', 'vocabulary', 0, 0),
('dime.find.subtype.accessory.jewelery.bracelet', 'vocabulary', 0, 0),
('dime.find.subtype.accessory.jewelery.bracteate', 'vocabulary', 0, 0),
('dime.find.subtype.accessory.jewelery.earring', 'vocabulary', 0, 0),
('dime.find.subtype.accessory.jewelery.necklace', 'vocabulary', 0, 0),
('dime.find.subtype.accessory.jewelery.other', 'vocabulary', 0, 0),
('dime.find.subtype.accessory.jewelery.pasyning', 'vocabulary', 0, 0),
('dime.find.subtype.accessory.jewelery.pearl', 'vocabulary', 0, 0),
('dime.find.subtype.accessory.jewelery.pendant', 'vocabulary', 0, 0),
('dime.find.subtype.accessory.jewelery.ring', 'vocabulary', 0, 0),
('dime.find.subtype.accessory.lace', 'vocabulary', 0, 0),
('dime.find.subtype.accessory.medal', 'vocabulary', 0, 0),
('dime.find.subtype.accessory.other', 'vocabulary', 0, 0),
('dime.find.subtype.accessory.pilgrim', 'vocabulary', 0, 0),
('dime.find.subtype.accessory.pin', 'vocabulary', 0, 0),
('dime.find.subtype.accessory.tutulus', 'vocabulary', 0, 0),
('dime.find.subtype.coin.danish', 'vocabulary', 0, 0),
('dime.find.subtype.coin.danish.civilwar', 'vocabulary', 0, 0),
('dime.find.subtype.coin.danish.early', 'vocabulary', 0, 0),
('dime.find.subtype.coin.danish.hvide', 'vocabulary', 0, 0),
('dime.find.subtype.coin.danish.klipping', 'vocabulary', 0, 0),
('dime.find.subtype.coin.danish.other', 'vocabulary', 0, 0),
('dime.find.subtype.coin.danish.søsling', 'vocabulary', 0, 0),
('dime.find.subtype.coin.danish.sterling', 'vocabulary', 0, 0),
('dime.find.subtype.coin.foreign', 'vocabulary', 0, 0),
('dime.find.subtype.coin.foreign.hohlpfennig', 'vocabulary', 0, 0),
('dime.find.subtype.coin.foreign.hvide', 'vocabulary', 0, 0),
('dime.find.subtype.coin.foreign.other', 'vocabulary', 0, 0),
('dime.find.subtype.coin.foreign.sterling', 'vocabulary', 0, 0),
('dime.find.subtype.coin.foreign.tournois', 'vocabulary', 0, 0),
('dime.find.subtype.coin.jeton', 'vocabulary', 0, 0),
('dime.find.subtype.coin.modern', 'vocabulary', 0, 0),
('dime.find.subtype.coin.modern.danish', 'vocabulary', 0, 0),
('dime.find.subtype.coin.modern.foreign', 'vocabulary', 0, 0),
('dime.find.subtype.coin.other', 'vocabulary', 0, 0),
('dime.find.subtype.coin.roman', 'vocabulary', 0, 0),
('dime.find.subtype.coin.roman.aureus', 'vocabulary', 0, 0),
('dime.find.subtype.coin.roman.denarius', 'vocabulary', 0, 0),
('dime.find.subtype.coin.roman.other', 'vocabulary', 0, 0),
('dime.find.subtype.coin.roman.sestertius', 'vocabulary', 0, 0),
('dime.find.subtype.coin.roman.siliqua', 'vocabulary', 0, 0),
('dime.find.subtype.coin.roman.solidus', 'vocabulary', 0, 0),
('dime.find.subtype.coin.viking', 'vocabulary', 0, 0),
('dime.find.subtype.coin.viking.byzantine', 'vocabulary', 0, 0),
('dime.find.subtype.coin.viking.carolingian', 'vocabulary', 0, 0),
('dime.find.subtype.coin.viking.denarius', 'vocabulary', 0, 0),
('dime.find.subtype.coin.viking.dirham', 'vocabulary', 0, 0),
('dime.find.subtype.coin.viking.english', 'vocabulary', 0, 0),
('dime.find.subtype.coin.viking.german', 'vocabulary', 0, 0),
('dime.find.subtype.coin.viking.nordic', 'vocabulary', 0, 0),
('dime.find.subtype.coin.viking.other', 'vocabulary', 0, 0),
('dime.find.subtype.coin.viking.penny', 'vocabulary', 0, 0),
('dime.find.subtype.coin.viking.phennig', 'vocabulary', 0, 0),
('dime.find.subtype.coin.viking.sceat', 'vocabulary', 0, 0),
('dime.find.subtype.fibula.beak', 'vocabulary', 0, 0),
('dime.find.subtype.fibula.bird.above', 'vocabulary', 0, 0),
('dime.find.subtype.fibula.bird.profile', 'vocabulary', 0, 0),
('dime.find.subtype.fibula.bow', 'vocabulary', 0, 0),
('dime.find.subtype.fibula.bow.ball', 'vocabulary', 0, 0),
('dime.find.subtype.fibula.bow.band', 'vocabulary', 0, 0),
('dime.find.subtype.fibula.bow.bilateral', 'vocabulary', 0, 0),
('dime.find.subtype.fibula.bow.button', 'vocabulary', 0, 0),
('dime.find.subtype.fibula.bow.cross', 'vocabulary', 0, 0),
('dime.find.subtype.fibula.bow.foot', 'vocabulary', 0, 0),
('dime.find.subtype.fibula.bow.high', 'vocabulary', 0, 0),
('dime.find.subtype.fibula.bow.other', 'vocabulary', 0, 0),
('dime.find.subtype.fibula.bow.relief', 'vocabulary', 0, 0),
('dime.find.subtype.fibula.bowl', 'vocabulary', 0, 0),
('dime.find.subtype.fibula.bowl.animal', 'vocabulary', 0, 0),
('dime.find.subtype.fibula.bowl.circular', 'vocabulary', 0, 0),
('dime.find.subtype.fibula.bowl.large', 'vocabulary', 0, 0),
('dime.find.subtype.fibula.bowl.other', 'vocabulary', 0, 0),
('dime.find.subtype.fibula.bowl.small', 'vocabulary', 0, 0),
('dime.find.subtype.fibula.circular', 'vocabulary', 0, 0),
('dime.find.subtype.fibula.circular.large', 'vocabulary', 0, 0),
('dime.find.subtype.fibula.circular.other', 'vocabulary', 0, 0),
('dime.find.subtype.fibula.circular.small', 'vocabulary', 0, 0),
('dime.find.subtype.fibula.circular.tin', 'vocabulary', 0, 0),
('dime.find.subtype.fibula.enamel', 'vocabulary', 0, 0),
('dime.find.subtype.fibula.enamel.central', 'vocabulary', 0, 0),
('dime.find.subtype.fibula.enamel.cross', 'vocabulary', 0, 0),
('dime.find.subtype.fibula.enamel.multiple', 'vocabulary', 0, 0),
('dime.find.subtype.fibula.enamel.other', 'vocabulary', 0, 0),
('dime.find.subtype.fibula.equalarm', 'vocabulary', 0, 0),
('dime.find.subtype.fibula.equalarm.large', 'vocabulary', 0, 0),
('dime.find.subtype.fibula.equalarm.other', 'vocabulary', 0, 0),
('dime.find.subtype.fibula.equalarm.small', 'vocabulary', 0, 0),
('dime.find.subtype.fibula.healing', 'vocabulary', 0, 0),
('dime.find.subtype.fibula.healing.aalborg', 'vocabulary', 0, 0),
('dime.find.subtype.fibula.healing.lamb', 'vocabulary', 0, 0),
('dime.find.subtype.fibula.healing.other', 'vocabulary', 0, 0),
('dime.find.subtype.fibula.healing.urnes', 'vocabulary', 0, 0),
('dime.find.subtype.fibula.other', 'vocabulary', 0, 0),
('dime.find.subtype.fibula.plate', 'vocabulary', 0, 0),
('dime.find.subtype.fibula.plate.bird', 'vocabulary', 0, 0),
('dime.find.subtype.fibula.plate.circular', 'vocabulary', 0, 0),
('dime.find.subtype.fibula.plate.coin', 'vocabulary', 0, 0),
('dime.find.subtype.fibula.plate.horse', 'vocabulary', 0, 0),
('dime.find.subtype.fibula.plate.other', 'vocabulary', 0, 0),
('dime.find.subtype.fibula.plate.oval', 'vocabulary', 0, 0),
('dime.find.subtype.fibula.plate.råhede', 'vocabulary', 0, 0),
('dime.find.subtype.fibula.plate.rectangular', 'vocabulary', 0, 0),
('dime.find.subtype.fibula.plate.ship', 'vocabulary', 0, 0),
('dime.find.subtype.fibula.plate.snake', 'vocabulary', 0, 0),
('dime.find.subtype.fibula.plate.swastika', 'vocabulary', 0, 0),
('dime.find.subtype.fibula.plate.tongue', 'vocabulary', 0, 0),
('dime.find.subtype.fibula.plate.valkyrie', 'vocabulary', 0, 0),
('dime.find.subtype.fibula.ring', 'vocabulary', 0, 0),
('dime.find.subtype.fibula.ring.circular', 'vocabulary', 0, 0),
('dime.find.subtype.fibula.ring.heart', 'vocabulary', 0, 0),
('dime.find.subtype.fibula.ring.other', 'vocabulary', 0, 0),
('dime.find.subtype.fibula.ring.star', 'vocabulary', 0, 0),
('dime.find.subtype.fibula.trilobal', 'vocabulary', 0, 0),
('dime.find.subtype.fibula.viking', 'vocabulary', 0, 0),
('dime.find.subtype.fibula.viking.other', 'vocabulary', 0, 0),
('dime.find.subtype.fibula.viking.rhombic', 'vocabulary', 0, 0),
('dime.find.subtype.fibula.viking.ring', 'vocabulary', 0, 0),
('dime.find.subtype.fibula.viking.roof', 'vocabulary', 0, 0),
('dime.find.subtype.metal.ingot', 'vocabulary', 0, 0),
('dime.find.subtype.metal.mold', 'vocabulary', 0, 0),
('dime.find.subtype.metal.other', 'vocabulary', 0, 0),
('dime.find.subtype.metal.rest', 'vocabulary', 0, 0),
('dime.find.subtype.metal.slag', 'vocabulary', 0, 0),
('dime.find.subtype.metal.tin', 'vocabulary', 0, 0),
('dime.find.subtype.military.ammunition', 'vocabulary', 0, 0),
('dime.find.subtype.military.armor', 'vocabulary', 0, 0),
('dime.find.subtype.military.arrow', 'vocabulary', 0, 0),
('dime.find.subtype.military.firearm', 'vocabulary', 0, 0),
('dime.find.subtype.military.fitting', 'vocabulary', 0, 0),
('dime.find.subtype.military.fitting.other', 'vocabulary', 0, 0),
('dime.find.subtype.military.fitting.sheath', 'vocabulary', 0, 0),
('dime.find.subtype.military.fitting.uniform', 'vocabulary', 0, 0),
('dime.find.subtype.military.helmet', 'vocabulary', 0, 0),
('dime.find.subtype.military.melee', 'vocabulary', 0, 0),
('dime.find.subtype.military.melee.axe', 'vocabulary', 0, 0),
('dime.find.subtype.military.melee.blunt', 'vocabulary', 0, 0),
('dime.find.subtype.military.melee.knife', 'vocabulary', 0, 0),
('dime.find.subtype.military.melee.other', 'vocabulary', 0, 0),
('dime.find.subtype.military.melee.pointed', 'vocabulary', 0, 0),
('dime.find.subtype.military.melee.sword', 'vocabulary', 0, 0),
('dime.find.subtype.military.other', 'vocabulary', 0, 0),
('dime.find.subtype.military.shield', 'vocabulary', 0, 0),
('dime.find.subtype.tool.equestrian', 'vocabulary', 0, 0),
('dime.find.subtype.tool.equestrian.bell', 'vocabulary', 0, 0),
('dime.find.subtype.tool.equestrian.bridle', 'vocabulary', 0, 0),
('dime.find.subtype.tool.equestrian.cheek', 'vocabulary', 0, 0),
('dime.find.subtype.tool.equestrian.other', 'vocabulary', 0, 0),
('dime.find.subtype.tool.equestrian.shoe', 'vocabulary', 0, 0),
('dime.find.subtype.tool.equestrian.stirrup', 'vocabulary', 0, 0),
('dime.find.subtype.tool.equestrian.tack', 'vocabulary', 0, 0),
('dime.find.subtype.tool.house', 'vocabulary', 0, 0),
('dime.find.subtype.tool.house.crockery', 'vocabulary', 0, 0),
('dime.find.subtype.tool.house.cutlery', 'vocabulary', 0, 0),
('dime.find.subtype.tool.house.fixtures', 'vocabulary', 0, 0),
('dime.find.subtype.tool.house.key', 'vocabulary', 0, 0),
('dime.find.subtype.tool.house.knife', 'vocabulary', 0, 0),
('dime.find.subtype.tool.house.light', 'vocabulary', 0, 0),
('dime.find.subtype.tool.house.lock', 'vocabulary', 0, 0),
('dime.find.subtype.tool.house.other', 'vocabulary', 0, 0),
('dime.find.subtype.tool.house.pot', 'vocabulary', 0, 0),
('dime.find.subtype.tool.house.scissors', 'vocabulary', 0, 0),
('dime.find.subtype.tool.house.striker', 'vocabulary', 0, 0),
('dime.find.subtype.tool.measure', 'vocabulary', 0, 0),
('dime.find.subtype.tool.measure.clip', 'vocabulary', 0, 0),
('dime.find.subtype.tool.measure.ingot', 'vocabulary', 0, 0),
('dime.find.subtype.tool.measure.scale', 'vocabulary', 0, 0),
('dime.find.subtype.tool.measure.weight', 'vocabulary', 0, 0),
('dime.find.subtype.tool.other', 'vocabulary', 0, 0),
('dime.find.subtype.tool.textile', 'vocabulary', 0, 0),
('dime.find.subtype.tool.textile.case', 'vocabulary', 0, 0),
('dime.find.subtype.tool.textile.needle', 'vocabulary', 0, 0),
('dime.find.subtype.tool.textile.scissors', 'vocabulary', 0, 0),
('dime.find.subtype.tool.textile.thimble', 'vocabulary', 0, 0),
('dime.find.subtype.tool.textile.whorl', 'vocabulary', 0, 0),
('dime.find.subtype.tool.toilet', 'vocabulary', 0, 0),
('dime.find.subtype.tool.toilet.comb', 'vocabulary', 0, 0),
('dime.find.subtype.tool.toilet.ear', 'vocabulary', 0, 0),
('dime.find.subtype.tool.toilet.other', 'vocabulary', 0, 0),
('dime.find.subtype.tool.toilet.razor', 'vocabulary', 0, 0),
('dime.find.subtype.tool.toilet.tweezers', 'vocabulary', 0, 0),
('dime.find.subtype.tool.toy', 'vocabulary', 0, 0),
('dime.find.subtype.tool.toy.counter', 'vocabulary', 0, 0),
('dime.find.subtype.tool.toy.dice', 'vocabulary', 0, 0),
('dime.find.subtype.tool.toy.other', 'vocabulary', 0, 0),
('dime.find.subtype.tool.work', 'vocabulary', 0, 0),
('dime.find.subtype.tool.work.axe', 'vocabulary', 0, 0),
('dime.find.subtype.tool.work.chisel', 'vocabulary', 0, 0),
('dime.find.subtype.tool.work.drill', 'vocabulary', 0, 0),
('dime.find.subtype.tool.work.fitting', 'vocabulary', 0, 0),
('dime.find.subtype.tool.work.hammer', 'vocabulary', 0, 0),
('dime.find.subtype.tool.work.knife', 'vocabulary', 0, 0),
('dime.find.subtype.tool.work.nail', 'vocabulary', 0, 0),
('dime.find.subtype.tool.work.other', 'vocabulary', 0, 0),
('dime.find.subtype.tool.work.pliars', 'vocabulary', 0, 0),
('dime.find.subtype.tool.work.rivet', 'vocabulary', 0, 0),
('dime.find.subtype.tool.work.sickle', 'vocabulary', 0, 0),
('dime.find.subtype.tool.writing', 'vocabulary', 0, 0),
('dime.find.subtype.tool.writing.bylamulet', 'vocabulary', 0, 0),
('dime.find.subtype.tool.writing.clasp', 'vocabulary', 0, 0),
('dime.find.subtype.tool.writing.guldgubbe', 'vocabulary', 0, 0),
('dime.find.subtype.tool.writing.runebrev', 'vocabulary', 0, 0),
('dime.find.subtype.tool.writing.seal', 'vocabulary', 0, 0),
('dime.find.subtype.tool.writing.stamp', 'vocabulary', 0, 0),
('dime.find.subtype.tool.writing.stylus', 'vocabulary', 0, 0),
('dime.find.treasure', 'dime', 0, 0),
('dime.find.type', 'dime', 0, 0),
('dime.find.type.accessory', 'vocabulary', 0, 0),
('dime.find.type.coin', 'vocabulary', 0, 0),
('dime.find.type.fibula', 'vocabulary', 0, 0),
('dime.find.type.metal', 'vocabulary', 0, 0),
('dime.find.type.military', 'vocabulary', 0, 0),
('dime.find.type.tool', 'vocabulary', 0, 0),
('dime.find.update', 'dime', 0, 0),
('dime.find.update.success', 'dime', 0, 0),
('dime.find.visibility', 'core', 0, 0),
('dime.find.weight', 'core', 0, 0),
('dime.home', 'dime', 0, 0),
('dime.home.alarm', 'dime', 0, 0),
('dime.home.faq', 'dime', 0, 0),
('dime.home.hvert', 'dime', 0, 0),
('dime.home.welcome', 'dime', 0, 0),
('dime.kommune.aabenraa', 'vocabulary', 0, 0),
('dime.kommune.aalborg', 'vocabulary', 0, 0),
('dime.kommune.aero', 'vocabulary', 0, 0),
('dime.kommune.albertslund', 'vocabulary', 0, 0),
('dime.kommune.allerod', 'vocabulary', 0, 0),
('dime.kommune.arhus', 'vocabulary', 0, 0),
('dime.kommune.assens', 'vocabulary', 0, 0),
('dime.kommune.ballerup', 'vocabulary', 0, 0),
('dime.kommune.billund', 'vocabulary', 0, 0),
('dime.kommune.bornholm', 'vocabulary', 0, 0),
('dime.kommune.brondby', 'vocabulary', 0, 0),
('dime.kommune.bronderslev', 'vocabulary', 0, 0),
('dime.kommune.dragor', 'vocabulary', 0, 0),
('dime.kommune.egedal', 'vocabulary', 0, 0),
('dime.kommune.esbjerg', 'vocabulary', 0, 0),
('dime.kommune.faaborgmidtfyn', 'vocabulary', 0, 0),
('dime.kommune.fano', 'vocabulary', 0, 0),
('dime.kommune.favrskov', 'vocabulary', 0, 0),
('dime.kommune.faxe', 'vocabulary', 0, 0),
('dime.kommune.fredensborg', 'vocabulary', 0, 0),
('dime.kommune.fredericia', 'vocabulary', 0, 0),
('dime.kommune.frederiksbeg', 'vocabulary', 0, 0),
('dime.kommune.frederikshavn', 'vocabulary', 0, 0),
('dime.kommune.frederikssund', 'vocabulary', 0, 0),
('dime.kommune.fureso', 'vocabulary', 0, 0),
('dime.kommune.gentofte', 'vocabulary', 0, 0),
('dime.kommune.gladsaxe', 'vocabulary', 0, 0),
('dime.kommune.glostrup', 'vocabulary', 0, 0),
('dime.kommune.greve', 'vocabulary', 0, 0),
('dime.kommune.gribskov', 'vocabulary', 0, 0),
('dime.kommune.guldborgsund', 'vocabulary', 0, 0),
('dime.kommune.haderslev', 'vocabulary', 0, 0),
('dime.kommune.halsnaes', 'vocabulary', 0, 0),
('dime.kommune.hedensted', 'vocabulary', 0, 0),
('dime.kommune.helsingor', 'vocabulary', 0, 0),
('dime.kommune.herlev', 'vocabulary', 0, 0),
('dime.kommune.herning', 'vocabulary', 0, 0),
('dime.kommune.hillerod', 'vocabulary', 0, 0),
('dime.kommune.hjorring', 'vocabulary', 0, 0),
('dime.kommune.hojetaastrup', 'vocabulary', 0, 0),
('dime.kommune.holbaek', 'vocabulary', 0, 0),
('dime.kommune.holstebro', 'vocabulary', 0, 0),
('dime.kommune.horsens', 'vocabulary', 0, 0),
('dime.kommune.horsholm', 'vocabulary', 0, 0),
('dime.kommune.hvidovre', 'vocabulary', 0, 0),
('dime.kommune.ikastbrande', 'vocabulary', 0, 0),
('dime.kommune.ishoj', 'vocabulary', 0, 0),
('dime.kommune.jammerbugt', 'vocabulary', 0, 0),
('dime.kommune.kalundborg', 'vocabulary', 0, 0),
('dime.kommune.kerteminde', 'vocabulary', 0, 0),
('dime.kommune.kobenhavn', 'vocabulary', 0, 0),
('dime.kommune.koge', 'vocabulary', 0, 0),
('dime.kommune.kolding', 'vocabulary', 0, 0),
('dime.kommune.laeso', 'vocabulary', 0, 0),
('dime.kommune.langeland', 'vocabulary', 0, 0),
('dime.kommune.lejre', 'vocabulary', 0, 0),
('dime.kommune.lemvig', 'vocabulary', 0, 0),
('dime.kommune.lolland', 'vocabulary', 0, 0),
('dime.kommune.lyngbytaarbaek', 'vocabulary', 0, 0),
('dime.kommune.mariagerfjord', 'vocabulary', 0, 0),
('dime.kommune.middelfart', 'vocabulary', 0, 0),
('dime.kommune.morso', 'vocabulary', 0, 0),
('dime.kommune.naestved', 'vocabulary', 0, 0),
('dime.kommune.norddjurs', 'vocabulary', 0, 0),
('dime.kommune.nordfyns', 'vocabulary', 0, 0),
('dime.kommune.nyborg', 'vocabulary', 0, 0),
('dime.kommune.odder', 'vocabulary', 0, 0),
('dime.kommune.odense', 'vocabulary', 0, 0),
('dime.kommune.odsherred', 'vocabulary', 0, 0),
('dime.kommune.randers', 'vocabulary', 0, 0),
('dime.kommune.rebild', 'vocabulary', 0, 0),
('dime.kommune.ringkobingskjern', 'vocabulary', 0, 0),
('dime.kommune.ringsted', 'vocabulary', 0, 0),
('dime.kommune.rodovre', 'vocabulary', 0, 0),
('dime.kommune.roskilde', 'vocabulary', 0, 0),
('dime.kommune.rudersdal', 'vocabulary', 0, 0),
('dime.kommune.samso', 'vocabulary', 0, 0),
('dime.kommune.silkeborg', 'vocabulary', 0, 0),
('dime.kommune.skanderborg', 'vocabulary', 0, 0),
('dime.kommune.skive', 'vocabulary', 0, 0),
('dime.kommune.slagelse', 'vocabulary', 0, 0),
('dime.kommune.solrod', 'vocabulary', 0, 0),
('dime.kommune.sonderborg', 'vocabulary', 0, 0),
('dime.kommune.soro', 'vocabulary', 0, 0),
('dime.kommune.stevns', 'vocabulary', 0, 0),
('dime.kommune.struer', 'vocabulary', 0, 0),
('dime.kommune.svendborg', 'vocabulary', 0, 0),
('dime.kommune.syddjurs', 'vocabulary', 0, 0),
('dime.kommune.tarnby', 'vocabulary', 0, 0),
('dime.kommune.thisted', 'vocabulary', 0, 0),
('dime.kommune.tonder', 'vocabulary', 0, 0),
('dime.kommune.vallensbaek', 'vocabulary', 0, 0),
('dime.kommune.varde', 'vocabulary', 0, 0),
('dime.kommune.vejen', 'vocabulary', 0, 0),
('dime.kommune.vejle', 'vocabulary', 0, 0),
('dime.kommune.vesthimmerland', 'vocabulary', 0, 0),
('dime.kommune.viborg', 'vocabulary', 0, 0),
('dime.kommune.vordingborg', 'vocabulary', 0, 0),
('dime.krogager', 'dime', 0, 0),
('dime.map.layer.foraar', 'dime', 0, 0),
('dime.map.layer.skaermkort', 'dime', 0, 0),
('dime.map.public', 'core', 0, 0),
('dime.map.user', 'core', 0, 0),
('dime.material.aluminium', 'vocabulary', 0, 0),
('dime.material.copper', 'vocabulary', 0, 0),
('dime.material.copperalloy', 'vocabulary', 0, 0),
('dime.material.gold', 'vocabulary', 0, 0),
('dime.material.iron', 'vocabulary', 0, 0),
('dime.material.lead', 'vocabulary', 0, 0),
('dime.material.othermetal', 'vocabulary', 0, 0),
('dime.material.silver', 'vocabulary', 0, 0),
('dime.material.tin', 'vocabulary', 0, 0),
('dime.metaldetector', 'dime', 0, 0),
('dime.news', 'dime', 0, 0),
('dime.period', 'dime', 0, 0),
('dime.period.absolutism', 'vocabulary', 0, 0),
('dime.period.bronze', 'vocabulary', 0, 0),
('dime.period.bronze.1', 'vocabulary', 0, 0),
('dime.period.bronze.2', 'vocabulary', 0, 0),
('dime.period.bronze.3', 'vocabulary', 0, 0),
('dime.period.bronze.4', 'vocabulary', 0, 0),
('dime.period.bronze.5', 'vocabulary', 0, 0),
('dime.period.bronze.6', 'vocabulary', 0, 0),
('dime.period.bronze.early', 'vocabulary', 0, 0),
('dime.period.bronze.late', 'vocabulary', 0, 0),
('dime.period.historic', 'vocabulary', 0, 0),
('dime.period.industrial', 'vocabulary', 0, 0),
('dime.period.interwar', 'vocabulary', 0, 0),
('dime.period.iron', 'vocabulary', 0, 0),
('dime.period.iron.early', 'vocabulary', 0, 0),
('dime.period.iron.germainic', 'vocabulary', 0, 0),
('dime.period.iron.germainic.early', 'vocabulary', 0, 0),
('dime.period.iron.germainic.late', 'vocabulary', 0, 0),
('dime.period.iron.late', 'vocabulary', 0, 0),
('dime.period.iron.preroman', 'vocabulary', 0, 0),
('dime.period.iron.preroman.early', 'vocabulary', 0, 0),
('dime.period.iron.preroman.late', 'vocabulary', 0, 0),
('dime.period.iron.preroman.middle', 'vocabulary', 0, 0),
('dime.period.iron.roman', 'vocabulary', 0, 0),
('dime.period.iron.roman.early', 'vocabulary', 0, 0),
('dime.period.iron.roman.early.b1', 'vocabulary', 0, 0),
('dime.period.iron.roman.early.b2', 'vocabulary', 0, 0),
('dime.period.iron.roman.late', 'vocabulary', 0, 0),
('dime.period.iron.roman.late.c1', 'vocabulary', 0, 0),
('dime.period.iron.roman.late.c2', 'vocabulary', 0, 0),
('dime.period.iron.roman.late.c3', 'vocabulary', 0, 0),
('dime.period.medieval', 'vocabulary', 0, 0),
('dime.period.medieval.early', 'vocabulary', 0, 0),
('dime.period.medieval.high', 'vocabulary', 0, 0),
('dime.period.medieval.late', 'vocabulary', 0, 0),
('dime.period.mesolithic', 'vocabulary', 0, 0),
('dime.period.modern', 'vocabulary', 0, 0),
('dime.period.neolithic', 'vocabulary', 0, 0),
('dime.period.palaeolithic', 'vocabulary', 0, 0),
('dime.period.reformation', 'vocabulary', 0, 0),
('dime.period.stone', 'vocabulary', 0, 0),
('dime.period.undated', 'vocabulary', 0, 0),
('dime.period.viking', 'vocabulary', 0, 0),
('dime.period.viking.early', 'vocabulary', 0, 0),
('dime.period.viking.late', 'vocabulary', 0, 0),
('dime.period.viking.medieval', 'vocabulary', 0, 0),
('dime.period.welfare', 'vocabulary', 0, 0),
('dime.period.ww1', 'vocabulary', 0, 0),
('dime.period.ww2', 'vocabulary', 0, 0),
('dime.placeholder', 'dime', 0, 0),
('dime.profile', 'dime', 0, 0),
('dime.profiles', 'dime', 0, 0),
('dime.region.hovedstaden', 'vocabulary', 0, 0),
('dime.region.midtjylland', 'vocabulary', 0, 0),
('dime.region.nordjylland', 'vocabulary', 0, 0),
('dime.region.sjaelland', 'vocabulary', 0, 0),
('dime.region.syddanmark', 'vocabulary', 0, 0),
('dime.register.faq', 'dime', 0, 0),
('dime.research', 'dime', 0, 0),
('dime.role.admin', 'core', 0, 0),
('dime.role.anon', 'core', 0, 0),
('dime.role.anonymous', 'dime', 0, 0),
('dime.role.appraiser', 'core', 0, 0),
('dime.role.curator', 'core', 0, 0),
('dime.role.detectorist', 'core', 0, 0),
('dime.role.registrar', 'core', 0, 0),
('dime.role.researcher', 'core', 0, 0),
('dime.save', 'dime', 0, 0),
('dime.schema.find', 'dime', 0, 0),
('dime.schema.image', 'dime', 0, 0),
('dime.schema.location', 'dime', 0, 0),
('dime.search', 'dime', 0, 0),
('dime.search.finds.mine', 'dime', 0, 0),
('dime.supportedby', 'dime', 0, 0),
('dime.treasure', 'dime', 0, 0),
('dime.treasure.appraisal', 'vocabulary', 0, 0),
('dime.treasure.not', 'vocabulary', 0, 0),
('dime.treasure.pending', 'vocabulary', 0, 0),
('dime.treasure.treasure', 'vocabulary', 0, 0),
('dime.user.actor.museum', 'dime', 0, 0),
('dime.user.login', 'dime', 0, 0),
('dime.user.name', 'dime', 0, 0),
('dime.user.password', 'dime', 0, 0),
('dime.user.password.forgot', 'dime', 0, 0),
('dime.user.profile', 'dime', 0, 0),
('dime.user.register', 'dime', 0, 0),
('dime.user.register.success', 'dime', 0, 0),
('dime.user.terms', 'dime', 0, 0),
('dime.user.terms.v1', 'dime', 0, 0),
('dime.user.update.success', 'dime', 0, 0);

--
-- Dumping data for table `ark_translation_domain`
--

INSERT INTO `ark_translation_domain` (`domain`, `keyword`) VALUES
('core', 'translation.domain.core');

--
-- Dumping data for table `ark_translation_language`
--

INSERT INTO `ark_translation_language` (`language`, `markup`, `vocabulary`, `text`) VALUES
('da', 1, 1, 1);

--
-- Dumping data for table `ark_translation_message`
--

INSERT INTO `ark_translation_message` (`language`, `keyword`, `role`, `text`, `notes`) VALUES
('da', 'core.actor', 'resource', 'aktører', NULL),
('da', 'core.actor.address', 'default', 'Adresse', ''),
('da', 'core.actor.avatar', 'default', 'Foto', ''),
('da', 'core.actor.biography', 'default', 'Biografi', ''),
('da', 'core.actor.email', 'default', 'E-mail', ''),
('da', 'core.actor.fullname', 'default', 'Navn', NULL),
('da', 'core.actor.id', 'default', 'Aktører ID', NULL),
('da', 'core.actor.initials', 'default', 'Initialer', ''),
('da', 'core.actor.module', 'default', 'Aktører', NULL),
('da', 'core.actor.shortname', 'default', 'Kort Navn', NULL),
('da', 'core.actor.telephone', 'default', 'Telefon', ''),
('da', 'core.actor.type.museum', 'default', 'Museum', NULL),
('da', 'core.button.save', 'default', 'Gem', NULL),
('da', 'core.button.search', 'default', 'Søg', NULL),
('da', 'core.button.send', 'default', 'Sende', ''),
('da', 'core.events', 'resource', 'begivenheder', NULL),
('da', 'core.file', 'resource', 'filer', NULL),
('da', 'core.message', 'resource', 'beskeder', NULL),
('da', 'core.message.allmessages', 'default', 'Se Tidligere Underretninger', NULL),
('da', 'core.message.messages', 'default', 'Underretninger', NULL),
('da', 'core.message.messages.new', 'default', 'Nye Underretninger', NULL),
('da', 'core.message.notification.body', 'default', 'Notifikation', NULL),
('da', 'core.message.notification.event', 'default', 'Begivenhed', NULL),
('da', 'core.message.sender', 'default', 'Fra', NULL),
('da', 'core.message.sent_at', 'default', 'Dato', NULL),
('da', 'core.message.type', 'default', 'Type', NULL),
('da', 'core.message.type.notification', 'default', 'Notifikation', NULL),
('da', 'core.user', 'resource', 'brugere', ''),
('da', 'core.user.login', 'default', 'Log på', ''),
('da', 'core.user.password', 'default', 'Adgangskode', ''),
('da', 'core.user.username', 'default', 'Brugernavn', ''),
('da', 'core.widget.send', 'default', 'Sende', ''),
('da', 'dime.about', 'default', 'Om DIME', NULL),
('da', 'dime.about.background', 'default', 'Baggrund for DIME', NULL),
('da', 'dime.about.groups', 'default', 'Detektorforeninger', NULL),
('da', 'dime.about.hevn', 'default', 'Hvem Er DIME?', NULL),
('da', 'dime.about.hevntext', 'default', 'DIME er en fællesportal for detektorbrugere og Danske museer, der kan bruges af alle.', NULL),
('da', 'dime.about.instructions', 'default', 'Vejledning', NULL),
('da', 'dime.about.museums', 'default', 'Deltagende Museer', NULL),
('da', 'dime.about.partners', 'default', 'Samarbejdspartnere', NULL),
('da', 'dime.action.edit', 'default', 'Redigere', NULL),
('da', 'dime.action.record', 'default', 'Optage', 'Optage'),
('da', 'dime.action.report', 'default', 'Berette', 'berette'),
('da', 'dime.actions', 'default', 'Handling', 'Handling'),
('da', 'dime.actor.municipalities', 'default', 'Kommuner', NULL),
('da', 'dime.admin.users', 'default', 'Administrer Brugere', ''),
('da', 'dime.background', 'default', 'Baggrund', NULL),
('da', 'dime.background', 'resource', 'baggrund', NULL),
('da', 'dime.claim', 'resource', 'danefae', ''),
('da', 'dime.confirm', 'default', 'Bekræfte', ''),
('da', 'dime.copyright', 'default', 'Copyright © 2013-2017 Arkæologisk IT, Aarhus Universitet', NULL),
('da', 'dime.credits', 'default', 'Datastruktur og support: Carsten Risager | Design: Casper Skaaning Andersen | Udvikling: L ~ P Archaeology', NULL),
('da', 'dime.denmark.municipality', 'default', 'Kommune', NULL),
('da', 'dime.detector', 'default', 'Metaldetektorbrug & Danefæ', NULL),
('da', 'dime.detector', 'resource', 'detektering', NULL),
('da', 'dime.exhibits', 'default', 'Digitale Udstillinger', NULL),
('da', 'dime.exhibits', 'resource', 'udstiller', NULL),
('da', 'dime.exhibits.forests', 'default', 'Guld og Grønne Skove', NULL),
('da', 'dime.exhibits.weapons', 'default', 'Våben i Bronzealder', NULL),
('da', 'dime.find', 'default', 'Fund', NULL),
('da', 'dime.find', 'resource', 'fund', NULL),
('da', 'dime.find.add', 'default', 'Opret Fund', NULL),
('da', 'dime.find.artefact', 'default', 'Find Artefakt', ''),
('da', 'dime.find.case', 'default', 'Museum Sagsnummer', ''),
('da', 'dime.find.classification', 'default', 'Klassifikation', NULL),
('da', 'dime.find.condition', 'default', 'Tilstand', NULL),
('da', 'dime.find.condition.fragmented', 'default', 'Fragmenteret', NULL),
('da', 'dime.find.condition.modified', 'default', 'Modificeret', NULL),
('da', 'dime.find.condition.unfinished', 'default', 'Ufærdige', NULL),
('da', 'dime.find.condition.whole', 'default', 'Hel', NULL),
('da', 'dime.find.coordinates', 'default', 'Koordinater', ''),
('da', 'dime.find.custodian', 'default', 'Vogter', NULL),
('da', 'dime.find.custody', 'default', 'Forvaring', NULL),
('da', 'dime.find.custody.destroyed', 'default', 'Ødelagt', NULL),
('da', 'dime.find.custody.discarded', 'default', 'Kasseret', NULL),
('da', 'dime.find.custody.held', 'default', 'Holdt', NULL),
('da', 'dime.find.custody.lost', 'default', 'Faret Vild', NULL),
('da', 'dime.find.custody.requested', 'default', 'Anmodet', NULL),
('da', 'dime.find.custody.sent', 'default', 'Sendt', NULL),
('da', 'dime.find.dating', 'default', 'Dating', NULL),
('da', 'dime.find.description', 'default', 'Beskrivelse', NULL),
('da', 'dime.find.event', 'default', 'Find Begevinhed', ''),
('da', 'dime.find.event.classified', 'default', 'Klassificeret', NULL),
('da', 'dime.find.event.edited', 'default', 'Redigeret', NULL),
('da', 'dime.find.event.reported', 'default', 'Berette', NULL),
('da', 'dime.find.finddate', 'default', 'Fund Dato', NULL),
('da', 'dime.find.finder', 'default', 'Bruger', ''),
('da', 'dime.find.finder_id', 'default', 'Bruger Fund ID', NULL),
('da', 'dime.find.finder_id', 'help', 'For at hjælpe museet at registrere dine fund anbefales det at du angiver et unikt nummer for din fund (samme nummer som du skriver på fundposen)', NULL),
('da', 'dime.find.finder_place', 'default', 'Fundplads', ''),
('da', 'dime.find.id', 'default', 'DIME ID', NULL),
('da', 'dime.find.images', 'default', 'Billeder', ''),
('da', 'dime.find.issuer', 'default', 'Møntherre', ''),
('da', 'dime.find.length', 'default', 'Maksimal Dimension', NULL),
('da', 'dime.find.location', 'default', 'Placering', NULL),
('da', 'dime.find.location.decimal', 'default', 'Decimal (WGS84)', NULL),
('da', 'dime.find.location.utm', 'default', 'UTM', NULL),
('da', 'dime.find.material', 'default', 'Materiale', NULL),
('da', 'dime.find.material.secondary', 'default', 'Sekundært Materiale(r)', NULL),
('da', 'dime.find.metadata', 'default', 'ID', ''),
('da', 'dime.find.mint', 'default', 'Møntsted', ''),
('da', 'dime.find.municipality', 'default', 'Kommune', NULL),
('da', 'dime.find.museum_id', 'default', 'Museum Fund ID', NULL),
('da', 'dime.find.owner', 'default', 'Ejer', NULL),
('da', 'dime.find.period', 'default', 'Datering', NULL),
('da', 'dime.find.period.end', 'default', 'Periode Slut', NULL),
('da', 'dime.find.period.start', 'default', 'Periode', NULL),
('da', 'dime.find.photo', 'default', 'Find Fotos', ''),
('da', 'dime.find.process', 'default', 'Status', NULL),
('da', 'dime.find.process.accessioned', 'default', 'Accessioneret', NULL),
('da', 'dime.find.process.assessed', 'default', 'Vurderes', NULL),
('da', 'dime.find.process.deleted', 'default', 'Slettet', NULL),
('da', 'dime.find.process.evaluated', 'default', 'Evalueret', NULL),
('da', 'dime.find.process.inactive', 'default', 'Inaktiv', NULL),
('da', 'dime.find.process.recorded', 'default', 'Registreret', NULL),
('da', 'dime.find.process.rejected', 'default', 'Afvist', NULL),
('da', 'dime.find.process.released', 'default', 'Udgivet', NULL),
('da', 'dime.find.process.reported', 'default', 'Rapporteret', NULL),
('da', 'dime.find.process.validated', 'default', 'Valideret', NULL),
('da', 'dime.find.recipient', 'default', 'Modtager', NULL),
('da', 'dime.find.search', 'default', 'Søg Fund', NULL),
('da', 'dime.find.secondary.enamel', 'default', 'Emalje', NULL),
('da', 'dime.find.secondary.gilded', 'default', 'Forgyldt', NULL),
('da', 'dime.find.secondary.glass', 'default', 'Glas', NULL),
('da', 'dime.find.secondary.iron', 'default', 'Jern', NULL),
('da', 'dime.find.secondary.niello', 'default', 'Niello', NULL),
('da', 'dime.find.secondary.organic', 'default', 'Organisk', NULL),
('da', 'dime.find.secondary.other', 'default', 'Andet', NULL),
('da', 'dime.find.secondary.stone', 'default', 'Sten', NULL),
('da', 'dime.find.secondary.tinned', 'default', 'Fortinnet', NULL),
('da', 'dime.find.status', 'default', 'Find Status', ''),
('da', 'dime.find.subtype.accessory.bell', 'default', 'Bjælde/ Klokke', NULL),
('da', 'dime.find.subtype.accessory.brooch', 'default', 'Broche/ Emblem', NULL),
('da', 'dime.find.subtype.accessory.buckle', 'default', 'Spænde (bæltespænde, skospænde osv.)', NULL),
('da', 'dime.find.subtype.accessory.button', 'default', 'Knap', NULL),
('da', 'dime.find.subtype.accessory.button.bar', 'default', 'Stangknap', NULL),
('da', 'dime.find.subtype.accessory.button.other', 'default', 'Anden type knap (Angiv i beskrivelsefelt)', NULL),
('da', 'dime.find.subtype.accessory.button.round', 'default', 'Alm. rund, halvrund el. skiveformet knap til påsyning', NULL),
('da', 'dime.find.subtype.accessory.button.stud', 'default', 'Dobbeltknap', NULL),
('da', 'dime.find.subtype.accessory.fitting', 'default', 'Beslag', NULL),
('da', 'dime.find.subtype.accessory.fitting.belt', 'default', 'Remendebeslag', NULL),
('da', 'dime.find.subtype.accessory.fitting.other', 'default', 'Anden type beslag (angiv i beskrivelsesfelt)', NULL),
('da', 'dime.find.subtype.accessory.hook', 'default', 'Hægte/ Malle', NULL),
('da', 'dime.find.subtype.accessory.jewelery', 'default', 'Smykke', NULL),
('da', 'dime.find.subtype.accessory.jewelery.bracelet', 'default', 'Armring el. -kæde', NULL),
('da', 'dime.find.subtype.accessory.jewelery.bracteate', 'default', 'Brakteat', NULL),
('da', 'dime.find.subtype.accessory.jewelery.earring', 'default', 'Ørering', NULL),
('da', 'dime.find.subtype.accessory.jewelery.necklace', 'default', 'Halssmykke - krave, ring, el. kæde', NULL),
('da', 'dime.find.subtype.accessory.jewelery.other', 'default', 'Andet smykke (angiv i beskrivelsesfelt)', NULL),
('da', 'dime.find.subtype.accessory.jewelery.pasyning', 'default', 'Påsyningsblik', NULL),
('da', 'dime.find.subtype.accessory.jewelery.pearl', 'default', 'Perle', NULL),
('da', 'dime.find.subtype.accessory.jewelery.pendant', 'default', 'Hængesmykke/amulet', NULL),
('da', 'dime.find.subtype.accessory.jewelery.ring', 'default', 'Fingerring', NULL),
('da', 'dime.find.subtype.accessory.lace', 'default', 'Snøreendedup/ Snørenål', NULL),
('da', 'dime.find.subtype.accessory.medal', 'default', 'Medalje/ Orden', NULL),
('da', 'dime.find.subtype.accessory.other', 'default', 'Andet dragttilbehør (angiv i beskrivelsesfelt)', NULL),
('da', 'dime.find.subtype.accessory.pilgrim', 'default', 'Pilgrimsmærke', NULL),
('da', 'dime.find.subtype.accessory.pin', 'default', 'Dragtnål', NULL),
('da', 'dime.find.subtype.accessory.tutulus', 'default', 'Tutulus', NULL),
('da', 'dime.find.subtype.coin.danish', 'default', 'Dansk middelaldermønt (1067-1535) ', NULL),
('da', 'dime.find.subtype.coin.danish.civilwar', 'default', 'Dansk borgerkrigsmønt (1242-1380)', NULL),
('da', 'dime.find.subtype.coin.danish.early', 'default', 'Dansk tidlig middaldermønt (1067-1241)', NULL),
('da', 'dime.find.subtype.coin.danish.hvide', 'default', 'Hvide', NULL),
('da', 'dime.find.subtype.coin.danish.klipping', 'default', 'Klipping', NULL),
('da', 'dime.find.subtype.coin.danish.other', 'default', 'Anden dansk mønt', NULL),
('da', 'dime.find.subtype.coin.danish.søsling', 'default', 'Søsling', NULL),
('da', 'dime.find.subtype.coin.danish.sterling', 'default', 'Kobbersterling', NULL),
('da', 'dime.find.subtype.coin.foreign', 'default', 'Udenlandsk middelaldermønt (1067-1535)', NULL),
('da', 'dime.find.subtype.coin.foreign.hohlpfennig', 'default', 'Hulpenning', NULL),
('da', 'dime.find.subtype.coin.foreign.hvide', 'default', 'Nordtyske hvide', NULL),
('da', 'dime.find.subtype.coin.foreign.other', 'default', 'Anden udenlandsk middelaldermønt', NULL),
('da', 'dime.find.subtype.coin.foreign.sterling', 'default', 'Engelske sterling', NULL),
('da', 'dime.find.subtype.coin.foreign.tournois', 'default', 'Franske turnos', NULL),
('da', 'dime.find.subtype.coin.jeton', 'default', 'Regnepenning', NULL),
('da', 'dime.find.subtype.coin.modern', 'default', 'Nyere mønt (efter 1535)', NULL),
('da', 'dime.find.subtype.coin.modern.danish', 'default', 'Nyere dansk mønt (efter 1535)', NULL),
('da', 'dime.find.subtype.coin.modern.foreign', 'default', 'Nyere udenlandsk mønt (efter 1535)', NULL),
('da', 'dime.find.subtype.coin.other', 'default', 'Anden mønt (angiv i beskrivelsesfelt)', NULL),
('da', 'dime.find.subtype.coin.roman', 'default', 'Romersk / Byzantinsk mønt', NULL),
('da', 'dime.find.subtype.coin.roman.aureus', 'default', 'Aurus', NULL),
('da', 'dime.find.subtype.coin.roman.denarius', 'default', 'Denar', NULL),
('da', 'dime.find.subtype.coin.roman.other', 'default', 'Anden romersk / byzantinsk mønt', NULL),
('da', 'dime.find.subtype.coin.roman.sestertius', 'default', 'Sesters', NULL),
('da', 'dime.find.subtype.coin.roman.siliqua', 'default', 'Siliqua', NULL),
('da', 'dime.find.subtype.coin.roman.solidus', 'default', 'Solidus', NULL),
('da', 'dime.find.subtype.coin.viking', 'default', 'Vikingetidsmønt', NULL),
('da', 'dime.find.subtype.coin.viking.byzantine', 'default', 'Byzantisk mønt', NULL),
('da', 'dime.find.subtype.coin.viking.carolingian', 'default', 'Anden karolingisk mønt', NULL),
('da', 'dime.find.subtype.coin.viking.denarius', 'default', 'Karolingsk denar', NULL),
('da', 'dime.find.subtype.coin.viking.dirham', 'default', 'Dirhem', NULL),
('da', 'dime.find.subtype.coin.viking.english', 'default', 'Anden engelsk mønt', NULL),
('da', 'dime.find.subtype.coin.viking.german', 'default', 'Anden tysk mønt', NULL),
('da', 'dime.find.subtype.coin.viking.nordic', 'default', 'Dansk/nordisk mønt', NULL),
('da', 'dime.find.subtype.coin.viking.other', 'default', 'Anden vikingetidsmønt', NULL),
('da', 'dime.find.subtype.coin.viking.penny', 'default', 'Engelsk penny', NULL),
('da', 'dime.find.subtype.coin.viking.phennig', 'default', 'Tysk phennig', NULL),
('da', 'dime.find.subtype.coin.viking.sceat', 'default', 'Sceatta', NULL),
('da', 'dime.find.subtype.fibula.beak', 'default', 'Næbfibula', 'delete'),
('da', 'dime.find.subtype.fibula.bird.above', 'default', 'Fuglefibula (set fra oven)', NULL),
('da', 'dime.find.subtype.fibula.bird.profile', 'default', 'Fugleformet fibula (ældre middelalder - lille fugl i profil)', NULL),
('da', 'dime.find.subtype.fibula.bow', 'default', 'Bøjlefibula', NULL),
('da', 'dime.find.subtype.fibula.bow.ball', 'default', 'Sværtstøbt kuglefibula (Førromersk jernalder)', NULL),
('da', 'dime.find.subtype.fibula.bow.band', 'default', 'Brede båndformede bøjlefibler (Romersk jernalder - Almgr. V)', NULL),
('da', 'dime.find.subtype.fibula.bow.bilateral', 'default', '2-leddede fibler m. tværkam (Ældre romersk jernalder - Almgr. I-IV)', NULL),
('da', 'dime.find.subtype.fibula.bow.button', 'default', 'Rygknapfibula', NULL),
('da', 'dime.find.subtype.fibula.bow.cross', 'default', 'Korsformet fibula', NULL),
('da', 'dime.find.subtype.fibula.bow.foot', 'default', 'Bøjlefibler med omslået fod inkl. Nydamfibler (Yngre romersk jernalder - Almgr. VI)', NULL),
('da', 'dime.find.subtype.fibula.bow.high', 'default', 'Bøjlefibler med høj nåleholder (Yngre romersk jernalder - Almgr. VII)', NULL),
('da', 'dime.find.subtype.fibula.bow.other', 'default', 'Anden bøjlefibula (Angiv i beskrivelsesfelt)', NULL),
('da', 'dime.find.subtype.fibula.bow.relief', 'default', 'Relieffibula', NULL),
('da', 'dime.find.subtype.fibula.bowl', 'default', 'Skålfibula', NULL),
('da', 'dime.find.subtype.fibula.bowl.animal', 'default', 'Dyreformet skålfibula', NULL),
('da', 'dime.find.subtype.fibula.bowl.circular', 'default', 'Cirkulær skålfibula', NULL),
('da', 'dime.find.subtype.fibula.bowl.large', 'default', 'Stor oval skålfibula (større end 7,5 cm)', NULL),
('da', 'dime.find.subtype.fibula.bowl.other', 'default', 'Anden skålfibel', NULL),
('da', 'dime.find.subtype.fibula.bowl.small', 'default', 'Lille oval skålfibula (mindre end 7,5 cm)', NULL),
('da', 'dime.find.subtype.fibula.circular', 'default', 'Cirkulær fibula uden emalje/ indfatning', NULL),
('da', 'dime.find.subtype.fibula.circular.large', 'default', 'Stor hvælvet cirkulær fibula (diameter > 4 cm)', NULL),
('da', 'dime.find.subtype.fibula.circular.other', 'default', 'Anden cirkulær fibula (angiv i beskrivelsesfelt)', NULL),
('da', 'dime.find.subtype.fibula.circular.small', 'default', 'Lille hvælvet cirkulær fibula (diameter < 4 cm) ', NULL),
('da', 'dime.find.subtype.fibula.circular.tin', 'default', 'Cirkulær blikfibula (tidlig middelalder)', NULL),
('da', 'dime.find.subtype.fibula.enamel', 'default', 'Emaljefibula/ Fibula m. indfatning', NULL),
('da', 'dime.find.subtype.fibula.enamel.central', 'default', 'Fibula m. central indfatning', NULL),
('da', 'dime.find.subtype.fibula.enamel.cross', 'default', 'Korsemaljefibula', NULL),
('da', 'dime.find.subtype.fibula.enamel.multiple', 'default', 'Fibula m. flere indfatninger', NULL),
('da', 'dime.find.subtype.fibula.enamel.other', 'default', 'Anden emaljefibula/ Fibula m. indfatning', NULL),
('da', 'dime.find.subtype.fibula.equalarm', 'default', 'Ligearmet fibula', NULL),
('da', 'dime.find.subtype.fibula.equalarm.large', 'default', 'Stor ligearmet fibula (Vikingetid)', NULL),
('da', 'dime.find.subtype.fibula.equalarm.other', 'default', 'Anden type ligearmet fibel (angiv i beskrivelsesfelt)', NULL),
('da', 'dime.find.subtype.fibula.equalarm.small', 'default', 'Lille ligearmet fibula (Germansk jernalder)', NULL),
('da', 'dime.find.subtype.fibula.healing', 'default', 'Dyreslyngsfibula (Urnesfibula og Guds lam)', NULL),
('da', 'dime.find.subtype.fibula.healing.aalborg', 'default', 'Dyreslyngsfibula af Aalborg-type (Guds lam uden kors)', NULL),
('da', 'dime.find.subtype.fibula.healing.lamb', 'default', 'Guds lam fibula / Agnus Dei fibula', NULL),
('da', 'dime.find.subtype.fibula.healing.other', 'default', 'Anden dyreslyngsfibula (angiv i beskrivelsesfelt)', NULL),
('da', 'dime.find.subtype.fibula.healing.urnes', 'default', 'Urnesfibula', NULL),
('da', 'dime.find.subtype.fibula.other', 'default', 'Anden type fibula/ Dragtspænde (angiv i beskrivelsesfelt)', NULL),
('da', 'dime.find.subtype.fibula.plate', 'default', 'Pladefibula', NULL),
('da', 'dime.find.subtype.fibula.plate.bird', 'default', 'Stor fugleformet pladefibula (Yngre germansk jernalder)', NULL),
('da', 'dime.find.subtype.fibula.plate.circular', 'default', 'Cirkulær pladefibula', NULL),
('da', 'dime.find.subtype.fibula.plate.coin', 'default', 'Møntfibula', NULL),
('da', 'dime.find.subtype.fibula.plate.horse', 'default', 'Hesteformet pladefibula', NULL),
('da', 'dime.find.subtype.fibula.plate.other', 'default', 'Anden pladefibula', NULL),
('da', 'dime.find.subtype.fibula.plate.oval', 'default', 'Oval pladefibula', NULL),
('da', 'dime.find.subtype.fibula.plate.råhede', 'default', 'Råhedefibula (korsformet pladefibel)', NULL),
('da', 'dime.find.subtype.fibula.plate.rectangular', 'default', 'Rektangulær pladefibula', NULL),
('da', 'dime.find.subtype.fibula.plate.ship', 'default', 'Skibsformet fibula', NULL),
('da', 'dime.find.subtype.fibula.plate.snake', 'default', 'S- el. Slangeformet pladefibula', NULL),
('da', 'dime.find.subtype.fibula.plate.swastika', 'default', 'Hagekorsfibula', NULL),
('da', 'dime.find.subtype.fibula.plate.tongue', 'default', 'Tungeformet fibula', NULL),
('da', 'dime.find.subtype.fibula.plate.valkyrie', 'default', 'Valkyriefibula', NULL),
('da', 'dime.find.subtype.fibula.ring', 'default', 'Middelalderligt ringspænde', NULL),
('da', 'dime.find.subtype.fibula.ring.circular', 'default', 'Cirkulære ringspænder', NULL),
('da', 'dime.find.subtype.fibula.ring.heart', 'default', 'Hjerteformede ringspænder', NULL),
('da', 'dime.find.subtype.fibula.ring.other', 'default', 'Anden type middelalderligt ringspænde', NULL),
('da', 'dime.find.subtype.fibula.ring.star', 'default', 'Stjerneformede ringspænder', NULL),
('da', 'dime.find.subtype.fibula.trilobal', 'default', 'Trefliget fibula', NULL),
('da', 'dime.find.subtype.fibula.viking', 'default', 'Anden vikingetidsfibula/-dragtspænde', NULL),
('da', 'dime.find.subtype.fibula.viking.other', 'default', 'Fibula lavet af anden genstand', NULL),
('da', 'dime.find.subtype.fibula.viking.rhombic', 'default', 'Rhombisk fibula', NULL),
('da', 'dime.find.subtype.fibula.viking.ring', 'default', 'Ringspænde/ Ringnål', NULL),
('da', 'dime.find.subtype.fibula.viking.roof', 'default', 'Hjalteformet/ Tagformet fibula', NULL),
('da', 'dime.find.subtype.metal.ingot', 'default', 'Barre', NULL),
('da', 'dime.find.subtype.metal.mold', 'default', 'Støbeform/ Smeltedigel', NULL),
('da', 'dime.find.subtype.metal.other', 'default', 'Andet produktionsaffald/ Metalskrot/ Råmaterialer\n(angiv i beskrivelsesfelt)', NULL),
('da', 'dime.find.subtype.metal.rest', 'default', 'Støberest', NULL),
('da', 'dime.find.subtype.metal.slag', 'default', 'Slagge', NULL),
('da', 'dime.find.subtype.metal.tin', 'default', 'Blikfragment', NULL),
('da', 'dime.find.subtype.military.ammunition', 'default', 'Ammunition (Musketkugle/Granat/Patronhylster/Kanonkugler)', NULL),
('da', 'dime.find.subtype.military.armor', 'default', 'Rustning/ Ringbrynje', NULL),
('da', 'dime.find.subtype.military.arrow', 'default', 'Pilespids/ Armbrøstbolt', NULL),
('da', 'dime.find.subtype.military.firearm', 'default', 'Skydevåben', NULL),
('da', 'dime.find.subtype.military.fitting', 'default', 'Beslag', NULL),
('da', 'dime.find.subtype.military.fitting.other', 'default', 'Anden type beslag (angiv)', NULL),
('da', 'dime.find.subtype.military.fitting.sheath', 'default', 'Skedebeslag ', NULL),
('da', 'dime.find.subtype.military.fitting.uniform', 'default', 'Orden/Uniformbeslag', NULL),
('da', 'dime.find.subtype.military.helmet', 'default', 'Hjelm', NULL),
('da', 'dime.find.subtype.military.melee', 'default', 'Slag-/ Stikvåben', NULL),
('da', 'dime.find.subtype.military.melee.axe', 'default', 'Økse/celt/pålstav', NULL),
('da', 'dime.find.subtype.military.melee.blunt', 'default', 'Stridskølle', NULL),
('da', 'dime.find.subtype.military.melee.knife', 'default', 'Dolk', NULL),
('da', 'dime.find.subtype.military.melee.other', 'default', 'Anden type slag-/stikvåben (angiv i beskrivelsesfelt)', NULL),
('da', 'dime.find.subtype.military.melee.pointed', 'default', 'Lanse/Spyd', NULL),
('da', 'dime.find.subtype.military.melee.sword', 'default', 'Sværd/Sabel (klinge eller greb)', NULL),
('da', 'dime.find.subtype.military.other', 'default', 'Andet våben/ Militaria  (angiv i beskrivelsesfelt)', NULL),
('da', 'dime.find.subtype.military.shield', 'default', 'Skjold', NULL),
('da', 'dime.find.subtype.tool.equestrian', 'default', 'Rideudstyr/ Seletøj (spore, hestesko, bidsel, etc)', NULL),
('da', 'dime.find.subtype.tool.equestrian.bell', 'default', 'Bjælde/klokke', NULL),
('da', 'dime.find.subtype.tool.equestrian.bridle', 'default', 'Hovedtøjsdele (Bidsel/ bidselbeslag, remfordeler, etc.)', NULL),
('da', 'dime.find.subtype.tool.equestrian.cheek', 'default', 'Rasleblik', NULL),
('da', 'dime.find.subtype.tool.equestrian.other', 'default', 'Andet rideudstyr/ seletøj (angiv i beskrivelsesfelt)', NULL),
('da', 'dime.find.subtype.tool.equestrian.shoe', 'default', 'Hestesko', NULL),
('da', 'dime.find.subtype.tool.equestrian.stirrup', 'default', 'Stigbøjle/stigbøjlebeslag', NULL),
('da', 'dime.find.subtype.tool.equestrian.tack', 'default', 'Spore', NULL),
('da', 'dime.find.subtype.tool.house', 'default', 'Husgeråd/ Bord- og køkkentøj/ Interiør', NULL),
('da', 'dime.find.subtype.tool.house.crockery', 'default', 'Tallerken/fad/skål', NULL),
('da', 'dime.find.subtype.tool.house.cutlery', 'default', 'Bestik (spisekniv,-gaffel, -ske)', NULL),
('da', 'dime.find.subtype.tool.house.fixtures', 'default', 'Møbel-/skrinbeslag/håndtag/pyntenitter', NULL),
('da', 'dime.find.subtype.tool.house.key', 'default', 'Nøgle', NULL),
('da', 'dime.find.subtype.tool.house.knife', 'default', 'Kniv (knivblad, grebsbeslag, knivskedebeslag, etc) ', NULL),
('da', 'dime.find.subtype.tool.house.light', 'default', 'Lysestage/lampe', NULL),
('da', 'dime.find.subtype.tool.house.lock', 'default', 'Lås', NULL),
('da', 'dime.find.subtype.tool.house.other', 'default', 'Andet \"Husgeråd/bord- og køkkentøj/interiør\" (Angiv i beskrivelsesfelt)', NULL),
('da', 'dime.find.subtype.tool.house.pot', 'default', 'Malmgryde', NULL),
('da', 'dime.find.subtype.tool.house.scissors', 'default', 'Saks', NULL),
('da', 'dime.find.subtype.tool.house.striker', 'default', 'Ildstål', NULL),
('da', 'dime.find.subtype.tool.measure', 'default', 'Værdimetal/Vægte og vægtlodder', NULL),
('da', 'dime.find.subtype.tool.measure.clip', 'default', 'Klipsølv/guldfragment (ikke møntfragmenter)', NULL),
('da', 'dime.find.subtype.tool.measure.ingot', 'default', 'Barre', NULL),
('da', 'dime.find.subtype.tool.measure.scale', 'default', 'Vægt', NULL),
('da', 'dime.find.subtype.tool.measure.weight', 'default', 'Vægtlod', NULL),
('da', 'dime.find.subtype.tool.other', 'default', 'Andet redskab/værktøj (angiv i beskrivelsesfelt)', NULL),
('da', 'dime.find.subtype.tool.textile', 'default', 'Redskaber til tekstilarbejde', NULL),
('da', 'dime.find.subtype.tool.textile.case', 'default', 'Nålehylster', NULL),
('da', 'dime.find.subtype.tool.textile.needle', 'default', 'Nål', NULL),
('da', 'dime.find.subtype.tool.textile.scissors', 'default', 'Saks', NULL),
('da', 'dime.find.subtype.tool.textile.thimble', 'default', 'Fingerbøl', NULL),
('da', 'dime.find.subtype.tool.textile.whorl', 'default', 'Tenvægt', NULL),
('da', 'dime.find.subtype.tool.toilet', 'default', 'Toiletudstyr (kam, ragekniv, pincet)', NULL),
('da', 'dime.find.subtype.tool.toilet.comb', 'default', 'Kam', NULL),
('da', 'dime.find.subtype.tool.toilet.ear', 'default', 'Øreske', NULL),
('da', 'dime.find.subtype.tool.toilet.other', 'default', 'Andet toiletudstyr', NULL),
('da', 'dime.find.subtype.tool.toilet.razor', 'default', 'Ragekniv', NULL),
('da', 'dime.find.subtype.tool.toilet.tweezers', 'default', 'Pincet', NULL),
('da', 'dime.find.subtype.tool.toy', 'default', 'Legetøj/ Spillerekvisiter (tinsoldat, spillebrik, etc.)', NULL),
('da', 'dime.find.subtype.tool.toy.counter', 'default', 'Spillebrik', NULL),
('da', 'dime.find.subtype.tool.toy.dice', 'default', 'Terning', NULL),
('da', 'dime.find.subtype.tool.toy.other', 'default', 'Andet legetøj/ Spillerekvisit (angiv i beskrivelsesfelt)', NULL),
('da', 'dime.find.subtype.tool.work', 'default', 'Landbrugsudstyr/ Værktøj/ Håndværksartikel', NULL),
('da', 'dime.find.subtype.tool.work.axe', 'default', 'Økse/celt/pålstav', NULL),
('da', 'dime.find.subtype.tool.work.chisel', 'default', 'Mejsel/punsel', NULL),
('da', 'dime.find.subtype.tool.work.drill', 'default', 'Syl/bor', NULL),
('da', 'dime.find.subtype.tool.work.fitting', 'default', 'Beslag', NULL),
('da', 'dime.find.subtype.tool.work.hammer', 'default', 'Hammer', NULL),
('da', 'dime.find.subtype.tool.work.knife', 'default', 'Kniv (knivblad, grebsbeslag, knivskedebeslag, etc) ', NULL),
('da', 'dime.find.subtype.tool.work.nail', 'default', 'Søm/skrue/krampe', NULL),
('da', 'dime.find.subtype.tool.work.other', 'default', 'Andet landbrugsudstyr/værktøj/håndværksartikel (angiv i beskrivelsesfelt)', NULL),
('da', 'dime.find.subtype.tool.work.pliars', 'default', 'Tang', NULL),
('da', 'dime.find.subtype.tool.work.rivet', 'default', 'Nitte/klinknagle/Nitteplade', NULL),
('da', 'dime.find.subtype.tool.work.sickle', 'default', 'Segl/Le', NULL),
('da', 'dime.find.subtype.tool.writing', 'default', 'Artikler - religion og kommunikation', NULL),
('da', 'dime.find.subtype.tool.writing.bylamulet', 'default', 'Blyamulet', NULL),
('da', 'dime.find.subtype.tool.writing.clasp', 'default', 'Bogspænde', NULL),
('da', 'dime.find.subtype.tool.writing.guldgubbe', 'default', 'Guldgubbe', NULL),
('da', 'dime.find.subtype.tool.writing.runebrev', 'default', 'Runebrev', NULL),
('da', 'dime.find.subtype.tool.writing.seal', 'default', 'Plombe', NULL),
('da', 'dime.find.subtype.tool.writing.stamp', 'default', 'Seglstampe/Signet', NULL),
('da', 'dime.find.subtype.tool.writing.stylus', 'default', 'Stylos', NULL),
('da', 'dime.find.treasure', 'default', 'Danefæ', NULL),
('da', 'dime.find.type', 'default', 'Type', NULL),
('da', 'dime.find.type.accessory', 'default', 'Smykke / Dragttilbehør', NULL),
('da', 'dime.find.type.coin', 'default', 'Mønt', NULL),
('da', 'dime.find.type.fibula', 'default', 'Fibula / Dragtspænde', NULL),
('da', 'dime.find.type.metal', 'default', 'Produktionsaffald / Metalskrot', NULL),
('da', 'dime.find.type.military', 'default', 'Våben / Militaria', NULL),
('da', 'dime.find.type.tool', 'default', 'Redskab / Værktøj', NULL),
('da', 'dime.find.weight', 'default', 'Vægt', NULL),
('da', 'dime.home', 'default', 'Hjem', NULL),
('da', 'dime.home', 'resource', 'hjem', NULL),
('da', 'dime.home.alarm', 'default', 'Underretninger', NULL),
('da', 'dime.home.faq', 'default', '<dl><dt>Hvem Er DIME?</dt><dd>DIME er en fællesportal for detektorbrugere og Danske museer, der kan bruges af alle.</dd><dd>&nbsp;</dd><dt>Hvorfor skal jeg bruge dime?</dt><dd>DIME muliggør en hurtigere behandling af dinefund i samarbejde med museet og giver dig overblik over dine fund og fundpladser.</dd><dd>&nbsp;</dd><dt>Hvilke fund skal/kan uploades i DIME?</dt><dd>Alle detektorfund (ikke kun Danefæ) kan uploades i DIME.</dd><dd>&nbsp;</dd><dt>Kan andre se mine fundsteder?</dt><dd>Nej! Fundsteder og privatoplysninger er kunsynlige for museumsarkæologer og forskere med særlig adgang</dd><dd>&nbsp;</dd><dt>Findes der en dime-app?</dt><dd>En app-løsning til registrering i marken er under udvikling.</dd></dl>', NULL),
('da', 'dime.home.hvert', 'default', 'Hvert år finder metaldetektorbrugere landet over tusindevis af genstande fra oldtid, middelal-der og senere perioder. Metalgenstandene er en del af vores fælles kulturarv og vigtige brikker i Danmarkshistorien. DIME sikrer oplysninger om fundene til gavn for nulevende og efterføl- gende generatione', NULL),
('da', 'dime.home.welcome', 'default', 'Velkommen %name%', NULL),
('da', 'dime.kommune.aabenraa', 'default', 'Aabenraa', NULL),
('da', 'dime.kommune.aabenraa', 'official', 'Aabenraa Kommune', NULL),
('da', 'dime.kommune.aalborg', 'default', 'Aalborg', NULL),
('da', 'dime.kommune.aalborg', 'official', 'Aalborg Kommune', NULL),
('da', 'dime.kommune.aero', 'default', 'Ærø', NULL),
('da', 'dime.kommune.aero', 'official', 'Ærø Kommune', NULL),
('da', 'dime.kommune.albertslund', 'default', 'Albertslund', NULL),
('da', 'dime.kommune.albertslund', 'official', 'Albertslund Kommune', NULL),
('da', 'dime.kommune.allerod', 'default', 'Allerød', NULL),
('da', 'dime.kommune.allerod', 'official', 'Allerød Kommune', NULL),
('da', 'dime.kommune.arhus', 'default', 'Århus', NULL),
('da', 'dime.kommune.arhus', 'official', 'Århus Kommune', NULL),
('da', 'dime.kommune.assens', 'default', 'Assens', NULL),
('da', 'dime.kommune.assens', 'official', 'Assens Kommune', NULL),
('da', 'dime.kommune.ballerup', 'default', 'Ballerup', NULL),
('da', 'dime.kommune.ballerup', 'official', 'Ballerup Kommune', NULL),
('da', 'dime.kommune.billund', 'default', 'Billund', NULL),
('da', 'dime.kommune.billund', 'official', 'Billund Kommune', NULL),
('da', 'dime.kommune.bornholm', 'default', 'Bornholm', NULL),
('da', 'dime.kommune.bornholm', 'official', 'Bornholms Kommune', NULL),
('da', 'dime.kommune.brondby', 'default', 'Brøndby', NULL),
('da', 'dime.kommune.brondby', 'official', 'Brøndby Kommune', NULL),
('da', 'dime.kommune.bronderslev', 'default', 'Brønderslev', NULL),
('da', 'dime.kommune.bronderslev', 'official', 'Brønderslev Kommune', NULL),
('da', 'dime.kommune.dragor', 'default', 'Dragør', NULL),
('da', 'dime.kommune.dragor', 'official', 'Dragør Kommune', NULL),
('da', 'dime.kommune.egedal', 'default', 'Egedal', NULL),
('da', 'dime.kommune.egedal', 'official', 'Egedal Kommune', NULL),
('da', 'dime.kommune.esbjerg', 'default', 'Esbjerg', NULL),
('da', 'dime.kommune.esbjerg', 'official', 'Esbjerg Kommune', NULL),
('da', 'dime.kommune.faaborgmidtfyn', 'default', 'Faaborg-Midtfyn', NULL),
('da', 'dime.kommune.faaborgmidtfyn', 'official', 'Faaborg-Midtfyn Kommune', NULL),
('da', 'dime.kommune.fano', 'default', 'Fanø', NULL),
('da', 'dime.kommune.fano', 'official', 'Fanø Kommune', NULL),
('da', 'dime.kommune.favrskov', 'default', 'Favrskov', NULL),
('da', 'dime.kommune.favrskov', 'official', 'Favrskov Kommune', NULL),
('da', 'dime.kommune.faxe', 'default', 'Faxe', NULL),
('da', 'dime.kommune.faxe', 'official', 'Faxe Kommune', NULL),
('da', 'dime.kommune.fredensborg', 'default', 'Fredensborg', NULL),
('da', 'dime.kommune.fredensborg', 'official', 'Fredensborg Kommune', NULL),
('da', 'dime.kommune.fredericia', 'default', 'Fredericia', NULL),
('da', 'dime.kommune.fredericia', 'official', 'Fredericia Kommune', NULL),
('da', 'dime.kommune.frederiksbeg', 'default', 'Frederiksbeg', NULL),
('da', 'dime.kommune.frederiksbeg', 'official', 'Frederiksberg Kommune', NULL),
('da', 'dime.kommune.frederikshavn', 'default', 'Frederikshavn', NULL),
('da', 'dime.kommune.frederikshavn', 'official', 'Frederikshavn Kommune', NULL),
('da', 'dime.kommune.frederikssund', 'default', 'Frederikssund', NULL),
('da', 'dime.kommune.frederikssund', 'official', 'Frederikssund Kommune', NULL),
('da', 'dime.kommune.fureso', 'default', 'Furesø', NULL),
('da', 'dime.kommune.fureso', 'official', 'Furesø Kommune', NULL),
('da', 'dime.kommune.gentofte', 'default', 'Gentofte', NULL),
('da', 'dime.kommune.gentofte', 'official', 'Gentofte Kommune', NULL),
('da', 'dime.kommune.gladsaxe', 'default', 'Gladsaxe', NULL),
('da', 'dime.kommune.gladsaxe', 'official', 'Gladsaxe Kommune', NULL),
('da', 'dime.kommune.glostrup', 'default', 'Glostrup', NULL),
('da', 'dime.kommune.glostrup', 'official', 'Glostrup Kommune', NULL),
('da', 'dime.kommune.greve', 'default', 'Greve', NULL),
('da', 'dime.kommune.greve', 'official', 'Greve Kommune', NULL),
('da', 'dime.kommune.gribskov', 'default', 'Gribskov', NULL),
('da', 'dime.kommune.gribskov', 'official', 'Gribskov Kommune', NULL),
('da', 'dime.kommune.guldborgsund', 'default', 'Guldborgsund', NULL),
('da', 'dime.kommune.guldborgsund', 'official', 'Guldborgsund Kommune', NULL),
('da', 'dime.kommune.haderslev', 'default', 'Haderslev', NULL),
('da', 'dime.kommune.haderslev', 'official', 'Haderslev Kommune', NULL),
('da', 'dime.kommune.halsnaes', 'default', 'Halsnæs', NULL),
('da', 'dime.kommune.halsnaes', 'official', 'Halsnæs Kommune', NULL),
('da', 'dime.kommune.hedensted', 'default', 'Hedensted', NULL),
('da', 'dime.kommune.hedensted', 'official', 'Hedensted Kommune', NULL),
('da', 'dime.kommune.helsingor', 'default', 'Helsingør', NULL),
('da', 'dime.kommune.helsingor', 'official', 'Helsingør Kommune', NULL),
('da', 'dime.kommune.herlev', 'default', 'Herlev', NULL),
('da', 'dime.kommune.herlev', 'official', 'Herlev Kommune', NULL),
('da', 'dime.kommune.herning', 'default', 'Herning', NULL),
('da', 'dime.kommune.herning', 'official', 'Herning Kommune', NULL),
('da', 'dime.kommune.hillerod', 'default', 'Hillerød', NULL),
('da', 'dime.kommune.hillerod', 'official', 'Hillerød Kommune', NULL),
('da', 'dime.kommune.hjorring', 'default', 'Hjørring', NULL),
('da', 'dime.kommune.hjorring', 'official', 'Hjørring Kommune', NULL),
('da', 'dime.kommune.hojetaastrup', 'default', 'Høje-Taastrup', NULL),
('da', 'dime.kommune.hojetaastrup', 'official', 'Høje-Taastrup Kommune', NULL),
('da', 'dime.kommune.holbaek', 'default', 'Holbæk', NULL),
('da', 'dime.kommune.holbaek', 'official', 'Holbæk Kommune', NULL),
('da', 'dime.kommune.holstebro', 'default', 'Holstebro', NULL),
('da', 'dime.kommune.holstebro', 'official', 'Holstebro Kommune', NULL),
('da', 'dime.kommune.horsens', 'default', 'Horsens', NULL),
('da', 'dime.kommune.horsens', 'official', 'Horsens Kommune', NULL),
('da', 'dime.kommune.horsholm', 'default', 'Hørsholm', NULL),
('da', 'dime.kommune.horsholm', 'official', 'Hørsholm Kommune', NULL),
('da', 'dime.kommune.hvidovre', 'default', 'Hvidovre', NULL),
('da', 'dime.kommune.hvidovre', 'official', 'Hvidovre Kommune', NULL),
('da', 'dime.kommune.ikastbrande', 'default', 'Ikast-Brande', NULL),
('da', 'dime.kommune.ikastbrande', 'official', 'Ikast-Brande Kommune', NULL),
('da', 'dime.kommune.ishoj', 'default', 'Ishøj', NULL),
('da', 'dime.kommune.ishoj', 'official', 'Ishøj Kommune', NULL),
('da', 'dime.kommune.jammerbugt', 'default', 'Jammerbugt', NULL),
('da', 'dime.kommune.jammerbugt', 'official', 'Jammerbugt Kommune', NULL),
('da', 'dime.kommune.kalundborg', 'default', 'Kalundborg', NULL),
('da', 'dime.kommune.kalundborg', 'official', 'Kalundborg Kommune', NULL),
('da', 'dime.kommune.kerteminde', 'default', 'Kerteminde', NULL),
('da', 'dime.kommune.kerteminde', 'official', 'Kerteminde Kommune', NULL),
('da', 'dime.kommune.kobenhavn', 'default', 'København', NULL),
('da', 'dime.kommune.kobenhavn', 'official', 'Københavns Kommune', NULL),
('da', 'dime.kommune.koge', 'default', 'Køge', NULL),
('da', 'dime.kommune.koge', 'official', 'Køge Kommune', NULL),
('da', 'dime.kommune.kolding', 'default', 'Kolding', NULL),
('da', 'dime.kommune.kolding', 'official', 'Kolding Kommune', NULL),
('da', 'dime.kommune.laeso', 'default', 'Læsø', NULL),
('da', 'dime.kommune.laeso', 'official', 'Læsø Kommune', NULL),
('da', 'dime.kommune.langeland', 'default', 'Langeland', NULL),
('da', 'dime.kommune.langeland', 'official', 'Langeland Kommune', NULL),
('da', 'dime.kommune.lejre', 'default', 'Lejre', NULL),
('da', 'dime.kommune.lejre', 'official', 'Lejre Kommune', NULL),
('da', 'dime.kommune.lemvig', 'default', 'Lemvig', NULL),
('da', 'dime.kommune.lemvig', 'official', 'Lemvig Kommune', NULL),
('da', 'dime.kommune.lolland', 'default', 'Lolland', NULL),
('da', 'dime.kommune.lolland', 'official', 'Lolland Kommune', NULL),
('da', 'dime.kommune.lyngbytaarbaek', 'default', 'Lyngby-Taarbæk', NULL),
('da', 'dime.kommune.lyngbytaarbaek', 'official', 'Lyngby-Taarbæk Kommune', NULL),
('da', 'dime.kommune.mariagerfjord', 'default', 'Mariagerfjord', NULL),
('da', 'dime.kommune.mariagerfjord', 'official', 'Mariagerfjord Kommune', NULL),
('da', 'dime.kommune.middelfart', 'default', 'Middelfart', NULL),
('da', 'dime.kommune.middelfart', 'official', 'Middelfart Kommune', NULL),
('da', 'dime.kommune.morso', 'default', 'Morsø', NULL),
('da', 'dime.kommune.morso', 'official', 'Morsø Kommune', NULL),
('da', 'dime.kommune.naestved', 'default', 'Næstved', NULL),
('da', 'dime.kommune.naestved', 'official', 'Næstved Kommune', NULL),
('da', 'dime.kommune.norddjurs', 'default', 'Norddjurs', NULL),
('da', 'dime.kommune.norddjurs', 'official', 'Norddjurs Kommune', NULL),
('da', 'dime.kommune.nordfyns', 'default', 'Nordfyns', NULL),
('da', 'dime.kommune.nordfyns', 'official', 'Nordfyns Kommune', NULL),
('da', 'dime.kommune.nyborg', 'default', 'Nyborg', NULL),
('da', 'dime.kommune.nyborg', 'official', 'Nyborg Kommune', NULL),
('da', 'dime.kommune.odder', 'default', 'Odder', NULL),
('da', 'dime.kommune.odder', 'official', 'Odder Kommune', NULL),
('da', 'dime.kommune.odense', 'default', 'Odense', NULL),
('da', 'dime.kommune.odense', 'official', 'Odense Kommune', NULL),
('da', 'dime.kommune.odsherred', 'default', 'Odsherred', NULL),
('da', 'dime.kommune.odsherred', 'official', 'Odsherred Kommune', NULL),
('da', 'dime.kommune.randers', 'default', 'Randers', NULL),
('da', 'dime.kommune.randers', 'official', 'Randers Kommune', NULL),
('da', 'dime.kommune.rebild', 'default', 'Rebild', NULL),
('da', 'dime.kommune.rebild', 'official', 'Rebild Kommune', NULL),
('da', 'dime.kommune.ringkobingskjern', 'default', 'Ringkøbing-Skjern', NULL),
('da', 'dime.kommune.ringkobingskjern', 'official', 'Ringkøbing-Skjern Kommune', NULL),
('da', 'dime.kommune.ringsted', 'default', 'Ringsted', NULL),
('da', 'dime.kommune.ringsted', 'official', 'Ringsted Kommune', NULL),
('da', 'dime.kommune.rodovre', 'default', 'Rødovre', NULL),
('da', 'dime.kommune.rodovre', 'official', 'Rødovre Kommune', NULL),
('da', 'dime.kommune.roskilde', 'default', 'Roskilde', NULL),
('da', 'dime.kommune.roskilde', 'official', 'Roskilde Kommune', NULL),
('da', 'dime.kommune.rudersdal', 'default', 'Rudersdal', NULL),
('da', 'dime.kommune.rudersdal', 'official', 'Rudersdal Kommune', NULL),
('da', 'dime.kommune.samso', 'default', 'Samsø', NULL),
('da', 'dime.kommune.samso', 'official', 'Samsø Kommune', NULL),
('da', 'dime.kommune.silkeborg', 'default', 'Silkeborg', NULL),
('da', 'dime.kommune.silkeborg', 'official', 'Silkeborg Kommune', NULL),
('da', 'dime.kommune.skanderborg', 'default', 'Skanderborg', NULL),
('da', 'dime.kommune.skanderborg', 'official', 'Skanderborg Kommune', NULL),
('da', 'dime.kommune.skive', 'default', 'Skive', NULL),
('da', 'dime.kommune.skive', 'official', 'Skive Kommune', NULL),
('da', 'dime.kommune.slagelse', 'default', 'Slagelse', NULL),
('da', 'dime.kommune.slagelse', 'official', 'Slagelse Kommune', NULL),
('da', 'dime.kommune.solrod', 'default', 'Solrød', NULL),
('da', 'dime.kommune.solrod', 'official', 'Solrød Kommune', NULL),
('da', 'dime.kommune.sonderborg', 'default', 'Sønderborg', NULL),
('da', 'dime.kommune.sonderborg', 'official', 'Sønderborg Kommune', NULL),
('da', 'dime.kommune.soro', 'default', 'Sorø', NULL),
('da', 'dime.kommune.soro', 'official', 'Sorø Kommune', NULL),
('da', 'dime.kommune.stevns', 'default', 'Stevns', NULL),
('da', 'dime.kommune.stevns', 'official', 'Stevns Kommune', NULL),
('da', 'dime.kommune.struer', 'default', 'Struer', NULL),
('da', 'dime.kommune.struer', 'official', 'Struer Kommune', NULL),
('da', 'dime.kommune.svendborg', 'default', 'Svendborg', NULL),
('da', 'dime.kommune.svendborg', 'official', 'Svendborg Kommune', NULL),
('da', 'dime.kommune.syddjurs', 'default', 'Syddjurs', NULL),
('da', 'dime.kommune.syddjurs', 'official', 'Syddjurs Kommune', NULL),
('da', 'dime.kommune.tarnby', 'default', 'Tårnby', NULL),
('da', 'dime.kommune.tarnby', 'official', 'Tårnby Kommune', NULL),
('da', 'dime.kommune.thisted', 'default', 'Thisted', NULL),
('da', 'dime.kommune.thisted', 'official', 'Thisted Kommune', NULL),
('da', 'dime.kommune.tonder', 'default', 'Tønder', NULL),
('da', 'dime.kommune.tonder', 'official', 'Tønder Kommune', NULL),
('da', 'dime.kommune.vallensbaek', 'default', 'Vallensbæk', NULL),
('da', 'dime.kommune.vallensbaek', 'official', 'Vallensbæk Kommune', NULL),
('da', 'dime.kommune.varde', 'default', 'Varde', NULL),
('da', 'dime.kommune.varde', 'official', 'Varde Kommune', NULL),
('da', 'dime.kommune.vejen', 'default', 'Vejen', NULL),
('da', 'dime.kommune.vejen', 'official', 'Vejen Kommune', NULL),
('da', 'dime.kommune.vejle', 'default', 'Vejle', NULL),
('da', 'dime.kommune.vejle', 'official', 'Vejle Kommune', NULL),
('da', 'dime.kommune.vesthimmerland', 'default', 'Vesthimmerland', NULL),
('da', 'dime.kommune.vesthimmerland', 'official', 'Vesthimmerlands Kommune', NULL),
('da', 'dime.kommune.viborg', 'default', 'Viborg', NULL),
('da', 'dime.kommune.viborg', 'official', 'Viborg Kommune', NULL),
('da', 'dime.kommune.vordingborg', 'default', 'Vordingborg', NULL),
('da', 'dime.kommune.vordingborg', 'official', 'Vordingborg Kommune', NULL),
('da', 'dime.krogager', 'default', 'KrogagerFonden', NULL),
('da', 'dime.map.layer.foraar', 'default', 'Foraar Kortlag', NULL),
('da', 'dime.map.layer.skaermkort', 'default', 'Skaermkort', NULL),
('da', 'dime.material.aluminium', 'default', 'Aluminium', NULL),
('da', 'dime.material.copper', 'default', 'Kobber', NULL),
('da', 'dime.material.copperalloy', 'default', 'Bronze', NULL),
('da', 'dime.material.gold', 'default', 'Guld', NULL),
('da', 'dime.material.iron', 'default', 'Jern', NULL),
('da', 'dime.material.lead', 'default', 'Bly', NULL),
('da', 'dime.material.othermetal', 'default', 'Andet Metal', NULL),
('da', 'dime.material.silver', 'default', 'Sølv', NULL),
('da', 'dime.material.tin', 'default', 'Tin', NULL),
('da', 'dime.metaldetector', 'default', 'Metaldetektorbrug I Danmark', NULL),
('da', 'dime.news', 'default', 'Nyheder', NULL),
('da', 'dime.news', 'resource', 'nyheder', NULL),
('da', 'dime.period', 'default', 'Periode', NULL),
('da', 'dime.period.absolutism', 'default', 'Enevælde', 'Absolutism'),
('da', 'dime.period.bronze', 'default', 'Bronzealder', 'Bronze Age'),
('da', 'dime.period.bronze.1', 'default', 'Bronzealder Per. 1', 'Bronze Age Period 1'),
('da', 'dime.period.bronze.2', 'default', 'Bronzealder Per. 2', 'Bronze Age Period 2'),
('da', 'dime.period.bronze.3', 'default', 'Bronzealder Per 3', 'Bronze Age Period 3'),
('da', 'dime.period.bronze.4', 'default', 'Bronzealder Per. 4', 'Bronze Age Period 4'),
('da', 'dime.period.bronze.5', 'default', 'Bronzealder Per. 5', 'Bronze Age Period 5'),
('da', 'dime.period.bronze.6', 'default', 'Bronzealder Per. 6', 'Bronze Age Period 6'),
('da', 'dime.period.bronze.early', 'default', 'Ældre Bronzealder', 'Early Bronze Age'),
('da', 'dime.period.bronze.late', 'default', 'Yngre Bronzealder', 'Late Bronze Age'),
('da', 'dime.period.historic', 'default', 'Historisk tid', 'Historic Age'),
('da', 'dime.period.industrial', 'default', 'Industritid', 'Industrial Age'),
('da', 'dime.period.interwar', 'default', 'Mellemskrigstiden', 'Interwar Years'),
('da', 'dime.period.iron', 'default', 'Jernalder', 'Iron Age'),
('da', 'dime.period.iron.early', 'default', 'Ældre Jernalder', 'Early Iron Age'),
('da', 'dime.period.iron.germainic', 'default', 'Germansk Jernalder', 'Germanic Iron Age'),
('da', 'dime.period.iron.germainic.early', 'default', 'Ældre Germansk Jernalder', 'Early Germanic Iron Age'),
('da', 'dime.period.iron.germainic.late', 'default', 'Yngre Germansk Jernalder', 'Late Germanic Iron Age'),
('da', 'dime.period.iron.late', 'default', 'Yngre Jernalder', 'Late Iron Age'),
('da', 'dime.period.iron.preroman', 'default', 'Førromersk Jernalder', 'Pre-Roman Iron Age'),
('da', 'dime.period.iron.preroman.early', 'default', 'Ældre Førromersk Jernalder', 'Early Pre-Roman Iron Age'),
('da', 'dime.period.iron.preroman.late', 'default', 'Yngre Førromersk Jernalder', 'Late Pre-Roman Iron Age'),
('da', 'dime.period.iron.preroman.middle', 'default', 'Melllemste Førromersk Jernalder', 'Middle Pre-Roman Iron Age'),
('da', 'dime.period.iron.roman', 'default', 'Romersk Jernalder', 'Roman Iron Age'),
('da', 'dime.period.iron.roman.early', 'default', 'Ældre Romersk Jernalder', 'Early Roman Iron Age'),
('da', 'dime.period.iron.roman.early.b1', 'default', 'Ældre Romersk Jernalder B1', 'Early Roman Iron Age B1'),
('da', 'dime.period.iron.roman.early.b2', 'default', 'Ældre Romersk Jernalder B2', 'Early Roman Iron Age B2'),
('da', 'dime.period.iron.roman.late', 'default', 'Yngre Romersk Jernalder', 'Late Roman Iron Age'),
('da', 'dime.period.iron.roman.late.c1', 'default', 'Yngre Romersk Jernalder C1', 'Late Roman Iron Age C1'),
('da', 'dime.period.iron.roman.late.c2', 'default', 'Yngre Romersk Jernalder C2', 'Late Roman Iron Age C2'),
('da', 'dime.period.iron.roman.late.c3', 'default', 'Yngre Romersk Jernalder C3', 'Late Roman Iron Age C3'),
('da', 'dime.period.medieval', 'default', 'Middelalder', 'Medieval'),
('da', 'dime.period.medieval.early', 'default', 'Tidlig Middelalder', 'Early Medieval'),
('da', 'dime.period.medieval.high', 'default', 'Højmiddelalder', 'High Medieval'),
('da', 'dime.period.medieval.late', 'default', 'Senmiddelalder', 'Late Medieval'),
('da', 'dime.period.mesolithic', 'default', 'Mesolitikum', 'Mesolithic'),
('da', 'dime.period.modern', 'default', 'Nyere tid', 'Modern Age'),
('da', 'dime.period.neolithic', 'default', 'Neolitikum', 'Neolithic'),
('da', 'dime.period.palaeolithic', 'default', 'Pælæolitikum', 'Palaeolithic'),
('da', 'dime.period.reformation', 'default', 'Efterreformatorisk tid', 'Reformation'),
('da', 'dime.period.stone', 'default', 'Stenalder', 'Stone Age'),
('da', 'dime.period.undated', 'default', 'Udateret', 'Undated'),
('da', 'dime.period.viking', 'default', 'Vikingetid', 'Viking Age'),
('da', 'dime.period.viking.early', 'default', 'Ældre Vikingetid', 'Early Viking Age'),
('da', 'dime.period.viking.late', 'default', 'Yngre Vikingetid', 'Late Viking Age'),
('da', 'dime.period.viking.medieval', 'default', 'Vikingetid / Tidlig Middelalder', 'Viking / Early Medieval '),
('da', 'dime.period.welfare', 'default', 'Velfærdssamfundet', 'Welfare Age'),
('da', 'dime.period.ww1', 'default', '1. Verdenskrig', 'First World War'),
('da', 'dime.period.ww2', 'default', '2. Verdenskrig', 'Second World War'),
('da', 'dime.placeholder', 'default', '-', NULL),
('da', 'dime.profile', 'default', 'Profil', ''),
('da', 'dime.profile', 'resource', 'profil', ''),
('da', 'dime.profiles', 'resource', 'profiler', ''),
('da', 'dime.region.hovedstaden', 'default', 'Hovedstaden', NULL),
('da', 'dime.region.hovedstaden', 'official', 'Region Hovedstaden', NULL),
('da', 'dime.region.midtjylland', 'default', 'Midtjylland', NULL),
('da', 'dime.region.midtjylland', 'official', 'Region Midtjylland', NULL),
('da', 'dime.region.nordjylland', 'default', 'Nordjylland', NULL),
('da', 'dime.region.nordjylland', 'official', 'Region Nordjylland', NULL),
('da', 'dime.region.sjaelland', 'default', 'Sjælland', NULL),
('da', 'dime.region.sjaelland', 'official', 'Region Sjælland', NULL),
('da', 'dime.region.syddanmark', 'default', 'Syddanmark', NULL),
('da', 'dime.region.syddanmark', 'official', 'Region Syddanmark', NULL),
('da', 'dime.register.faq', 'default', 'Dine oplysninger er nødvendigt for at lokalmuseet/lokalmuseerne kan registrere dine fund, og evt. videresende fund til Nationalmuseet for Danefævurdering. Ingen af dine personlige oplysninger er synlige for andre brugere (undtagen sagsbehandleren på det ansvarshavende lokalmuseum).', ''),
('da', 'dime.research', 'default', 'Forskning', NULL),
('da', 'dime.research', 'resource', 'forskning', NULL),
('da', 'dime.save', 'default', 'Gem', NULL),
('da', 'dime.search', 'default', 'Søg', NULL),
('da', 'dime.search.finds.mine', 'default', 'Mine Fund', NULL),
('da', 'dime.supportedby', 'default', 'Støttet af', NULL),
('da', 'dime.treasure', 'default', 'Danefæ', NULL),
('da', 'dime.treasure.appraisal', 'default', 'Vurdering', NULL),
('da', 'dime.treasure.not', 'default', 'Ikke Danefæ', NULL),
('da', 'dime.treasure.pending', 'default', 'Verserende', NULL),
('da', 'dime.treasure.treasure', 'default', 'Danefæ', NULL),
('da', 'dime.user.login', 'default', 'Login', NULL),
('da', 'dime.user.name', 'default', 'Brugernavn', NULL),
('da', 'dime.user.password', 'default', 'Password', NULL),
('da', 'dime.user.password.forgot', 'default', 'Glemt Password?', NULL),
('da', 'dime.user.register', 'default', 'Ny Bruger?', NULL),
('da', 'find.gotofind', 'default', 'Vis fundoplysninger', NULL),
('da', 'form.select.optional', 'default', 'valgfri', NULL),
('da', 'form.select.required', 'default', 'påkrævet', NULL),
('da', 'length.kilometre', 'default', 'kilometer', NULL),
('da', 'length.metre', 'default', 'meter', NULL),
('da', 'length.micrometre', 'default', 'mikrometer', NULL),
('da', 'length.millimetre', 'default', 'millimeter', NULL),
('da', 'length.nanometre', 'default', 'nanometer', NULL),
('da', 'map.layer.aerial', 'default', 'Satellit', NULL),
('da', 'map.layer.aerial.labels', 'default', 'Satellit med etiketter', NULL);
INSERT INTO `ark_translation_message` (`language`, `keyword`, `role`, `text`, `notes`) VALUES
('da', 'map.layer.bing.aerial', 'default', 'Bing luftfoto', NULL),
('da', 'map.layer.bing.aerialwithlabels', 'default', 'Bing luftfoto med etiketter', NULL),
('da', 'map.layer.bing.road', 'default', 'Bing køreplan', NULL),
('da', 'map.layer.foraar', 'default', 'Foraar', NULL),
('da', 'map.layer.road', 'default', 'Vej', NULL),
('da', 'map.layer.skaermkort', 'default', 'Skærmkort', NULL),
('da', 'map.legend.max', 'default', 'Max', NULL),
('da', 'map.legend.min', 'default', 'Min', NULL),
('da', 'map.style.choropleth', 'default', 'Kommune', NULL),
('da', 'map.style.distribution', 'default', 'Fordeling', NULL),
('da', 'map.style.none', 'default', 'Ingen', NULL),
('da', 'mass.gram', 'default', 'gram', NULL),
('da', 'mass.kilogram', 'default', 'kilogram', NULL),
('da', 'mass.microgram', 'default', 'mikrogram', NULL),
('da', 'mass.milligram', 'default', 'milligram', NULL),
('da', 'mass.tonne', 'default', 'ton', NULL),
('da', 'module.file', 'default', 'Filer', NULL),
('da', 'search.placeholder', 'default', 'Fritekstsøgning', NULL),
('da', 'site.brand', 'default', 'DIME', NULL),
('da', 'user.greeting', 'default', 'Logged In %name%', NULL),
('da', 'user.menu.edit', 'default', 'Rediger Bruger', NULL),
('da', 'user.menu.home', 'default', 'Min Side', NULL),
('da', 'user.menu.login', 'default', 'Login', NULL),
('en', 'dime.about', 'default', 'About', NULL),
('en', 'dime.about', 'resource', 'about', NULL),
('en', 'dime.about.background', 'default', 'Background for DIME', NULL),
('en', 'dime.about.groups', 'default', 'Detectorist Associations', NULL),
('en', 'dime.about.hevn', 'default', 'What is DIME?', NULL),
('en', 'dime.about.hevntext', 'default', 'DIME is a shared portal for detectorists and Danish museums that can be accessed by everyone.', NULL),
('en', 'dime.about.instructions', 'default', 'Instructions', NULL),
('en', 'dime.about.museums', 'default', 'Participating Museums', NULL),
('en', 'dime.about.partners', 'default', 'Partners', NULL),
('en', 'dime.action.approve', 'default', 'Approve', ''),
('en', 'dime.action.cancel', 'default', 'Cancel', ''),
('en', 'dime.action.delete', 'default', 'Delete', ''),
('en', 'dime.action.edit', 'default', 'edit', NULL),
('en', 'dime.action.record', 'default', 'Record', 'Record'),
('en', 'dime.action.register', 'default', 'Register', ''),
('en', 'dime.action.report', 'default', 'Report', 'Report'),
('en', 'dime.action.suspend', 'default', 'Suspend', ''),
('en', 'dime.action.view', 'default', 'View', ''),
('en', 'dime.actions', 'default', 'Action', 'Action'),
('en', 'dime.actor.municipalities', 'default', 'Municipalities', NULL),
('en', 'dime.actor.participating', 'default', 'DIME Participant', ''),
('en', 'dime.admin.users', 'default', 'Administer Users', ''),
('en', 'dime.background', 'default', 'Background', NULL),
('en', 'dime.background', 'resource', 'background', NULL),
('en', 'dime.claim', 'resource', 'claim', ''),
('en', 'dime.confirm', 'default', 'Confirm', ''),
('en', 'dime.controls', 'default', 'Go', ''),
('en', 'dime.copyright', 'default', 'Copyright © 2013-2017 Arkæologisk IT, Aarhus University', NULL),
('en', 'dime.credits', 'default', 'Data modelling and support: Carsten Risager | Design: Casper Skaaning Anderson | Implementation: L ~ P Archaeology', NULL),
('en', 'dime.denmark.municipality', 'default', 'Municipalities', NULL),
('en', 'dime.detector', 'default', 'Detecting', NULL),
('en', 'dime.detector', 'resource', 'detecting', NULL),
('en', 'dime.exhibits', 'default', 'Exhibits', NULL),
('en', 'dime.exhibits', 'resource', 'exhibits', NULL),
('en', 'dime.exhibits.forests', 'default', 'Gold and Green Forests', NULL),
('en', 'dime.exhibits.weapons', 'default', 'Weapons in the Bronze Age', NULL),
('en', 'dime.find', 'default', 'Find', NULL),
('en', 'dime.find', 'resource', 'finds', NULL),
('en', 'dime.find.add', 'default', 'Add Find', NULL),
('en', 'dime.find.add.success', 'default', 'The find was successfully added.', ''),
('en', 'dime.find.artefact', 'default', 'Artefact', ''),
('en', 'dime.find.case', 'default', 'Case Number', ''),
('en', 'dime.find.classification', 'default', 'Classification', NULL),
('en', 'dime.find.classify', 'default', 'Classify', ''),
('en', 'dime.find.condition', 'default', 'Condition', NULL),
('en', 'dime.find.condition.fragmented', 'default', 'Fragmented', NULL),
('en', 'dime.find.condition.modified', 'default', 'Modified', NULL),
('en', 'dime.find.condition.unfinished', 'default', 'Unfinished', NULL),
('en', 'dime.find.condition.whole', 'default', 'Whole', NULL),
('en', 'dime.find.coordinates', 'default', 'Coordinates', ''),
('en', 'dime.find.custodian', 'default', 'Custodian', NULL),
('en', 'dime.find.custody', 'default', 'Custody', NULL),
('en', 'dime.find.custody.destroyed', 'default', 'destroyed', NULL),
('en', 'dime.find.custody.discarded', 'default', 'discarded', NULL),
('en', 'dime.find.custody.held', 'default', 'held', NULL),
('en', 'dime.find.custody.lost', 'default', 'Lost', NULL),
('en', 'dime.find.custody.requested', 'default', 'requested', NULL),
('en', 'dime.find.custody.sent', 'default', 'sent', NULL),
('en', 'dime.find.dating', 'default', 'Dating', NULL),
('en', 'dime.find.description', 'default', 'Description', NULL),
('en', 'dime.find.event', 'default', 'Event', ''),
('en', 'dime.find.event.accessioned', 'default', 'Accessioned', ''),
('en', 'dime.find.event.classified', 'default', 'Classified', NULL),
('en', 'dime.find.event.deleted', 'default', 'Deleted', ''),
('en', 'dime.find.event.edited', 'default', 'Edited', NULL),
('en', 'dime.find.event.recorded', 'default', 'Recorded', ''),
('en', 'dime.find.event.reported', 'default', 'Reported', NULL),
('en', 'dime.find.event.validated', 'default', 'Validated', ''),
('en', 'dime.find.filters', 'default', 'Filters', ''),
('en', 'dime.find.finddate', 'default', 'Find Date', 'DIME Find Find Date'),
('en', 'dime.find.finder', 'default', 'Detectorist', ''),
('en', 'dime.find.finder_id', 'default', 'Detectorist\'s Find ID', 'DIME Find Finder\'s ID'),
('en', 'dime.find.finder_place', 'default', 'Find spot', ''),
('en', 'dime.find.finder_place', 'help', 'Her angiver du det navn du bruger til at identificere fundpladsen – ikke museets sagsnummer!', ''),
('en', 'dime.find.id', 'default', 'DIME ID', 'DIME Find ID'),
('en', 'dime.find.images', 'default', 'Photos', ''),
('en', 'dime.find.issuer', 'default', 'Issuer', ''),
('en', 'dime.find.length', 'default', 'Maximum Dimension', NULL),
('en', 'dime.find.location', 'default', 'Location', NULL),
('en', 'dime.find.location.decimal', 'default', 'Decimal (WGS84)', NULL),
('en', 'dime.find.location.utm', 'default', 'UTM', NULL),
('en', 'dime.find.material', 'default', 'Material', 'DIME Find Material'),
('en', 'dime.find.material.secondary', 'default', 'Secondary Material(s)', 'DIME Find Secondary Material(s)'),
('en', 'dime.find.metadata', 'default', 'ID', ''),
('en', 'dime.find.mint', 'default', 'Mint', ''),
('en', 'dime.find.municipality', 'default', 'Municipality', NULL),
('en', 'dime.find.museum_id', 'default', 'Museum Find ID', NULL),
('en', 'dime.find.owner', 'default', 'Owner', NULL),
('en', 'dime.find.period', 'default', 'Period', NULL),
('en', 'dime.find.period.end', 'default', 'End Period', 'DIME Find Period End'),
('en', 'dime.find.period.start', 'default', 'Period', 'DIME Find Period Start'),
('en', 'dime.find.photo', 'default', 'Photos', ''),
('en', 'dime.find.process', 'default', 'Status', NULL),
('en', 'dime.find.process.accessioned', 'default', 'Accessioned', NULL),
('en', 'dime.find.process.assessed', 'default', 'Assessed', NULL),
('en', 'dime.find.process.deleted', 'default', 'Deleted', NULL),
('en', 'dime.find.process.evaluated', 'default', 'Evaluated', NULL),
('en', 'dime.find.process.inactive', 'default', 'Inactive', NULL),
('en', 'dime.find.process.recorded', 'default', 'Recorded', NULL),
('en', 'dime.find.process.rejected', 'default', 'Rejected', NULL),
('en', 'dime.find.process.released', 'default', 'Released', NULL),
('en', 'dime.find.process.reported', 'default', 'Reported', NULL),
('en', 'dime.find.process.validated', 'default', 'Validated', NULL),
('en', 'dime.find.query.set', 'default', 'Your search found %items% finds.', ''),
('en', 'dime.find.recipient', 'default', 'Recipient', NULL),
('en', 'dime.find.save', 'default', 'Save', 'DIME Find Save button'),
('en', 'dime.find.search', 'default', 'Search Finds', NULL),
('en', 'dime.find.secondary.enamel', 'default', 'Enamel', NULL),
('en', 'dime.find.secondary.gilded', 'default', 'Gilded', NULL),
('en', 'dime.find.secondary.glass', 'default', 'Glass', NULL),
('en', 'dime.find.secondary.iron', 'default', 'Iron', NULL),
('en', 'dime.find.secondary.looped', 'default', 'Looped', ''),
('en', 'dime.find.secondary.niello', 'default', 'Niello', NULL),
('en', 'dime.find.secondary.organic', 'default', 'Organic', NULL),
('en', 'dime.find.secondary.other', 'default', 'Other', NULL),
('en', 'dime.find.secondary.stone', 'default', 'Stone', NULL),
('en', 'dime.find.secondary.tinned', 'default', 'Tinned', NULL),
('en', 'dime.find.status', 'default', 'Status', ''),
('en', 'dime.find.subtype', 'default', 'Subtype', 'DIME Find Subtype'),
('en', 'dime.find.subtype.accessory.bell', 'default', 'Bell', NULL),
('en', 'dime.find.subtype.accessory.brooch', 'default', 'Brooch / Emblem', NULL),
('en', 'dime.find.subtype.accessory.buckle', 'default', 'Buckle (Buckle, shoe pænde etc.).', NULL),
('en', 'dime.find.subtype.accessory.button', 'default', 'Button', NULL),
('en', 'dime.find.subtype.accessory.button.bar', 'default', 'Bar Button', NULL),
('en', 'dime.find.subtype.accessory.button.other', 'default', 'Other type button (specify in description field)', NULL),
('en', 'dime.find.subtype.accessory.button.round', 'default', 'Alm. round, half-round or disc-shaped button sewing', NULL),
('en', 'dime.find.subtype.accessory.button.stud', 'default', 'Stud Button', NULL),
('en', 'dime.find.subtype.accessory.fitting', 'default', 'Fittings', NULL),
('en', 'dime.find.subtype.accessory.fitting.belt', 'default', 'Belt end fitting', NULL),
('en', 'dime.find.subtype.accessory.fitting.other', 'default', 'Other type fittings (specify in description field)', NULL),
('en', 'dime.find.subtype.accessory.hook', 'default', 'Hook / Malle', NULL),
('en', 'dime.find.subtype.accessory.jewelery', 'default', 'Jewelery', NULL),
('en', 'dime.find.subtype.accessory.jewelery.bracelet', 'default', 'Bangle / Bracelet', NULL),
('en', 'dime.find.subtype.accessory.jewelery.bracteate', 'default', 'Bracteate', NULL),
('en', 'dime.find.subtype.accessory.jewelery.earring', 'default', 'Earring', NULL),
('en', 'dime.find.subtype.accessory.jewelery.necklace', 'default', 'Necklace - collar, ring, or chain', NULL),
('en', 'dime.find.subtype.accessory.jewelery.other', 'default', 'Other jewelry (specify in description field)', NULL),
('en', 'dime.find.subtype.accessory.jewelery.pasyning', 'default', 'Påsyningsblik?', NULL),
('en', 'dime.find.subtype.accessory.jewelery.pearl', 'default', 'Pearl', NULL),
('en', 'dime.find.subtype.accessory.jewelery.pendant', 'default', 'Pendant / Amulet', NULL),
('en', 'dime.find.subtype.accessory.jewelery.ring', 'default', 'Finger ring', NULL),
('en', 'dime.find.subtype.accessory.lace', 'default', 'Lace End', NULL),
('en', 'dime.find.subtype.accessory.medal', 'default', 'Medal / Order', NULL),
('en', 'dime.find.subtype.accessory.other', 'default', 'Other costume accessories (specify in description field)', NULL),
('en', 'dime.find.subtype.accessory.pilgrim', 'default', 'Pilgrim Badge', NULL),
('en', 'dime.find.subtype.accessory.pin', 'default', 'Clothes pin', NULL),
('en', 'dime.find.subtype.accessory.tutulus', 'default', 'Tutulus', NULL),
('en', 'dime.find.subtype.coin.danish', 'default', 'Danish medieval coins', NULL),
('en', 'dime.find.subtype.coin.danish.civilwar', 'default', 'Danish civil war coin (1242-1380)', NULL),
('en', 'dime.find.subtype.coin.danish.early', 'default', 'Danish early middaldermønt (1067-1241)', NULL),
('en', 'dime.find.subtype.coin.danish.hvide', 'default', 'White', NULL),
('en', 'dime.find.subtype.coin.danish.klipping', 'default', 'Klipping', NULL),
('en', 'dime.find.subtype.coin.danish.other', 'default', 'Other Danish medieval coin (specify in description field)', NULL),
('en', 'dime.find.subtype.coin.danish.søsling', 'default', 'Søsling', NULL),
('en', 'dime.find.subtype.coin.danish.sterling', 'default', 'Copper Sterling', NULL),
('en', 'dime.find.subtype.coin.foreign', 'default', 'Medieval foreign coin (1067-1535)', NULL),
('en', 'dime.find.subtype.coin.foreign.hohlpfennig', 'default', 'Hohlpfennigs (Bracteate)', NULL),
('en', 'dime.find.subtype.coin.foreign.hvide', 'default', 'North German White', NULL),
('en', 'dime.find.subtype.coin.foreign.other', 'default', 'Other foreign medieval coin (specify in description field)', NULL),
('en', 'dime.find.subtype.coin.foreign.sterling', 'default', 'English Sterling', NULL),
('en', 'dime.find.subtype.coin.foreign.tournois', 'default', 'French Tournois', NULL),
('en', 'dime.find.subtype.coin.jeton', 'default', 'Jeton / Trade Token', NULL),
('en', 'dime.find.subtype.coin.modern', 'default', 'Modern coins (after 1535)', NULL),
('en', 'dime.find.subtype.coin.modern.danish', 'default', 'Modern Danish coin (after 1535)', NULL),
('en', 'dime.find.subtype.coin.modern.foreign', 'default', 'Modern foreign coin (after 1535)', NULL),
('en', 'dime.find.subtype.coin.other', 'default', 'Other coin (specify in description field)', NULL),
('en', 'dime.find.subtype.coin.roman', 'default', 'Roman / Byzantine coin', NULL),
('en', 'dime.find.subtype.coin.roman.aureus', 'default', 'Aureus', NULL),
('en', 'dime.find.subtype.coin.roman.denarius', 'default', 'Denarius', NULL),
('en', 'dime.find.subtype.coin.roman.other', 'default', 'Other Roman / Byzantine coin (specify in description field)', NULL),
('en', 'dime.find.subtype.coin.roman.sestertius', 'default', 'Sestertius', NULL),
('en', 'dime.find.subtype.coin.roman.siliqua', 'default', 'Siliqua', NULL),
('en', 'dime.find.subtype.coin.roman.solidus', 'default', 'Solidus', NULL),
('en', 'dime.find.subtype.coin.viking', 'default', 'Viking Coin', NULL),
('en', 'dime.find.subtype.coin.viking.byzantine', 'default', 'Byzantine coins', NULL),
('en', 'dime.find.subtype.coin.viking.carolingian', 'default', 'Other Carolingian coin', NULL),
('en', 'dime.find.subtype.coin.viking.denarius', 'default', 'Carolingian denarius', NULL),
('en', 'dime.find.subtype.coin.viking.dirham', 'default', 'Dirham', NULL),
('en', 'dime.find.subtype.coin.viking.english', 'default', 'Other English coin', NULL),
('en', 'dime.find.subtype.coin.viking.german', 'default', 'Other German coin', NULL),
('en', 'dime.find.subtype.coin.viking.nordic', 'default', 'Danish / Nordic Coin', NULL),
('en', 'dime.find.subtype.coin.viking.other', 'default', 'Other Viking coin (specify in description field)', NULL),
('en', 'dime.find.subtype.coin.viking.penny', 'default', 'English penny', NULL),
('en', 'dime.find.subtype.coin.viking.phennig', 'default', 'German phennig', NULL),
('en', 'dime.find.subtype.coin.viking.sceat', 'default', 'Sceat', NULL),
('en', 'dime.find.subtype.fibula.beak', 'default', 'Beak fibula', NULL),
('en', 'dime.find.subtype.fibula.bird.above', 'default', 'Bird fibula (top view)', NULL),
('en', 'dime.find.subtype.fibula.bird.profile', 'default', 'Bird-shaped fibula (Early medieval - small bird in profile)', NULL),
('en', 'dime.find.subtype.fibula.bow', 'default', 'Bow fibula', NULL),
('en', 'dime.find.subtype.fibula.bow.ball', 'default', 'Hard cast ball fibula (Pre- Roman Iron Age)', NULL),
('en', 'dime.find.subtype.fibula.bow.band', 'default', 'Wide band-shaped bow fibulas (Roman Iron Age - Almgr. V)', NULL),
('en', 'dime.find.subtype.fibula.bow.bilateral', 'default', 'Bilateral fibulas with two combs (Early Roman Iron Age - Almgr. I-IV)', NULL),
('en', 'dime.find.subtype.fibula.bow.button', 'default', 'Back button fibula', NULL),
('en', 'dime.find.subtype.fibula.bow.cross', 'default', 'Cross shaped fibula', NULL),
('en', 'dime.find.subtype.fibula.bow.foot', 'default', 'Bow fibulas with enclosed foot including Nydam fibulas (Late Roman Iron Age - Almgr. VI)', NULL),
('en', 'dime.find.subtype.fibula.bow.high', 'default', 'Bow fibulas high needle holder (Late Roman Iron Age - Almgr. VII)', NULL),
('en', 'dime.find.subtype.fibula.bow.other', 'default', 'Other bow fibula (specify in description field)', NULL),
('en', 'dime.find.subtype.fibula.bow.relief', 'default', 'Relief fibula', NULL),
('en', 'dime.find.subtype.fibula.bowl', 'default', 'Bowl Fibula', NULL),
('en', 'dime.find.subtype.fibula.bowl.animal', 'default', 'Animal Shaped Bowl fibula', NULL),
('en', 'dime.find.subtype.fibula.bowl.circular', 'default', 'Circular Bowl fibula', NULL),
('en', 'dime.find.subtype.fibula.bowl.large', 'default', 'Large oval Bowl fibula (greater than 7.5 cm)', NULL),
('en', 'dime.find.subtype.fibula.bowl.other', 'default', 'Other bowl fibula (specify in description field)', NULL),
('en', 'dime.find.subtype.fibula.bowl.small', 'default', 'Small Oval Bowl fibula (less than 7.5 cm)', NULL),
('en', 'dime.find.subtype.fibula.circular', 'default', 'Circular fibula without enamel / casing', NULL),
('en', 'dime.find.subtype.fibula.circular.large', 'default', 'Large vaulted circular fibula (diameter of> 4 cm)', NULL),
('en', 'dime.find.subtype.fibula.circular.other', 'default', 'Other circular fibula (specify in description box)', NULL),
('en', 'dime.find.subtype.fibula.circular.small', 'default', 'Small vaulted circular fibula (diameter <4 cm)', NULL),
('en', 'dime.find.subtype.fibula.circular.tin', 'default', 'Circular tin fibula (early Middle Ages)', NULL),
('en', 'dime.find.subtype.fibula.enamel', 'default', 'Enamel fibula / FIbula with setting', NULL),
('en', 'dime.find.subtype.fibula.enamel.central', 'default', 'Fibula with central casing', NULL),
('en', 'dime.find.subtype.fibula.enamel.cross', 'default', 'Cross enamel fibula', NULL),
('en', 'dime.find.subtype.fibula.enamel.multiple', 'default', 'Fibula with several settings', NULL),
('en', 'dime.find.subtype.fibula.enamel.other', 'default', 'Other enamel fibula / FIbula with setting (specify in description field)', NULL),
('en', 'dime.find.subtype.fibula.equalarm', 'default', 'Equal arm fibula', NULL),
('en', 'dime.find.subtype.fibula.equalarm.large', 'default', 'Large equal arm fibula (Viking)', NULL),
('en', 'dime.find.subtype.fibula.equalarm.other', 'default', 'Other type equal arm fibula (specify in description field)', NULL),
('en', 'dime.find.subtype.fibula.equalarm.small', 'default', 'Small equal arm fibula (Germanic Iron Age)', NULL),
('en', 'dime.find.subtype.fibula.healing', 'default', 'Animal healing fibula (Urnes fibula and Lamb of God)', NULL),
('en', 'dime.find.subtype.fibula.healing.aalborg', 'default', 'Animal healing fibula of Aalborg type (Lamb of God without cross)', NULL),
('en', 'dime.find.subtype.fibula.healing.lamb', 'default', 'Lamb of God fibula / Agnus Dei fibula', NULL),
('en', 'dime.find.subtype.fibula.healing.other', 'default', 'Other Animal healing fibula (specify in description field)', NULL),
('en', 'dime.find.subtype.fibula.healing.urnes', 'default', 'Urnes fibula', NULL),
('en', 'dime.find.subtype.fibula.other', 'default', 'Other type fibula / brooches (specify in description field)', NULL),
('en', 'dime.find.subtype.fibula.plate', 'default', 'Plate fibula', NULL),
('en', 'dime.find.subtype.fibula.plate.bird', 'default', 'Large bird-shaped plate fibula (Early Germanic Iron Age)', NULL),
('en', 'dime.find.subtype.fibula.plate.circular', 'default', 'Circular plate fibula', NULL),
('en', 'dime.find.subtype.fibula.plate.coin', 'default', 'Coin fibula', NULL),
('en', 'dime.find.subtype.fibula.plate.horse', 'default', 'Horse Shaped plate fibula', NULL),
('en', 'dime.find.subtype.fibula.plate.other', 'default', 'Other plate fibula (specify in description field)', NULL),
('en', 'dime.find.subtype.fibula.plate.oval', 'default', 'Oval plate fibula', NULL),
('en', 'dime.find.subtype.fibula.plate.råhede', 'default', 'Råhede fibula (cruciform plate Fibel)', NULL),
('en', 'dime.find.subtype.fibula.plate.rectangular', 'default', 'Rectangular plate fibula', NULL),
('en', 'dime.find.subtype.fibula.plate.ship', 'default', 'Ship-shaped fibula', NULL),
('en', 'dime.find.subtype.fibula.plate.snake', 'default', 'S-shaped snake plate fibula?', NULL),
('en', 'dime.find.subtype.fibula.plate.swastika', 'default', 'swastika fibula', NULL),
('en', 'dime.find.subtype.fibula.plate.tongue', 'default', 'Tongue-shaped fibula', NULL),
('en', 'dime.find.subtype.fibula.plate.valkyrie', 'default', 'Valkyrie fibula', NULL),
('en', 'dime.find.subtype.fibula.ring', 'default', 'Medieval ring brooches', NULL),
('en', 'dime.find.subtype.fibula.ring.circular', 'default', 'Circular ring brooches', NULL),
('en', 'dime.find.subtype.fibula.ring.heart', 'default', 'Heart-shaped ring brooches', NULL),
('en', 'dime.find.subtype.fibula.ring.other', 'default', 'Other Type medieval ring brooches', NULL),
('en', 'dime.find.subtype.fibula.ring.star', 'default', 'Star-shaped ring brooches', NULL),
('en', 'dime.find.subtype.fibula.trilobal', 'default', 'Trilobal fibula', NULL),
('en', 'dime.find.subtype.fibula.viking', 'default', 'Other Viking fibula / brooch', NULL),
('en', 'dime.find.subtype.fibula.viking.other', 'default', 'Other Viking fibula / costume buckle (specify in description field)', NULL),
('en', 'dime.find.subtype.fibula.viking.rhombic', 'default', 'Rhombic fibula', NULL),
('en', 'dime.find.subtype.fibula.viking.ring', 'default', 'Ring Brooch / Ringed Pin', NULL),
('en', 'dime.find.subtype.fibula.viking.roof', 'default', 'Hjalti-shaped / roof-shaped fibula', NULL),
('en', 'dime.find.subtype.metal.ingot', 'default', 'Ingot', NULL),
('en', 'dime.find.subtype.metal.mold', 'default', 'Mold / Melting Pot', NULL),
('en', 'dime.find.subtype.metal.other', 'default', 'Other production waste / metal scrap / raw materials (specify in description field)', NULL),
('en', 'dime.find.subtype.metal.rest', 'default', 'Casting Rest', NULL),
('en', 'dime.find.subtype.metal.slag', 'default', 'Slag', NULL),
('en', 'dime.find.subtype.metal.tin', 'default', 'Tin Fragment', NULL),
('en', 'dime.find.subtype.military.ammunition', 'default', 'Munition (musket ball / Garnet / shotshell / cannon balls)', NULL),
('en', 'dime.find.subtype.military.armor', 'default', 'Armor / Chainmail', NULL),
('en', 'dime.find.subtype.military.arrow', 'default', 'Arrowhead / Armbrøstbolt', NULL),
('en', 'dime.find.subtype.military.firearm', 'default', 'Firearms', NULL),
('en', 'dime.find.subtype.military.fitting', 'default', 'Fittings', NULL),
('en', 'dime.find.subtype.military.fitting.other', 'default', 'Other type bracket (specify in description field)', NULL),
('en', 'dime.find.subtype.military.fitting.sheath', 'default', 'Sheath Brackets', NULL),
('en', 'dime.find.subtype.military.fitting.uniform', 'default', 'Order / Uniform Bracket', NULL),
('en', 'dime.find.subtype.military.helmet', 'default', 'Helmet', NULL),
('en', 'dime.find.subtype.military.melee', 'default', 'Stroke / Stick Weapons', NULL),
('en', 'dime.find.subtype.military.melee.axe', 'default', 'Ax / celt / pålstav', NULL),
('en', 'dime.find.subtype.military.melee.blunt', 'default', 'Blunt weapons (clubs, maces, hammers, staves, flails, etc)', NULL),
('en', 'dime.find.subtype.military.melee.knife', 'default', 'Dagger', NULL),
('en', 'dime.find.subtype.military.melee.other', 'default', 'Other type of impact / stabbing weapon (specify in description field)', NULL),
('en', 'dime.find.subtype.military.melee.pointed', 'default', 'Lance / spear', NULL),
('en', 'dime.find.subtype.military.melee.sword', 'default', 'Sword / Sabel (blade or handle)', NULL),
('en', 'dime.find.subtype.military.other', 'default', 'Other weapons / militaria (specify in description field)', NULL),
('en', 'dime.find.subtype.military.shield', 'default', 'Shield', NULL),
('en', 'dime.find.subtype.tool.equestrian', 'default', 'Riding / Harness (track, horseshoes, bridle, etc)', NULL),
('en', 'dime.find.subtype.tool.equestrian.bell', 'default', 'Bell / rattle', NULL),
('en', 'dime.find.subtype.tool.equestrian.bridle', 'default', 'Hovedtøjsdele (bridle / bidselbeslag, remfordeler, etc.)', NULL),
('en', 'dime.find.subtype.tool.equestrian.cheek', 'default', 'Rattle glance? Cheek piece?', NULL),
('en', 'dime.find.subtype.tool.equestrian.other', 'default', 'Other riding / harness (specify in description box)', NULL),
('en', 'dime.find.subtype.tool.equestrian.shoe', 'default', 'Horseshoe', NULL),
('en', 'dime.find.subtype.tool.equestrian.stirrup', 'default', 'Stirrup / stirrup bracket', NULL),
('en', 'dime.find.subtype.tool.equestrian.tack', 'default', 'Track?', NULL),
('en', 'dime.find.subtype.tool.house', 'default', 'Housekeeping / Table and cookware / Interior', NULL),
('en', 'dime.find.subtype.tool.house.crockery', 'default', 'Plate / dish / bowl', NULL),
('en', 'dime.find.subtype.tool.house.cutlery', 'default', 'Flatware / Cutlery (table knives, forks, spoons)', NULL),
('en', 'dime.find.subtype.tool.house.fixtures', 'default', 'Furniture / bo bracket / handles / decorative rivets', NULL),
('en', 'dime.find.subtype.tool.house.key', 'default', 'Key', NULL),
('en', 'dime.find.subtype.tool.house.knife', 'default', 'Knife (blade knife, handle bracket, knife scabbard fittings, etc)', NULL),
('en', 'dime.find.subtype.tool.house.light', 'default', 'Candlestick / lamp', NULL),
('en', 'dime.find.subtype.tool.house.lock', 'default', 'Lock', NULL),
('en', 'dime.find.subtype.tool.house.other', 'default', 'Other \"Housekeeping / table and cookware / interior\" (Enter the description field)', NULL),
('en', 'dime.find.subtype.tool.house.pot', 'default', 'Malm pot', NULL),
('en', 'dime.find.subtype.tool.house.scissors', 'default', 'Scissors', NULL),
('en', 'dime.find.subtype.tool.house.striker', 'default', 'Fire-steel', NULL),
('en', 'dime.find.subtype.tool.measure', 'default', 'Safety Metal / Scales and weights', NULL),
('en', 'dime.find.subtype.tool.measure.clip', 'default', 'Cut silver / gold fragment (not coin fragments)', NULL),
('en', 'dime.find.subtype.tool.measure.ingot', 'default', 'Ingot', NULL),
('en', 'dime.find.subtype.tool.measure.scale', 'default', 'Scales', NULL),
('en', 'dime.find.subtype.tool.measure.weight', 'default', 'Weights', NULL),
('en', 'dime.find.subtype.tool.other', 'default', 'Other tool / tools (specify in description field)', NULL),
('en', 'dime.find.subtype.tool.textile', 'default', 'Tools for textile work', NULL),
('en', 'dime.find.subtype.tool.textile.case', 'default', 'Needle Case', NULL),
('en', 'dime.find.subtype.tool.textile.needle', 'default', 'Needle', NULL),
('en', 'dime.find.subtype.tool.textile.scissors', 'default', 'Scissors', NULL),
('en', 'dime.find.subtype.tool.textile.thimble', 'default', 'Thimble', NULL),
('en', 'dime.find.subtype.tool.textile.whorl', 'default', 'Spindle whorl', NULL),
('en', 'dime.find.subtype.tool.toilet', 'default', 'Toilet equipment (comb, razor, tweezers)', NULL),
('en', 'dime.find.subtype.tool.toilet.comb', 'default', 'comb', NULL),
('en', 'dime.find.subtype.tool.toilet.ear', 'default', 'Ear spoon', NULL),
('en', 'dime.find.subtype.tool.toilet.other', 'default', 'Other toilet equipment (specify in description field)', NULL),
('en', 'dime.find.subtype.tool.toilet.razor', 'default', 'razor', NULL),
('en', 'dime.find.subtype.tool.toilet.tweezers', 'default', 'Tweezers', NULL),
('en', 'dime.find.subtype.tool.toy', 'default', 'Toy / Spillerekvisiter (tin soldier, playing piece, etc.)', NULL),
('en', 'dime.find.subtype.tool.toy.counter', 'default', 'play Brik', NULL),
('en', 'dime.find.subtype.tool.toy.dice', 'default', 'Dice', NULL),
('en', 'dime.find.subtype.tool.toy.other', 'default', 'Other toys / games Prop (insert in the description field)', NULL),
('en', 'dime.find.subtype.tool.work', 'default', 'Agricultural Equipment / Tools / Crafts Article', NULL),
('en', 'dime.find.subtype.tool.work.axe', 'default', 'Axe / celt / pålstav', NULL),
('en', 'dime.find.subtype.tool.work.chisel', 'default', 'Chisel / punch', NULL),
('en', 'dime.find.subtype.tool.work.drill', 'default', 'Awl / drill', NULL),
('en', 'dime.find.subtype.tool.work.fitting', 'default', 'Fitting', NULL),
('en', 'dime.find.subtype.tool.work.hammer', 'default', 'Hammer', NULL),
('en', 'dime.find.subtype.tool.work.knife', 'default', 'Knife (blade knife, handle bracket, knife scabbard fittings, etc)', NULL),
('en', 'dime.find.subtype.tool.work.nail', 'default', 'Nail / screw / spasm', NULL);
INSERT INTO `ark_translation_message` (`language`, `keyword`, `role`, `text`, `notes`) VALUES
('en', 'dime.find.subtype.tool.work.other', 'default', 'Other agricultural equipment / tools / crafts article (specify in description field)', NULL),
('en', 'dime.find.subtype.tool.work.pliars', 'default', 'Pliars', NULL),
('en', 'dime.find.subtype.tool.work.rivet', 'default', 'Rivet / clinker nail / Rivet Plate', NULL),
('en', 'dime.find.subtype.tool.work.sickle', 'default', 'Scythe / Sickle', NULL),
('en', 'dime.find.subtype.tool.writing', 'default', 'Articles - Religion and Communications', NULL),
('en', 'dime.find.subtype.tool.writing.bylamulet', 'default', 'Blyamulet', NULL),
('en', 'dime.find.subtype.tool.writing.clasp', 'default', 'Book clasp', NULL),
('en', 'dime.find.subtype.tool.writing.guldgubbe', 'default', 'Guldgubbe', NULL),
('en', 'dime.find.subtype.tool.writing.runebrev', 'default', 'Rune Letter', NULL),
('en', 'dime.find.subtype.tool.writing.seal', 'default', 'seal', NULL),
('en', 'dime.find.subtype.tool.writing.stamp', 'default', 'Seal Stamps / Signet', NULL),
('en', 'dime.find.subtype.tool.writing.stylus', 'default', 'Stylus', NULL),
('en', 'dime.find.treasure', 'default', 'Treasure', NULL),
('en', 'dime.find.type', 'default', 'Type', 'DIME Find Type'),
('en', 'dime.find.type.accessory', 'default', 'Jewelery / Costume Accessories', NULL),
('en', 'dime.find.type.coin', 'default', 'Coin', NULL),
('en', 'dime.find.type.fibula', 'default', 'Fibula / Suit Buckle', NULL),
('en', 'dime.find.type.metal', 'default', 'Production Waste / Scrap Metal', NULL),
('en', 'dime.find.type.military', 'default', 'Weapons / Militaria', NULL),
('en', 'dime.find.type.tool', 'default', 'Equipment / Tools', NULL),
('en', 'dime.find.update', 'default', 'Update', ''),
('en', 'dime.find.update.success', 'default', 'The find was successfully updated.', ''),
('en', 'dime.find.weight', 'default', 'Weight', 'Core Property Weight'),
('en', 'dime.home', 'default', 'Home', NULL),
('en', 'dime.home', 'resource', 'home', NULL),
('en', 'dime.home.alarm', 'default', 'Notifications', NULL),
('en', 'dime.home.faq', 'default', '<dl>\\n<dt>What is DIME?</dt>\\n<dd>DIME is a shared portal for detectorists and Danish museums that can be accessed by everyone.</dd>\\n<dd>&nbsp;</dd>\\n<dt>Why should I use DIME?</dt>\\n<dd>DIME allows faster processing of your finds in cooperation with the museum, and gives you an overview of your finds and collection.</dd>\\n<dd>&nbsp;</dd\\n<dt>What finds can be added to DIME? </dt>\\n<dd>All detector finds (not only Danefæ) can added to DIME.</dd>\\n<dd>&nbsp;</dd>\\n<dt>Can others see my find locations?</dt>\\n<dd>No! Find locations and other private information are only visible for museum archaeologists and researchers with special access.</dd>\\n<dd>&nbsp;</dd>\\n<dt>Is there a DIME app?</dt>\\n<dd>An app for recording in the field is under development.</dd>\\n</dl>', NULL),
('en', 'dime.home.hvert', 'default', 'Every year, the metal detector users across the country thousands of objects from antiquity, middelal-there and later periods. Metal objects are part of our common cultural heritage and important pieces in the history of Denmark. DIME provides information about the finds for the benefit of present and subsequent generatione', NULL),
('en', 'dime.home.welcome', 'default', 'Welcome %name%', NULL),
('en', 'dime.kommune.aabenraa', 'default', 'Aabenraa', NULL),
('en', 'dime.kommune.aabenraa', 'official', 'Aabenraa Municipality', NULL),
('en', 'dime.kommune.aalborg', 'default', 'Aalborg', NULL),
('en', 'dime.kommune.aalborg', 'official', 'Aalborg Municipality', NULL),
('en', 'dime.kommune.aero', 'default', 'Ærø', NULL),
('en', 'dime.kommune.aero', 'official', 'Ærø Municipality', NULL),
('en', 'dime.kommune.albertslund', 'default', 'Albertslund', NULL),
('en', 'dime.kommune.albertslund', 'official', 'Albertslund Municipality', NULL),
('en', 'dime.kommune.allerod', 'default', 'Allerød', NULL),
('en', 'dime.kommune.allerod', 'official', 'Allerød Municipality', NULL),
('en', 'dime.kommune.arhus', 'default', 'Århus', NULL),
('en', 'dime.kommune.arhus', 'official', 'Århus Municipality', NULL),
('en', 'dime.kommune.assens', 'default', 'Assens', NULL),
('en', 'dime.kommune.assens', 'official', 'Assens Municipality', NULL),
('en', 'dime.kommune.ballerup', 'default', 'Ballerup', NULL),
('en', 'dime.kommune.ballerup', 'official', 'Ballerup Municipality', NULL),
('en', 'dime.kommune.billund', 'default', 'Billund', NULL),
('en', 'dime.kommune.billund', 'official', 'Billund Municipality', NULL),
('en', 'dime.kommune.bornholm', 'default', 'Bornholm', NULL),
('en', 'dime.kommune.bornholm', 'official', 'Bornholms Municipality', NULL),
('en', 'dime.kommune.brondby', 'default', 'Brøndby', NULL),
('en', 'dime.kommune.brondby', 'official', 'Brøndby Municipality', NULL),
('en', 'dime.kommune.bronderslev', 'default', 'Brønderslev', NULL),
('en', 'dime.kommune.bronderslev', 'official', 'Brønderslev Municipality', NULL),
('en', 'dime.kommune.dragor', 'default', 'Dragør', NULL),
('en', 'dime.kommune.dragor', 'official', 'Dragør Municipality', NULL),
('en', 'dime.kommune.egedal', 'default', 'Egedal', NULL),
('en', 'dime.kommune.egedal', 'official', 'Egedal Municipality', NULL),
('en', 'dime.kommune.esbjerg', 'default', 'Esbjerg', NULL),
('en', 'dime.kommune.esbjerg', 'official', 'Esbjerg Municipality', NULL),
('en', 'dime.kommune.faaborgmidtfyn', 'default', 'Faaborg-Midtfyn', NULL),
('en', 'dime.kommune.faaborgmidtfyn', 'official', 'Faaborg-Midtfyn Municipality', NULL),
('en', 'dime.kommune.fano', 'default', 'Fanø', NULL),
('en', 'dime.kommune.fano', 'official', 'Fanø Municipality', NULL),
('en', 'dime.kommune.favrskov', 'default', 'Favrskov', NULL),
('en', 'dime.kommune.favrskov', 'official', 'Favrskov Municipality', NULL),
('en', 'dime.kommune.faxe', 'default', 'Faxe', NULL),
('en', 'dime.kommune.faxe', 'official', 'Faxe Municipality', NULL),
('en', 'dime.kommune.fredensborg', 'default', 'Fredensborg', NULL),
('en', 'dime.kommune.fredensborg', 'official', 'Fredensborg Municipality', NULL),
('en', 'dime.kommune.fredericia', 'default', 'Fredericia', NULL),
('en', 'dime.kommune.fredericia', 'official', 'Fredericia Municipality', NULL),
('en', 'dime.kommune.frederiksbeg', 'default', 'Frederiksbeg', NULL),
('en', 'dime.kommune.frederiksbeg', 'official', 'Frederiksberg Municipality', NULL),
('en', 'dime.kommune.frederikshavn', 'default', 'Frederikshavn', NULL),
('en', 'dime.kommune.frederikshavn', 'official', 'Frederikshavn Municipality', NULL),
('en', 'dime.kommune.frederikssund', 'default', 'Frederikssund', NULL),
('en', 'dime.kommune.frederikssund', 'official', 'Frederikssund Municipality', NULL),
('en', 'dime.kommune.fureso', 'default', 'Furesø', NULL),
('en', 'dime.kommune.fureso', 'official', 'Furesø Municipality', NULL),
('en', 'dime.kommune.gentofte', 'default', 'Gentofte', NULL),
('en', 'dime.kommune.gentofte', 'official', 'Gentofte Municipality', NULL),
('en', 'dime.kommune.gladsaxe', 'default', 'Gladsaxe', NULL),
('en', 'dime.kommune.gladsaxe', 'official', 'Gladsaxe Municipality', NULL),
('en', 'dime.kommune.glostrup', 'default', 'Glostrup', NULL),
('en', 'dime.kommune.glostrup', 'official', 'Glostrup Municipality', NULL),
('en', 'dime.kommune.greve', 'default', 'Greve', NULL),
('en', 'dime.kommune.greve', 'official', 'Greve Municipality', NULL),
('en', 'dime.kommune.gribskov', 'default', 'Gribskov', NULL),
('en', 'dime.kommune.gribskov', 'official', 'Gribskov Municipality', NULL),
('en', 'dime.kommune.guldborgsund', 'default', 'Guldborgsund', NULL),
('en', 'dime.kommune.guldborgsund', 'official', 'Guldborgsund Municipality', NULL),
('en', 'dime.kommune.haderslev', 'default', 'Haderslev', NULL),
('en', 'dime.kommune.haderslev', 'official', 'Haderslev Municipality', NULL),
('en', 'dime.kommune.halsnaes', 'default', 'Halsnæs', NULL),
('en', 'dime.kommune.halsnaes', 'official', 'Halsnæs Municipality', NULL),
('en', 'dime.kommune.hedensted', 'default', 'Hedensted', NULL),
('en', 'dime.kommune.hedensted', 'official', 'Hedensted Municipality', NULL),
('en', 'dime.kommune.helsingor', 'default', 'Helsingør', NULL),
('en', 'dime.kommune.helsingor', 'official', 'Helsingør Municipality', NULL),
('en', 'dime.kommune.herlev', 'default', 'Herlev', NULL),
('en', 'dime.kommune.herlev', 'official', 'Herlev Municipality', NULL),
('en', 'dime.kommune.herning', 'default', 'Herning', NULL),
('en', 'dime.kommune.herning', 'official', 'Herning Municipality', NULL),
('en', 'dime.kommune.hillerod', 'default', 'Hillerød', NULL),
('en', 'dime.kommune.hillerod', 'official', 'Hillerød Municipality', NULL),
('en', 'dime.kommune.hjorring', 'default', 'Hjørring', NULL),
('en', 'dime.kommune.hjorring', 'official', 'Hjørring Municipality', NULL),
('en', 'dime.kommune.hojetaastrup', 'default', 'Høje-Taastrup', NULL),
('en', 'dime.kommune.hojetaastrup', 'official', 'Høje-Taastrup Municipality', NULL),
('en', 'dime.kommune.holbaek', 'default', 'Holbæk', NULL),
('en', 'dime.kommune.holbaek', 'official', 'Holbæk Municipality', NULL),
('en', 'dime.kommune.holstebro', 'default', 'Holstebro', NULL),
('en', 'dime.kommune.holstebro', 'official', 'Holstebro Municipality', NULL),
('en', 'dime.kommune.horsens', 'default', 'Horsens', NULL),
('en', 'dime.kommune.horsens', 'official', 'Horsens Municipality', NULL),
('en', 'dime.kommune.horsholm', 'default', 'Hørsholm', NULL),
('en', 'dime.kommune.horsholm', 'official', 'Hørsholm Municipality', NULL),
('en', 'dime.kommune.hvidovre', 'default', 'Hvidovre', NULL),
('en', 'dime.kommune.hvidovre', 'official', 'Hvidovre Municipality', NULL),
('en', 'dime.kommune.ikastbrande', 'default', 'Ikast-Brande', NULL),
('en', 'dime.kommune.ikastbrande', 'official', 'Ikast-Brande Municipality', NULL),
('en', 'dime.kommune.ishoj', 'default', 'Ishøj', NULL),
('en', 'dime.kommune.ishoj', 'official', 'Ishøj Municipality', NULL),
('en', 'dime.kommune.jammerbugt', 'default', 'Jammerbugt', NULL),
('en', 'dime.kommune.jammerbugt', 'official', 'Jammerbugt Municipality', NULL),
('en', 'dime.kommune.kalundborg', 'default', 'Kalundborg', NULL),
('en', 'dime.kommune.kalundborg', 'official', 'Kalundborg Municipality', NULL),
('en', 'dime.kommune.kerteminde', 'default', 'Kerteminde', NULL),
('en', 'dime.kommune.kerteminde', 'official', 'Kerteminde Municipality', NULL),
('en', 'dime.kommune.kobenhavn', 'default', 'Copenhagen', NULL),
('en', 'dime.kommune.kobenhavn', 'official', 'Copenhagen Municipality', NULL),
('en', 'dime.kommune.koge', 'default', 'Køge', NULL),
('en', 'dime.kommune.koge', 'official', 'Køge Municipality', NULL),
('en', 'dime.kommune.kolding', 'default', 'Kolding', NULL),
('en', 'dime.kommune.kolding', 'official', 'Kolding Municipality', NULL),
('en', 'dime.kommune.laeso', 'default', 'Læsø', NULL),
('en', 'dime.kommune.laeso', 'official', 'Læsø Municipality', NULL),
('en', 'dime.kommune.langeland', 'default', 'Langeland', NULL),
('en', 'dime.kommune.langeland', 'official', 'Langeland Municipality', NULL),
('en', 'dime.kommune.lejre', 'default', 'Lejre', NULL),
('en', 'dime.kommune.lejre', 'official', 'Lejre Municipality', NULL),
('en', 'dime.kommune.lemvig', 'default', 'Lemvig', NULL),
('en', 'dime.kommune.lemvig', 'official', 'Lemvig Municipality', NULL),
('en', 'dime.kommune.lolland', 'default', 'Lolland', NULL),
('en', 'dime.kommune.lolland', 'official', 'Lolland Municipality', NULL),
('en', 'dime.kommune.lyngbytaarbaek', 'default', 'Lyngby-Taarbæk', NULL),
('en', 'dime.kommune.lyngbytaarbaek', 'official', 'Lyngby-Taarbæk Municipality', NULL),
('en', 'dime.kommune.mariagerfjord', 'default', 'Mariagerfjord', NULL),
('en', 'dime.kommune.mariagerfjord', 'official', 'Mariagerfjord Municipality', NULL),
('en', 'dime.kommune.middelfart', 'default', 'Middelfart', NULL),
('en', 'dime.kommune.middelfart', 'official', 'Middelfart Municipality', NULL),
('en', 'dime.kommune.morso', 'default', 'Morsø', NULL),
('en', 'dime.kommune.morso', 'official', 'Morsø Municipality', NULL),
('en', 'dime.kommune.naestved', 'default', 'Næstved', NULL),
('en', 'dime.kommune.naestved', 'official', 'Næstved Municipality', NULL),
('en', 'dime.kommune.norddjurs', 'default', 'Norddjurs', NULL),
('en', 'dime.kommune.norddjurs', 'official', 'Norddjurs Municipality', NULL),
('en', 'dime.kommune.nordfyns', 'default', 'Nordfyns', NULL),
('en', 'dime.kommune.nordfyns', 'official', 'Nordfyns Municipality', NULL),
('en', 'dime.kommune.nyborg', 'default', 'Nyborg', NULL),
('en', 'dime.kommune.nyborg', 'official', 'Nyborg Municipality', NULL),
('en', 'dime.kommune.odder', 'default', 'Odder', NULL),
('en', 'dime.kommune.odder', 'official', 'Odder Municipality', NULL),
('en', 'dime.kommune.odense', 'default', 'Odense', NULL),
('en', 'dime.kommune.odense', 'official', 'Odense Municipality', NULL),
('en', 'dime.kommune.odsherred', 'default', 'Odsherred', NULL),
('en', 'dime.kommune.odsherred', 'official', 'Odsherred Municipality', NULL),
('en', 'dime.kommune.randers', 'default', 'Randers', NULL),
('en', 'dime.kommune.randers', 'official', 'Randers Municipality', NULL),
('en', 'dime.kommune.rebild', 'default', 'Rebild', NULL),
('en', 'dime.kommune.rebild', 'official', 'Rebild Municipality', NULL),
('en', 'dime.kommune.ringkobingskjern', 'default', 'Ringkøbing-Skjern', NULL),
('en', 'dime.kommune.ringkobingskjern', 'official', 'Ringkøbing-Skjern Municipality', NULL),
('en', 'dime.kommune.ringsted', 'default', 'Ringsted', NULL),
('en', 'dime.kommune.ringsted', 'official', 'Ringsted Municipality', NULL),
('en', 'dime.kommune.rodovre', 'default', 'Rødovre', NULL),
('en', 'dime.kommune.rodovre', 'official', 'Rødovre Municipality', NULL),
('en', 'dime.kommune.roskilde', 'default', 'Roskilde', NULL),
('en', 'dime.kommune.roskilde', 'official', 'Roskilde Municipality', NULL),
('en', 'dime.kommune.rudersdal', 'default', 'Rudersdal', NULL),
('en', 'dime.kommune.rudersdal', 'official', 'Rudersdal Municipality', NULL),
('en', 'dime.kommune.samso', 'default', 'Samsø', NULL),
('en', 'dime.kommune.samso', 'official', 'Samsø Municipality', NULL),
('en', 'dime.kommune.silkeborg', 'default', 'Silkeborg', NULL),
('en', 'dime.kommune.silkeborg', 'official', 'Silkeborg Municipality', NULL),
('en', 'dime.kommune.skanderborg', 'default', 'Skanderborg', NULL),
('en', 'dime.kommune.skanderborg', 'official', 'Skanderborg Municipality', NULL),
('en', 'dime.kommune.skive', 'default', 'Skive', NULL),
('en', 'dime.kommune.skive', 'official', 'Skive Municipality', NULL),
('en', 'dime.kommune.slagelse', 'default', 'Slagelse', NULL),
('en', 'dime.kommune.slagelse', 'official', 'Slagelse Municipality', NULL),
('en', 'dime.kommune.solrod', 'default', 'Solrød', NULL),
('en', 'dime.kommune.solrod', 'official', 'Solrød Municipality', NULL),
('en', 'dime.kommune.sonderborg', 'default', 'Sønderborg', NULL),
('en', 'dime.kommune.sonderborg', 'official', 'Sønderborg Municipality', NULL),
('en', 'dime.kommune.soro', 'default', 'Sorø', NULL),
('en', 'dime.kommune.soro', 'official', 'Sorø Municipality', NULL),
('en', 'dime.kommune.stevns', 'default', 'Stevns', NULL),
('en', 'dime.kommune.stevns', 'official', 'Stevns Municipality', NULL),
('en', 'dime.kommune.struer', 'default', 'Struer', NULL),
('en', 'dime.kommune.struer', 'official', 'Struer Municipality', NULL),
('en', 'dime.kommune.svendborg', 'default', 'Svendborg', NULL),
('en', 'dime.kommune.svendborg', 'official', 'Svendborg Municipality', NULL),
('en', 'dime.kommune.syddjurs', 'default', 'Syddjurs', NULL),
('en', 'dime.kommune.syddjurs', 'official', 'Syddjurs Municipality', NULL),
('en', 'dime.kommune.tarnby', 'default', 'Tårnby', NULL),
('en', 'dime.kommune.tarnby', 'official', 'Tårnby Municipality', NULL),
('en', 'dime.kommune.thisted', 'default', 'Thisted', NULL),
('en', 'dime.kommune.thisted', 'official', 'Thisted Municipality', NULL),
('en', 'dime.kommune.tonder', 'default', 'Tønder', NULL),
('en', 'dime.kommune.tonder', 'official', 'Tønder Municipality', NULL),
('en', 'dime.kommune.vallensbaek', 'default', 'Vallensbæk', NULL),
('en', 'dime.kommune.vallensbaek', 'official', 'Vallensbæk Municipality', NULL),
('en', 'dime.kommune.varde', 'default', 'Varde', NULL),
('en', 'dime.kommune.varde', 'official', 'Varde Municipality', NULL),
('en', 'dime.kommune.vejen', 'default', 'Vejen', NULL),
('en', 'dime.kommune.vejen', 'official', 'Vejen Municipality', NULL),
('en', 'dime.kommune.vejle', 'default', 'Vejle', NULL),
('en', 'dime.kommune.vejle', 'official', 'Vejle Municipality', NULL),
('en', 'dime.kommune.vesthimmerland', 'default', 'Vesthimmerland', NULL),
('en', 'dime.kommune.vesthimmerland', 'official', 'Vesthimmerlands Municipality', NULL),
('en', 'dime.kommune.viborg', 'default', 'Viborg', NULL),
('en', 'dime.kommune.viborg', 'official', 'Viborg Municipality', NULL),
('en', 'dime.kommune.vordingborg', 'default', 'Vordingborg', NULL),
('en', 'dime.kommune.vordingborg', 'official', 'Vordingborg Municipality', NULL),
('en', 'dime.krogager', 'default', 'KrogagerFonden', NULL),
('en', 'dime.map.layer.foraar', 'default', 'Foraar Layer', NULL),
('en', 'dime.map.layer.skaermkort', 'default', 'Skaermkort', NULL),
('en', 'dime.material.aluminium', 'default', 'Aluminium', NULL),
('en', 'dime.material.copper', 'default', 'Copper', NULL),
('en', 'dime.material.copperalloy', 'default', 'Copper Alloy', NULL),
('en', 'dime.material.gold', 'default', 'Gold', NULL),
('en', 'dime.material.iron', 'default', 'Iron', NULL),
('en', 'dime.material.lead', 'default', 'Lead', NULL),
('en', 'dime.material.othermetal', 'default', 'Other Metal', NULL),
('en', 'dime.material.silver', 'default', 'Silver', NULL),
('en', 'dime.material.tin', 'default', 'Tin', NULL),
('en', 'dime.metaldetector', 'default', 'Metal Detecting In Denmark', NULL),
('en', 'dime.news', 'default', 'News', NULL),
('en', 'dime.news', 'resource', 'news', NULL),
('en', 'dime.period', 'default', 'Period', NULL),
('en', 'dime.period.absolutism', 'default', 'Absolutism', NULL),
('en', 'dime.period.bronze', 'default', 'Bronze Age', NULL),
('en', 'dime.period.bronze.1', 'default', 'Bronze Age Period 1', NULL),
('en', 'dime.period.bronze.2', 'default', 'Bronze Age Period 2', NULL),
('en', 'dime.period.bronze.3', 'default', 'Bronze Age Period 3', NULL),
('en', 'dime.period.bronze.4', 'default', 'Bronze Age Period 4', NULL),
('en', 'dime.period.bronze.5', 'default', 'Bronze Age Period 5', NULL),
('en', 'dime.period.bronze.6', 'default', 'Bronze Age Period 6', NULL),
('en', 'dime.period.bronze.early', 'default', 'Early Bronze Age', NULL),
('en', 'dime.period.bronze.late', 'default', 'Late Bronze Age', NULL),
('en', 'dime.period.historic', 'default', 'Historic Age', NULL),
('en', 'dime.period.industrial', 'default', 'Industrial Age', NULL),
('en', 'dime.period.interwar', 'default', 'Interwar Years', NULL),
('en', 'dime.period.iron', 'default', 'Iron Age', NULL),
('en', 'dime.period.iron.early', 'default', 'Early Iron Age', NULL),
('en', 'dime.period.iron.germainic', 'default', 'Germanic Iron Age', NULL),
('en', 'dime.period.iron.germainic.early', 'default', 'Early Germanic Iron Age', NULL),
('en', 'dime.period.iron.germainic.late', 'default', 'Late Germanic Iron Age', NULL),
('en', 'dime.period.iron.late', 'default', 'Late Iron Age', NULL),
('en', 'dime.period.iron.preroman', 'default', 'Pre-Roman Iron Age', NULL),
('en', 'dime.period.iron.preroman.early', 'default', 'Early Pre-Roman Iron Age', NULL),
('en', 'dime.period.iron.preroman.late', 'default', 'Late Pre-Roman Iron Age', NULL),
('en', 'dime.period.iron.preroman.middle', 'default', 'Middle Pre-Roman Iron Age', NULL),
('en', 'dime.period.iron.roman', 'default', 'Roman Iron Age', NULL),
('en', 'dime.period.iron.roman.early', 'default', 'Early Roman Iron Age', NULL),
('en', 'dime.period.iron.roman.early.b1', 'default', 'Early Roman Iron Age B1', NULL),
('en', 'dime.period.iron.roman.early.b2', 'default', 'Early Roman Iron Age B2', NULL),
('en', 'dime.period.iron.roman.late', 'default', 'Late Roman Iron Age', NULL),
('en', 'dime.period.iron.roman.late.c1', 'default', 'Late Roman Iron Age C1', NULL),
('en', 'dime.period.iron.roman.late.c2', 'default', 'Late Roman Iron Age C2', NULL),
('en', 'dime.period.iron.roman.late.c3', 'default', 'Late Roman Iron Age C3', NULL),
('en', 'dime.period.medieval', 'default', 'Medieval', NULL),
('en', 'dime.period.medieval.early', 'default', 'Early Medieval', NULL),
('en', 'dime.period.medieval.high', 'default', 'High Medieval', NULL),
('en', 'dime.period.medieval.late', 'default', 'Late Medieval', NULL),
('en', 'dime.period.mesolithic', 'default', 'Mesolithic', NULL),
('en', 'dime.period.modern', 'default', 'Modern Age', NULL),
('en', 'dime.period.neolithic', 'default', 'Neolithic', NULL),
('en', 'dime.period.palaeolithic', 'default', 'Palaeolithic', NULL),
('en', 'dime.period.reformation', 'default', 'Reformation', NULL),
('en', 'dime.period.stone', 'default', 'Stone Age', NULL),
('en', 'dime.period.undated', 'default', 'Undated', NULL),
('en', 'dime.period.viking', 'default', 'Viking Age', NULL),
('en', 'dime.period.viking.early', 'default', 'Early Viking Age', NULL),
('en', 'dime.period.viking.late', 'default', 'Late Viking Age', NULL),
('en', 'dime.period.viking.medieval', 'default', 'Viking / Early Medieval ', NULL),
('en', 'dime.period.welfare', 'default', 'Welfare Age', NULL),
('en', 'dime.period.ww1', 'default', 'First World War', NULL),
('en', 'dime.period.ww2', 'default', 'Second World War', NULL),
('en', 'dime.placeholder', 'default', '-', NULL),
('en', 'dime.profile', 'default', 'Profile', ''),
('en', 'dime.profile', 'resource', 'profile', ''),
('en', 'dime.profiles', 'resource', 'profiles', ''),
('en', 'dime.region.hovedstaden', 'default', 'Capital', NULL),
('en', 'dime.region.hovedstaden', 'official', 'Capital Region', NULL),
('en', 'dime.region.midtjylland', 'default', 'Central', NULL),
('en', 'dime.region.midtjylland', 'official', 'Central Region', NULL),
('en', 'dime.region.nordjylland', 'default', 'North', NULL),
('en', 'dime.region.nordjylland', 'official', 'North Region', NULL),
('en', 'dime.region.sjaelland', 'default', 'Zealand', NULL),
('en', 'dime.region.sjaelland', 'official', 'Zealand Region', NULL),
('en', 'dime.region.syddanmark', 'default', 'South', NULL),
('en', 'dime.region.syddanmark', 'official', 'South Region', NULL),
('en', 'dime.register.faq', 'default', 'FAQ', ''),
('en', 'dime.research', 'default', 'Research', NULL),
('en', 'dime.research', 'resource', 'research', NULL),
('en', 'dime.role.admin', 'default', 'Administrator', ''),
('en', 'dime.role.anon', 'default', 'Anonymous', ''),
('en', 'dime.role.appraiser', 'default', 'Appraiser', ''),
('en', 'dime.role.curator', 'default', 'Curator', ''),
('en', 'dime.role.detectorist', 'default', 'Detectorist', ''),
('en', 'dime.role.registrar', 'default', 'Registrar', ''),
('en', 'dime.role.researcher', 'default', 'Researcher', ''),
('en', 'dime.save', 'default', 'Save', NULL),
('en', 'dime.schema.find', 'default', 'Find', NULL),
('en', 'dime.schema.image', 'default', 'Image', NULL),
('en', 'dime.schema.location', 'default', 'Location', NULL),
('en', 'dime.search', 'default', 'Search', NULL),
('en', 'dime.search.finds.mine', 'default', 'My Finds', NULL),
('en', 'dime.supportedby', 'default', 'supported by', NULL),
('en', 'dime.treasure', 'default', 'Treasure Trove', NULL),
('en', 'dime.treasure', 'resource', 'treasure', NULL),
('en', 'dime.treasure.appraisal', 'default', 'Under Appraisal', NULL),
('en', 'dime.treasure.not', 'default', 'Not Treasure Trove', NULL),
('en', 'dime.treasure.pending', 'default', 'Pending Assessment', NULL),
('en', 'dime.treasure.treasure', 'default', 'Treasure Trove', NULL),
('en', 'dime.user.actor.museum', 'default', 'Associated Museum', ''),
('en', 'dime.user.login', 'default', 'Login', NULL),
('en', 'dime.user.name', 'default', 'User Name', NULL),
('en', 'dime.user.password', 'default', 'Password', NULL),
('en', 'dime.user.password.forgot', 'default', 'Forgotten Password?', NULL),
('en', 'dime.user.profile', 'default', 'Profile', ''),
('en', 'dime.user.register', 'default', 'New User?', NULL),
('en', 'dime.user.register.success', 'default', 'Your DIME registration has been submitted. Please verify your email address and wait for your user profile to be reviewed and approved.', ''),
('en', 'dime.user.terms', 'default', 'Terms and Conditions', ''),
('en', 'dime.user.terms.v1', 'default', '<H2>Terms and Conditions</H2><P>v1.0 dated 1 June 2017</P><P>Lorem Ipsem...</P>', ''),
('en', 'dime.user.update.success', 'default', 'User successfully updated.', '');

--
-- Dumping data for table `ark_translation_parameter`
--

INSERT INTO `ark_translation_parameter` (`keyword`, `parameter`) VALUES
('dime.home.welcome', 'name');

--
-- Dumping data for table `ark_view_cell`
--

INSERT INTO `ark_view_cell` (`grp`, `item_type`, `row`, `col`, `seq`, `element`, `keyword`, `map`, `vocabulary`, `name`, `width`, `label`, `placeholder`, `choices`, `required`, `mode`, `sanitise`, `value`, `parameter`, `format`, `display`, `data`, `enabled`, `deprecated`, `template`, `options`) VALUES
('dime_admin_user_page', '', 0, 0, 0, 'dime_user_filter', NULL, NULL, NULL, 'filter', NULL, 1, NULL, NULL, NULL, NULL, NULL, NULL, NULL, NULL, NULL, NULL, 1, 0, NULL, NULL),
('dime_admin_user_page', '', 0, 0, 2, 'dime_profile_list', NULL, NULL, NULL, 'actors', NULL, 1, NULL, NULL, NULL, 'view', NULL, NULL, NULL, NULL, NULL, NULL, 1, 0, NULL, NULL),
('dime_admin_user_page', '', 0, 0, 4, 'core_workflow_action', NULL, NULL, NULL, 'batch', NULL, 1, NULL, NULL, 0, NULL, NULL, NULL, NULL, NULL, NULL, NULL, 1, 0, NULL, NULL),
('dime_admin_user_page', '', 0, 1, 0, 'dime_user_actor', NULL, NULL, NULL, NULL, NULL, 1, NULL, NULL, NULL, NULL, 'redact', NULL, NULL, NULL, NULL, NULL, 1, 0, NULL, NULL),
('dime_admin_user_page', '', 0, 1, 2, 'core_user_password_set', NULL, NULL, NULL, NULL, NULL, 1, NULL, NULL, NULL, NULL, NULL, NULL, NULL, NULL, NULL, NULL, 1, 0, NULL, NULL),
('dime_find_add', '', 0, 0, 0, 'dime_find_add_case', NULL, NULL, NULL, NULL, NULL, 0, NULL, NULL, NULL, NULL, 'redact', NULL, NULL, NULL, NULL, NULL, 1, 0, NULL, NULL),
('dime_find_add', '', 0, 0, 2, 'dime_find_event', NULL, NULL, NULL, NULL, NULL, 0, NULL, NULL, NULL, NULL, 'redact', NULL, NULL, NULL, NULL, NULL, 1, 0, NULL, NULL),
('dime_find_add', '', 0, 0, 4, 'dime_find_geo', NULL, NULL, NULL, NULL, NULL, 0, NULL, NULL, NULL, NULL, 'redact', NULL, NULL, NULL, NULL, NULL, 1, 0, NULL, NULL),
('dime_find_add', '', 0, 0, 6, 'dime_find_photo', NULL, NULL, NULL, NULL, NULL, 0, NULL, NULL, NULL, NULL, 'redact', NULL, NULL, NULL, NULL, NULL, 1, 0, NULL, NULL),
('dime_find_add', '', 0, 1, 0, 'dime_find_artefact', NULL, NULL, NULL, NULL, NULL, 0, NULL, NULL, NULL, NULL, 'redact', NULL, NULL, NULL, NULL, NULL, 1, 0, NULL, NULL),
('dime_find_add', '', 0, 1, 4, 'core_widget_submit', NULL, NULL, NULL, 'record', NULL, 0, NULL, NULL, NULL, 'edit', NULL, NULL, NULL, NULL, NULL, NULL, 1, 0, NULL, NULL),
('dime_find_add', '', 0, 1, 6, 'core_widget_submit', NULL, NULL, NULL, 'report', NULL, 0, NULL, NULL, NULL, 'edit', NULL, NULL, NULL, NULL, NULL, NULL, 1, 0, NULL, NULL),
('dime_find_add_case', '', 0, 0, 4, 'dime_find_case', NULL, NULL, NULL, NULL, NULL, 1, NULL, NULL, NULL, NULL, NULL, NULL, NULL, NULL, NULL, NULL, 1, 0, NULL, NULL),
('dime_find_artefact', '', 0, 0, 0, 'dime_widget_classify', NULL, NULL, NULL, NULL, NULL, 1, NULL, NULL, NULL, NULL, NULL, NULL, NULL, NULL, NULL, NULL, 1, 0, NULL, '{\"attr\": {\"data-toggle\": \"modal\", \"data-target\":\"#dating-modal\"}}'),
('dime_find_artefact', '', 0, 0, 2, 'dime_find_type', NULL, NULL, NULL, NULL, NULL, 1, NULL, NULL, NULL, NULL, NULL, NULL, NULL, NULL, NULL, NULL, 1, 0, NULL, NULL),
('dime_find_artefact', '', 0, 0, 4, 'dime_find_classification', NULL, NULL, NULL, NULL, NULL, 1, NULL, NULL, NULL, NULL, NULL, NULL, NULL, NULL, NULL, NULL, 1, 0, NULL, NULL),
('dime_find_artefact', '', 0, 0, 6, 'dime_find_dating', NULL, NULL, NULL, NULL, NULL, 1, NULL, NULL, NULL, NULL, NULL, NULL, NULL, NULL, NULL, NULL, 1, 0, NULL, NULL),
('dime_find_artefact', '', 0, 0, 8, 'dime_find_mint', NULL, NULL, NULL, NULL, NULL, 1, NULL, NULL, NULL, NULL, NULL, NULL, NULL, NULL, NULL, NULL, 1, 0, NULL, NULL),
('dime_find_artefact', '', 0, 0, 10, 'dime_find_issuer', NULL, NULL, NULL, NULL, NULL, 1, NULL, NULL, NULL, NULL, NULL, NULL, NULL, NULL, NULL, NULL, 1, 0, NULL, NULL),
('dime_find_artefact', '', 0, 0, 12, 'dime_find_material', NULL, NULL, NULL, NULL, NULL, 1, NULL, NULL, NULL, NULL, NULL, NULL, NULL, NULL, NULL, NULL, 1, 0, NULL, NULL),
('dime_find_artefact', '', 0, 0, 14, 'dime_find_secondary', NULL, NULL, NULL, NULL, NULL, 1, NULL, NULL, NULL, NULL, NULL, NULL, NULL, NULL, NULL, NULL, 1, 0, NULL, NULL),
('dime_find_artefact', '', 0, 0, 16, 'dime_find_condition', NULL, NULL, NULL, NULL, NULL, 1, NULL, NULL, NULL, NULL, NULL, NULL, NULL, NULL, NULL, NULL, 1, 0, NULL, NULL),
('dime_find_artefact', '', 0, 0, 18, 'dime_find_weight', NULL, NULL, NULL, NULL, NULL, 1, NULL, NULL, NULL, NULL, NULL, NULL, 'readonly', NULL, NULL, NULL, 1, 0, NULL, NULL),
('dime_find_artefact', '', 0, 0, 20, 'dime_find_length', NULL, NULL, NULL, NULL, NULL, 1, NULL, NULL, NULL, NULL, NULL, NULL, 'readonly', NULL, NULL, NULL, 1, 0, NULL, NULL),
('dime_find_artefact', '', 0, 0, 22, 'dime_find_description', NULL, NULL, NULL, NULL, NULL, 1, NULL, NULL, NULL, NULL, NULL, NULL, NULL, NULL, NULL, NULL, 1, 0, NULL, NULL),
('dime_find_edit', '', 0, 0, 0, 'dime_find_event', NULL, NULL, NULL, NULL, NULL, 1, NULL, NULL, NULL, NULL, NULL, NULL, NULL, NULL, NULL, NULL, 1, 0, NULL, NULL),
('dime_find_edit', '', 0, 1, 0, 'dime_find_artefact', NULL, NULL, NULL, NULL, NULL, 1, NULL, NULL, NULL, NULL, NULL, NULL, NULL, NULL, NULL, NULL, 1, 0, NULL, NULL),
('dime_find_event', '', 0, 0, 0, 'dime_find_finder', NULL, NULL, NULL, NULL, NULL, 1, NULL, 1, NULL, NULL, NULL, 'readonly', NULL, NULL, NULL, NULL, 1, 0, NULL, NULL),
('dime_find_event', '', 0, 0, 2, 'dime_find_finder_id', NULL, NULL, NULL, NULL, NULL, 1, NULL, NULL, NULL, NULL, NULL, NULL, NULL, NULL, NULL, NULL, 1, 0, NULL, NULL),
('dime_find_event', '', 0, 0, 4, 'dime_find_finder_place', NULL, NULL, NULL, NULL, NULL, 1, NULL, NULL, NULL, NULL, NULL, NULL, NULL, NULL, NULL, NULL, 1, 0, NULL, NULL),
('dime_find_event', '', 0, 0, 6, 'dime_find_finddate', NULL, NULL, NULL, NULL, NULL, 1, NULL, NULL, NULL, NULL, NULL, NULL, NULL, NULL, NULL, NULL, 1, 0, NULL, NULL),
('dime_find_filter', '', 0, 0, 0, 'core_widget_choice', NULL, NULL, 'dime.denmark.municipality', 'municipality', NULL, 1, NULL, NULL, 0, NULL, 'redact', NULL, NULL, NULL, NULL, NULL, 1, 0, NULL, '{\"multiple\":true, \"attr\": {\"style\": \"width:95%\"}}'),
('dime_find_filter', '', 0, 2, 0, 'core_widget_choice', NULL, NULL, 'dime.find.type', 'type', NULL, 1, NULL, NULL, 0, NULL, 'redact', NULL, NULL, NULL, NULL, NULL, 1, 0, NULL, '{\"multiple\":true, \"attr\": {\"style\": \"width:95%\"}}'),
('dime_find_filter', '', 0, 4, 0, 'core_widget_choice', NULL, NULL, 'dime.period', 'period', NULL, 1, NULL, NULL, 0, NULL, 'redact', NULL, NULL, NULL, NULL, NULL, 1, 0, NULL, '{\"attr\": {\"style\": \"width:95%\"}}'),
('dime_find_filter', '', 0, 6, 0, 'core_widget_choice', NULL, NULL, 'dime.material', 'material', NULL, 1, NULL, NULL, 0, NULL, 'redact', NULL, NULL, NULL, NULL, NULL, 1, 0, NULL, '{\"multiple\":true, \"attr\": {\"style\": \"width:95%\"}}'),
('dime_find_filter', '', 0, 8, 0, 'core_widget_submit', NULL, NULL, NULL, 'search', NULL, 1, NULL, NULL, 0, NULL, NULL, NULL, NULL, NULL, NULL, NULL, 1, 0, NULL, NULL),
('dime_find_filter', '', 1, 0, 0, 'core_widget_actor', NULL, NULL, NULL, 'museum', NULL, 1, 1, 1, 0, NULL, 'redact', 'active', NULL, NULL, NULL, NULL, 1, 0, NULL, '{\"multiple\":true, \"attr\": {\"style\": \"width:95%\"}}'),
('dime_find_filter', '', 1, 2, 0, 'core_widget_actor', NULL, NULL, NULL, 'finder', NULL, 1, 1, 1, 0, NULL, 'redact', 'active', NULL, NULL, NULL, NULL, 1, 0, NULL, '{\"multiple\":true, \"attr\": {\"style\": \"width:95%\"}}'),
('dime_find_filter', '', 1, 4, 0, 'core_widget_choice', NULL, NULL, 'dime.find.process', 'status', NULL, 1, NULL, NULL, 0, NULL, 'redact', NULL, NULL, NULL, NULL, NULL, 1, 0, NULL, '{\"attr\": {\"style\": \"width:95%\"}}'),
('dime_find_filter', '', 1, 6, 0, 'core_widget_choice', NULL, NULL, 'dime.treasure', 'treasure', NULL, 1, NULL, NULL, 0, NULL, 'redact', NULL, NULL, NULL, NULL, NULL, 1, 0, NULL, '{\"multiple\":true, \"attr\": {\"style\": \"width:95%\"}}'),
('dime_find_geo', '', 0, 0, 0, 'dime_find_location', 'dime.find.coordinates', NULL, NULL, NULL, NULL, 1, NULL, NULL, NULL, NULL, NULL, NULL, NULL, NULL, NULL, NULL, 1, 0, NULL, NULL),
('dime_find_geo', '', 0, 0, 2, 'dime_find_municipality', NULL, NULL, NULL, NULL, NULL, 1, NULL, NULL, NULL, NULL, NULL, NULL, NULL, NULL, NULL, NULL, 1, 0, NULL, NULL),
('dime_find_geo', '', 0, 0, 4, 'dime_find_museum', NULL, NULL, NULL, NULL, NULL, 1, NULL, 1, NULL, NULL, NULL, NULL, NULL, NULL, NULL, NULL, 1, 0, NULL, NULL),
('dime_find_item', '', 0, 0, 0, 'dime_find_metadata', NULL, NULL, NULL, NULL, NULL, 0, NULL, NULL, NULL, NULL, NULL, NULL, NULL, NULL, NULL, NULL, 1, 0, NULL, NULL),
('dime_find_item', '', 0, 0, 2, 'dime_find_event', NULL, NULL, NULL, NULL, NULL, 0, NULL, NULL, NULL, NULL, NULL, NULL, NULL, NULL, NULL, NULL, 1, 0, NULL, NULL),
('dime_find_item', '', 0, 0, 4, 'dime_find_geo', NULL, NULL, NULL, NULL, NULL, 0, NULL, NULL, NULL, NULL, NULL, NULL, NULL, NULL, NULL, NULL, 1, 0, NULL, NULL),
('dime_find_item', '', 0, 0, 6, 'dime_find_photo', NULL, NULL, NULL, NULL, NULL, 0, NULL, NULL, NULL, NULL, NULL, NULL, NULL, NULL, NULL, NULL, 1, 0, NULL, NULL),
('dime_find_item', '', 0, 1, 0, 'dime_find_artefact', NULL, NULL, NULL, NULL, NULL, 0, NULL, NULL, NULL, NULL, NULL, NULL, NULL, NULL, NULL, NULL, 1, 0, NULL, NULL),
('dime_find_item', '', 0, 1, 2, 'dime_find_status', NULL, NULL, NULL, NULL, NULL, 0, NULL, NULL, NULL, NULL, NULL, NULL, NULL, NULL, NULL, NULL, 1, 0, NULL, NULL),
('dime_find_item', '', 0, 1, 4, 'dime_find_update', NULL, NULL, NULL, NULL, NULL, 0, NULL, NULL, NULL, NULL, NULL, NULL, NULL, NULL, NULL, NULL, 1, 0, NULL, NULL),
('dime_find_item', '', 0, 1, 8, 'core_workflow_action', NULL, NULL, NULL, NULL, NULL, 0, NULL, NULL, 0, NULL, NULL, NULL, NULL, NULL, NULL, NULL, 1, 0, NULL, NULL),
('dime_find_list', '', 0, 0, 0, 'dime_find_id', NULL, NULL, NULL, NULL, NULL, 1, NULL, NULL, NULL, NULL, NULL, NULL, NULL, NULL, NULL, NULL, 1, 0, NULL, NULL),
('dime_find_list', '', 0, 0, 4, 'dime_find_type', NULL, NULL, NULL, NULL, NULL, 1, NULL, NULL, NULL, NULL, NULL, 'readonly', NULL, NULL, NULL, NULL, 1, 0, NULL, NULL),
('dime_find_list', '', 0, 0, 8, 'dime_find_material', NULL, NULL, NULL, NULL, NULL, 1, NULL, NULL, NULL, NULL, NULL, 'readonly', NULL, NULL, NULL, NULL, 1, 0, NULL, NULL),
('dime_find_list', '', 0, 0, 10, 'dime_find_municipality', NULL, NULL, NULL, NULL, NULL, 1, NULL, NULL, NULL, NULL, NULL, 'readonly', NULL, NULL, NULL, NULL, 1, 0, NULL, NULL),
('dime_find_map', '', 0, 0, 0, 'dime_find_id', NULL, NULL, NULL, NULL, NULL, 1, NULL, NULL, NULL, NULL, NULL, NULL, NULL, NULL, NULL, NULL, 1, 0, NULL, NULL),
('dime_find_map', '', 0, 0, 1, 'dime_find_location', NULL, NULL, NULL, NULL, NULL, 1, NULL, NULL, NULL, NULL, NULL, 'readonly', NULL, NULL, NULL, NULL, 1, 0, NULL, NULL),
('dime_find_metadata', '', 0, 0, 0, 'dime_find_id', NULL, NULL, NULL, NULL, NULL, 1, NULL, NULL, NULL, NULL, NULL, NULL, NULL, NULL, NULL, NULL, 1, 0, NULL, NULL),
('dime_find_metadata', '', 0, 0, 2, 'dime_find_museum_id', NULL, NULL, NULL, NULL, NULL, 1, NULL, NULL, NULL, NULL, NULL, NULL, NULL, NULL, NULL, NULL, 1, 0, NULL, NULL),
('dime_find_metadata', '', 0, 0, 4, 'dime_find_case', NULL, NULL, NULL, NULL, NULL, 1, NULL, NULL, NULL, NULL, NULL, NULL, NULL, NULL, NULL, NULL, 1, 0, NULL, NULL),
('dime_find_news', '', 0, 0, 0, 'dime_find_list', NULL, NULL, NULL, NULL, NULL, 1, NULL, NULL, NULL, NULL, NULL, NULL, NULL, NULL, NULL, NULL, 1, 0, NULL, NULL),
('dime_find_photo', '', 0, 0, 1, 'dime_find_images', NULL, NULL, NULL, NULL, NULL, 1, NULL, NULL, NULL, NULL, NULL, NULL, NULL, NULL, NULL, NULL, 1, 0, NULL, NULL),
('dime_find_search', '', 0, 0, 0, 'dime_find_filter', NULL, NULL, NULL, NULL, NULL, 0, NULL, NULL, NULL, NULL, NULL, NULL, NULL, NULL, NULL, NULL, 1, 0, NULL, NULL),
('dime_find_search', '', 1, 0, 0, 'dime_find_list', NULL, NULL, NULL, NULL, NULL, 0, NULL, NULL, NULL, 'view', NULL, NULL, NULL, NULL, NULL, NULL, 1, 0, NULL, NULL),
('dime_find_search', '', 1, 0, 2, 'core_workflow_action_form', NULL, NULL, NULL, NULL, NULL, 0, 1, 1, 0, NULL, NULL, NULL, NULL, NULL, NULL, NULL, 1, 0, NULL, NULL),
('dime_find_search', '', 1, 1, 0, 'dime_find_map', NULL, 'dime_map_public', NULL, NULL, NULL, 0, NULL, NULL, NULL, 'view', NULL, NULL, NULL, NULL, NULL, NULL, 1, 0, NULL, NULL),
('dime_find_status', '', 0, 0, 0, 'dime_find_process', NULL, NULL, NULL, NULL, NULL, 1, NULL, NULL, NULL, NULL, NULL, 'readonly', NULL, NULL, NULL, NULL, 1, 0, NULL, NULL),
('dime_find_status', '', 0, 0, 2, 'dime_find_treasure', NULL, NULL, NULL, NULL, NULL, 1, NULL, NULL, NULL, NULL, NULL, 'readonly', NULL, NULL, NULL, NULL, 1, 0, NULL, NULL),
('dime_find_status', '', 0, 0, 4, 'dime_find_owner', NULL, NULL, NULL, NULL, NULL, 1, NULL, 1, NULL, NULL, NULL, 'readonly', NULL, NULL, NULL, NULL, 1, 0, NULL, NULL),
('dime_find_status', '', 0, 0, 6, 'dime_find_custody', NULL, NULL, NULL, NULL, NULL, 1, NULL, NULL, NULL, NULL, NULL, 'readonly', NULL, NULL, NULL, NULL, 1, 0, NULL, NULL),
('dime_find_status', '', 0, 0, 8, 'dime_find_custodian', NULL, NULL, NULL, NULL, NULL, 1, NULL, 1, NULL, NULL, NULL, 'readonly', NULL, NULL, NULL, NULL, 1, 0, NULL, NULL),
('dime_find_status', '', 0, 0, 10, 'dime_find_recipient', NULL, NULL, NULL, NULL, NULL, 1, NULL, 1, NULL, NULL, NULL, 'readonly', NULL, NULL, NULL, NULL, 1, 0, NULL, NULL),
('dime_find_update', '', 0, 0, 0, 'core_widget_submit', 'core.button.save', NULL, NULL, 'save', NULL, 1, NULL, NULL, NULL, 'edit', NULL, NULL, NULL, NULL, NULL, NULL, 1, 0, NULL, NULL),
('dime_find_update', '', 0, 0, 2, 'core_widget_submit', 'core.button.clone', NULL, NULL, 'clone', NULL, 1, NULL, NULL, NULL, 'edit', NULL, NULL, NULL, NULL, NULL, NULL, 1, 0, NULL, NULL),
('dime_find_view', '', 0, 0, 0, 'dime_find_item', NULL, NULL, NULL, NULL, NULL, 1, NULL, NULL, NULL, NULL, NULL, NULL, NULL, NULL, NULL, NULL, 1, 0, NULL, NULL),
('dime_front_page', '', 0, 0, 0, 'dime_find_type', NULL, NULL, NULL, NULL, NULL, 1, NULL, NULL, NULL, NULL, NULL, NULL, NULL, NULL, NULL, NULL, 1, 0, NULL, NULL),
('dime_front_page', '', 0, 0, 2, 'dime_find_classification', NULL, NULL, NULL, NULL, NULL, 1, NULL, NULL, NULL, NULL, NULL, NULL, NULL, NULL, NULL, NULL, 1, 0, NULL, NULL),
('dime_front_page', '', 0, 0, 4, 'dime_find_material', NULL, NULL, NULL, NULL, NULL, 1, NULL, NULL, NULL, NULL, NULL, NULL, NULL, NULL, NULL, NULL, 1, 0, NULL, NULL),
('dime_front_page', '', 0, 0, 6, 'dime_find_municipality', NULL, NULL, NULL, NULL, NULL, 1, NULL, NULL, NULL, NULL, NULL, NULL, NULL, NULL, NULL, NULL, 1, 0, NULL, NULL),
('dime_home_find_search', '', 0, 0, 0, 'dime_home_action', NULL, NULL, NULL, NULL, NULL, 1, NULL, NULL, NULL, NULL, NULL, NULL, NULL, NULL, NULL, NULL, 1, 0, NULL, NULL),
('dime_home_find_search', '', 1, 0, 0, 'dime_find_filter', NULL, NULL, NULL, NULL, NULL, 0, NULL, NULL, NULL, NULL, NULL, NULL, NULL, NULL, NULL, NULL, 1, 0, NULL, NULL),
('dime_home_find_search', '', 2, 0, 0, 'dime_find_list', NULL, NULL, NULL, NULL, NULL, 0, NULL, NULL, NULL, 'view', NULL, NULL, NULL, NULL, NULL, NULL, 1, 0, NULL, NULL),
('dime_home_find_search', '', 2, 0, 2, 'core_workflow_action_form', NULL, NULL, NULL, NULL, NULL, 0, 1, 1, 0, NULL, NULL, NULL, NULL, NULL, NULL, NULL, 1, 0, NULL, NULL),
('dime_home_find_search', '', 2, 1, 0, 'dime_find_map', NULL, 'dime_map_public', NULL, NULL, NULL, 0, NULL, NULL, NULL, 'view', NULL, NULL, NULL, NULL, NULL, NULL, 1, 0, NULL, NULL),
('dime_home_page', '', 0, 0, 0, 'dime_home_action', NULL, NULL, NULL, NULL, NULL, 1, NULL, NULL, NULL, NULL, NULL, NULL, NULL, NULL, NULL, NULL, 1, 0, NULL, NULL),
('dime_home_page', '', 1, 0, 0, 'dime_find_list', NULL, NULL, NULL, NULL, NULL, 1, NULL, NULL, NULL, NULL, NULL, NULL, NULL, NULL, NULL, NULL, 1, 0, NULL, NULL),
('dime_home_page', '', 1, 1, 0, 'dime_find_map', NULL, 'dime_map_user', NULL, NULL, NULL, 1, NULL, NULL, NULL, NULL, NULL, NULL, NULL, NULL, NULL, NULL, 1, 0, NULL, NULL),
('dime_message_page', '', 0, 0, 0, 'dime_home_action', NULL, NULL, NULL, NULL, NULL, 1, NULL, NULL, NULL, NULL, NULL, NULL, NULL, NULL, NULL, NULL, 1, 0, NULL, NULL),
('dime_message_page', '', 1, 1, 0, 'core_message_item', NULL, NULL, NULL, NULL, NULL, 1, NULL, NULL, NULL, NULL, NULL, NULL, NULL, NULL, NULL, NULL, 1, 0, NULL, NULL),
('dime_profile_list', '', 0, 0, 0, 'core_actor_id', NULL, NULL, NULL, NULL, NULL, 1, NULL, NULL, NULL, NULL, NULL, NULL, NULL, NULL, NULL, NULL, 1, 0, NULL, NULL),
('dime_profile_list', '', 0, 0, 2, 'core_actor_fullname', NULL, NULL, NULL, NULL, NULL, 1, NULL, NULL, NULL, NULL, NULL, NULL, NULL, NULL, NULL, NULL, 1, 0, NULL, NULL),
('dime_profile_list_page', '', 0, 0, 0, 'dime_profile_list', NULL, NULL, NULL, 'actors', NULL, 1, NULL, NULL, NULL, 'view', NULL, NULL, NULL, NULL, NULL, NULL, 1, 0, NULL, NULL),
('dime_profile_list_page', '', 0, 1, 0, 'dime_find_list', NULL, NULL, NULL, 'finds', NULL, 1, NULL, NULL, NULL, 'view', NULL, NULL, NULL, NULL, NULL, NULL, 1, 0, NULL, NULL),
('dime_profile_page', '', 0, 0, 0, 'dime_profile_view', NULL, NULL, NULL, 'actor', NULL, 1, NULL, NULL, NULL, 'view', NULL, NULL, NULL, NULL, NULL, NULL, 1, 0, NULL, NULL),
('dime_profile_page', '', 0, 1, 0, 'dime_find_list', NULL, NULL, NULL, 'finds', NULL, 1, NULL, NULL, NULL, 'view', NULL, NULL, NULL, NULL, NULL, NULL, 1, 0, NULL, NULL),
('dime_profile_view', '', 0, 0, 0, 'core_actor_id', NULL, NULL, NULL, NULL, 8, 1, NULL, NULL, NULL, NULL, NULL, NULL, NULL, NULL, NULL, NULL, 1, 0, NULL, NULL),
('dime_profile_view', '', 0, 0, 2, 'core_actor_fullname', NULL, NULL, NULL, NULL, NULL, 1, NULL, NULL, NULL, NULL, NULL, NULL, NULL, NULL, NULL, NULL, 1, 0, NULL, NULL),
('dime_profile_view', '', 0, 0, 6, 'core_actor_museum', NULL, NULL, NULL, NULL, NULL, 1, NULL, NULL, NULL, NULL, NULL, NULL, NULL, NULL, NULL, NULL, 1, 0, NULL, NULL),
('dime_profile_view', '', 0, 0, 8, 'core_actor_biography', NULL, NULL, NULL, NULL, NULL, 1, NULL, NULL, NULL, NULL, NULL, NULL, NULL, NULL, NULL, NULL, 1, 0, NULL, NULL),
('dime_profile_view', '', 0, 1, 2, 'core_actor_avatar', NULL, NULL, NULL, NULL, 4, 0, NULL, NULL, NULL, NULL, NULL, NULL, NULL, NULL, NULL, NULL, 1, 0, NULL, NULL),
('dime_treasure_claim', '', 0, 0, 0, 'dime_treasure_museum', NULL, NULL, NULL, NULL, NULL, 1, NULL, NULL, NULL, NULL, NULL, NULL, NULL, NULL, NULL, NULL, 1, 0, NULL, NULL),
('dime_treasure_claim', '', 0, 0, 1, 'dime_treasure_claimant', NULL, NULL, NULL, NULL, NULL, 1, NULL, NULL, NULL, NULL, NULL, NULL, NULL, NULL, NULL, NULL, 1, 0, NULL, NULL),
('dime_treasure_claim', '', 0, 0, 2, 'dime_treasure_find', NULL, NULL, NULL, NULL, NULL, 1, NULL, NULL, NULL, NULL, NULL, NULL, NULL, NULL, NULL, NULL, 1, 0, NULL, NULL),
('dime_treasure_claim', '', 0, 0, 3, 'dime_treasure_sender', NULL, NULL, NULL, NULL, NULL, 1, NULL, NULL, NULL, NULL, NULL, NULL, NULL, NULL, NULL, NULL, 1, 0, NULL, NULL),
('dime_treasure_claimant', '', 0, 0, 1, 'core_actor_fullname', NULL, NULL, NULL, NULL, NULL, 1, NULL, NULL, NULL, NULL, NULL, 'readonly', NULL, NULL, NULL, 'claimant', 1, 0, NULL, NULL),
('dime_treasure_claimant', '', 0, 0, 4, 'core_actor_telephone', NULL, NULL, NULL, NULL, NULL, 1, NULL, NULL, NULL, NULL, NULL, 'readonly', NULL, NULL, NULL, 'claimant', 1, 0, NULL, NULL),
('dime_treasure_claimant', '', 0, 0, 5, 'core_actor_email', NULL, NULL, NULL, NULL, NULL, 1, NULL, NULL, NULL, NULL, NULL, 'readonly', NULL, NULL, NULL, 'claimant', 1, 0, NULL, NULL),
('dime_treasure_find', '', 0, 0, 0, 'dime_find_type', NULL, NULL, NULL, NULL, NULL, 1, NULL, NULL, NULL, NULL, NULL, 'readonly', NULL, NULL, NULL, 'find', 1, 0, NULL, NULL),
('dime_treasure_find', '', 0, 0, 2, 'dime_find_classification', NULL, NULL, NULL, NULL, NULL, 1, NULL, NULL, NULL, NULL, NULL, 'readonly', NULL, NULL, NULL, 'find', 1, 0, NULL, NULL),
('dime_treasure_find', '', 0, 0, 4, 'dime_find_finddate', NULL, NULL, NULL, NULL, NULL, 1, NULL, NULL, NULL, NULL, NULL, 'readonly', NULL, NULL, NULL, 'find', 1, 0, NULL, NULL),
('dime_treasure_find', '', 0, 0, 8, 'dime_find_description', NULL, NULL, NULL, NULL, NULL, 1, NULL, NULL, NULL, NULL, NULL, 'readonly', NULL, NULL, NULL, 'find', 1, 0, NULL, NULL),
('dime_treasure_museum', '', 0, 0, 0, 'core_actor_fullname', 'core.actor.type.museum', NULL, NULL, NULL, NULL, 1, NULL, NULL, NULL, NULL, NULL, 'readonly', NULL, NULL, NULL, 'museum', 1, 0, NULL, NULL),
('dime_treasure_museum', '', 0, 0, 1, 'core_actor_id', NULL, NULL, NULL, NULL, NULL, 1, NULL, NULL, NULL, NULL, NULL, 'readonly', NULL, NULL, NULL, 'museum', 1, 0, NULL, NULL),
('dime_treasure_museum', '', 0, 0, 2, 'dime_find_museum_id', NULL, NULL, NULL, NULL, NULL, 1, NULL, NULL, NULL, NULL, NULL, 'readonly', NULL, NULL, NULL, 'find', 1, 0, NULL, NULL),
('dime_treasure_pdf', '', 0, 0, 0, 'dime_treasure_museum', NULL, NULL, NULL, NULL, NULL, 1, NULL, NULL, NULL, 'view', NULL, NULL, NULL, NULL, NULL, NULL, 1, 0, NULL, NULL),
('dime_treasure_pdf', '', 0, 0, 1, 'dime_treasure_claimant', NULL, NULL, NULL, NULL, NULL, 1, NULL, NULL, NULL, 'view', NULL, NULL, NULL, NULL, NULL, NULL, 1, 0, NULL, NULL),
('dime_treasure_pdf', '', 0, 0, 2, 'dime_treasure_find', NULL, NULL, NULL, NULL, NULL, 1, NULL, NULL, NULL, 'view', NULL, NULL, NULL, NULL, NULL, NULL, 1, 0, NULL, NULL),
('dime_treasure_pdf', '', 0, 0, 3, 'dime_treasure_sender', NULL, NULL, NULL, NULL, NULL, 1, NULL, NULL, NULL, 'view', NULL, NULL, NULL, NULL, NULL, NULL, 1, 0, NULL, NULL),
('dime_treasure_sender', '', 0, 0, 4, 'core_widget_submit', NULL, NULL, NULL, 'send', NULL, 1, NULL, NULL, NULL, NULL, NULL, 'active', NULL, NULL, NULL, NULL, 1, 0, NULL, NULL),
('dime_user_actor', '', 0, 0, 0, 'core_actor_id', 'core.user.username', NULL, NULL, NULL, 8, 1, NULL, NULL, 0, 'view', NULL, NULL, NULL, NULL, NULL, NULL, 1, 0, NULL, NULL),
('dime_user_actor', '', 0, 0, 1, 'core_actor_status', NULL, NULL, NULL, NULL, NULL, 1, NULL, NULL, NULL, 'view', NULL, 'static', NULL, NULL, NULL, NULL, 1, 0, NULL, NULL),
('dime_user_actor', '', 0, 0, 2, 'core_actor_fullname', NULL, NULL, NULL, NULL, NULL, 1, NULL, NULL, NULL, NULL, 'redact', NULL, NULL, NULL, NULL, NULL, 1, 0, NULL, NULL),
('dime_user_actor', '', 0, 0, 4, 'core_actor_shortname', NULL, NULL, NULL, NULL, NULL, 1, NULL, NULL, NULL, NULL, 'redact', NULL, NULL, NULL, NULL, NULL, 1, 0, NULL, NULL),
('dime_user_actor', '', 0, 0, 6, 'core_actor_initials', NULL, NULL, NULL, NULL, NULL, 1, NULL, NULL, NULL, NULL, 'redact', NULL, NULL, NULL, NULL, NULL, 1, 0, NULL, NULL),
('dime_user_actor', '', 0, 0, 8, 'core_actor_address', NULL, NULL, NULL, NULL, NULL, 1, NULL, NULL, NULL, NULL, 'redact', NULL, NULL, NULL, NULL, NULL, 1, 0, NULL, NULL),
('dime_user_actor', '', 0, 0, 10, 'core_actor_telephone', NULL, NULL, NULL, NULL, NULL, 1, NULL, NULL, NULL, NULL, 'redact', NULL, NULL, NULL, NULL, NULL, 1, 0, NULL, NULL),
('dime_user_actor', '', 0, 0, 12, 'core_actor_email', NULL, NULL, NULL, NULL, NULL, 1, NULL, NULL, NULL, NULL, 'redact', NULL, NULL, NULL, NULL, NULL, 1, 0, NULL, NULL),
('dime_user_actor', '', 0, 0, 14, 'core_actor_visibility', NULL, NULL, NULL, NULL, NULL, 1, NULL, NULL, NULL, NULL, 'redact', NULL, NULL, NULL, NULL, NULL, 1, 0, NULL, NULL),
('dime_user_actor', '', 0, 0, 16, 'core_actor_license', NULL, NULL, NULL, NULL, NULL, 1, NULL, NULL, NULL, NULL, 'redact', NULL, NULL, NULL, NULL, NULL, 1, 0, NULL, NULL),
('dime_user_actor', '', 0, 0, 18, 'core_actor_biography', NULL, NULL, NULL, NULL, NULL, 1, NULL, NULL, NULL, NULL, 'redact', NULL, NULL, NULL, NULL, NULL, 1, 0, NULL, NULL),
('dime_user_actor', '', 0, 0, 22, 'core_actor_museum', NULL, NULL, NULL, NULL, NULL, 1, 1, 1, NULL, NULL, 'redact', NULL, NULL, NULL, NULL, NULL, 1, 0, NULL, NULL),
('dime_user_actor', '', 0, 0, 24, 'core_widget_submit', 'core.button.save', NULL, NULL, 'save', NULL, 1, NULL, NULL, NULL, NULL, 'redact', NULL, NULL, NULL, NULL, NULL, 1, 0, NULL, NULL),
('dime_user_actor', '', 0, 1, 2, 'core_actor_avatar', NULL, NULL, NULL, NULL, 4, 0, NULL, NULL, 0, NULL, 'redact', NULL, NULL, NULL, NULL, NULL, 1, 0, NULL, NULL),
('dime_user_filter', '', 0, 0, 0, 'core_widget_choice', NULL, NULL, 'core.security.status', 'status', NULL, 1, NULL, NULL, 0, NULL, NULL, NULL, NULL, NULL, NULL, NULL, 1, 0, NULL, '{\"attr\": {\"style\": \"width:95%\"}}'),
('dime_user_filter', '', 0, 2, 0, 'core_widget_submit', 'core.button.select', NULL, NULL, NULL, NULL, 1, NULL, NULL, NULL, NULL, NULL, NULL, NULL, NULL, NULL, NULL, 1, 0, NULL, NULL),
('dime_user_profile', '', 0, 0, 0, 'dime_home_action', NULL, NULL, NULL, NULL, NULL, 1, NULL, NULL, NULL, NULL, NULL, NULL, NULL, NULL, NULL, NULL, 1, 0, NULL, NULL),
('dime_user_profile', '', 1, 0, 0, 'dime_user_actor', NULL, NULL, NULL, NULL, NULL, 1, NULL, NULL, NULL, NULL, 'redact', NULL, NULL, NULL, NULL, NULL, 1, 0, NULL, NULL),
('dime_user_profile', '', 1, 1, 0, 'core_user_password_change', NULL, NULL, NULL, NULL, NULL, 1, NULL, NULL, NULL, NULL, NULL, NULL, NULL, NULL, NULL, NULL, 1, 0, NULL, NULL),
('dime_user_register', '', 0, 0, 0, 'core_user_credentials', NULL, NULL, NULL, NULL, NULL, 1, NULL, NULL, NULL, NULL, 'redact', NULL, NULL, NULL, NULL, NULL, 1, 0, NULL, NULL),
('dime_user_register', '', 0, 0, 2, 'core_user_actor', NULL, NULL, NULL, NULL, NULL, 1, NULL, NULL, NULL, NULL, 'redact', NULL, NULL, NULL, NULL, NULL, 1, 0, NULL, NULL),
('dime_user_register', '', 0, 0, 4, 'dime_user_role', NULL, NULL, 'core.workflow.role', NULL, NULL, 1, NULL, NULL, NULL, NULL, 'redact', NULL, NULL, NULL, NULL, NULL, 1, 0, NULL, NULL),
('dime_user_register', '', 0, 0, 8, 'core_widget_submit', 'core.user.register', NULL, NULL, NULL, NULL, 1, NULL, NULL, NULL, NULL, 'redact', NULL, NULL, NULL, NULL, NULL, 1, 0, NULL, NULL),
('dime_user_register', '', 0, 2, 0, 'core_widget_textarea', 'dime.register.faq', NULL, NULL, NULL, NULL, 1, 1, NULL, NULL, 'view', 'redact', 'static', NULL, NULL, NULL, NULL, 1, 0, NULL, NULL),
('dime_user_role', '', 0, 0, 0, 'core_widget_choice', 'core.workflow.role', NULL, 'core.workflow.role', 'role', NULL, 1, NULL, NULL, NULL, NULL, 'redact', NULL, NULL, NULL, NULL, NULL, 1, 0, NULL, NULL),
('dime_user_role', '', 0, 0, 2, 'core_widget_textarea', 'core.widget.comments', NULL, NULL, 'comments', NULL, 1, NULL, NULL, NULL, NULL, 'redact', NULL, NULL, NULL, NULL, NULL, 1, 0, NULL, NULL);

--
-- Dumping data for table `ark_view_element`
--

INSERT INTO `ark_view_element` (`element`, `type`, `keyword`, `enabled`, `deprecated`) VALUES
('dime_actor_municipality', 'field', NULL, 1, 0),
('dime_actor_museum', 'field', NULL, 1, 0),
('dime_admin_page', 'grid', NULL, 1, 0),
('dime_admin_user_page', 'grid', NULL, 1, 0),
('dime_find_add', 'grid', NULL, 1, 0),
('dime_find_add_case', 'grid', NULL, 1, 0),
('dime_find_apply', 'grid', NULL, 1, 0),
('dime_find_artefact', 'grid', 'dime.find.artefact', 1, 0),
('dime_find_case', 'field', NULL, 1, 0),
('dime_find_classification', 'field', NULL, 1, 0),
('dime_find_condition', 'field', NULL, 1, 0),
('dime_find_custodian', 'field', NULL, 1, 0),
('dime_find_custody', 'field', NULL, 1, 0),
('dime_find_dating', 'field', NULL, 1, 0),
('dime_find_description', 'field', NULL, 1, 0),
('dime_find_edit', 'grid', NULL, 1, 0),
('dime_find_event', 'grid', 'dime.find.event', 1, 0),
('dime_find_filter', 'grid', NULL, 1, 0),
('dime_find_finddate', 'field', NULL, 1, 0),
('dime_find_finder', 'field', NULL, 1, 0),
('dime_find_finder_id', 'field', NULL, 1, 0),
('dime_find_finder_place', 'field', NULL, 1, 0),
('dime_find_geo', 'grid', 'dime.find.location', 1, 0),
('dime_find_id', 'field', NULL, 1, 0),
('dime_find_images', 'field', NULL, 1, 0),
('dime_find_issuer', 'field', NULL, 1, 0),
('dime_find_item', 'grid', NULL, 1, 0),
('dime_find_length', 'field', NULL, 1, 0),
('dime_find_list', 'table', NULL, 1, 0),
('dime_find_location', 'field', NULL, 1, 0),
('dime_find_map', 'grid', NULL, 1, 0),
('dime_find_material', 'field', NULL, 1, 0),
('dime_find_metadata', 'grid', 'dime.find.metadata', 1, 0),
('dime_find_mint', 'field', NULL, 1, 0),
('dime_find_municipality', 'field', NULL, 1, 0),
('dime_find_museum', 'field', NULL, 1, 0),
('dime_find_museum_id', 'field', NULL, 1, 0),
('dime_find_news', 'grid', NULL, 1, 0),
('dime_find_owner', 'field', NULL, 1, 0),
('dime_find_photo', 'grid', 'dime.find.photo', 1, 0),
('dime_find_process', 'field', NULL, 1, 0),
('dime_find_recipient', 'field', NULL, 1, 0),
('dime_find_recorder', 'field', NULL, 1, 0),
('dime_find_search', 'grid', NULL, 1, 0),
('dime_find_secondary', 'field', NULL, 1, 0),
('dime_find_status', 'grid', 'dime.find.status', 1, 0),
('dime_find_subtype', 'field', NULL, 1, 0),
('dime_find_treasure', 'field', NULL, 1, 0),
('dime_find_type', 'field', NULL, 1, 0),
('dime_find_update', 'grid', 'dime.find.update', 1, 0),
('dime_find_view', 'grid', NULL, 1, 0),
('dime_find_visibility', 'field', NULL, 1, 0),
('dime_find_weight', 'field', NULL, 1, 0),
('dime_front_page', 'table', NULL, 1, 0),
('dime_home_action', 'grid', NULL, 1, 0),
('dime_home_find_search', 'grid', NULL, 1, 0),
('dime_home_page', 'grid', NULL, 1, 0),
('dime_message_page', 'grid', NULL, 1, 0),
('dime_nav_add', 'nav', NULL, 1, 0),
('dime_nav_add_find', 'nav', NULL, 1, 0),
('dime_nav_add_locality', 'nav', NULL, 1, 0),
('dime_nav_list', 'nav', NULL, 1, 0),
('dime_nav_list_find', 'nav', NULL, 1, 0),
('dime_nav_list_locality', 'nav', NULL, 1, 0),
('dime_nav_sidebar', 'nav', NULL, 1, 0),
('dime_page_admin', 'page', NULL, 1, 0),
('dime_page_admin_user', 'page', NULL, 1, 0),
('dime_page_claim', 'page', NULL, 1, 0),
('dime_page_find', 'page', NULL, 1, 0),
('dime_page_find_add', 'page', NULL, 1, 0),
('dime_page_find_list', 'page', NULL, 1, 0),
('dime_page_front', 'page', NULL, 1, 0),
('dime_page_home', 'page', NULL, 1, 0),
('dime_page_home_find_list', 'page', NULL, 1, 0),
('dime_page_message', 'page', NULL, 1, 0),
('dime_page_news', 'page', NULL, 1, 0),
('dime_page_profile', 'page', NULL, 1, 0),
('dime_page_profile_list', 'page', NULL, 1, 0),
('dime_page_static', 'page', NULL, 1, 0),
('dime_page_user_confirm', 'page', NULL, 1, 0),
('dime_page_user_login', 'page', NULL, 1, 0),
('dime_page_user_profile', 'page', NULL, 1, 0),
('dime_page_user_register', 'page', NULL, 1, 0),
('dime_page_user_reset', 'page', NULL, 1, 0),
('dime_profile_list', 'table', 'dime.profiles', 1, 0),
('dime_profile_list_page', 'grid', NULL, 1, 0),
('dime_profile_page', 'grid', NULL, 1, 0),
('dime_profile_view', 'grid', 'dime.profile', 1, 0),
('dime_site_footer', 'grid', NULL, 1, 0),
('dime_site_header', 'grid', NULL, 1, 0),
('dime_site_sidebar', 'grid', NULL, 1, 0),
('dime_treasure_claim', 'grid', NULL, 1, 0),
('dime_treasure_claimant', 'grid', NULL, 1, 0),
('dime_treasure_find', 'grid', NULL, 1, 0),
('dime_treasure_museum', 'grid', NULL, 1, 0),
('dime_treasure_pdf', 'grid', NULL, 1, 0),
('dime_treasure_sender', 'grid', NULL, 1, 0),
('dime_user_actor', 'grid', 'dime.user.profile', 1, 0),
('dime_user_filter', 'grid', NULL, 1, 0),
('dime_user_profile', 'grid', NULL, 1, 0),
('dime_user_register', 'grid', NULL, 1, 0),
('dime_user_role', 'grid', NULL, 1, 0),
('dime_user_terms', 'field', NULL, 1, 0),
('dime_widget_actors', 'actor', NULL, 1, 0),
('dime_widget_classify', 'widget', 'dime.find.classify', 1, 0),
('dime_widget_role', 'widget', 'core.workflow.role', 1, 0),
('dime_widget_terms', 'widget', NULL, 1, 0);

--
-- Dumping data for table `ark_view_field`
--

INSERT INTO `ark_view_field` (`element`, `schma`, `item_type`, `attribute`, `display`, `value`, `parameter`, `format`, `template`, `form_type_class`, `form_options`) VALUES
('dime_actor_municipality', 'core.actor', 'museum', 'municipality', NULL, 'active', NULL, NULL, NULL, NULL, ''),
('dime_actor_museum', 'core.actor', 'person', 'museum', 'fullname', 'active', NULL, NULL, NULL, NULL, ''),
('dime_find_case', 'dime.find', 'find', 'case', NULL, 'active', NULL, NULL, NULL, NULL, ''),
('dime_find_classification', 'dime.find', 'find', 'classification', 'subtype', 'active', NULL, NULL, NULL, 'DIME\\Form\\Type\\ClassificationPropertyType', ''),
('dime_find_condition', 'dime.find', 'find', 'condition', NULL, 'active', NULL, NULL, NULL, NULL, ''),
('dime_find_custodian', 'dime.find', 'find', 'custodian', 'fullname', 'static', NULL, NULL, NULL, NULL, ''),
('dime_find_custody', 'dime.find', 'find', 'custody', NULL, 'static', NULL, NULL, NULL, NULL, ''),
('dime_find_dating', 'dime.find', 'find', 'dating', NULL, 'active', NULL, NULL, 'blocks/dating.html.twig', 'DIME\\Form\\Type\\DatingPropertyType', ''),
('dime_find_description', 'dime.find', 'find', 'description', NULL, 'active', NULL, NULL, NULL, 'DIME\\Form\\Type\\DescriptionPropertyType', ''),
('dime_find_finddate', 'dime.find', 'find', 'finddate', NULL, 'active', NULL, NULL, NULL, NULL, '{\"widget\": \"picker\"}'),
('dime_find_finder', 'dime.find', 'find', 'finder', 'fullname', 'active', NULL, NULL, NULL, NULL, ''),
('dime_find_finder_id', 'dime.find', 'find', 'finder_id', NULL, 'active', NULL, NULL, NULL, NULL, ''),
('dime_find_finder_place', 'dime.find', 'find', 'finder_place', NULL, 'active', NULL, NULL, NULL, NULL, ''),
('dime_find_id', 'dime.find', 'find', 'id', NULL, 'readonly', NULL, NULL, NULL, NULL, ''),
('dime_find_images', 'dime.find', 'find', 'image', NULL, 'active', NULL, NULL, 'blocks/imagecollection.html.twig', NULL, '{\"multiple\":true}'),
('dime_find_issuer', 'dime.find', 'coin', 'issuer', NULL, 'active', NULL, NULL, NULL, NULL, ''),
('dime_find_length', 'dime.find', 'find', 'length', NULL, 'active', 'active', NULL, NULL, NULL, ''),
('dime_find_location', 'dime.find', 'find', 'location', NULL, 'active', NULL, NULL, 'blocks/mappick.html.twig', 'DIME\\Form\\Type\\LocationPropertyType', ''),
('dime_find_material', 'dime.find', 'find', 'material', NULL, 'active', NULL, NULL, NULL, NULL, ''),
('dime_find_mint', 'dime.find', 'coin', 'mint', NULL, 'active', NULL, NULL, NULL, NULL, ''),
('dime_find_municipality', 'dime.find', 'find', 'municipality', NULL, 'readonly', NULL, NULL, NULL, NULL, ''),
('dime_find_museum', 'dime.find', 'find', 'museum', 'fullname', 'readonly', NULL, NULL, NULL, NULL, ''),
('dime_find_museum_id', 'dime.find', 'find', 'museum_id', NULL, 'active', NULL, NULL, NULL, NULL, ''),
('dime_find_owner', 'dime.find', 'find', 'owner', 'fullname', 'static', NULL, NULL, NULL, NULL, ''),
('dime_find_process', 'dime.find', 'find', 'process', NULL, 'static', NULL, NULL, NULL, NULL, ''),
('dime_find_recipient', 'dime.find', 'find', 'recipient', 'fullname', 'static', NULL, NULL, NULL, NULL, ''),
('dime_find_recorder', 'dime.find', 'find', 'recorder', NULL, 'active', NULL, NULL, NULL, NULL, ''),
('dime_find_secondary', 'dime.find', 'find', 'secondary', NULL, 'active', NULL, NULL, NULL, NULL, '{\"multiple\":true, \"expanded\": \"true\"}'),
('dime_find_treasure', 'dime.find', 'find', 'treasure', NULL, 'static', NULL, NULL, NULL, NULL, ''),
('dime_find_type', 'dime.find', 'find', 'type', NULL, 'active', NULL, NULL, NULL, NULL, ''),
('dime_find_visibility', 'dime.find', 'find', 'visibility', NULL, 'active', NULL, NULL, NULL, NULL, ''),
('dime_find_weight', 'dime.find', 'find', 'weight', NULL, 'active', 'active', NULL, NULL, NULL, ''),
('dime_user_terms', 'core.actor', 'person', 'terms', NULL, 'readonly', NULL, NULL, NULL, NULL, '');

--
-- Dumping data for table `ark_view_group`
--

INSERT INTO `ark_view_group` (`element`, `layout`, `mode`, `form`, `name`, `method`, `action`, `template`) VALUES
('dime_admin_page', 'grid', NULL, 0, NULL, NULL, NULL, NULL),
('dime_admin_user_page', 'grid', NULL, 0, NULL, NULL, NULL, NULL),
('dime_find_add', 'grid', NULL, 1, 'find', NULL, NULL, NULL),
('dime_find_add_case', 'grid', NULL, 0, NULL, NULL, NULL, NULL),
('dime_find_apply', 'grid', NULL, 0, NULL, NULL, NULL, NULL),
('dime_find_artefact', 'grid', NULL, 0, NULL, NULL, NULL, NULL),
('dime_find_edit', 'grid', NULL, 0, NULL, NULL, NULL, NULL),
('dime_find_event', 'grid', NULL, 0, NULL, NULL, NULL, NULL),
('dime_find_filter', 'grid', NULL, 1, 'filters', NULL, NULL, 'layouts/filters.html.twig'),
('dime_find_geo', 'grid', NULL, 0, NULL, NULL, NULL, NULL),
('dime_find_item', 'grid', NULL, 0, 'find', NULL, NULL, NULL),
('dime_find_list', 'table', 'view', 1, 'finds', NULL, NULL, 'layouts/table.html.twig'),
('dime_find_map', 'grid', 'view', 1, 'map', NULL, NULL, 'blocks/map.html.twig'),
('dime_find_metadata', 'grid', NULL, 0, NULL, NULL, NULL, NULL),
('dime_find_news', 'grid', NULL, 0, NULL, NULL, NULL, NULL),
('dime_find_photo', 'grid', NULL, 0, NULL, NULL, NULL, NULL),
('dime_find_search', 'grid', NULL, 0, NULL, NULL, NULL, NULL),
('dime_find_status', 'grid', NULL, 0, NULL, NULL, NULL, NULL),
('dime_find_update', 'grid', NULL, 0, NULL, NULL, NULL, NULL),
('dime_find_view', 'grid', NULL, 1, NULL, NULL, NULL, NULL),
('dime_front_page', 'grid', NULL, 0, NULL, NULL, NULL, 'layouts/front.html.twig'),
('dime_home_action', 'grid', NULL, 0, NULL, NULL, NULL, 'blocks/homeaction.html.twig'),
('dime_home_find_search', 'grid', NULL, 0, NULL, NULL, NULL, NULL),
('dime_home_page', 'grid', NULL, 0, NULL, NULL, NULL, NULL),
('dime_message_page', 'grid', NULL, 0, NULL, NULL, NULL, NULL),
('dime_profile_list', 'table', 'view', 1, 'actors', NULL, NULL, 'layouts/table.html.twig'),
('dime_profile_list_page', 'grid', 'view', 0, NULL, NULL, NULL, NULL),
('dime_profile_page', 'grid', 'view', 0, NULL, NULL, NULL, NULL),
('dime_profile_view', 'grid', NULL, 1, 'actor', NULL, NULL, NULL),
('dime_site_footer', 'grid', NULL, 0, NULL, NULL, NULL, NULL),
('dime_site_header', 'grid', NULL, 0, NULL, NULL, NULL, NULL),
('dime_site_sidebar', 'grid', NULL, 0, NULL, NULL, NULL, NULL),
('dime_treasure_claim', 'grid', NULL, 0, NULL, NULL, NULL, NULL),
('dime_treasure_claimant', 'grid', NULL, 1, 'claimant', NULL, NULL, NULL),
('dime_treasure_find', 'grid', NULL, 1, 'find', NULL, NULL, NULL),
('dime_treasure_museum', 'grid', NULL, 1, 'museum', NULL, NULL, NULL),
('dime_treasure_pdf', 'grid', 'view', 0, NULL, NULL, NULL, NULL),
('dime_treasure_sender', 'grid', NULL, 1, 'treasure_sender', NULL, NULL, NULL),
('dime_user_actor', 'grid', NULL, 1, 'actor', NULL, NULL, NULL),
('dime_user_filter', 'grid', NULL, 1, 'filter', NULL, NULL, NULL),
('dime_user_profile', 'grid', NULL, 0, NULL, NULL, NULL, NULL),
('dime_user_register', 'grid', NULL, 1, NULL, NULL, NULL, 'user/register.html.twig'),
('dime_user_role', 'grid', NULL, 0, 'role', NULL, NULL, NULL);

--
-- Dumping data for table `ark_view_nav`
--

INSERT INTO `ark_view_nav` (`element`, `parent`, `seq`, `level`, `icon`, `route`, `uri`, `seperator`, `template`) VALUES
('dime_nav_add', 'dime_nav_sidebar', 0, 2, NULL, NULL, NULL, 0, NULL),
('dime_nav_add_find', 'dime_nav_add', 0, 3, NULL, 'find.add', NULL, 0, NULL),
('dime_nav_list', 'dime_nav_sidebar', 1, 2, NULL, NULL, NULL, 0, NULL),
('dime_nav_list_find', 'dime_nav_list', 0, 3, NULL, 'find.list', NULL, 0, NULL),
('dime_nav_sidebar', NULL, 0, 1, NULL, NULL, NULL, 0, NULL);

--
-- Dumping data for table `ark_view_page`
--

INSERT INTO `ark_view_page` (`element`, `view`, `edit`, `header`, `sidebar`, `content`, `footer`, `mode`, `visibility`, `template`) VALUES
('dime_page_admin', 'core.admin', 'core.admin', 'dime_site_header', 'dime_site_sidebar', 'dime_admin_page', 'dime_site_footer', 'edit', 'restricted', NULL),
('dime_page_admin_user', 'core.admin.user', 'core.admin.user', 'dime_site_header', 'dime_site_sidebar', 'dime_admin_user_page', 'dime_site_footer', 'edit', 'restricted', NULL),
('dime_page_claim', 'dime.find.treasure.claim', 'dime.find.treasure.claim', 'dime_site_header', 'dime_site_sidebar', 'dime_treasure_claim', 'dime_site_footer', 'edit', 'restricted', NULL),
('dime_page_find', 'dime.find.read', 'dime.find.update', 'dime_site_header', 'dime_site_sidebar', 'dime_find_view', 'dime_site_footer', 'edit', 'restricted', NULL),
('dime_page_find_add', 'dime.find.read', 'dime.find.update', 'dime_site_header', 'dime_site_sidebar', 'dime_find_add', 'dime_site_footer', 'edit', 'restricted', NULL),
('dime_page_find_list', 'dime.find.read', 'dime.find.update', 'dime_site_header', 'dime_site_sidebar', 'dime_find_search', 'dime_site_footer', 'edit', 'public', NULL),
('dime_page_front', NULL, NULL, 'dime_site_header', 'dime_site_sidebar', 'dime_front_page', 'dime_site_footer', 'view', 'public', NULL),
('dime_page_home', 'core.actor.read', NULL, 'dime_site_header', 'dime_site_sidebar', 'dime_home_page', 'dime_site_footer', 'view', 'restricted', NULL),
('dime_page_home_find_list', 'dime.find.read', 'dime.find.update', 'dime_site_header', 'dime_site_sidebar', 'dime_home_find_search', 'dime_site_footer', 'edit', 'restricted', NULL),
('dime_page_message', 'core.message.read', NULL, 'dime_site_header', 'dime_site_sidebar', 'dime_message_page', 'dime_site_footer', 'view', 'restricted', NULL),
('dime_page_news', NULL, NULL, 'dime_site_header', 'dime_site_sidebar', 'dime_find_news', 'dime_site_footer', 'view', 'public', NULL),
('dime_page_profile', NULL, NULL, 'dime_site_header', 'dime_site_sidebar', 'dime_profile_page', 'dime_site_footer', 'view', 'public', NULL),
('dime_page_profile_list', NULL, NULL, 'dime_site_header', 'dime_site_sidebar', 'dime_profile_list_page', 'dime_site_footer', 'view', 'public', NULL),
('dime_page_static', NULL, NULL, 'dime_site_header', 'dime_site_sidebar', NULL, 'dime_site_footer', 'view', 'public', NULL),
('dime_page_user_confirm', NULL, NULL, 'dime_site_header', 'dime_site_sidebar', NULL, 'dime_site_footer', 'edit', 'public', NULL),
('dime_page_user_login', NULL, NULL, 'dime_site_header', 'dime_site_sidebar', 'core_user_login', 'dime_site_footer', 'edit', 'public', NULL),
('dime_page_user_profile', 'core.actor.read', 'core.actor.update', 'dime_site_header', 'dime_site_sidebar', 'dime_user_profile', 'dime_site_footer', 'edit', 'restricted', NULL),
('dime_page_user_register', NULL, NULL, 'dime_site_header', 'dime_site_sidebar', 'dime_user_register', 'dime_site_footer', 'edit', 'public', NULL),
('dime_page_user_reset', NULL, NULL, 'dime_site_header', 'dime_site_sidebar', 'core_user_reset', 'dime_site_footer', 'edit', 'public', NULL);

--
-- Dumping data for table `ark_view_tree`
--

INSERT INTO `ark_view_tree` (`id`, `ancestor`, `descendant`, `depth`) VALUES
(1, 'dime_nav_sidebar', 'dime_nav_sidebar', 0),
(2, 'dime_nav_add', 'dime_nav_add', 0),
(3, 'dime_nav_sidebar', 'dime_nav_add', 1),
(4, 'dime_nav_list', 'dime_nav_list', 0),
(5, 'dime_nav_sidebar', 'dime_nav_list', 1),
(6, 'dime_nav_add_find', 'dime_nav_add_find', 0),
(7, 'dime_nav_add', 'dime_nav_add_find', 1),
(8, 'dime_nav_sidebar', 'dime_nav_add_find', 2),
(9, 'dime_nav_add_locality', 'dime_nav_add_locality', 0),
(10, 'dime_nav_add', 'dime_nav_add_locality', 1),
(11, 'dime_nav_sidebar', 'dime_nav_add_locality', 2),
(12, 'dime_nav_list_locality', 'dime_nav_list_locality', 0),
(13, 'dime_nav_list', 'dime_nav_list_locality', 1),
(14, 'dime_nav_sidebar', 'dime_nav_list_locality', 2),
(15, 'dime_nav_list_find', 'dime_nav_list_find', 0),
(16, 'dime_nav_list', 'dime_nav_list_find', 1),
(17, 'dime_nav_sidebar', 'dime_nav_list_find', 2);

--
-- Dumping data for table `ark_view_widget`
--

INSERT INTO `ark_view_widget` (`element`, `name`, `choices`, `template`, `form_type_class`, `form_options`) VALUES
('dime_widget_actors', 'actors', 'actors', NULL, 'ARK\\Form\\Type\\ActorWidgetType', ''),
('dime_widget_classify', 'classify', NULL, 'blocks/classification.html.twig', 'Symfony\\Component\\Form\\Extension\\Core\\Type\\ButtonType', '');

--
-- Dumping data for table `ark_vocabulary`
--

INSERT INTO `ark_vocabulary` (`concept`, `keyword`, `type`, `source`, `closed`, `transitions`, `enabled`, `deprecated`, `description`) VALUES
('dime.denmark.admin', 'vocabulary.dime.denmark.admin', 'taxonomy', 'DIME', 1, 0, 1, 0, 'Danish NUTS and LAU Administrative Unit Hierarchy'),
('dime.denmark.municipality', 'dime.denmark.municipality', 'list', 'DIME', 1, 0, 1, 0, 'Danish LAU-1 Municipality (Kommune) List'),
('dime.denmark.region', 'vocabulary.dime.denmark.region', 'list', 'DIME', 1, 0, 1, 0, 'Danish NUTS2 Region List'),
('dime.find.condition', 'vocabulary.dime.find.condition', 'list', 'DIME', 1, 0, 1, 0, 'DIME Find Condition'),
('dime.find.custody', 'dime.find.custody', 'list', 'DIME', 1, 0, 1, 0, 'DIME Find Custody'),
('dime.find.process', 'dime.find.process', 'list', 'DIME', 1, 0, 1, 0, 'DIME Find Process'),
('dime.find.secondary', 'vocabulary.dime.find.secondary', 'list', 'DIME', 1, 0, 1, 0, 'DIME Secondary Materials List'),
('dime.find.subtype', 'dime.find.subtype', 'taxonomy', 'DIME', 1, 0, 1, 0, 'DIME Find Subtype'),
('dime.find.type', 'vocabulary.dime.type', 'list', 'DIME', 1, 0, 1, 0, 'DIME Find Type'),
('dime.material', 'vocabulary.dime.material', 'list', 'DIME', 1, 0, 1, 0, 'DIME Material List'),
('dime.period', 'vocabulary.dime.period', 'taxonomy', 'DIME', 1, 0, 1, 0, 'DIME Period Taxonomy'),
('dime.treasure', 'vocabulary.dime.treasure', 'list', 'DIME', 1, 1, 1, 0, 'DIME Treasure Status'),
('dime.user.terms', 'dime.user.terms', 'list', 'DIME', 1, 0, 1, 0, 'DIME Terms and Conditions');

--
-- Dumping data for table `ark_vocabulary_collected`
--

INSERT INTO `ark_vocabulary_collected` (`concept`, `collection`, `term`, `seq`) VALUES
('dime.period', '', 'XXXX', 95),
('dime.period', 'AÆEX', 'AÆEÆ', 3),
('dime.period', 'AÆEX', 'AÆEM', 4),
('dime.period', 'AÆEX', 'AÆEY', 6),
('dime.period', 'AÆKX', 'AÆKÆ', 9),
('dime.period', 'AÆKX', 'AÆKM', 10),
('dime.period', 'AÆKX', 'AÆKY', 12),
('dime.period', 'AÆMX', 'AÆMÆ', 13),
('dime.period', 'AÆMX', 'AÆMM', 14),
('dime.period', 'AÆMX', 'AÆMY', 16),
('dime.period', 'AÆPY', 'AÆAX', 1),
('dime.period', 'AÆPY', 'AÆBX', 2),
('dime.period', 'AÆPY', 'AÆFX', 7),
('dime.period', 'AÆPY', 'AÆHX', 8),
('dime.period', 'AMXX', 'AÆEX', 5),
('dime.period', 'AMXX', 'AÆKX', 11),
('dime.period', 'AMXX', 'AÆMX', 15),
('dime.period', 'ATM1', 'TM1A', 93),
('dime.period', 'ATM1', 'TM1B', 94),
('dime.period', 'AYEX', 'AYEÆ', 30),
('dime.period', 'AYEX', 'AYEM', 31),
('dime.period', 'AYEX', 'AYEY', 33),
('dime.period', 'AYSÆ', 'AYSÆ', 36),
('dime.period', 'AYSÆ', 'AYSY', 38),
('dime.period', 'AYTÆ', 'ATNA', 26),
('dime.period', 'AYTÆ', 'ATNB', 27),
('dime.period', 'AYTÆ', 'ATNC', 28),
('dime.period', 'AYTM', 'ATM1', 21),
('dime.period', 'AYTM', 'ATM2', 22),
('dime.period', 'AYTM', 'ATM3', 23),
('dime.period', 'AYTM', 'ATM4', 24),
('dime.period', 'AYTM', 'ATM5', 25),
('dime.period', 'AYTX', 'AYTÆ', 39),
('dime.period', 'AYTX', 'AYTM', 40),
('dime.period', 'AYXX', 'AYEX', 32),
('dime.period', 'AYXX', 'AYGX', 34),
('dime.period', 'AYXX', 'AYKX', 35),
('dime.period', 'AYXX', 'AYSX', 37),
('dime.period', 'AYXX', 'AYTX', 41),
('dime.period', 'BÆXX', 'BÆX1', 43),
('dime.period', 'BÆXX', 'BÆX2', 44),
('dime.period', 'BÆXX', 'BÆX3', 45),
('dime.period', 'BXXX', 'BÆXX', 46),
('dime.period', 'BXXX', 'BYXX', 51),
('dime.period', 'BYXX', 'BYX4', 48),
('dime.period', 'BYXX', 'BYX5', 49),
('dime.period', 'BYXX', 'BYX6', 50),
('dime.period', 'CÆFX', 'CÆFÆ', 52),
('dime.period', 'CÆFX', 'CÆFM', 53),
('dime.period', 'CÆFX', 'CÆFY', 55),
('dime.period', 'CÆRÆ', 'CÆRA', 56),
('dime.period', 'CÆRÆ', 'CÆRB', 58),
('dime.period', 'CÆRX', 'CÆRÆ', 57),
('dime.period', 'CÆRX', 'CÆRY', 63),
('dime.period', 'CÆRY', 'CÆRC', 59),
('dime.period', 'CÆRY', 'CÆRD', 60),
('dime.period', 'CÆRY', 'CÆRE', 61),
('dime.period', 'CÆXX', 'CÆFX', 54),
('dime.period', 'CÆXX', 'CÆRX', 62),
('dime.period', 'CXXX', 'CÆXX', 64),
('dime.period', 'CXXX', 'CYXX', 72),
('dime.period', 'CYGX', 'CYGÆ', 66),
('dime.period', 'CYGX', 'CYGY', 68),
('dime.period', 'CYVX', 'CYVÆ', 69),
('dime.period', 'CYVX', 'CYVY', 71),
('dime.period', 'CYXX', 'CYGX', 67),
('dime.period', 'CYXX', 'CYVX', 70),
('dime.period', 'DÆXX', 'DÆX1', 73),
('dime.period', 'DÆXX', 'DÆX2', 74),
('dime.period', 'DXXX', 'DÆXX', 75),
('dime.period', 'DXXX', 'DYXX', 80),
('dime.period', 'DYXX', 'DYX3', 77),
('dime.period', 'DYXX', 'DYX4', 78),
('dime.period', 'DYXX', 'DYX5', 79),
('dime.period', 'FXXX', 'FÆXX', 82),
('dime.period', 'FXXX', 'FMIN', 83),
('dime.period', 'FXXX', 'FMV1', 84),
('dime.period', 'FXXX', 'FMV2', 85),
('dime.period', 'FXXX', 'FMVM', 86),
('dime.period', 'FXXX', 'FYDI', 88),
('dime.period', 'FXXX', 'FYEL', 89),
('dime.period', 'FXXX', 'FYVE', 90),
('dime.period', 'HXXX', 'FXXX', 87),
('dime.period', 'OXXX', 'AÆPÆ', 17),
('dime.period', 'OXXX', 'AÆPM', 18),
('dime.period', 'OXXX', 'AÆPY', 19),
('dime.period', 'OXXX', 'AMXX', 20),
('dime.period', 'OXXX', 'AXXX', 29),
('dime.period', 'OXXX', 'AYXX', 42),
('dime.period', 'OXXX', 'BXXX', 47),
('dime.period', 'OXXX', 'CXXX', 65),
('dime.period', 'OXXX', 'DXXX', 76),
('dime.period', 'OXXX', 'EXXX', 81),
('dime.period', 'XXXX', 'HXXX', 91),
('dime.period', 'XXXX', 'OXXX', 92);

--
-- Dumping data for table `ark_vocabulary_parameter`
--

INSERT INTO `ark_vocabulary_parameter` (`concept`, `term`, `name`, `type`, `value`) VALUES
('dime.find.subtype', 'accessory.button.other', 'description', 'boolean', '1'),
('dime.find.subtype', 'accessory.fitting.other', 'description', 'boolean', '1'),
('dime.find.subtype', 'accessory.jewelery.bracteate', 'year_end', 'integer', '530'),
('dime.find.subtype', 'accessory.jewelery.bracteate', 'year_start', 'integer', '375'),
('dime.find.subtype', 'accessory.jewelery.other', 'description', 'boolean', '1'),
('dime.find.subtype', 'accessory.other', 'description', 'boolean', '1'),
('dime.find.subtype', 'accessory.pilgrim', 'period', 'string', 'DXXX'),
('dime.find.subtype', 'accessory.tutulus', 'period', 'string', 'BXXX'),
('dime.find.subtype', 'coin.danish', 'period', 'string', 'DXXX'),
('dime.find.subtype', 'coin.danish.civilwar', 'year_end', 'integer', '1380'),
('dime.find.subtype', 'coin.danish.civilwar', 'year_start', 'integer', '1241'),
('dime.find.subtype', 'coin.danish.early', 'year_end', 'integer', '1241'),
('dime.find.subtype', 'coin.danish.early', 'year_start', 'integer', '1067'),
('dime.find.subtype', 'coin.danish.hvide', 'year_end', 'integer', '1535'),
('dime.find.subtype', 'coin.danish.hvide', 'year_start', 'integer', '1380'),
('dime.find.subtype', 'coin.danish.klipping', 'year_end', 'integer', '1535'),
('dime.find.subtype', 'coin.danish.klipping', 'year_start', 'integer', '1380'),
('dime.find.subtype', 'coin.danish.other', 'description', 'boolean', '1'),
('dime.find.subtype', 'coin.danish.other', 'period', 'string', 'DXXX'),
('dime.find.subtype', 'coin.danish.søsling', 'year_end', 'integer', '1535'),
('dime.find.subtype', 'coin.danish.søsling', 'year_start', 'integer', '1380'),
('dime.find.subtype', 'coin.danish.sterling', 'year_end', 'integer', '1535'),
('dime.find.subtype', 'coin.danish.sterling', 'year_start', 'integer', '1380'),
('dime.find.subtype', 'coin.foreign', 'period', 'string', 'DXXX'),
('dime.find.subtype', 'coin.foreign.hohlpfennig', 'period', 'string', 'DXXX'),
('dime.find.subtype', 'coin.foreign.hvide', 'period', 'string', 'DXXX'),
('dime.find.subtype', 'coin.foreign.other', 'description', 'boolean', '1'),
('dime.find.subtype', 'coin.foreign.other', 'period', 'string', 'DXXX'),
('dime.find.subtype', 'coin.foreign.sterling', 'period', 'string', 'DXXX'),
('dime.find.subtype', 'coin.foreign.tournois', 'period', 'string', 'DXXX'),
('dime.find.subtype', 'coin.modern', 'year_start', 'integer', '1536'),
('dime.find.subtype', 'coin.modern.danish', 'year_start', 'integer', '1536'),
('dime.find.subtype', 'coin.modern.foreign', 'year_start', 'integer', '1536'),
('dime.find.subtype', 'coin.other', 'description', 'boolean', '1'),
('dime.find.subtype', 'coin.roman.aureus', 'year_end', 'integer', '300'),
('dime.find.subtype', 'coin.roman.aureus', 'year_start', 'integer', '1'),
('dime.find.subtype', 'coin.roman.denarius', 'year_end', 'integer', '200'),
('dime.find.subtype', 'coin.roman.denarius', 'year_start', 'integer', '-200'),
('dime.find.subtype', 'coin.roman.other', 'description', 'boolean', '1'),
('dime.find.subtype', 'coin.roman.other', 'period', 'string', 'CÆXX'),
('dime.find.subtype', 'coin.roman.sestertius', 'year_end', 'integer', '375'),
('dime.find.subtype', 'coin.roman.sestertius', 'year_start', 'integer', '-200'),
('dime.find.subtype', 'coin.roman.siliqua', 'year_end', 'integer', '400'),
('dime.find.subtype', 'coin.roman.siliqua', 'year_start', 'integer', '324'),
('dime.find.subtype', 'coin.roman.solidus', 'year_end', 'integer', '500'),
('dime.find.subtype', 'coin.roman.solidus', 'year_start', 'integer', '300'),
('dime.find.subtype', 'coin.viking', 'period', 'string', 'CYVX'),
('dime.find.subtype', 'coin.viking.byzantine', 'period', 'string', 'CYVX'),
('dime.find.subtype', 'coin.viking.carolingian', 'period', 'string', 'CYVÆ'),
('dime.find.subtype', 'coin.viking.denarius', 'period', 'string', 'CYVÆ'),
('dime.find.subtype', 'coin.viking.dirham', 'year_end', 'integer', '1000'),
('dime.find.subtype', 'coin.viking.dirham', 'year_start', 'integer', '700'),
('dime.find.subtype', 'coin.viking.english', 'period', 'string', 'CYVX'),
('dime.find.subtype', 'coin.viking.german', 'period', 'string', 'CYVX'),
('dime.find.subtype', 'coin.viking.nordic', 'period', 'string', 'CYVX'),
('dime.find.subtype', 'coin.viking.other', 'description', 'boolean', '1'),
('dime.find.subtype', 'coin.viking.other', 'period', 'string', 'CYVX'),
('dime.find.subtype', 'coin.viking.penny', 'period', 'string', 'CYVX'),
('dime.find.subtype', 'coin.viking.phennig', 'period', 'string', 'CYVX'),
('dime.find.subtype', 'coin.viking.sceat', 'year_end', 'integer', '900'),
('dime.find.subtype', 'coin.viking.sceat', 'year_start', 'integer', '700'),
('dime.find.subtype', 'fibula.beak', 'year_end', 'integer', '700'),
('dime.find.subtype', 'fibula.beak', 'year_start', 'integer', '530'),
('dime.find.subtype', 'fibula.bird.above', 'year_end', 'integer', '700'),
('dime.find.subtype', 'fibula.bird.above', 'year_start', 'integer', '600'),
('dime.find.subtype', 'fibula.bird.profile', 'period', 'string', 'DÆXX'),
('dime.find.subtype', 'fibula.bow', 'period', 'string', 'CXXX'),
('dime.find.subtype', 'fibula.bow.ball', 'period', 'string', 'CÆFÆ'),
('dime.find.subtype', 'fibula.bow.band', 'period', 'string', 'CÆRX'),
('dime.find.subtype', 'fibula.bow.bilateral', 'period', 'string', 'CÆRÆ'),
('dime.find.subtype', 'fibula.bow.button', 'year_end', 'integer', '900'),
('dime.find.subtype', 'fibula.bow.button', 'year_start', 'integer', '530'),
('dime.find.subtype', 'fibula.bow.cross', 'year_end', 'integer', '530'),
('dime.find.subtype', 'fibula.bow.cross', 'year_start', 'integer', '375'),
('dime.find.subtype', 'fibula.bow.foot', 'period', 'string', 'CÆRY'),
('dime.find.subtype', 'fibula.bow.high', 'period', 'string', 'CÆRY'),
('dime.find.subtype', 'fibula.bow.other', 'description', 'boolean', '1'),
('dime.find.subtype', 'fibula.bow.other', 'period', 'string', 'CXXX'),
('dime.find.subtype', 'fibula.bow.relief', 'year_end', 'integer', '530'),
('dime.find.subtype', 'fibula.bow.relief', 'year_start', 'integer', '375'),
('dime.find.subtype', 'fibula.bowl.animal', 'year_end', 'integer', '750'),
('dime.find.subtype', 'fibula.bowl.animal', 'year_start', 'integer', '700'),
('dime.find.subtype', 'fibula.bowl.circular', 'year_end', 'integer', '600'),
('dime.find.subtype', 'fibula.bowl.circular', 'year_start', 'integer', '530'),
('dime.find.subtype', 'fibula.bowl.large', 'year_end', 'integer', '950'),
('dime.find.subtype', 'fibula.bowl.large', 'year_start', 'integer', '750'),
('dime.find.subtype', 'fibula.bowl.other', 'description', 'boolean', '1'),
('dime.find.subtype', 'fibula.bowl.small', 'year_end', 'integer', '750'),
('dime.find.subtype', 'fibula.bowl.small', 'year_start', 'integer', '700'),
('dime.find.subtype', 'fibula.circular.large', 'year_end', 'integer', '950'),
('dime.find.subtype', 'fibula.circular.large', 'year_start', 'integer', '750'),
('dime.find.subtype', 'fibula.circular.other', 'description', 'boolean', '1'),
('dime.find.subtype', 'fibula.circular.small', 'year_end', 'integer', '950'),
('dime.find.subtype', 'fibula.circular.small', 'year_start', 'integer', '750'),
('dime.find.subtype', 'fibula.circular.tin', 'period', 'string', 'DÆXX'),
('dime.find.subtype', 'fibula.enamel.central', 'year_end', 'integer', '1150'),
('dime.find.subtype', 'fibula.enamel.central', 'year_start', 'integer', '900'),
('dime.find.subtype', 'fibula.enamel.cross', 'year_end', 'integer', '1000'),
('dime.find.subtype', 'fibula.enamel.cross', 'year_start', 'integer', '800'),
('dime.find.subtype', 'fibula.enamel.multiple', 'year_end', 'integer', '1100'),
('dime.find.subtype', 'fibula.enamel.multiple', 'year_start', 'integer', '800'),
('dime.find.subtype', 'fibula.enamel.other', 'description', 'boolean', '1'),
('dime.find.subtype', 'fibula.equalarm', 'period', 'string', 'CYXX'),
('dime.find.subtype', 'fibula.equalarm.large', 'period', 'string', 'CYVX'),
('dime.find.subtype', 'fibula.equalarm.other', 'description', 'boolean', '1'),
('dime.find.subtype', 'fibula.equalarm.small', 'year_end', 'integer', '60'),
('dime.find.subtype', 'fibula.equalarm.small', 'year_start', 'integer', '530'),
('dime.find.subtype', 'fibula.healing', 'year_end', 'integer', '1150'),
('dime.find.subtype', 'fibula.healing', 'year_start', 'integer', '950'),
('dime.find.subtype', 'fibula.healing.aalborg', 'period', 'string', 'DÆXX'),
('dime.find.subtype', 'fibula.healing.lamb', 'period', 'string', 'DÆXX'),
('dime.find.subtype', 'fibula.healing.other', 'description', 'boolean', '1'),
('dime.find.subtype', 'fibula.healing.urnes', 'year_end', 'integer', '1150'),
('dime.find.subtype', 'fibula.healing.urnes', 'year_start', 'integer', '950'),
('dime.find.subtype', 'fibula.other', 'description', 'boolean', '1'),
('dime.find.subtype', 'fibula.plate.bird', 'year_end', 'integer', '700'),
('dime.find.subtype', 'fibula.plate.bird', 'year_start', 'integer', '530'),
('dime.find.subtype', 'fibula.plate.coin', 'period', 'string', 'CYVX'),
('dime.find.subtype', 'fibula.plate.horse', 'year_end', 'integer', '750'),
('dime.find.subtype', 'fibula.plate.horse', 'year_start', 'integer', '530'),
('dime.find.subtype', 'fibula.plate.other', 'description', 'boolean', '1'),
('dime.find.subtype', 'fibula.plate.oval', 'year_end', 'integer', '700'),
('dime.find.subtype', 'fibula.plate.oval', 'year_start', 'integer', '600'),
('dime.find.subtype', 'fibula.plate.råhede', 'year_end', 'integer', '950'),
('dime.find.subtype', 'fibula.plate.råhede', 'year_start', 'integer', '800'),
('dime.find.subtype', 'fibula.plate.rectangular', 'year_end', 'integer', '700'),
('dime.find.subtype', 'fibula.plate.rectangular', 'year_start', 'integer', '600'),
('dime.find.subtype', 'fibula.plate.ship', 'year_end', 'integer', '950'),
('dime.find.subtype', 'fibula.plate.ship', 'year_start', 'integer', '750'),
('dime.find.subtype', 'fibula.plate.snake', 'year_end', 'integer', '700'),
('dime.find.subtype', 'fibula.plate.snake', 'year_start', 'integer', '530'),
('dime.find.subtype', 'fibula.plate.swastika', 'year_end', 'integer', '1066'),
('dime.find.subtype', 'fibula.plate.swastika', 'year_start', 'integer', '174'),
('dime.find.subtype', 'fibula.plate.tongue', 'year_end', 'integer', '950'),
('dime.find.subtype', 'fibula.plate.tongue', 'year_start', 'integer', '750'),
('dime.find.subtype', 'fibula.plate.valkyrie', 'year_end', 'integer', '950'),
('dime.find.subtype', 'fibula.plate.valkyrie', 'year_start', 'integer', '750'),
('dime.find.subtype', 'fibula.ring', 'period', 'string', 'DXXX'),
('dime.find.subtype', 'fibula.ring.circular', 'period', 'string', 'DXXX'),
('dime.find.subtype', 'fibula.ring.heart', 'period', 'string', 'DYX3'),
('dime.find.subtype', 'fibula.ring.other', 'period', 'string', 'DXXX'),
('dime.find.subtype', 'fibula.ring.star', 'period', 'string', 'DYX3'),
('dime.find.subtype', 'fibula.trilobal', 'year_end', 'integer', '1000'),
('dime.find.subtype', 'fibula.trilobal', 'year_start', 'integer', '850'),
('dime.find.subtype', 'fibula.viking', 'period', 'string', 'CYVX'),
('dime.find.subtype', 'fibula.viking.other', 'description', 'boolean', '1'),
('dime.find.subtype', 'fibula.viking.other', 'period', 'string', 'CYVX'),
('dime.find.subtype', 'fibula.viking.rhombic', 'year_end', 'integer', '950'),
('dime.find.subtype', 'fibula.viking.rhombic', 'year_start', 'integer', '800'),
('dime.find.subtype', 'fibula.viking.ring', 'year_end', 'integer', '950'),
('dime.find.subtype', 'fibula.viking.ring', 'year_start', 'integer', '750'),
('dime.find.subtype', 'fibula.viking.roof', 'period', 'string', 'CYVÆ'),
('dime.find.subtype', 'metal.other', 'description', 'boolean', '1'),
('dime.find.subtype', 'military.fitting.other', 'description', 'boolean', '1'),
('dime.find.subtype', 'military.melee.other', 'description', 'boolean', '1'),
('dime.find.subtype', 'military.other', 'description', 'boolean', '1'),
('dime.find.subtype', 'tool.house.other', 'description', 'boolean', '1'),
('dime.find.subtype', 'tool.other', 'description', 'boolean', '1'),
('dime.find.subtype', 'tool.toilet.other', 'description', 'boolean', '1'),
('dime.find.subtype', 'tool.toy.other', 'description', 'boolean', '1'),
('dime.find.subtype', 'tool.work.other', 'description', 'boolean', '1'),
('dime.period', 'AMXX', 'year_end', 'integer', '-3951'),
('dime.period', 'AMXX', 'year_start', 'integer', '-9000'),
('dime.period', 'AXXX', 'year_end', 'integer', '-1701'),
('dime.period', 'AXXX', 'year_start', 'integer', '-250000'),
('dime.period', 'AYXX', 'year_end', 'integer', '-1701'),
('dime.period', 'AYXX', 'year_start', 'integer', '-3950'),
('dime.period', 'BÆX1', 'year_end', 'integer', '-1501'),
('dime.period', 'BÆX1', 'year_start', 'integer', '-1700'),
('dime.period', 'BÆX2', 'year_end', 'integer', '-1301'),
('dime.period', 'BÆX2', 'year_start', 'integer', '-1500'),
('dime.period', 'BÆX3', 'year_end', 'integer', '-1101'),
('dime.period', 'BÆX3', 'year_start', 'integer', '-1300'),
('dime.period', 'BÆXX', 'year_end', 'integer', '-1101'),
('dime.period', 'BÆXX', 'year_start', 'integer', '-1700'),
('dime.period', 'BXXX', 'year_end', 'integer', '-501'),
('dime.period', 'BXXX', 'year_start', 'integer', '-1700'),
('dime.period', 'BYX4', 'year_end', 'integer', '-901'),
('dime.period', 'BYX4', 'year_start', 'integer', '-1100'),
('dime.period', 'BYX5', 'year_end', 'integer', '-701'),
('dime.period', 'BYX5', 'year_start', 'integer', '-900'),
('dime.period', 'BYX6', 'year_end', 'integer', '-501'),
('dime.period', 'BYX6', 'year_start', 'integer', '-700'),
('dime.period', 'BYXX', 'year_end', 'integer', '-501'),
('dime.period', 'BYXX', 'year_start', 'integer', '-1100'),
('dime.period', 'CÆFÆ', 'year_end', 'integer', '-401'),
('dime.period', 'CÆFÆ', 'year_start', 'integer', '-500'),
('dime.period', 'CÆFM', 'year_end', 'integer', '-101'),
('dime.period', 'CÆFM', 'year_start', 'integer', '-400'),
('dime.period', 'CÆFX', 'year_end', 'integer', '0'),
('dime.period', 'CÆFX', 'year_start', 'integer', '-500'),
('dime.period', 'CÆFY', 'year_end', 'integer', '0'),
('dime.period', 'CÆFY', 'year_start', 'integer', '-100'),
('dime.period', 'CÆRA', 'year_end', 'integer', '69'),
('dime.period', 'CÆRA', 'year_start', 'integer', '1'),
('dime.period', 'CÆRÆ', 'year_end', 'integer', '174'),
('dime.period', 'CÆRÆ', 'year_start', 'integer', '1'),
('dime.period', 'CÆRB', 'year_end', 'integer', '174'),
('dime.period', 'CÆRB', 'year_start', 'integer', '70'),
('dime.period', 'CÆRC', 'year_end', 'integer', '249'),
('dime.period', 'CÆRC', 'year_start', 'integer', '175'),
('dime.period', 'CÆRD', 'year_end', 'integer', '309'),
('dime.period', 'CÆRD', 'year_start', 'integer', '250'),
('dime.period', 'CÆRE', 'year_end', 'integer', '374'),
('dime.period', 'CÆRE', 'year_start', 'integer', '310'),
('dime.period', 'CÆRX', 'year_end', 'integer', '374'),
('dime.period', 'CÆRX', 'year_start', 'integer', '1'),
('dime.period', 'CÆRY', 'year_end', 'integer', '374'),
('dime.period', 'CÆRY', 'year_start', 'integer', '175'),
('dime.period', 'CÆXX', 'year_end', 'integer', '374'),
('dime.period', 'CÆXX', 'year_start', 'integer', '-500'),
('dime.period', 'CXXX', 'year_end', 'integer', '1066'),
('dime.period', 'CXXX', 'year_start', 'integer', '-500'),
('dime.period', 'CYGÆ', 'year_end', 'integer', '549'),
('dime.period', 'CYGÆ', 'year_start', 'integer', '375'),
('dime.period', 'CYGX', 'year_end', 'integer', '749'),
('dime.period', 'CYGX', 'year_start', 'integer', '375'),
('dime.period', 'CYGY', 'year_end', 'integer', '749'),
('dime.period', 'CYGY', 'year_start', 'integer', '549'),
('dime.period', 'CYVÆ', 'year_end', 'integer', '899'),
('dime.period', 'CYVÆ', 'year_start', 'integer', '750'),
('dime.period', 'CYVX', 'year_end', 'integer', '1066'),
('dime.period', 'CYVX', 'year_start', 'integer', '750'),
('dime.period', 'CYVY', 'year_end', 'integer', '1066'),
('dime.period', 'CYVY', 'year_start', 'integer', '900'),
('dime.period', 'CYXX', 'year_end', 'integer', '1066'),
('dime.period', 'CYXX', 'year_start', 'integer', '375'),
('dime.period', 'DÆXX', 'year_end', 'integer', '1199'),
('dime.period', 'DÆXX', 'year_start', 'integer', '1067'),
('dime.period', 'DXXX', 'year_end', 'integer', '1535'),
('dime.period', 'DXXX', 'year_start', 'integer', '1067'),
('dime.period', 'DYX3', 'year_end', 'integer', '1399'),
('dime.period', 'DYX3', 'year_start', 'integer', '1200'),
('dime.period', 'DYX4', 'year_end', 'integer', '1535'),
('dime.period', 'DYX4', 'year_start', 'integer', '1400'),
('dime.period', 'EXXX', 'year_end', 'integer', '1660'),
('dime.period', 'EXXX', 'year_start', 'integer', '1536'),
('dime.period', 'FÆXX', 'year_end', 'integer', '1848'),
('dime.period', 'FÆXX', 'year_start', 'integer', '1661'),
('dime.period', 'FMIN', 'year_end', 'integer', '1913'),
('dime.period', 'FMIN', 'year_start', 'integer', '1849'),
('dime.period', 'FMV1', 'year_end', 'integer', '1918'),
('dime.period', 'FMV1', 'year_start', 'integer', '1914'),
('dime.period', 'FMV2', 'year_end', 'integer', '1945'),
('dime.period', 'FMV2', 'year_start', 'integer', '1940'),
('dime.period', 'FMVM', 'year_end', 'integer', '1939'),
('dime.period', 'FMVM', 'year_start', 'integer', '1919'),
('dime.period', 'FXXX', 'year_start', 'integer', '1661'),
('dime.period', 'FYXX', 'year_start', 'integer', '1946'),
('dime.period', 'HXXX', 'year_start', 'integer', '1067'),
('dime.period', 'PALEO', 'year_end', 'integer', '-9001'),
('dime.period', 'PALEO', 'year_start', 'integer', '-250000'),
('dime.period', 'VEM', 'year_end', 'integer', '1199'),
('dime.period', 'VEM', 'year_start', 'integer', '750');

--
-- Dumping data for table `ark_vocabulary_related`
--

INSERT INTO `ark_vocabulary_related` (`from_concept`, `from_term`, `to_concept`, `to_term`, `relation`, `parameter`, `depth`) VALUES
('core.item.status', 'allocated', 'core.item.status', 'deleted', 'transition', 'delete', 0),
('core.item.status', 'allocated', 'core.item.status', 'registered', 'transition', 'register', 0),
('core.item.status', 'allocated', 'core.item.status', 'void', 'transition', 'void', 0),
('core.item.status', 'registered', 'core.item.status', 'deleted', 'transition', 'delete', 0),
('core.item.status', 'registered', 'core.item.status', 'void', 'transition', 'void', 0),
('core.item.status', 'void', 'core.item.status', 'allocated', 'transition', 'allocate', 0),
('core.item.status', 'void', 'core.item.status', 'deleted', 'transition', 'delete', 0),
('core.item.status', 'void', 'core.item.status', 'registered', 'transition', 'register', 0),
('dime.denmark.admin', 'DK', 'dime.denmark.region', 'DK01', 'broader', '', 2),
('dime.denmark.admin', 'DK', 'dime.denmark.region', 'DK02', 'broader', '', 2),
('dime.denmark.admin', 'DK', 'dime.denmark.region', 'DK03', 'broader', '', 2),
('dime.denmark.admin', 'DK', 'dime.denmark.region', 'DK04', 'broader', '', 2),
('dime.denmark.admin', 'DK', 'dime.denmark.region', 'DK05', 'broader', '', 2),
('dime.denmark.region', 'DK01', 'dime.denmark.municipality', '101', 'broader', '', 3),
('dime.denmark.region', 'DK01', 'dime.denmark.municipality', '147', 'broader', '', 3),
('dime.denmark.region', 'DK01', 'dime.denmark.municipality', '151', 'broader', '', 3),
('dime.denmark.region', 'DK01', 'dime.denmark.municipality', '153', 'broader', '', 3),
('dime.denmark.region', 'DK01', 'dime.denmark.municipality', '155', 'broader', '', 3),
('dime.denmark.region', 'DK01', 'dime.denmark.municipality', '157', 'broader', '', 3),
('dime.denmark.region', 'DK01', 'dime.denmark.municipality', '159', 'broader', '', 3),
('dime.denmark.region', 'DK01', 'dime.denmark.municipality', '161', 'broader', '', 3),
('dime.denmark.region', 'DK01', 'dime.denmark.municipality', '163', 'broader', '', 3),
('dime.denmark.region', 'DK01', 'dime.denmark.municipality', '165', 'broader', '', 3),
('dime.denmark.region', 'DK01', 'dime.denmark.municipality', '167', 'broader', '', 3),
('dime.denmark.region', 'DK01', 'dime.denmark.municipality', '169', 'broader', '', 3),
('dime.denmark.region', 'DK01', 'dime.denmark.municipality', '173', 'broader', '', 3),
('dime.denmark.region', 'DK01', 'dime.denmark.municipality', '175', 'broader', '', 3),
('dime.denmark.region', 'DK01', 'dime.denmark.municipality', '183', 'broader', '', 3),
('dime.denmark.region', 'DK01', 'dime.denmark.municipality', '185', 'broader', '', 3),
('dime.denmark.region', 'DK01', 'dime.denmark.municipality', '187', 'broader', '', 3),
('dime.denmark.region', 'DK01', 'dime.denmark.municipality', '190', 'broader', '', 3),
('dime.denmark.region', 'DK01', 'dime.denmark.municipality', '201', 'broader', '', 3),
('dime.denmark.region', 'DK01', 'dime.denmark.municipality', '210', 'broader', '', 3),
('dime.denmark.region', 'DK01', 'dime.denmark.municipality', '217', 'broader', '', 3),
('dime.denmark.region', 'DK01', 'dime.denmark.municipality', '219', 'broader', '', 3),
('dime.denmark.region', 'DK01', 'dime.denmark.municipality', '223', 'broader', '', 3),
('dime.denmark.region', 'DK01', 'dime.denmark.municipality', '230', 'broader', '', 3),
('dime.denmark.region', 'DK01', 'dime.denmark.municipality', '240', 'broader', '', 3),
('dime.denmark.region', 'DK01', 'dime.denmark.municipality', '250', 'broader', '', 3),
('dime.denmark.region', 'DK01', 'dime.denmark.municipality', '260', 'broader', '', 3),
('dime.denmark.region', 'DK01', 'dime.denmark.municipality', '270', 'broader', '', 3),
('dime.denmark.region', 'DK01', 'dime.denmark.municipality', '400', 'broader', '', 3),
('dime.denmark.region', 'DK02', 'dime.denmark.municipality', '253', 'broader', '', 3),
('dime.denmark.region', 'DK02', 'dime.denmark.municipality', '259', 'broader', '', 3),
('dime.denmark.region', 'DK02', 'dime.denmark.municipality', '265', 'broader', '', 3),
('dime.denmark.region', 'DK02', 'dime.denmark.municipality', '269', 'broader', '', 3),
('dime.denmark.region', 'DK02', 'dime.denmark.municipality', '306', 'broader', '', 3),
('dime.denmark.region', 'DK02', 'dime.denmark.municipality', '316', 'broader', '', 3),
('dime.denmark.region', 'DK02', 'dime.denmark.municipality', '320', 'broader', '', 3),
('dime.denmark.region', 'DK02', 'dime.denmark.municipality', '326', 'broader', '', 3),
('dime.denmark.region', 'DK02', 'dime.denmark.municipality', '329', 'broader', '', 3),
('dime.denmark.region', 'DK02', 'dime.denmark.municipality', '330', 'broader', '', 3),
('dime.denmark.region', 'DK02', 'dime.denmark.municipality', '336', 'broader', '', 3),
('dime.denmark.region', 'DK02', 'dime.denmark.municipality', '340', 'broader', '', 3),
('dime.denmark.region', 'DK02', 'dime.denmark.municipality', '350', 'broader', '', 3),
('dime.denmark.region', 'DK02', 'dime.denmark.municipality', '360', 'broader', '', 3),
('dime.denmark.region', 'DK02', 'dime.denmark.municipality', '370', 'broader', '', 3),
('dime.denmark.region', 'DK02', 'dime.denmark.municipality', '376', 'broader', '', 3),
('dime.denmark.region', 'DK02', 'dime.denmark.municipality', '390', 'broader', '', 3),
('dime.denmark.region', 'DK03', 'dime.denmark.municipality', '410', 'broader', '', 3),
('dime.denmark.region', 'DK03', 'dime.denmark.municipality', '420', 'broader', '', 3),
('dime.denmark.region', 'DK03', 'dime.denmark.municipality', '430', 'broader', '', 3),
('dime.denmark.region', 'DK03', 'dime.denmark.municipality', '440', 'broader', '', 3),
('dime.denmark.region', 'DK03', 'dime.denmark.municipality', '450', 'broader', '', 3),
('dime.denmark.region', 'DK03', 'dime.denmark.municipality', '461', 'broader', '', 3),
('dime.denmark.region', 'DK03', 'dime.denmark.municipality', '479', 'broader', '', 3),
('dime.denmark.region', 'DK03', 'dime.denmark.municipality', '480', 'broader', '', 3),
('dime.denmark.region', 'DK03', 'dime.denmark.municipality', '482', 'broader', '', 3),
('dime.denmark.region', 'DK03', 'dime.denmark.municipality', '492', 'broader', '', 3),
('dime.denmark.region', 'DK03', 'dime.denmark.municipality', '510', 'broader', '', 3),
('dime.denmark.region', 'DK03', 'dime.denmark.municipality', '530', 'broader', '', 3),
('dime.denmark.region', 'DK03', 'dime.denmark.municipality', '540', 'broader', '', 3),
('dime.denmark.region', 'DK03', 'dime.denmark.municipality', '550', 'broader', '', 3),
('dime.denmark.region', 'DK03', 'dime.denmark.municipality', '561', 'broader', '', 3),
('dime.denmark.region', 'DK03', 'dime.denmark.municipality', '563', 'broader', '', 3),
('dime.denmark.region', 'DK03', 'dime.denmark.municipality', '573', 'broader', '', 3),
('dime.denmark.region', 'DK03', 'dime.denmark.municipality', '575', 'broader', '', 3),
('dime.denmark.region', 'DK03', 'dime.denmark.municipality', '580', 'broader', '', 3),
('dime.denmark.region', 'DK03', 'dime.denmark.municipality', '607', 'broader', '', 3),
('dime.denmark.region', 'DK03', 'dime.denmark.municipality', '621', 'broader', '', 3),
('dime.denmark.region', 'DK03', 'dime.denmark.municipality', '630', 'broader', '', 3),
('dime.denmark.region', 'DK04', 'dime.denmark.municipality', '615', 'broader', '', 3),
('dime.denmark.region', 'DK04', 'dime.denmark.municipality', '657', 'broader', '', 3),
('dime.denmark.region', 'DK04', 'dime.denmark.municipality', '661', 'broader', '', 3),
('dime.denmark.region', 'DK04', 'dime.denmark.municipality', '665', 'broader', '', 3),
('dime.denmark.region', 'DK04', 'dime.denmark.municipality', '671', 'broader', '', 3),
('dime.denmark.region', 'DK04', 'dime.denmark.municipality', '706', 'broader', '', 3),
('dime.denmark.region', 'DK04', 'dime.denmark.municipality', '707', 'broader', '', 3),
('dime.denmark.region', 'DK04', 'dime.denmark.municipality', '710', 'broader', '', 3),
('dime.denmark.region', 'DK04', 'dime.denmark.municipality', '727', 'broader', '', 3),
('dime.denmark.region', 'DK04', 'dime.denmark.municipality', '730', 'broader', '', 3),
('dime.denmark.region', 'DK04', 'dime.denmark.municipality', '740', 'broader', '', 3),
('dime.denmark.region', 'DK04', 'dime.denmark.municipality', '741', 'broader', '', 3),
('dime.denmark.region', 'DK04', 'dime.denmark.municipality', '746', 'broader', '', 3),
('dime.denmark.region', 'DK04', 'dime.denmark.municipality', '751', 'broader', '', 3),
('dime.denmark.region', 'DK04', 'dime.denmark.municipality', '756', 'broader', '', 3),
('dime.denmark.region', 'DK04', 'dime.denmark.municipality', '760', 'broader', '', 3),
('dime.denmark.region', 'DK04', 'dime.denmark.municipality', '766', 'broader', '', 3),
('dime.denmark.region', 'DK04', 'dime.denmark.municipality', '779', 'broader', '', 3),
('dime.denmark.region', 'DK04', 'dime.denmark.municipality', '791', 'broader', '', 3),
('dime.denmark.region', 'DK05', 'dime.denmark.municipality', '773', 'broader', '', 3),
('dime.denmark.region', 'DK05', 'dime.denmark.municipality', '787', 'broader', '', 3),
('dime.denmark.region', 'DK05', 'dime.denmark.municipality', '810', 'broader', '', 3),
('dime.denmark.region', 'DK05', 'dime.denmark.municipality', '813', 'broader', '', 3),
('dime.denmark.region', 'DK05', 'dime.denmark.municipality', '820', 'broader', '', 3),
('dime.denmark.region', 'DK05', 'dime.denmark.municipality', '825', 'broader', '', 3),
('dime.denmark.region', 'DK05', 'dime.denmark.municipality', '840', 'broader', '', 3),
('dime.denmark.region', 'DK05', 'dime.denmark.municipality', '846', 'broader', '', 3),
('dime.denmark.region', 'DK05', 'dime.denmark.municipality', '849', 'broader', '', 3),
('dime.denmark.region', 'DK05', 'dime.denmark.municipality', '851', 'broader', '', 3),
('dime.denmark.region', 'DK05', 'dime.denmark.municipality', '860', 'broader', '', 3),
('dime.find.custody', 'destroyed', 'dime.find.custody', 'held', 'transition', 'recover', 0),
('dime.find.custody', 'discarded', 'dime.find.custody', 'held', 'transition', 'recover', 0),
('dime.find.custody', 'held', 'dime.find.custody', 'destroyed', 'transition', 'destroy', 0),
('dime.find.custody', 'held', 'dime.find.custody', 'discarded', 'transition', 'discard', 0),
('dime.find.custody', 'held', 'dime.find.custody', 'lost', 'transition', 'lose', 0),
('dime.find.custody', 'held', 'dime.find.custody', 'requested', 'transition', 'request', 0),
('dime.find.custody', 'held', 'dime.find.custody', 'sent', 'transition', 'send', 0),
('dime.find.custody', 'lost', 'dime.find.custody', 'held', 'transition', 'recover', 0),
('dime.find.custody', 'requested', 'dime.find.custody', 'held', 'transition', 'decline', 0),
('dime.find.custody', 'requested', 'dime.find.custody', 'sent', 'transition', 'send', 0),
('dime.find.custody', 'sent', 'dime.find.custody', 'held', 'transition', 'receive', 0),
('dime.find.process', 'assessed', 'dime.find.process', 'accessioned', 'transition', 'accession', 0),
('dime.find.process', 'assessed', 'dime.find.process', 'released', 'transition', 'release', 0),
('dime.find.process', 'evaluated', 'dime.find.process', 'accessioned', 'transition', 'accession', 0),
('dime.find.process', 'evaluated', 'dime.find.process', 'assessed', 'transition', 'assess', 0),
('dime.find.process', 'evaluated', 'dime.find.process', 'released', 'transition', 'release', 0),
('dime.find.process', 'recorded', 'dime.find.process', 'deleted', 'transition', 'delete', 0),
('dime.find.process', 'recorded', 'dime.find.process', 'inactive', 'transition', 'report', 0),
('dime.find.process', 'recorded', 'dime.find.process', 'reported', 'transition', 'report', 0),
('dime.find.process', 'rejected', 'dime.find.process', 'deleted', 'transition', 'delete', 0),
('dime.find.process', 'reported', 'dime.find.process', 'deleted', 'transition', 'delete', 0),
('dime.find.process', 'reported', 'dime.find.process', 'rejected', 'transition', 'reject', 0),
('dime.find.process', 'reported', 'dime.find.process', 'validated', 'transition', 'validate', 0),
('dime.find.process', 'validated', 'dime.find.process', 'evaluated', 'transition', 'evaluate', 0),
('dime.find.subtype', 'accessory.button', 'dime.find.subtype', 'accessory.button.bar', 'broader', '', 3),
('dime.find.subtype', 'accessory.button', 'dime.find.subtype', 'accessory.button.other', 'broader', '', 3),
('dime.find.subtype', 'accessory.button', 'dime.find.subtype', 'accessory.button.round', 'broader', '', 3),
('dime.find.subtype', 'accessory.button', 'dime.find.subtype', 'accessory.button.stud', 'broader', '', 3),
('dime.find.subtype', 'accessory.fitting', 'dime.find.subtype', 'accessory.fitting.belt', 'broader', '', 3),
('dime.find.subtype', 'accessory.fitting', 'dime.find.subtype', 'accessory.fitting.other', 'broader', '', 3),
('dime.find.subtype', 'accessory.jewelery', 'dime.find.subtype', 'accessory.jewelery.bracelet', 'broader', '', 3),
('dime.find.subtype', 'accessory.jewelery', 'dime.find.subtype', 'accessory.jewelery.bracteate', 'broader', '', 3),
('dime.find.subtype', 'accessory.jewelery', 'dime.find.subtype', 'accessory.jewelery.earring', 'broader', '', 3),
('dime.find.subtype', 'accessory.jewelery', 'dime.find.subtype', 'accessory.jewelery.necklace', 'broader', '', 3),
('dime.find.subtype', 'accessory.jewelery', 'dime.find.subtype', 'accessory.jewelery.other', 'broader', '', 3),
('dime.find.subtype', 'accessory.jewelery', 'dime.find.subtype', 'accessory.jewelery.pasyning', 'broader', '', 3),
('dime.find.subtype', 'accessory.jewelery', 'dime.find.subtype', 'accessory.jewelery.pearl', 'broader', '', 3),
('dime.find.subtype', 'accessory.jewelery', 'dime.find.subtype', 'accessory.jewelery.pendant', 'broader', '', 3),
('dime.find.subtype', 'accessory.jewelery', 'dime.find.subtype', 'accessory.jewelery.ring', 'broader', '', 3),
('dime.find.subtype', 'coin.danish', 'dime.find.subtype', 'coin.danish.civilwar', 'broader', '', 3),
('dime.find.subtype', 'coin.danish', 'dime.find.subtype', 'coin.danish.early', 'broader', '', 3),
('dime.find.subtype', 'coin.danish', 'dime.find.subtype', 'coin.danish.hvide', 'broader', '', 3),
('dime.find.subtype', 'coin.danish', 'dime.find.subtype', 'coin.danish.klipping', 'broader', '', 3),
('dime.find.subtype', 'coin.danish', 'dime.find.subtype', 'coin.danish.other', 'broader', '', 3),
('dime.find.subtype', 'coin.danish', 'dime.find.subtype', 'coin.danish.søsling', 'broader', '', 3),
('dime.find.subtype', 'coin.danish', 'dime.find.subtype', 'coin.danish.sterling', 'broader', '', 3),
('dime.find.subtype', 'coin.foreign', 'dime.find.subtype', 'coin.foreign.hohlpfennig', 'broader', '', 3),
('dime.find.subtype', 'coin.foreign', 'dime.find.subtype', 'coin.foreign.hvide', 'broader', '', 3),
('dime.find.subtype', 'coin.foreign', 'dime.find.subtype', 'coin.foreign.other', 'broader', '', 3),
('dime.find.subtype', 'coin.foreign', 'dime.find.subtype', 'coin.foreign.sterling', 'broader', '', 3),
('dime.find.subtype', 'coin.foreign', 'dime.find.subtype', 'coin.foreign.tournois', 'broader', '', 3),
('dime.find.subtype', 'coin.modern', 'dime.find.subtype', 'coin.modern.danish', 'broader', '', 3),
('dime.find.subtype', 'coin.modern', 'dime.find.subtype', 'coin.modern.foreign', 'broader', '', 3),
('dime.find.subtype', 'coin.roman', 'dime.find.subtype', 'coin.roman.aureus', 'broader', '', 3),
('dime.find.subtype', 'coin.roman', 'dime.find.subtype', 'coin.roman.denarius', 'broader', '', 3),
('dime.find.subtype', 'coin.roman', 'dime.find.subtype', 'coin.roman.other', 'broader', '', 3),
('dime.find.subtype', 'coin.roman', 'dime.find.subtype', 'coin.roman.sestertius', 'broader', '', 3),
('dime.find.subtype', 'coin.roman', 'dime.find.subtype', 'coin.roman.siliqua', 'broader', '', 3),
('dime.find.subtype', 'coin.roman', 'dime.find.subtype', 'coin.roman.solidus', 'broader', '', 3),
('dime.find.subtype', 'coin.viking', 'dime.find.subtype', 'coin.viking.byzantine', 'broader', '', 3),
('dime.find.subtype', 'coin.viking', 'dime.find.subtype', 'coin.viking.carolingian', 'broader', '', 3),
('dime.find.subtype', 'coin.viking', 'dime.find.subtype', 'coin.viking.denarius', 'broader', '', 3),
('dime.find.subtype', 'coin.viking', 'dime.find.subtype', 'coin.viking.dirham', 'broader', '', 3),
('dime.find.subtype', 'coin.viking', 'dime.find.subtype', 'coin.viking.english', 'broader', '', 3),
('dime.find.subtype', 'coin.viking', 'dime.find.subtype', 'coin.viking.german', 'broader', '', 3),
('dime.find.subtype', 'coin.viking', 'dime.find.subtype', 'coin.viking.nordic', 'broader', '', 3),
('dime.find.subtype', 'coin.viking', 'dime.find.subtype', 'coin.viking.other', 'broader', '', 3),
('dime.find.subtype', 'coin.viking', 'dime.find.subtype', 'coin.viking.penny', 'broader', '', 3),
('dime.find.subtype', 'coin.viking', 'dime.find.subtype', 'coin.viking.phennig', 'broader', '', 3),
('dime.find.subtype', 'coin.viking', 'dime.find.subtype', 'coin.viking.sceat', 'broader', '', 3),
('dime.find.subtype', 'fibula.bow', 'dime.find.subtype', 'fibula.bow.ball', 'broader', '', 3),
('dime.find.subtype', 'fibula.bow', 'dime.find.subtype', 'fibula.bow.band', 'broader', '', 3),
('dime.find.subtype', 'fibula.bow', 'dime.find.subtype', 'fibula.bow.bilateral', 'broader', '', 3),
('dime.find.subtype', 'fibula.bow', 'dime.find.subtype', 'fibula.bow.button', 'broader', '', 3),
('dime.find.subtype', 'fibula.bow', 'dime.find.subtype', 'fibula.bow.cross', 'broader', '', 3),
('dime.find.subtype', 'fibula.bow', 'dime.find.subtype', 'fibula.bow.foot', 'broader', '', 3),
('dime.find.subtype', 'fibula.bow', 'dime.find.subtype', 'fibula.bow.high', 'broader', '', 3),
('dime.find.subtype', 'fibula.bow', 'dime.find.subtype', 'fibula.bow.other', 'broader', '', 3),
('dime.find.subtype', 'fibula.bow', 'dime.find.subtype', 'fibula.bow.relief', 'broader', '', 3),
('dime.find.subtype', 'fibula.bowl', 'dime.find.subtype', 'fibula.bowl.animal', 'broader', '', 3),
('dime.find.subtype', 'fibula.bowl', 'dime.find.subtype', 'fibula.bowl.circular', 'broader', '', 3),
('dime.find.subtype', 'fibula.bowl', 'dime.find.subtype', 'fibula.bowl.large', 'broader', '', 3),
('dime.find.subtype', 'fibula.bowl', 'dime.find.subtype', 'fibula.bowl.other', 'broader', '', 3),
('dime.find.subtype', 'fibula.bowl', 'dime.find.subtype', 'fibula.bowl.small', 'broader', '', 3),
('dime.find.subtype', 'fibula.circular', 'dime.find.subtype', 'fibula.circular.large', 'broader', '', 3),
('dime.find.subtype', 'fibula.circular', 'dime.find.subtype', 'fibula.circular.other', 'broader', '', 3),
('dime.find.subtype', 'fibula.circular', 'dime.find.subtype', 'fibula.circular.small', 'broader', '', 3),
('dime.find.subtype', 'fibula.circular', 'dime.find.subtype', 'fibula.circular.tin', 'broader', '', 3),
('dime.find.subtype', 'fibula.enamel', 'dime.find.subtype', 'fibula.enamel.central', 'broader', '', 3),
('dime.find.subtype', 'fibula.enamel', 'dime.find.subtype', 'fibula.enamel.cross', 'broader', '', 3),
('dime.find.subtype', 'fibula.enamel', 'dime.find.subtype', 'fibula.enamel.multiple', 'broader', '', 3),
('dime.find.subtype', 'fibula.enamel', 'dime.find.subtype', 'fibula.enamel.other', 'broader', '', 3),
('dime.find.subtype', 'fibula.equalarm', 'dime.find.subtype', 'fibula.equalarm.large', 'broader', '', 3),
('dime.find.subtype', 'fibula.equalarm', 'dime.find.subtype', 'fibula.equalarm.other', 'broader', '', 3),
('dime.find.subtype', 'fibula.equalarm', 'dime.find.subtype', 'fibula.equalarm.small', 'broader', '', 3),
('dime.find.subtype', 'fibula.healing', 'dime.find.subtype', 'fibula.healing.aalborg', 'broader', '', 3),
('dime.find.subtype', 'fibula.healing', 'dime.find.subtype', 'fibula.healing.lamb', 'broader', '', 3),
('dime.find.subtype', 'fibula.healing', 'dime.find.subtype', 'fibula.healing.other', 'broader', '', 3),
('dime.find.subtype', 'fibula.healing', 'dime.find.subtype', 'fibula.healing.urnes', 'broader', '', 3),
('dime.find.subtype', 'fibula.plate', 'dime.find.subtype', 'fibula.plate.bird', 'broader', '', 3),
('dime.find.subtype', 'fibula.plate', 'dime.find.subtype', 'fibula.plate.circular', 'broader', '', 3),
('dime.find.subtype', 'fibula.plate', 'dime.find.subtype', 'fibula.plate.coin', 'broader', '', 3),
('dime.find.subtype', 'fibula.plate', 'dime.find.subtype', 'fibula.plate.horse', 'broader', '', 3),
('dime.find.subtype', 'fibula.plate', 'dime.find.subtype', 'fibula.plate.other', 'broader', '', 3),
('dime.find.subtype', 'fibula.plate', 'dime.find.subtype', 'fibula.plate.oval', 'broader', '', 3),
('dime.find.subtype', 'fibula.plate', 'dime.find.subtype', 'fibula.plate.råhede', 'broader', '', 3),
('dime.find.subtype', 'fibula.plate', 'dime.find.subtype', 'fibula.plate.rectangular', 'broader', '', 3),
('dime.find.subtype', 'fibula.plate', 'dime.find.subtype', 'fibula.plate.ship', 'broader', '', 3),
('dime.find.subtype', 'fibula.plate', 'dime.find.subtype', 'fibula.plate.snake', 'broader', '', 3),
('dime.find.subtype', 'fibula.plate', 'dime.find.subtype', 'fibula.plate.swastika', 'broader', '', 3),
('dime.find.subtype', 'fibula.plate', 'dime.find.subtype', 'fibula.plate.tongue', 'broader', '', 3),
('dime.find.subtype', 'fibula.plate', 'dime.find.subtype', 'fibula.plate.valkyrie', 'broader', '', 3),
('dime.find.subtype', 'fibula.ring', 'dime.find.subtype', 'fibula.ring.circular', 'broader', '', 3),
('dime.find.subtype', 'fibula.ring', 'dime.find.subtype', 'fibula.ring.heart', 'broader', '', 3),
('dime.find.subtype', 'fibula.ring', 'dime.find.subtype', 'fibula.ring.other', 'broader', '', 3),
('dime.find.subtype', 'fibula.ring', 'dime.find.subtype', 'fibula.ring.star', 'broader', '', 3),
('dime.find.subtype', 'fibula.viking', 'dime.find.subtype', 'fibula.viking.other', 'broader', '', 3),
('dime.find.subtype', 'fibula.viking', 'dime.find.subtype', 'fibula.viking.rhombic', 'broader', '', 3),
('dime.find.subtype', 'fibula.viking', 'dime.find.subtype', 'fibula.viking.ring', 'broader', '', 3),
('dime.find.subtype', 'fibula.viking', 'dime.find.subtype', 'fibula.viking.roof', 'broader', '', 3),
('dime.find.subtype', 'military.fitting', 'dime.find.subtype', 'military.fitting.other', 'broader', '', 3),
('dime.find.subtype', 'military.fitting', 'dime.find.subtype', 'military.fitting.sheath', 'broader', '', 3),
('dime.find.subtype', 'military.fitting', 'dime.find.subtype', 'military.fitting.uniform', 'broader', '', 3),
('dime.find.subtype', 'military.melee', 'dime.find.subtype', 'military.melee.axe', 'broader', '', 3),
('dime.find.subtype', 'military.melee', 'dime.find.subtype', 'military.melee.blunt', 'broader', '', 3),
('dime.find.subtype', 'military.melee', 'dime.find.subtype', 'military.melee.knife', 'broader', '', 3),
('dime.find.subtype', 'military.melee', 'dime.find.subtype', 'military.melee.other', 'broader', '', 3),
('dime.find.subtype', 'military.melee', 'dime.find.subtype', 'military.melee.pointed', 'broader', '', 3),
('dime.find.subtype', 'military.melee', 'dime.find.subtype', 'military.melee.sword', 'broader', '', 3),
('dime.find.subtype', 'tool.equestrian', 'dime.find.subtype', 'tool.equestrian.bell', 'broader', '', 3),
('dime.find.subtype', 'tool.equestrian', 'dime.find.subtype', 'tool.equestrian.bridle', 'broader', '', 3),
('dime.find.subtype', 'tool.equestrian', 'dime.find.subtype', 'tool.equestrian.cheek', 'broader', '', 3),
('dime.find.subtype', 'tool.equestrian', 'dime.find.subtype', 'tool.equestrian.other', 'broader', '', 3),
('dime.find.subtype', 'tool.equestrian', 'dime.find.subtype', 'tool.equestrian.shoe', 'broader', '', 3),
('dime.find.subtype', 'tool.equestrian', 'dime.find.subtype', 'tool.equestrian.stirrup', 'broader', '', 3),
('dime.find.subtype', 'tool.equestrian', 'dime.find.subtype', 'tool.equestrian.tack', 'broader', '', 3),
('dime.find.subtype', 'tool.house', 'dime.find.subtype', 'tool.house.crockery', 'broader', '', 3),
('dime.find.subtype', 'tool.house', 'dime.find.subtype', 'tool.house.cutlery', 'broader', '', 3),
('dime.find.subtype', 'tool.house', 'dime.find.subtype', 'tool.house.fixtures', 'broader', '', 3),
('dime.find.subtype', 'tool.house', 'dime.find.subtype', 'tool.house.key', 'broader', '', 3),
('dime.find.subtype', 'tool.house', 'dime.find.subtype', 'tool.house.knife', 'broader', '', 3),
('dime.find.subtype', 'tool.house', 'dime.find.subtype', 'tool.house.light', 'broader', '', 3),
('dime.find.subtype', 'tool.house', 'dime.find.subtype', 'tool.house.lock', 'broader', '', 3),
('dime.find.subtype', 'tool.house', 'dime.find.subtype', 'tool.house.other', 'broader', '', 3),
('dime.find.subtype', 'tool.house', 'dime.find.subtype', 'tool.house.pot', 'broader', '', 3),
('dime.find.subtype', 'tool.house', 'dime.find.subtype', 'tool.house.scissors', 'broader', '', 3),
('dime.find.subtype', 'tool.house', 'dime.find.subtype', 'tool.house.striker', 'broader', '', 3),
('dime.find.subtype', 'tool.measure', 'dime.find.subtype', 'tool.measure.clip', 'broader', '', 3),
('dime.find.subtype', 'tool.measure', 'dime.find.subtype', 'tool.measure.ingot', 'broader', '', 3),
('dime.find.subtype', 'tool.measure', 'dime.find.subtype', 'tool.measure.scale', 'broader', '', 3),
('dime.find.subtype', 'tool.measure', 'dime.find.subtype', 'tool.measure.weight', 'broader', '', 3),
('dime.find.subtype', 'tool.textile', 'dime.find.subtype', 'tool.textile.case', 'broader', '', 3),
('dime.find.subtype', 'tool.textile', 'dime.find.subtype', 'tool.textile.needle', 'broader', '', 3),
('dime.find.subtype', 'tool.textile', 'dime.find.subtype', 'tool.textile.scissors', 'broader', '', 3),
('dime.find.subtype', 'tool.textile', 'dime.find.subtype', 'tool.textile.thimble', 'broader', '', 3),
('dime.find.subtype', 'tool.textile', 'dime.find.subtype', 'tool.textile.whorl', 'broader', '', 3),
('dime.find.subtype', 'tool.toilet', 'dime.find.subtype', 'tool.toilet.comb', 'broader', '', 3),
('dime.find.subtype', 'tool.toilet', 'dime.find.subtype', 'tool.toilet.ear', 'broader', '', 3),
('dime.find.subtype', 'tool.toilet', 'dime.find.subtype', 'tool.toilet.other', 'broader', '', 3),
('dime.find.subtype', 'tool.toilet', 'dime.find.subtype', 'tool.toilet.razor', 'broader', '', 3),
('dime.find.subtype', 'tool.toilet', 'dime.find.subtype', 'tool.toilet.tweezers', 'broader', '', 3),
('dime.find.subtype', 'tool.toy', 'dime.find.subtype', 'tool.toy.counter', 'broader', '', 3),
('dime.find.subtype', 'tool.toy', 'dime.find.subtype', 'tool.toy.dice', 'broader', '', 3),
('dime.find.subtype', 'tool.toy', 'dime.find.subtype', 'tool.toy.other', 'broader', '', 3),
('dime.find.subtype', 'tool.work', 'dime.find.subtype', 'tool.work.axe', 'broader', '', 3),
('dime.find.subtype', 'tool.work', 'dime.find.subtype', 'tool.work.chisel', 'broader', '', 3),
('dime.find.subtype', 'tool.work', 'dime.find.subtype', 'tool.work.drill', 'broader', '', 3),
('dime.find.subtype', 'tool.work', 'dime.find.subtype', 'tool.work.fitting', 'broader', '', 3),
('dime.find.subtype', 'tool.work', 'dime.find.subtype', 'tool.work.hammer', 'broader', '', 3),
('dime.find.subtype', 'tool.work', 'dime.find.subtype', 'tool.work.knife', 'broader', '', 3),
('dime.find.subtype', 'tool.work', 'dime.find.subtype', 'tool.work.nail', 'broader', '', 3),
('dime.find.subtype', 'tool.work', 'dime.find.subtype', 'tool.work.other', 'broader', '', 3),
('dime.find.subtype', 'tool.work', 'dime.find.subtype', 'tool.work.pliars', 'broader', '', 3),
('dime.find.subtype', 'tool.work', 'dime.find.subtype', 'tool.work.rivet', 'broader', '', 3),
('dime.find.subtype', 'tool.work', 'dime.find.subtype', 'tool.work.sickle', 'broader', '', 3),
('dime.find.subtype', 'tool.writing', 'dime.find.subtype', 'tool.writing.bylamulet', 'broader', '', 3),
('dime.find.subtype', 'tool.writing', 'dime.find.subtype', 'tool.writing.clasp', 'broader', '', 3),
('dime.find.subtype', 'tool.writing', 'dime.find.subtype', 'tool.writing.guldgubbe', 'broader', '', 3),
('dime.find.subtype', 'tool.writing', 'dime.find.subtype', 'tool.writing.runebrev', 'broader', '', 3),
('dime.find.subtype', 'tool.writing', 'dime.find.subtype', 'tool.writing.seal', 'broader', '', 3),
('dime.find.subtype', 'tool.writing', 'dime.find.subtype', 'tool.writing.stamp', 'broader', '', 3),
('dime.find.subtype', 'tool.writing', 'dime.find.subtype', 'tool.writing.stylus', 'broader', '', 3),
('dime.find.type', 'accessory', 'dime.find.subtype', 'accessory.bell', 'broader', '', 2),
('dime.find.type', 'accessory', 'dime.find.subtype', 'accessory.brooch', 'broader', '', 2),
('dime.find.type', 'accessory', 'dime.find.subtype', 'accessory.buckle', 'broader', '', 2),
('dime.find.type', 'accessory', 'dime.find.subtype', 'accessory.button', 'broader', '', 2),
('dime.find.type', 'accessory', 'dime.find.subtype', 'accessory.fitting', 'broader', '', 2),
('dime.find.type', 'accessory', 'dime.find.subtype', 'accessory.hook', 'broader', '', 2),
('dime.find.type', 'accessory', 'dime.find.subtype', 'accessory.jewelery', 'broader', '', 2),
('dime.find.type', 'accessory', 'dime.find.subtype', 'accessory.lace', 'broader', '', 2),
('dime.find.type', 'accessory', 'dime.find.subtype', 'accessory.medal', 'broader', '', 2),
('dime.find.type', 'accessory', 'dime.find.subtype', 'accessory.other', 'broader', '', 2),
('dime.find.type', 'accessory', 'dime.find.subtype', 'accessory.pilgrim', 'broader', '', 2),
('dime.find.type', 'accessory', 'dime.find.subtype', 'accessory.pin', 'broader', '', 2),
('dime.find.type', 'accessory', 'dime.find.subtype', 'accessory.tutulus', 'broader', '', 2),
('dime.find.type', 'coin', 'dime.find.subtype', 'coin.danish', 'broader', '', 2),
('dime.find.type', 'coin', 'dime.find.subtype', 'coin.foreign', 'broader', '', 2),
('dime.find.type', 'coin', 'dime.find.subtype', 'coin.jeton', 'broader', '', 2),
('dime.find.type', 'coin', 'dime.find.subtype', 'coin.modern', 'broader', '', 2),
('dime.find.type', 'coin', 'dime.find.subtype', 'coin.other', 'broader', '', 2),
('dime.find.type', 'coin', 'dime.find.subtype', 'coin.roman', 'broader', '', 2),
('dime.find.type', 'coin', 'dime.find.subtype', 'coin.viking', 'broader', '', 2),
('dime.find.type', 'fibula', 'dime.find.subtype', 'fibula.beak', 'broader', '', 2),
('dime.find.type', 'fibula', 'dime.find.subtype', 'fibula.bird.above', 'broader', '', 2),
('dime.find.type', 'fibula', 'dime.find.subtype', 'fibula.bird.profile', 'broader', '', 2),
('dime.find.type', 'fibula', 'dime.find.subtype', 'fibula.bow', 'broader', '', 2),
('dime.find.type', 'fibula', 'dime.find.subtype', 'fibula.bowl', 'broader', '', 2),
('dime.find.type', 'fibula', 'dime.find.subtype', 'fibula.circular', 'broader', '', 2),
('dime.find.type', 'fibula', 'dime.find.subtype', 'fibula.enamel', 'broader', '', 2),
('dime.find.type', 'fibula', 'dime.find.subtype', 'fibula.equalarm', 'broader', '', 2),
('dime.find.type', 'fibula', 'dime.find.subtype', 'fibula.healing', 'broader', '', 2),
('dime.find.type', 'fibula', 'dime.find.subtype', 'fibula.other', 'broader', '', 2),
('dime.find.type', 'fibula', 'dime.find.subtype', 'fibula.plate', 'broader', '', 2),
('dime.find.type', 'fibula', 'dime.find.subtype', 'fibula.ring', 'broader', '', 2),
('dime.find.type', 'fibula', 'dime.find.subtype', 'fibula.trilobal', 'broader', '', 2),
('dime.find.type', 'fibula', 'dime.find.subtype', 'fibula.viking', 'broader', '', 2),
('dime.find.type', 'metal', 'dime.find.subtype', 'metal.ingot', 'broader', '', 2),
('dime.find.type', 'metal', 'dime.find.subtype', 'metal.mold', 'broader', '', 2),
('dime.find.type', 'metal', 'dime.find.subtype', 'metal.other', 'broader', '', 2),
('dime.find.type', 'metal', 'dime.find.subtype', 'metal.rest', 'broader', '', 2),
('dime.find.type', 'metal', 'dime.find.subtype', 'metal.slag', 'broader', '', 2),
('dime.find.type', 'metal', 'dime.find.subtype', 'metal.tin', 'broader', '', 2),
('dime.find.type', 'military', 'dime.find.subtype', 'military.ammunition', 'broader', '', 2),
('dime.find.type', 'military', 'dime.find.subtype', 'military.armor', 'broader', '', 2),
('dime.find.type', 'military', 'dime.find.subtype', 'military.arrow', 'broader', '', 2),
('dime.find.type', 'military', 'dime.find.subtype', 'military.firearm', 'broader', '', 2),
('dime.find.type', 'military', 'dime.find.subtype', 'military.fitting', 'broader', '', 2),
('dime.find.type', 'military', 'dime.find.subtype', 'military.helmet', 'broader', '', 2),
('dime.find.type', 'military', 'dime.find.subtype', 'military.melee', 'broader', '', 2),
('dime.find.type', 'military', 'dime.find.subtype', 'military.other', 'broader', '', 2),
('dime.find.type', 'military', 'dime.find.subtype', 'military.shield', 'broader', '', 2),
('dime.find.type', 'tool', 'dime.find.subtype', 'tool.equestrian', 'broader', '', 2),
('dime.find.type', 'tool', 'dime.find.subtype', 'tool.house', 'broader', '', 2),
('dime.find.type', 'tool', 'dime.find.subtype', 'tool.measure', 'broader', '', 2),
('dime.find.type', 'tool', 'dime.find.subtype', 'tool.other', 'broader', '', 2),
('dime.find.type', 'tool', 'dime.find.subtype', 'tool.textile', 'broader', '', 2),
('dime.find.type', 'tool', 'dime.find.subtype', 'tool.toilet', 'broader', '', 2),
('dime.find.type', 'tool', 'dime.find.subtype', 'tool.toy', 'broader', '', 2),
('dime.find.type', 'tool', 'dime.find.subtype', 'tool.work', 'broader', '', 2),
('dime.find.type', 'tool', 'dime.find.subtype', 'tool.writing', 'broader', '', 2),
('dime.period', 'AXXX', 'dime.period', 'AMXX', 'broader', '', 2),
('dime.period', 'AXXX', 'dime.period', 'AXXX', 'broader', '', 1),
('dime.period', 'AXXX', 'dime.period', 'AYXX', 'broader', '', 2),
('dime.period', 'AXXX', 'dime.period', 'PALEO', 'broader', '', 2),
('dime.period', 'BÆXX', 'dime.period', 'BÆX1', 'broader', '', 3),
('dime.period', 'BÆXX', 'dime.period', 'BÆX2', 'broader', '', 3),
('dime.period', 'BÆXX', 'dime.period', 'BÆX3', 'broader', '', 3),
('dime.period', 'BXXX', 'dime.period', 'BÆXX', 'broader', '', 2),
('dime.period', 'BXXX', 'dime.period', 'BXXX', 'broader', '', 1),
('dime.period', 'BXXX', 'dime.period', 'BYXX', 'broader', '', 2),
('dime.period', 'BYXX', 'dime.period', 'BYX4', 'broader', '', 3),
('dime.period', 'BYXX', 'dime.period', 'BYX5', 'broader', '', 3),
('dime.period', 'BYXX', 'dime.period', 'BYX6', 'broader', '', 3),
('dime.period', 'CÆFX', 'dime.period', 'CÆFÆ', 'broader', '', 4),
('dime.period', 'CÆFX', 'dime.period', 'CÆFM', 'broader', '', 4),
('dime.period', 'CÆFX', 'dime.period', 'CÆFY', 'broader', '', 4),
('dime.period', 'CÆRÆ', 'dime.period', 'CÆRA', 'broader', '', 5),
('dime.period', 'CÆRÆ', 'dime.period', 'CÆRB', 'broader', '', 5),
('dime.period', 'CÆRX', 'dime.period', 'CÆRÆ', 'broader', '', 4),
('dime.period', 'CÆRX', 'dime.period', 'CÆRY', 'broader', '', 4),
('dime.period', 'CÆRY', 'dime.period', 'CÆRC', 'broader', '', 5),
('dime.period', 'CÆRY', 'dime.period', 'CÆRD', 'broader', '', 5),
('dime.period', 'CÆRY', 'dime.period', 'CÆRE', 'broader', '', 5),
('dime.period', 'CÆXX', 'dime.period', 'CÆFX', 'broader', '', 3),
('dime.period', 'CÆXX', 'dime.period', 'CÆRX', 'broader', '', 3),
('dime.period', 'CXXX', 'dime.period', 'CÆXX', 'broader', '', 2),
('dime.period', 'CXXX', 'dime.period', 'CXXX', 'broader', '', 1),
('dime.period', 'CXXX', 'dime.period', 'CYVX', 'broader', '', 2),
('dime.period', 'CXXX', 'dime.period', 'CYXX', 'broader', '', 2),
('dime.period', 'CYGX', 'dime.period', 'CYGÆ', 'broader', '', 4),
('dime.period', 'CYGX', 'dime.period', 'CYGY', 'broader', '', 4),
('dime.period', 'CYVX', 'dime.period', 'CYVÆ', 'broader', '', 4),
('dime.period', 'CYVX', 'dime.period', 'CYVY', 'broader', '', 4),
('dime.period', 'CYXX', 'dime.period', 'CYGX', 'broader', '', 3),
('dime.period', 'DXXX', 'dime.period', 'DÆXX', 'broader', '', 3),
('dime.period', 'DXXX', 'dime.period', 'DYX3', 'broader', '', 3),
('dime.period', 'DXXX', 'dime.period', 'DYX4', 'broader', '', 3),
('dime.period', 'FXXX', 'dime.period', 'FÆXX', 'broader', '', 3),
('dime.period', 'FXXX', 'dime.period', 'FMIN', 'broader', '', 3),
('dime.period', 'FXXX', 'dime.period', 'FMV1', 'broader', '', 3),
('dime.period', 'FXXX', 'dime.period', 'FMV2', 'broader', '', 3),
('dime.period', 'FXXX', 'dime.period', 'FMVM', 'broader', '', 3),
('dime.period', 'FXXX', 'dime.period', 'FYXX', 'broader', '', 3),
('dime.period', 'HXXX', 'dime.period', 'DXXX', 'broader', '', 2),
('dime.period', 'HXXX', 'dime.period', 'EXXX', 'broader', '', 2),
('dime.period', 'HXXX', 'dime.period', 'FXXX', 'broader', '', 2),
('dime.period', 'HXXX', 'dime.period', 'HXXX', 'broader', '', 1),
('dime.period', 'XXXX', 'dime.period', 'XXXX', 'broader', '', 1),
('dime.treasure', 'appraisal', 'dime.treasure', 'not', 'transition', 'assess', 0),
('dime.treasure', 'appraisal', 'dime.treasure', 'treasure', 'transition', 'assess', 0),
('dime.treasure', 'pending', 'dime.treasure', 'appraisal', 'transition', 'evaluate', 0),
('dime.treasure', 'pending', 'dime.treasure', 'not', 'transition', 'evaluate', 0);

--
-- Dumping data for table `ark_vocabulary_term`
--

INSERT INTO `ark_vocabulary_term` (`concept`, `term`, `keyword`, `alias`, `is_default`, `root`, `enabled`, `deprecated`, `description`) VALUES
('dime.denmark.admin', 'DK', 'dime.denmark.admin.denmark', 'denmark', 1, 0, 1, 0, ''),
('dime.denmark.municipality', '101', 'dime.kommune.kobenhavn', 'kobenhavn', 0, 0, 1, 0, ''),
('dime.denmark.municipality', '147', 'dime.kommune.frederiksbeg', 'frederiksbeg', 0, 0, 1, 0, ''),
('dime.denmark.municipality', '151', 'dime.kommune.ballerup', 'ballerup', 0, 0, 1, 0, ''),
('dime.denmark.municipality', '153', 'dime.kommune.brondby', 'brondby', 0, 0, 1, 0, ''),
('dime.denmark.municipality', '155', 'dime.kommune.dragor', 'dragor', 0, 0, 1, 0, ''),
('dime.denmark.municipality', '157', 'dime.kommune.gentofte', 'gentofte', 0, 0, 1, 0, ''),
('dime.denmark.municipality', '159', 'dime.kommune.gladsaxe', 'gladsaxe', 0, 0, 1, 0, ''),
('dime.denmark.municipality', '161', 'dime.kommune.glostrup', 'glostrup', 0, 0, 1, 0, ''),
('dime.denmark.municipality', '163', 'dime.kommune.herlev', 'herlev', 0, 0, 1, 0, ''),
('dime.denmark.municipality', '165', 'dime.kommune.albertslund', 'albertslund', 0, 0, 1, 0, ''),
('dime.denmark.municipality', '167', 'dime.kommune.hvidovre', 'hvidovre', 0, 0, 1, 0, ''),
('dime.denmark.municipality', '169', 'dime.kommune.hojetaastrup', 'hojetaastrup', 0, 0, 1, 0, ''),
('dime.denmark.municipality', '173', 'dime.kommune.lyngbytaarbaek', 'lyngbytaarbaek', 0, 0, 1, 0, ''),
('dime.denmark.municipality', '175', 'dime.kommune.rodovre', 'rodovre', 0, 0, 1, 0, ''),
('dime.denmark.municipality', '183', 'dime.kommune.ishoj', 'ishoj', 0, 0, 1, 0, ''),
('dime.denmark.municipality', '185', 'dime.kommune.tarnby', 'tarnby', 0, 0, 1, 0, ''),
('dime.denmark.municipality', '187', 'dime.kommune.vallensbaek', 'vallensbaek', 0, 0, 1, 0, ''),
('dime.denmark.municipality', '190', 'dime.kommune.fureso', 'fureso', 0, 0, 1, 0, ''),
('dime.denmark.municipality', '201', 'dime.kommune.allerod', 'allerod', 0, 0, 1, 0, ''),
('dime.denmark.municipality', '210', 'dime.kommune.fredensborg', 'fredensborg', 0, 0, 1, 0, ''),
('dime.denmark.municipality', '217', 'dime.kommune.helsingor', 'helsingor', 0, 0, 1, 0, ''),
('dime.denmark.municipality', '219', 'dime.kommune.hillerod', 'hillerod', 0, 0, 1, 0, ''),
('dime.denmark.municipality', '223', 'dime.kommune.horsholm', 'horsholm', 0, 0, 1, 0, ''),
('dime.denmark.municipality', '230', 'dime.kommune.rudersdal', 'rudersdal', 0, 0, 1, 0, ''),
('dime.denmark.municipality', '240', 'dime.kommune.egedal', 'egedal', 0, 0, 1, 0, ''),
('dime.denmark.municipality', '250', 'dime.kommune.frederikssund', 'frederikssund', 0, 0, 1, 0, ''),
('dime.denmark.municipality', '253', 'dime.kommune.greve', 'greve', 0, 0, 1, 0, ''),
('dime.denmark.municipality', '259', 'dime.kommune.koge', 'koge', 0, 0, 1, 0, ''),
('dime.denmark.municipality', '260', 'dime.kommune.halsnaes', 'halsnaes', 0, 0, 1, 0, ''),
('dime.denmark.municipality', '265', 'dime.kommune.roskilde', 'roskilde', 0, 0, 1, 0, ''),
('dime.denmark.municipality', '269', 'dime.kommune.solrod', 'solrod', 0, 0, 1, 0, ''),
('dime.denmark.municipality', '270', 'dime.kommune.gribskov', 'gribskov', 0, 0, 1, 0, ''),
('dime.denmark.municipality', '306', 'dime.kommune.odsherred', 'odsherred', 0, 0, 1, 0, ''),
('dime.denmark.municipality', '316', 'dime.kommune.holbaek', 'holbaek', 0, 0, 1, 0, ''),
('dime.denmark.municipality', '320', 'dime.kommune.faxe', 'faxe', 0, 0, 1, 0, ''),
('dime.denmark.municipality', '326', 'dime.kommune.kalundborg', 'kalundborg', 0, 0, 1, 0, ''),
('dime.denmark.municipality', '329', 'dime.kommune.ringsted', 'ringsted', 0, 0, 1, 0, ''),
('dime.denmark.municipality', '330', 'dime.kommune.slagelse', 'slagelse', 0, 0, 1, 0, ''),
('dime.denmark.municipality', '336', 'dime.kommune.stevns', 'stevns', 0, 0, 1, 0, ''),
('dime.denmark.municipality', '340', 'dime.kommune.soro', 'soro', 0, 0, 1, 0, ''),
('dime.denmark.municipality', '350', 'dime.kommune.lejre', 'lejre', 0, 0, 1, 0, ''),
('dime.denmark.municipality', '360', 'dime.kommune.lolland', 'lolland', 0, 0, 1, 0, ''),
('dime.denmark.municipality', '370', 'dime.kommune.naestved', 'naestved', 0, 0, 1, 0, ''),
('dime.denmark.municipality', '376', 'dime.kommune.guldborgsund', 'guldborgsund', 0, 0, 1, 0, ''),
('dime.denmark.municipality', '390', 'dime.kommune.vordingborg', 'vordingborg', 0, 0, 1, 0, ''),
('dime.denmark.municipality', '400', 'dime.kommune.bornholm', 'bornholm', 0, 0, 1, 0, ''),
('dime.denmark.municipality', '410', 'dime.kommune.middelfart', 'middelfart', 0, 0, 1, 0, ''),
('dime.denmark.municipality', '420', 'dime.kommune.assens', 'assens', 0, 0, 1, 0, ''),
('dime.denmark.municipality', '430', 'dime.kommune.faaborgmidtfyn', 'faaborgmidtfyn', 0, 0, 1, 0, ''),
('dime.denmark.municipality', '440', 'dime.kommune.kerteminde', 'kerteminde', 0, 0, 1, 0, ''),
('dime.denmark.municipality', '450', 'dime.kommune.nyborg', 'nyborg', 0, 0, 1, 0, ''),
('dime.denmark.municipality', '461', 'dime.kommune.odense', 'odense', 0, 0, 1, 0, ''),
('dime.denmark.municipality', '479', 'dime.kommune.svendborg', 'svendborg', 0, 0, 1, 0, ''),
('dime.denmark.municipality', '480', 'dime.kommune.nordfyns', 'nordfyns', 0, 0, 1, 0, ''),
('dime.denmark.municipality', '482', 'dime.kommune.langeland', 'langeland', 0, 0, 1, 0, ''),
('dime.denmark.municipality', '492', 'dime.kommune.aero', 'aero', 0, 0, 1, 0, ''),
('dime.denmark.municipality', '510', 'dime.kommune.haderslev', 'haderslev', 0, 0, 1, 0, ''),
('dime.denmark.municipality', '530', 'dime.kommune.billund', 'billund', 0, 0, 1, 0, ''),
('dime.denmark.municipality', '540', 'dime.kommune.sonderborg', 'sonderborg', 0, 0, 1, 0, ''),
('dime.denmark.municipality', '550', 'dime.kommune.tonder', 'tonder', 0, 0, 1, 0, ''),
('dime.denmark.municipality', '561', 'dime.kommune.esbjerg', 'esbjerg', 0, 0, 1, 0, ''),
('dime.denmark.municipality', '563', 'dime.kommune.fano', 'fano', 0, 0, 1, 0, ''),
('dime.denmark.municipality', '573', 'dime.kommune.varde', 'varde', 0, 0, 1, 0, ''),
('dime.denmark.municipality', '575', 'dime.kommune.vejen', 'vejen', 0, 0, 1, 0, ''),
('dime.denmark.municipality', '580', 'dime.kommune.aabenraa', 'aabenraa', 0, 0, 1, 0, ''),
('dime.denmark.municipality', '607', 'dime.kommune.fredericia', 'fredericia', 0, 0, 1, 0, ''),
('dime.denmark.municipality', '615', 'dime.kommune.horsens', 'horsens', 0, 0, 1, 0, ''),
('dime.denmark.municipality', '621', 'dime.kommune.kolding', 'kolding', 0, 0, 1, 0, ''),
('dime.denmark.municipality', '630', 'dime.kommune.vejle', 'vejle', 0, 0, 1, 0, ''),
('dime.denmark.municipality', '657', 'dime.kommune.herning', 'herning', 0, 0, 1, 0, ''),
('dime.denmark.municipality', '661', 'dime.kommune.holstebro', 'holstebro', 0, 0, 1, 0, ''),
('dime.denmark.municipality', '665', 'dime.kommune.lemvig', 'lemvig', 0, 0, 1, 0, ''),
('dime.denmark.municipality', '671', 'dime.kommune.struer', 'struer', 0, 0, 1, 0, ''),
('dime.denmark.municipality', '706', 'dime.kommune.syddjurs', 'syddjurs', 0, 0, 1, 0, ''),
('dime.denmark.municipality', '707', 'dime.kommune.norddjurs', 'norddjurs', 0, 0, 1, 0, ''),
('dime.denmark.municipality', '710', 'dime.kommune.favrskov', 'favrskov', 0, 0, 1, 0, ''),
('dime.denmark.municipality', '727', 'dime.kommune.odder', 'odder', 0, 0, 1, 0, ''),
('dime.denmark.municipality', '730', 'dime.kommune.randers', 'randers', 0, 0, 1, 0, ''),
('dime.denmark.municipality', '740', 'dime.kommune.silkeborg', 'silkeborg', 0, 0, 1, 0, ''),
('dime.denmark.municipality', '741', 'dime.kommune.samso', 'samso', 0, 0, 1, 0, ''),
('dime.denmark.municipality', '746', 'dime.kommune.skanderborg', 'skanderborg', 0, 0, 1, 0, ''),
('dime.denmark.municipality', '751', 'dime.kommune.arhus', 'arhus', 0, 0, 1, 0, ''),
('dime.denmark.municipality', '756', 'dime.kommune.ikastbrande', 'ikastbrande', 0, 0, 1, 0, ''),
('dime.denmark.municipality', '760', 'dime.kommune.ringkobingskjern', 'ringkobingskjern', 0, 0, 1, 0, ''),
('dime.denmark.municipality', '766', 'dime.kommune.hedensted', 'hedensted', 0, 0, 1, 0, ''),
('dime.denmark.municipality', '773', 'dime.kommune.morso', 'morso', 0, 0, 1, 0, ''),
('dime.denmark.municipality', '779', 'dime.kommune.skive', 'skive', 0, 0, 1, 0, ''),
('dime.denmark.municipality', '787', 'dime.kommune.thisted', 'thisted', 0, 0, 1, 0, ''),
('dime.denmark.municipality', '791', 'dime.kommune.viborg', 'viborg', 0, 0, 1, 0, ''),
('dime.denmark.municipality', '810', 'dime.kommune.bronderslev', 'bronderslev', 0, 0, 1, 0, ''),
('dime.denmark.municipality', '813', 'dime.kommune.frederikshavn', 'frederikshavn', 0, 0, 1, 0, ''),
('dime.denmark.municipality', '820', 'dime.kommune.vesthimmerland', 'vesthimmerland', 0, 0, 1, 0, ''),
('dime.denmark.municipality', '825', 'dime.kommune.laeso', 'laeso', 0, 0, 1, 0, ''),
('dime.denmark.municipality', '840', 'dime.kommune.rebild', 'rebild', 0, 0, 1, 0, ''),
('dime.denmark.municipality', '846', 'dime.kommune.mariagerfjord', 'mariagerfjord', 0, 0, 1, 0, ''),
('dime.denmark.municipality', '849', 'dime.kommune.jammerbugt', 'jammerbugt', 0, 0, 1, 0, ''),
('dime.denmark.municipality', '851', 'dime.kommune.aalborg', 'aalborg', 0, 0, 1, 0, ''),
('dime.denmark.municipality', '860', 'dime.kommune.hjorring', 'hjorring', 0, 0, 1, 0, ''),
('dime.denmark.region', 'DK01', 'dime.region.hovedstaden', 'hovedstaden', 0, 0, 1, 0, ''),
('dime.denmark.region', 'DK02', 'dime.region.sjaelland', 'sjaelland', 0, 0, 1, 0, ''),
('dime.denmark.region', 'DK03', 'dime.region.syddanmark', 'syddanmark', 0, 0, 1, 0, ''),
('dime.denmark.region', 'DK04', 'dime.region.midtjylland', 'midtjylland', 0, 0, 1, 0, ''),
('dime.denmark.region', 'DK05', 'dime.region.nordjylland', 'nordjylland', 0, 0, 1, 0, ''),
('dime.find.condition', 'fragmented', 'dime.find.condition.fragmented', '', 0, 0, 1, 0, ''),
('dime.find.condition', 'modified', 'dime.find.condition.modified', '', 0, 0, 1, 0, ''),
('dime.find.condition', 'unfinished', 'dime.find.condition.unfinished', '', 0, 0, 1, 0, ''),
('dime.find.condition', 'whole', 'dime.find.condition.whole', '', 1, 0, 1, 0, ''),
('dime.find.custody', 'destroyed', 'dime.find.custody.destroyed', '', 0, 0, 1, 0, ''),
('dime.find.custody', 'discarded', 'dime.find.custody.discarded', '', 0, 0, 1, 0, ''),
('dime.find.custody', 'held', 'dime.find.custody.held', '', 0, 1, 1, 0, ''),
('dime.find.custody', 'lost', 'dime.find.custody.lost', '', 0, 0, 1, 0, ''),
('dime.find.custody', 'requested', 'dime.find.custody.requested', '', 0, 0, 1, 0, ''),
('dime.find.custody', 'sent', 'dime.find.custody.sent', '', 0, 0, 1, 0, ''),
('dime.find.process', 'accessioned', 'dime.find.process.accessioned', '', 0, 0, 1, 0, ''),
('dime.find.process', 'assessed', 'dime.find.process.assessed', '', 0, 0, 1, 0, ''),
('dime.find.process', 'deleted', 'dime.find.process.deleted', '', 0, 0, 1, 0, ''),
('dime.find.process', 'evaluated', 'dime.find.process.evaluated', '', 0, 0, 1, 0, ''),
('dime.find.process', 'inactive', 'dime.find.process.inactive', '', 0, 0, 1, 0, ''),
('dime.find.process', 'recorded', 'dime.find.process.recorded', '', 0, 1, 1, 0, ''),
('dime.find.process', 'rejected', 'dime.find.process.rejected', '', 0, 0, 1, 0, ''),
('dime.find.process', 'released', 'dime.find.process.released', '', 0, 0, 1, 0, ''),
('dime.find.process', 'reported', 'dime.find.process.reported', '', 0, 0, 1, 0, ''),
('dime.find.process', 'validated', 'dime.find.process.validated', '', 0, 0, 1, 0, ''),
('dime.find.secondary', 'enamel', 'dime.find.secondary.enamel', '', 0, 0, 1, 0, ''),
('dime.find.secondary', 'gilded', 'dime.find.secondary.gilded', '', 0, 0, 1, 0, ''),
('dime.find.secondary', 'glass', 'dime.find.secondary.glass', '', 0, 0, 1, 0, ''),
('dime.find.secondary', 'iron', 'dime.find.secondary.iron', '', 0, 0, 1, 0, ''),
('dime.find.secondary', 'looped', 'dime.find.secondary.looped', '', 0, 0, 1, 0, ''),
('dime.find.secondary', 'niello', 'dime.find.secondary.niello', '', 0, 0, 1, 0, ''),
('dime.find.secondary', 'organic', 'dime.find.secondary.organic', '', 0, 0, 1, 0, ''),
('dime.find.secondary', 'stone', 'dime.find.secondary.stone', '', 0, 0, 1, 0, ''),
('dime.find.secondary', 'tinned', 'dime.find.secondary.tinned', '', 0, 0, 1, 0, ''),
('dime.find.secondary', 'zz', 'dime.find.secondary.other', 'other', 0, 0, 1, 0, ''),
('dime.find.subtype', 'accessory.bell', 'dime.find.subtype.accessory.bell', '', 0, 0, 0, 0, ''),
('dime.find.subtype', 'accessory.brooch', 'dime.find.subtype.accessory.brooch', '', 0, 0, 0, 0, ''),
('dime.find.subtype', 'accessory.buckle', 'dime.find.subtype.accessory.buckle', '', 0, 0, 0, 0, ''),
('dime.find.subtype', 'accessory.button', 'dime.find.subtype.accessory.button', '', 0, 0, 0, 0, ''),
('dime.find.subtype', 'accessory.button.bar', 'dime.find.subtype.accessory.button.bar', '', 0, 0, 0, 0, ''),
('dime.find.subtype', 'accessory.button.other', 'dime.find.subtype.accessory.button.other', '', 0, 0, 0, 0, ''),
('dime.find.subtype', 'accessory.button.round', 'dime.find.subtype.accessory.button.round', '', 0, 0, 0, 0, ''),
('dime.find.subtype', 'accessory.button.stud', 'dime.find.subtype.accessory.button.stud', '', 0, 0, 0, 0, ''),
('dime.find.subtype', 'accessory.fitting', 'dime.find.subtype.accessory.fitting', '', 0, 0, 0, 0, ''),
('dime.find.subtype', 'accessory.fitting.belt', 'dime.find.subtype.accessory.fitting.belt', '', 0, 0, 0, 0, ''),
('dime.find.subtype', 'accessory.fitting.other', 'dime.find.subtype.accessory.fitting.other', '', 0, 0, 0, 0, ''),
('dime.find.subtype', 'accessory.hook', 'dime.find.subtype.accessory.hook', '', 0, 0, 0, 0, ''),
('dime.find.subtype', 'accessory.jewelery', 'dime.find.subtype.accessory.jewelery', '', 0, 0, 0, 0, ''),
('dime.find.subtype', 'accessory.jewelery.bracelet', 'dime.find.subtype.accessory.jewelery.bracelet', '', 0, 0, 0, 0, ''),
('dime.find.subtype', 'accessory.jewelery.bracteate', 'dime.find.subtype.accessory.jewelery.bracteate', '', 0, 0, 0, 0, ''),
('dime.find.subtype', 'accessory.jewelery.earring', 'dime.find.subtype.accessory.jewelery.earring', '', 0, 0, 0, 0, ''),
('dime.find.subtype', 'accessory.jewelery.necklace', 'dime.find.subtype.accessory.jewelery.necklace', '', 0, 0, 0, 0, ''),
('dime.find.subtype', 'accessory.jewelery.other', 'dime.find.subtype.accessory.jewelery.other', '', 0, 0, 0, 0, ''),
('dime.find.subtype', 'accessory.jewelery.pasyning', 'dime.find.subtype.accessory.jewelery.pasyning', '', 0, 0, 0, 0, ''),
('dime.find.subtype', 'accessory.jewelery.pearl', 'dime.find.subtype.accessory.jewelery.pearl', '', 0, 0, 0, 0, ''),
('dime.find.subtype', 'accessory.jewelery.pendant', 'dime.find.subtype.accessory.jewelery.pendant', '', 0, 0, 0, 0, ''),
('dime.find.subtype', 'accessory.jewelery.ring', 'dime.find.subtype.accessory.jewelery.ring', '', 0, 0, 0, 0, ''),
('dime.find.subtype', 'accessory.lace', 'dime.find.subtype.accessory.lace', '', 0, 0, 0, 0, ''),
('dime.find.subtype', 'accessory.medal', 'dime.find.subtype.accessory.medal', '', 0, 0, 0, 0, ''),
('dime.find.subtype', 'accessory.other', 'dime.find.subtype.accessory.other', '', 0, 0, 0, 0, ''),
('dime.find.subtype', 'accessory.pilgrim', 'dime.find.subtype.accessory.pilgrim', '', 0, 0, 0, 0, ''),
('dime.find.subtype', 'accessory.pin', 'dime.find.subtype.accessory.pin', '', 0, 0, 0, 0, ''),
('dime.find.subtype', 'accessory.tutulus', 'dime.find.subtype.accessory.tutulus', '', 0, 0, 0, 0, ''),
('dime.find.subtype', 'coin.danish', 'dime.find.subtype.coin.danish', '', 0, 0, 0, 0, ''),
('dime.find.subtype', 'coin.danish.civilwar', 'dime.find.subtype.coin.danish.civilwar', '', 0, 0, 0, 0, ''),
('dime.find.subtype', 'coin.danish.early', 'dime.find.subtype.coin.danish.early', '', 0, 0, 0, 0, ''),
('dime.find.subtype', 'coin.danish.hvide', 'dime.find.subtype.coin.danish.hvide', '', 0, 0, 0, 0, ''),
('dime.find.subtype', 'coin.danish.klipping', 'dime.find.subtype.coin.danish.klipping', '', 0, 0, 0, 0, ''),
('dime.find.subtype', 'coin.danish.other', 'dime.find.subtype.coin.danish.other', '', 0, 0, 0, 0, ''),
('dime.find.subtype', 'coin.danish.søsling', 'dime.find.subtype.coin.danish.søsling', '', 0, 0, 0, 0, ''),
('dime.find.subtype', 'coin.danish.sterling', 'dime.find.subtype.coin.danish.sterling', '', 0, 0, 0, 0, ''),
('dime.find.subtype', 'coin.foreign', 'dime.find.subtype.coin.foreign', '', 0, 0, 0, 0, ''),
('dime.find.subtype', 'coin.foreign.hohlpfennig', 'dime.find.subtype.coin.foreign.hohlpfennig', '', 0, 0, 0, 0, ''),
('dime.find.subtype', 'coin.foreign.hvide', 'dime.find.subtype.coin.foreign.hvide', '', 0, 0, 0, 0, ''),
('dime.find.subtype', 'coin.foreign.other', 'dime.find.subtype.coin.foreign.other', '', 0, 0, 0, 0, ''),
('dime.find.subtype', 'coin.foreign.sterling', 'dime.find.subtype.coin.foreign.sterling', '', 0, 0, 0, 0, ''),
('dime.find.subtype', 'coin.foreign.tournois', 'dime.find.subtype.coin.foreign.tournois', '', 0, 0, 0, 0, ''),
('dime.find.subtype', 'coin.jeton', 'dime.find.subtype.coin.jeton', '', 0, 0, 0, 0, ''),
('dime.find.subtype', 'coin.modern', 'dime.find.subtype.coin.modern', '', 0, 0, 0, 0, ''),
('dime.find.subtype', 'coin.modern.danish', 'dime.find.subtype.coin.modern.danish', '', 0, 0, 0, 0, ''),
('dime.find.subtype', 'coin.modern.foreign', 'dime.find.subtype.coin.modern.foreign', '', 0, 0, 0, 0, ''),
('dime.find.subtype', 'coin.other', 'dime.find.subtype.coin.other', '', 0, 0, 0, 0, ''),
('dime.find.subtype', 'coin.roman', 'dime.find.subtype.coin.roman', '', 0, 0, 0, 0, ''),
('dime.find.subtype', 'coin.roman.aureus', 'dime.find.subtype.coin.roman.aureus', '', 0, 0, 0, 0, ''),
('dime.find.subtype', 'coin.roman.denarius', 'dime.find.subtype.coin.roman.denarius', '', 0, 0, 0, 0, ''),
('dime.find.subtype', 'coin.roman.other', 'dime.find.subtype.coin.roman.other', '', 0, 0, 0, 0, ''),
('dime.find.subtype', 'coin.roman.sestertius', 'dime.find.subtype.coin.roman.sestertius', '', 0, 0, 0, 0, ''),
('dime.find.subtype', 'coin.roman.siliqua', 'dime.find.subtype.coin.roman.siliqua', '', 0, 0, 0, 0, ''),
('dime.find.subtype', 'coin.roman.solidus', 'dime.find.subtype.coin.roman.solidus', '', 0, 0, 0, 0, ''),
('dime.find.subtype', 'coin.viking', 'dime.find.subtype.coin.viking', '', 0, 0, 0, 0, ''),
('dime.find.subtype', 'coin.viking.byzantine', 'dime.find.subtype.coin.viking.byzantine', '', 0, 0, 0, 0, ''),
('dime.find.subtype', 'coin.viking.carolingian', 'dime.find.subtype.coin.viking.carolingian', '', 0, 0, 0, 0, ''),
('dime.find.subtype', 'coin.viking.denarius', 'dime.find.subtype.coin.viking.denarius', '', 0, 0, 0, 0, ''),
('dime.find.subtype', 'coin.viking.dirham', 'dime.find.subtype.coin.viking.dirham', '', 0, 0, 0, 0, ''),
('dime.find.subtype', 'coin.viking.english', 'dime.find.subtype.coin.viking.english', '', 0, 0, 0, 0, ''),
('dime.find.subtype', 'coin.viking.german', 'dime.find.subtype.coin.viking.german', '', 0, 0, 0, 0, ''),
('dime.find.subtype', 'coin.viking.nordic', 'dime.find.subtype.coin.viking.nordic', '', 0, 0, 0, 0, ''),
('dime.find.subtype', 'coin.viking.other', 'dime.find.subtype.coin.viking.other', '', 0, 0, 0, 0, ''),
('dime.find.subtype', 'coin.viking.penny', 'dime.find.subtype.coin.viking.penny', '', 0, 0, 0, 0, ''),
('dime.find.subtype', 'coin.viking.phennig', 'dime.find.subtype.coin.viking.phennig', '', 0, 0, 0, 0, ''),
('dime.find.subtype', 'coin.viking.sceat', 'dime.find.subtype.coin.viking.sceat', '', 0, 0, 0, 0, ''),
('dime.find.subtype', 'fibula.beak', 'dime.find.subtype.fibula.beak', '', 0, 0, 1, 0, ''),
('dime.find.subtype', 'fibula.bird.above', 'dime.find.subtype.fibula.bird.above', '', 0, 0, 0, 0, ''),
('dime.find.subtype', 'fibula.bird.profile', 'dime.find.subtype.fibula.bird.profile', '', 0, 0, 0, 0, ''),
('dime.find.subtype', 'fibula.bow', 'dime.find.subtype.fibula.bow', '', 0, 0, 0, 0, ''),
('dime.find.subtype', 'fibula.bow.ball', 'dime.find.subtype.fibula.bow.ball', '', 0, 0, 0, 0, ''),
('dime.find.subtype', 'fibula.bow.band', 'dime.find.subtype.fibula.bow.band', '', 0, 0, 0, 0, ''),
('dime.find.subtype', 'fibula.bow.bilateral', 'dime.find.subtype.fibula.bow.bilateral', '', 0, 0, 0, 0, ''),
('dime.find.subtype', 'fibula.bow.button', 'dime.find.subtype.fibula.bow.button', '', 0, 0, 0, 0, ''),
('dime.find.subtype', 'fibula.bow.cross', 'dime.find.subtype.fibula.bow.cross', '', 0, 0, 0, 0, ''),
('dime.find.subtype', 'fibula.bow.foot', 'dime.find.subtype.fibula.bow.foot', '', 0, 0, 0, 0, ''),
('dime.find.subtype', 'fibula.bow.high', 'dime.find.subtype.fibula.bow.high', '', 0, 0, 0, 0, ''),
('dime.find.subtype', 'fibula.bow.other', 'dime.find.subtype.fibula.bow.other', '', 0, 0, 0, 0, ''),
('dime.find.subtype', 'fibula.bow.relief', 'dime.find.subtype.fibula.bow.relief', '', 0, 0, 0, 0, ''),
('dime.find.subtype', 'fibula.bowl', 'dime.find.subtype.fibula.bowl', '', 0, 0, 0, 0, ''),
('dime.find.subtype', 'fibula.bowl.animal', 'dime.find.subtype.fibula.bowl.animal', '', 0, 0, 0, 0, ''),
('dime.find.subtype', 'fibula.bowl.circular', 'dime.find.subtype.fibula.bowl.circular', '', 0, 0, 0, 0, ''),
('dime.find.subtype', 'fibula.bowl.large', 'dime.find.subtype.fibula.bowl.large', '', 0, 0, 0, 0, ''),
('dime.find.subtype', 'fibula.bowl.other', 'dime.find.subtype.fibula.bowl.other', '', 0, 0, 0, 0, ''),
('dime.find.subtype', 'fibula.bowl.small', 'dime.find.subtype.fibula.bowl.small', '', 0, 0, 0, 0, ''),
('dime.find.subtype', 'fibula.circular', 'dime.find.subtype.fibula.circular', '', 0, 0, 0, 0, ''),
('dime.find.subtype', 'fibula.circular.large', 'dime.find.subtype.fibula.circular.large', '', 0, 0, 0, 0, ''),
('dime.find.subtype', 'fibula.circular.other', 'dime.find.subtype.fibula.circular.other', '', 0, 0, 0, 0, ''),
('dime.find.subtype', 'fibula.circular.small', 'dime.find.subtype.fibula.circular.small', '', 0, 0, 0, 0, ''),
('dime.find.subtype', 'fibula.circular.tin', 'dime.find.subtype.fibula.circular.tin', '', 0, 0, 0, 0, ''),
('dime.find.subtype', 'fibula.enamel', 'dime.find.subtype.fibula.enamel', '', 0, 0, 0, 0, ''),
('dime.find.subtype', 'fibula.enamel.central', 'dime.find.subtype.fibula.enamel.central', '', 0, 0, 0, 0, ''),
('dime.find.subtype', 'fibula.enamel.cross', 'dime.find.subtype.fibula.enamel.cross', '', 0, 0, 0, 0, ''),
('dime.find.subtype', 'fibula.enamel.multiple', 'dime.find.subtype.fibula.enamel.multiple', '', 0, 0, 0, 0, ''),
('dime.find.subtype', 'fibula.enamel.other', 'dime.find.subtype.fibula.enamel.other', '', 0, 0, 0, 0, ''),
('dime.find.subtype', 'fibula.equalarm', 'dime.find.subtype.fibula.equalarm', '', 0, 0, 0, 0, ''),
('dime.find.subtype', 'fibula.equalarm.large', 'dime.find.subtype.fibula.equalarm.large', '', 0, 0, 0, 0, ''),
('dime.find.subtype', 'fibula.equalarm.other', 'dime.find.subtype.fibula.equalarm.other', '', 0, 0, 0, 0, ''),
('dime.find.subtype', 'fibula.equalarm.small', 'dime.find.subtype.fibula.equalarm.small', '', 0, 0, 0, 0, ''),
('dime.find.subtype', 'fibula.healing', 'dime.find.subtype.fibula.healing', '', 0, 0, 0, 0, ''),
('dime.find.subtype', 'fibula.healing.aalborg', 'dime.find.subtype.fibula.healing.aalborg', '', 0, 0, 0, 0, ''),
('dime.find.subtype', 'fibula.healing.lamb', 'dime.find.subtype.fibula.healing.lamb', '', 0, 0, 0, 0, ''),
('dime.find.subtype', 'fibula.healing.other', 'dime.find.subtype.fibula.healing.other', '', 0, 0, 0, 0, ''),
('dime.find.subtype', 'fibula.healing.urnes', 'dime.find.subtype.fibula.healing.urnes', '', 0, 0, 0, 0, ''),
('dime.find.subtype', 'fibula.other', 'dime.find.subtype.fibula.other', '', 0, 0, 0, 0, ''),
('dime.find.subtype', 'fibula.plate', 'dime.find.subtype.fibula.plate', '', 0, 0, 0, 0, ''),
('dime.find.subtype', 'fibula.plate.bird', 'dime.find.subtype.fibula.plate.bird', '', 0, 0, 0, 0, ''),
('dime.find.subtype', 'fibula.plate.circular', 'dime.find.subtype.fibula.plate.circular', '', 0, 0, 0, 0, ''),
('dime.find.subtype', 'fibula.plate.coin', 'dime.find.subtype.fibula.plate.coin', '', 0, 0, 0, 0, ''),
('dime.find.subtype', 'fibula.plate.horse', 'dime.find.subtype.fibula.plate.horse', '', 0, 0, 0, 0, ''),
('dime.find.subtype', 'fibula.plate.other', 'dime.find.subtype.fibula.plate.other', '', 0, 0, 0, 0, ''),
('dime.find.subtype', 'fibula.plate.oval', 'dime.find.subtype.fibula.plate.oval', '', 0, 0, 0, 0, ''),
('dime.find.subtype', 'fibula.plate.råhede', 'dime.find.subtype.fibula.plate.råhede', '', 0, 0, 0, 0, ''),
('dime.find.subtype', 'fibula.plate.rectangular', 'dime.find.subtype.fibula.plate.rectangular', '', 0, 0, 0, 0, ''),
('dime.find.subtype', 'fibula.plate.ship', 'dime.find.subtype.fibula.plate.ship', '', 0, 0, 0, 0, ''),
('dime.find.subtype', 'fibula.plate.snake', 'dime.find.subtype.fibula.plate.snake', '', 0, 0, 0, 0, ''),
('dime.find.subtype', 'fibula.plate.swastika', 'dime.find.subtype.fibula.plate.swastika', '', 0, 0, 0, 0, ''),
('dime.find.subtype', 'fibula.plate.tongue', 'dime.find.subtype.fibula.plate.tongue', '', 0, 0, 0, 0, ''),
('dime.find.subtype', 'fibula.plate.valkyrie', 'dime.find.subtype.fibula.plate.valkyrie', '', 0, 0, 0, 0, ''),
('dime.find.subtype', 'fibula.ring', 'dime.find.subtype.fibula.ring', '', 0, 0, 0, 0, ''),
('dime.find.subtype', 'fibula.ring.circular', 'dime.find.subtype.fibula.ring.circular', '', 0, 0, 0, 0, ''),
('dime.find.subtype', 'fibula.ring.heart', 'dime.find.subtype.fibula.ring.heart', '', 0, 0, 0, 0, ''),
('dime.find.subtype', 'fibula.ring.other', 'dime.find.subtype.fibula.ring.other', '', 0, 0, 0, 0, ''),
('dime.find.subtype', 'fibula.ring.star', 'dime.find.subtype.fibula.ring.star', '', 0, 0, 0, 0, ''),
('dime.find.subtype', 'fibula.trilobal', 'dime.find.subtype.fibula.trilobal', '', 0, 0, 0, 0, ''),
('dime.find.subtype', 'fibula.viking', 'dime.find.subtype.fibula.viking', '', 0, 0, 0, 0, ''),
('dime.find.subtype', 'fibula.viking.other', 'dime.find.subtype.fibula.viking.other', '', 0, 0, 0, 0, ''),
('dime.find.subtype', 'fibula.viking.rhombic', 'dime.find.subtype.fibula.viking.rhombic', '', 0, 0, 0, 0, ''),
('dime.find.subtype', 'fibula.viking.ring', 'dime.find.subtype.fibula.viking.ring', '', 0, 0, 0, 0, ''),
('dime.find.subtype', 'fibula.viking.roof', 'dime.find.subtype.fibula.viking.roof', '', 0, 0, 0, 0, ''),
('dime.find.subtype', 'metal.ingot', 'dime.find.subtype.metal.ingot', '', 0, 0, 0, 0, ''),
('dime.find.subtype', 'metal.mold', 'dime.find.subtype.metal.mold', '', 0, 0, 0, 0, ''),
('dime.find.subtype', 'metal.other', 'dime.find.subtype.metal.other', '', 0, 0, 0, 0, ''),
('dime.find.subtype', 'metal.rest', 'dime.find.subtype.metal.rest', '', 0, 0, 0, 0, ''),
('dime.find.subtype', 'metal.slag', 'dime.find.subtype.metal.slag', '', 0, 0, 0, 0, '');
INSERT INTO `ark_vocabulary_term` (`concept`, `term`, `keyword`, `alias`, `is_default`, `root`, `enabled`, `deprecated`, `description`) VALUES
('dime.find.subtype', 'metal.tin', 'dime.find.subtype.metal.tin', '', 0, 0, 0, 0, ''),
('dime.find.subtype', 'military.ammunition', 'dime.find.subtype.military.ammunition', '', 0, 0, 0, 0, ''),
('dime.find.subtype', 'military.armor', 'dime.find.subtype.military.armor', '', 0, 0, 0, 0, ''),
('dime.find.subtype', 'military.arrow', 'dime.find.subtype.military.arrow', '', 0, 0, 0, 0, ''),
('dime.find.subtype', 'military.firearm', 'dime.find.subtype.military.firearm', '', 0, 0, 0, 0, ''),
('dime.find.subtype', 'military.fitting', 'dime.find.subtype.military.fitting', '', 0, 0, 0, 0, ''),
('dime.find.subtype', 'military.fitting.other', 'dime.find.subtype.military.fitting.other', '', 0, 0, 0, 0, ''),
('dime.find.subtype', 'military.fitting.sheath', 'dime.find.subtype.military.fitting.sheath', '', 0, 0, 0, 0, ''),
('dime.find.subtype', 'military.fitting.uniform', 'dime.find.subtype.military.fitting.uniform', '', 0, 0, 0, 0, ''),
('dime.find.subtype', 'military.helmet', 'dime.find.subtype.military.helmet', '', 0, 0, 0, 0, ''),
('dime.find.subtype', 'military.melee', 'dime.find.subtype.military.melee', '', 0, 0, 0, 0, ''),
('dime.find.subtype', 'military.melee.axe', 'dime.find.subtype.military.melee.axe', '', 0, 0, 0, 0, ''),
('dime.find.subtype', 'military.melee.blunt', 'dime.find.subtype.military.melee.blunt', '', 0, 0, 0, 0, ''),
('dime.find.subtype', 'military.melee.knife', 'dime.find.subtype.military.melee.knife', '', 0, 0, 0, 0, ''),
('dime.find.subtype', 'military.melee.other', 'dime.find.subtype.military.melee.other', '', 0, 0, 0, 0, ''),
('dime.find.subtype', 'military.melee.pointed', 'dime.find.subtype.military.melee.pointed', '', 0, 0, 0, 0, ''),
('dime.find.subtype', 'military.melee.sword', 'dime.find.subtype.military.melee.sword', '', 0, 0, 0, 0, ''),
('dime.find.subtype', 'military.other', 'dime.find.subtype.military.other', '', 0, 0, 0, 0, ''),
('dime.find.subtype', 'military.shield', 'dime.find.subtype.military.shield', '', 0, 0, 0, 0, ''),
('dime.find.subtype', 'tool.equestrian', 'dime.find.subtype.tool.equestrian', '', 0, 0, 0, 0, ''),
('dime.find.subtype', 'tool.equestrian.bell', 'dime.find.subtype.tool.equestrian.bell', '', 0, 0, 0, 0, ''),
('dime.find.subtype', 'tool.equestrian.bridle', 'dime.find.subtype.tool.equestrian.bridle', '', 0, 0, 0, 0, ''),
('dime.find.subtype', 'tool.equestrian.cheek', 'dime.find.subtype.tool.equestrian.cheek', '', 0, 0, 0, 0, ''),
('dime.find.subtype', 'tool.equestrian.other', 'dime.find.subtype.tool.equestrian.other', '', 0, 0, 0, 0, ''),
('dime.find.subtype', 'tool.equestrian.shoe', 'dime.find.subtype.tool.equestrian.shoe', '', 0, 0, 0, 0, ''),
('dime.find.subtype', 'tool.equestrian.stirrup', 'dime.find.subtype.tool.equestrian.stirrup', '', 0, 0, 0, 0, ''),
('dime.find.subtype', 'tool.equestrian.tack', 'dime.find.subtype.tool.equestrian.tack', '', 0, 0, 0, 0, ''),
('dime.find.subtype', 'tool.house', 'dime.find.subtype.tool.house', '', 0, 0, 0, 0, ''),
('dime.find.subtype', 'tool.house.crockery', 'dime.find.subtype.tool.house.crockery', '', 0, 0, 0, 0, ''),
('dime.find.subtype', 'tool.house.cutlery', 'dime.find.subtype.tool.house.cutlery', '', 0, 0, 0, 0, ''),
('dime.find.subtype', 'tool.house.fixtures', 'dime.find.subtype.tool.house.fixtures', '', 0, 0, 0, 0, ''),
('dime.find.subtype', 'tool.house.key', 'dime.find.subtype.tool.house.key', '', 0, 0, 0, 0, ''),
('dime.find.subtype', 'tool.house.knife', 'dime.find.subtype.tool.house.knife', '', 0, 0, 0, 0, ''),
('dime.find.subtype', 'tool.house.light', 'dime.find.subtype.tool.house.light', '', 0, 0, 0, 0, ''),
('dime.find.subtype', 'tool.house.lock', 'dime.find.subtype.tool.house.lock', '', 0, 0, 0, 0, ''),
('dime.find.subtype', 'tool.house.other', 'dime.find.subtype.tool.house.other', '', 0, 0, 0, 0, ''),
('dime.find.subtype', 'tool.house.pot', 'dime.find.subtype.tool.house.pot', '', 0, 0, 0, 0, ''),
('dime.find.subtype', 'tool.house.scissors', 'dime.find.subtype.tool.house.scissors', '', 0, 0, 0, 0, ''),
('dime.find.subtype', 'tool.house.striker', 'dime.find.subtype.tool.house.striker', '', 0, 0, 0, 0, ''),
('dime.find.subtype', 'tool.measure', 'dime.find.subtype.tool.measure', '', 0, 0, 0, 0, ''),
('dime.find.subtype', 'tool.measure.clip', 'dime.find.subtype.tool.measure.clip', '', 0, 0, 0, 0, ''),
('dime.find.subtype', 'tool.measure.ingot', 'dime.find.subtype.tool.measure.ingot', '', 0, 0, 0, 0, ''),
('dime.find.subtype', 'tool.measure.scale', 'dime.find.subtype.tool.measure.scale', '', 0, 0, 0, 0, ''),
('dime.find.subtype', 'tool.measure.weight', 'dime.find.subtype.tool.measure.weight', '', 0, 0, 0, 0, ''),
('dime.find.subtype', 'tool.other', 'dime.find.subtype.tool.other', '', 0, 0, 0, 0, ''),
('dime.find.subtype', 'tool.textile', 'dime.find.subtype.tool.textile', '', 0, 0, 0, 0, ''),
('dime.find.subtype', 'tool.textile.case', 'dime.find.subtype.tool.textile.case', '', 0, 0, 0, 0, ''),
('dime.find.subtype', 'tool.textile.needle', 'dime.find.subtype.tool.textile.needle', '', 0, 0, 0, 0, ''),
('dime.find.subtype', 'tool.textile.scissors', 'dime.find.subtype.tool.textile.scissors', '', 0, 0, 0, 0, ''),
('dime.find.subtype', 'tool.textile.thimble', 'dime.find.subtype.tool.textile.thimble', '', 0, 0, 0, 0, ''),
('dime.find.subtype', 'tool.textile.whorl', 'dime.find.subtype.tool.textile.whorl', '', 0, 0, 0, 0, ''),
('dime.find.subtype', 'tool.toilet', 'dime.find.subtype.tool.toilet', '', 0, 0, 0, 0, ''),
('dime.find.subtype', 'tool.toilet.comb', 'dime.find.subtype.tool.toilet.comb', '', 0, 0, 0, 0, ''),
('dime.find.subtype', 'tool.toilet.ear', 'dime.find.subtype.tool.toilet.ear', '', 0, 0, 0, 0, ''),
('dime.find.subtype', 'tool.toilet.other', 'dime.find.subtype.tool.toilet.other', '', 0, 0, 0, 0, ''),
('dime.find.subtype', 'tool.toilet.razor', 'dime.find.subtype.tool.toilet.razor', '', 0, 0, 0, 0, ''),
('dime.find.subtype', 'tool.toilet.tweezers', 'dime.find.subtype.tool.toilet.tweezers', '', 0, 0, 0, 0, ''),
('dime.find.subtype', 'tool.toy', 'dime.find.subtype.tool.toy', '', 0, 0, 0, 0, ''),
('dime.find.subtype', 'tool.toy.counter', 'dime.find.subtype.tool.toy.counter', '', 0, 0, 0, 0, ''),
('dime.find.subtype', 'tool.toy.dice', 'dime.find.subtype.tool.toy.dice', '', 0, 0, 0, 0, ''),
('dime.find.subtype', 'tool.toy.other', 'dime.find.subtype.tool.toy.other', '', 0, 0, 0, 0, ''),
('dime.find.subtype', 'tool.work', 'dime.find.subtype.tool.work', '', 0, 0, 0, 0, ''),
('dime.find.subtype', 'tool.work.axe', 'dime.find.subtype.tool.work.axe', '', 0, 0, 0, 0, ''),
('dime.find.subtype', 'tool.work.chisel', 'dime.find.subtype.tool.work.chisel', '', 0, 0, 0, 0, ''),
('dime.find.subtype', 'tool.work.drill', 'dime.find.subtype.tool.work.drill', '', 0, 0, 0, 0, ''),
('dime.find.subtype', 'tool.work.fitting', 'dime.find.subtype.tool.work.fitting', '', 0, 0, 0, 0, ''),
('dime.find.subtype', 'tool.work.hammer', 'dime.find.subtype.tool.work.hammer', '', 0, 0, 0, 0, ''),
('dime.find.subtype', 'tool.work.knife', 'dime.find.subtype.tool.work.knife', '', 0, 0, 0, 0, ''),
('dime.find.subtype', 'tool.work.nail', 'dime.find.subtype.tool.work.nail', '', 0, 0, 0, 0, ''),
('dime.find.subtype', 'tool.work.other', 'dime.find.subtype.tool.work.other', '', 0, 0, 0, 0, ''),
('dime.find.subtype', 'tool.work.pliars', 'dime.find.subtype.tool.work.pliars', '', 0, 0, 0, 0, ''),
('dime.find.subtype', 'tool.work.rivet', 'dime.find.subtype.tool.work.rivet', '', 0, 0, 0, 0, ''),
('dime.find.subtype', 'tool.work.sickle', 'dime.find.subtype.tool.work.sickle', '', 0, 0, 0, 0, ''),
('dime.find.subtype', 'tool.writing', 'dime.find.subtype.tool.writing', '', 0, 0, 0, 0, ''),
('dime.find.subtype', 'tool.writing.bylamulet', 'dime.find.subtype.tool.writing.bylamulet', '', 0, 0, 0, 0, ''),
('dime.find.subtype', 'tool.writing.clasp', 'dime.find.subtype.tool.writing.clasp', '', 0, 0, 0, 0, ''),
('dime.find.subtype', 'tool.writing.guldgubbe', 'dime.find.subtype.tool.writing.guldgubbe', '', 0, 0, 0, 0, ''),
('dime.find.subtype', 'tool.writing.runebrev', 'dime.find.subtype.tool.writing.runebrev', '', 0, 0, 0, 0, ''),
('dime.find.subtype', 'tool.writing.seal', 'dime.find.subtype.tool.writing.seal', '', 0, 0, 0, 0, ''),
('dime.find.subtype', 'tool.writing.stamp', 'dime.find.subtype.tool.writing.stamp', '', 0, 0, 0, 0, ''),
('dime.find.subtype', 'tool.writing.stylus', 'dime.find.subtype.tool.writing.stylus', '', 0, 0, 0, 0, ''),
('dime.find.type', 'accessory', 'dime.find.type.accessory', '', 0, 0, 1, 0, ''),
('dime.find.type', 'coin', 'dime.find.type.coin', '', 0, 0, 1, 0, ''),
('dime.find.type', 'fibula', 'dime.find.type.fibula', '', 0, 0, 1, 0, ''),
('dime.find.type', 'metal', 'dime.find.type.metal', '', 0, 0, 1, 0, ''),
('dime.find.type', 'military', 'dime.find.type.military', '', 0, 0, 1, 0, ''),
('dime.find.type', 'tool', 'dime.find.type.tool', '', 0, 0, 1, 0, ''),
('dime.material', 'ag', 'dime.material.silver', 'silver', 0, 0, 1, 0, ''),
('dime.material', 'al', 'dime.material.aluminium', 'aluminium', 0, 0, 1, 0, ''),
('dime.material', 'au', 'dime.material.gold', 'gold', 0, 0, 1, 0, ''),
('dime.material', 'cu', 'dime.material.copper', 'copper', 0, 0, 1, 0, ''),
('dime.material', 'cual', 'dime.material.copperalloy', 'copperalloy', 0, 0, 1, 0, ''),
('dime.material', 'fe', 'dime.material.iron', 'iron', 0, 0, 1, 0, ''),
('dime.material', 'pb', 'dime.material.lead', 'lead', 0, 0, 1, 0, ''),
('dime.material', 'sa', 'dime.material.tin', 'tin', 0, 0, 1, 0, ''),
('dime.material', 'xx', 'dime.material.othermetal', 'othermetal', 0, 0, 1, 0, ''),
('dime.period', 'AMXX', 'dime.period.mesolithic', 'mesolithic', 0, 0, 1, 0, 'Mesolithic'),
('dime.period', 'AXXX', 'dime.period.stone', 'stone', 0, 0, 1, 0, 'Stone Age'),
('dime.period', 'AYXX', 'dime.period.neolithic', 'neolithic', 0, 0, 1, 0, 'Neolithic'),
('dime.period', 'BÆX1', 'dime.period.bronze.1', 'bronze.1', 0, 0, 1, 0, 'Bronze Age Period 1'),
('dime.period', 'BÆX2', 'dime.period.bronze.2', 'bronze.2', 0, 0, 1, 0, 'Bronze Age Period 2'),
('dime.period', 'BÆX3', 'dime.period.bronze.3', 'bronze.3', 0, 0, 1, 0, 'Bronze Age Period 3'),
('dime.period', 'BÆXX', 'dime.period.bronze.early', 'bronze.early', 0, 0, 1, 0, 'Early Bronze Age'),
('dime.period', 'BXXX', 'dime.period.bronze', 'bronze', 0, 0, 1, 0, 'Bronze Age'),
('dime.period', 'BYX4', 'dime.period.bronze.4', 'bronze.4', 0, 0, 1, 0, 'Bronze Age Period 4'),
('dime.period', 'BYX5', 'dime.period.bronze.5', 'bronze.5', 0, 0, 1, 0, 'Bronze Age Period 5'),
('dime.period', 'BYX6', 'dime.period.bronze.6', 'bronze.6', 0, 0, 1, 0, 'Bronze Age Period 6'),
('dime.period', 'BYXX', 'dime.period.bronze.late', 'bronze.late', 0, 0, 1, 0, 'Late Bronze Age'),
('dime.period', 'CÆFÆ', 'dime.period.iron.preroman.early', 'iron.preroman.early', 0, 0, 1, 0, 'Early Pre-Roman Iron Age'),
('dime.period', 'CÆFM', 'dime.period.iron.preroman.middle', 'iron.preroman.middle', 0, 0, 1, 0, 'Middle Pre-Roman Iron Age'),
('dime.period', 'CÆFX', 'dime.period.iron.preroman', 'iron.preroman', 0, 0, 1, 0, 'Pre-Roman Iron Age'),
('dime.period', 'CÆFY', 'dime.period.iron.preroman.late', 'iron.preroman.late', 0, 0, 1, 0, 'Late Pre-Roman Iron Age'),
('dime.period', 'CÆRA', 'dime.period.iron.roman.early.b1', 'iron.roman.early.b1', 0, 0, 1, 0, 'Early Roman Iron Age B1'),
('dime.period', 'CÆRÆ', 'dime.period.iron.roman.early', 'iron.roman.early', 0, 0, 1, 0, 'Early Roman Iron Age'),
('dime.period', 'CÆRB', 'dime.period.iron.roman.early.b2', 'iron.roman.early.b2', 0, 0, 1, 0, 'Early Roman Iron Age B2'),
('dime.period', 'CÆRC', 'dime.period.iron.roman.late.c1', 'iron.roman.late.c1', 0, 0, 1, 0, 'Late Roman Iron Age C1'),
('dime.period', 'CÆRD', 'dime.period.iron.roman.late.c2', 'iron.roman.late.c2', 0, 0, 1, 0, 'Late Roman Iron Age C2'),
('dime.period', 'CÆRE', 'dime.period.iron.roman.late.c3', 'iron.roman.late.c3', 0, 0, 1, 0, 'Late Roman Iron Age C3'),
('dime.period', 'CÆRX', 'dime.period.iron.roman', 'iron.roman', 0, 0, 1, 0, 'Roman Iron Age'),
('dime.period', 'CÆRY', 'dime.period.iron.roman.late', 'iron.roman.late', 0, 0, 1, 0, 'Late Roman Iron Age'),
('dime.period', 'CÆXX', 'dime.period.iron.early', 'iron.early', 0, 0, 1, 0, 'Early Iron Age'),
('dime.period', 'CXXX', 'dime.period.iron', 'iron', 0, 0, 1, 0, 'Iron Age'),
('dime.period', 'CYGÆ', 'dime.period.iron.germainic.early', 'iron.germainic.early', 0, 0, 1, 0, 'Early Germanic Iron Age'),
('dime.period', 'CYGX', 'dime.period.iron.germainic', 'iron.germainic', 0, 0, 1, 0, 'Germanic Iron Age'),
('dime.period', 'CYGY', 'dime.period.iron.germainic.late', 'iron.germainic.late', 0, 0, 1, 0, 'Late Germanic Iron Age'),
('dime.period', 'CYVÆ', 'dime.period.viking.early', 'viking.early', 0, 0, 1, 0, 'Early Viking Age'),
('dime.period', 'CYVX', 'dime.period.viking', 'viking', 0, 0, 1, 0, 'Viking Age'),
('dime.period', 'CYVY', 'dime.period.viking.late', 'viking.late', 0, 0, 1, 0, 'Late Viking Age'),
('dime.period', 'CYXX', 'dime.period.iron.late', 'iron.late', 0, 0, 1, 0, 'Late Iron Age'),
('dime.period', 'DÆXX', 'dime.period.medieval.early', 'medieval.early', 0, 0, 1, 0, 'Early Medieval'),
('dime.period', 'DXXX', 'dime.period.medieval', 'medieval', 0, 0, 1, 0, 'Medieval'),
('dime.period', 'DYX3', 'dime.period.medieval.high', 'medieval.high', 0, 0, 1, 0, 'High Medieval'),
('dime.period', 'DYX4', 'dime.period.medieval.late', 'medieval.late', 0, 0, 1, 0, 'Late Medieval'),
('dime.period', 'EXXX', 'dime.period.reformation', 'reformation', 0, 0, 1, 0, 'Reformation'),
('dime.period', 'FÆXX', 'dime.period.absolutism', 'absolutism', 0, 0, 1, 0, 'Absolutism'),
('dime.period', 'FMIN', 'dime.period.industrial', 'industrial', 0, 0, 1, 0, 'Industrial Age'),
('dime.period', 'FMV1', 'dime.period.ww1', 'ww1', 0, 0, 1, 0, 'First World War'),
('dime.period', 'FMV2', 'dime.period.ww2', 'ww2', 0, 0, 1, 0, 'Second World War'),
('dime.period', 'FMVM', 'dime.period.interwar', 'interwar', 0, 0, 1, 0, 'Interwar Years'),
('dime.period', 'FXXX', 'dime.period.modern', 'modern', 0, 0, 1, 0, 'Modern Age'),
('dime.period', 'FYXX', 'dime.period.welfare', 'welfare', 0, 0, 1, 0, 'Welfare Age'),
('dime.period', 'HXXX', 'dime.period.historic', 'historic', 0, 0, 1, 0, 'Historic Age'),
('dime.period', 'PALEO', 'dime.period.palaeolithic', 'palaeolithic', 0, 0, 1, 0, 'Palaeolithic'),
('dime.period', 'VEM', 'dime.period.viking.medieval', 'viking.medieval', 0, 0, 1, 0, 'Viking / Early Medieval '),
('dime.period', 'XXXX', 'dime.period.undated', 'undated', 0, 0, 1, 0, 'Undated'),
('dime.treasure', 'appraisal', 'dime.treasure.appraisal', '', 0, 0, 1, 0, ''),
('dime.treasure', 'not', 'dime.treasure.not', '', 0, 0, 1, 0, ''),
('dime.treasure', 'pending', 'dime.treasure.pending', '', 0, 1, 1, 0, ''),
('dime.treasure', 'treasure', 'dime.treasure.treasure', '', 0, 0, 1, 0, ''),
('dime.user.terms', 'v1', 'dime.user.terms.v1', '', 1, 0, 1, 0, '');

--
-- Dumping data for table `ark_workflow_action`
--

INSERT INTO `ark_workflow_action` (`schma`, `action`, `event_vocabulary`, `event_term`, `keyword`, `agent`, `default_permission`, `default_agency`, `default_condition`, `default_allowance`, `enabled`) VALUES
('dime.find', 'accession', 'core.event.type', 'accessioned', 'dime.action.accession', NULL, 0, 0, 0, 0, 1),
('dime.find', 'agree', 'core.event.type', 'agreed', 'dime.action.agree', NULL, 0, 0, 0, 0, 1),
('dime.find', 'annotate', 'core.event.type', 'annotated', 'dime.action.annotate', NULL, 0, 0, 0, 0, 1),
('dime.find', 'appraise', 'core.event.type', 'appraised', 'dime.action.appraise', 'appraiser', 0, 0, 0, 0, 1),
('dime.find', 'assess', 'core.event.type', 'assessed', 'dime.action.assess', 'assessor', 0, 0, 0, 0, 1),
('dime.find', 'cite', 'core.event.type', 'cited', 'dime.action.cite', NULL, 0, 0, 0, 0, 1),
('dime.find', 'classify', 'core.event.type', 'classified', 'dime.action.classify', NULL, 0, 0, 0, 0, 1),
('dime.find', 'comment', 'core.event.type', 'commented', 'dime.action.comment', NULL, 0, 0, 0, 0, 1),
('dime.find', 'conserve', 'core.event.type', 'conserved', 'dime.action.conserve', NULL, 0, 0, 0, 0, 1),
('dime.find', 'contact', 'core.event.type', 'contacted', 'dime.action.contact', NULL, 0, 0, 0, 0, 1),
('dime.find', 'date', 'core.event.type', 'dated', 'dime.action.date', NULL, 0, 0, 0, 0, 1),
('dime.find', 'decline', 'core.event.type', 'declined', 'dime.action.decline', NULL, 0, 0, 0, 0, 1),
('dime.find', 'delete', 'core.event.type', 'deleted', 'dime.action.delete', NULL, 0, 0, 0, 0, 1),
('dime.find', 'describe', 'core.event.type', 'described', 'dime.action.describe', NULL, 0, 0, 0, 0, 1),
('dime.find', 'destroy', 'core.event.type', 'destroyed', 'dime.action.destroy', NULL, 0, 0, 0, 0, 1),
('dime.find', 'disagree', 'core.event.type', 'disagreed', 'dime.action.disagree', NULL, 0, 0, 0, 0, 1),
('dime.find', 'discard', 'core.event.type', 'discarded', 'dime.action.discard', NULL, 0, 0, 0, 0, 1),
('dime.find', 'edit', 'core.event.type', 'edited', 'dime.action.edit', NULL, 0, 0, 1, 0, 1),
('dime.find', 'evaluate', 'core.event.type', 'evaluated', 'dime.action.evaluate', NULL, 0, 0, 0, 0, 1),
('dime.find', 'export', 'core.event.type', 'exported', 'dime.action.export', NULL, 0, 0, 0, 0, 1),
('dime.find', 'follow', 'core.event.type', 'followed', 'dime.action.follow', NULL, 0, 0, 0, 0, 1),
('dime.find', 'identify', 'core.event.type', 'identified', 'dime.action.identify', NULL, 0, 0, 0, 0, 1),
('dime.find', 'like', 'core.event.type', 'liked', 'dime.action.like', NULL, 0, 0, 0, 0, 1),
('dime.find', 'loan', 'core.event.type', 'loaned', 'dime.action.loan', NULL, 0, 0, 0, 0, 1),
('dime.find', 'lose', 'core.event.type', 'lost', 'dime.action.lose', NULL, 0, 0, 0, 0, 1),
('dime.find', 'notify', 'core.event.type', 'notified', 'dime.action.notify', NULL, 0, 0, 0, 0, 1),
('dime.find', 'publish', 'core.event.type', 'published', 'dime.action.publish', NULL, 0, 0, 0, 0, 1),
('dime.find', 'receive', 'core.event.type', 'received', 'dime.action.receive', NULL, 0, 0, 0, 0, 1),
('dime.find', 'record', 'core.event.type', 'recorded', 'dime.action.record', 'recorder', 1, 1, 0, 1, 1),
('dime.find', 'recover', 'core.event.type', 'recovered', 'dime.action.recover', NULL, 0, 0, 0, 0, 1),
('dime.find', 'redact', 'core.event.type', 'redacted', 'dime.action.redact', NULL, 0, 0, 0, 0, 1),
('dime.find', 'refer', 'core.event.type', 'referred', 'dime.action.refer', NULL, 0, 0, 0, 0, 1),
('dime.find', 'reject', 'core.event.type', 'rejected', 'dime.action.reject', NULL, 0, 0, 0, 0, 1),
('dime.find', 'release', 'core.event.type', 'released', 'dime.action.release', NULL, 0, 0, 0, 0, 1),
('dime.find', 'report', 'core.event.type', 'reported', 'dime.action.report', 'reporter', 1, 0, 0, 1, 1),
('dime.find', 'request', 'core.event.type', 'requested', 'dime.action.request', NULL, 0, 0, 0, 0, 1),
('dime.find', 'reward', 'core.event.type', 'rewarded', 'dime.action.reward', NULL, 0, 0, 0, 0, 1),
('dime.find', 'send', 'core.event.type', 'sent', 'dime.action.send', NULL, 0, 0, 0, 0, 1),
('dime.find', 'share', 'core.event.type', 'shared', 'dime.action.share', NULL, 0, 0, 0, 0, 1),
('dime.find', 'subscribe', 'core.event.type', 'subscribed', 'dime.action.subscribe', NULL, 0, 0, 0, 0, 1),
('dime.find', 'suppress', 'core.event.type', 'suppressed', 'dime.action.suppress', NULL, 0, 0, 0, 0, 1),
('dime.find', 'transfer', 'core.event.type', 'transferred', 'dime.action.transfer', NULL, 0, 0, 0, 0, 1),
('dime.find', 'validate', 'core.event.type', 'validated', 'dime.action.validate', NULL, 0, 0, 0, 0, 1),
('dime.find', 'view', 'core.event.type', 'viewed', 'dime.action.view', NULL, 0, 0, 1, 0, 1),
('dime.find', 'withdraw', 'core.event.type', 'withdrawn', 'dime.action.withdraw', NULL, 0, 0, 0, 0, 1);

--
-- Dumping data for table `ark_workflow_agency`
--

INSERT INTO `ark_workflow_agency` (`schma`, `action`, `type`, `attribute`, `operator`) VALUES
('dime.find', 'accession', 'find', 'custodian', 'is'),
('dime.find', 'conserve', 'find', 'custodian', 'is'),
('dime.find', 'decline', 'find', 'custodian', 'is'),
('dime.find', 'delete', 'find', 'finder', 'is'),
('dime.find', 'destroy', 'find', 'custodian', 'is'),
('dime.find', 'discard', 'find', 'owner', 'is'),
('dime.find', 'edit', 'find', 'custodian', 'is'),
('dime.find', 'edit', 'find', 'finder', 'is'),
('dime.find', 'edit', 'find', 'owner', 'is'),
('dime.find', 'loan', 'find', 'owner', 'is'),
('dime.find', 'lose', 'find', 'custodian', 'is'),
('dime.find', 'publish', 'find', 'owner', 'is'),
('dime.find', 'receive', 'find', 'recipient', 'is'),
('dime.find', 'record', 'find', 'finder', 'is'),
('dime.find', 'recover', 'find', 'custodian', 'is'),
('dime.find', 'recover', 'find', 'owner', 'is'),
('dime.find', 'redact', 'find', 'owner', 'is'),
('dime.find', 'report', 'find', 'custodian', 'is'),
('dime.find', 'report', 'find', 'finder', 'is'),
('dime.find', 'report', 'find', 'owner', 'is'),
('dime.find', 'request', 'find', 'custodian', 'not'),
('dime.find', 'send', 'find', 'custodian', 'is'),
('dime.find', 'suppress', 'find', 'owner', 'is'),
('dime.find', 'transfer', 'find', 'owner', 'is'),
('dime.find', 'view', 'find', 'finder', 'is'),
('dime.find', 'withdraw', 'find', 'recipient', 'is');

--
-- Dumping data for table `ark_workflow_allow`
--

INSERT INTO `ark_workflow_allow` (`schma`, `action`, `role`, `operator`) VALUES
('dime.find', 'accession', 'appraiser', 'is'),
('dime.find', 'accession', 'curator', 'is'),
('dime.find', 'accession', 'registrar', 'is'),
('dime.find', 'appraise', 'appraiser', 'is'),
('dime.find', 'assess', 'curator', 'is'),
('dime.find', 'assess', 'registrar', 'is'),
('dime.find', 'conserve', 'appraiser', 'is'),
('dime.find', 'conserve', 'curator', 'is'),
('dime.find', 'conserve', 'registrar', 'is'),
('dime.find', 'delete', 'admin', 'is'),
('dime.find', 'delete', 'detectorist', 'is'),
('dime.find', 'delete', 'registrar', 'is'),
('dime.find', 'edit', 'admin', 'is'),
('dime.find', 'edit', 'detectorist', 'is'),
('dime.find', 'edit', 'registrar', 'is'),
('dime.find', 'edit', 'researcher', 'is'),
('dime.find', 'record', 'anonymous', 'not'),
('dime.find', 'reject', 'registrar', 'is'),
('dime.find', 'release', 'appraiser', 'is'),
('dime.find', 'release', 'registrar', 'is'),
('dime.find', 'reward', 'appraiser', 'is'),
('dime.find', 'validate', 'registrar', 'is'),
('dime.find', 'view', 'admin', 'is'),
('dime.find', 'view', 'anonymous', 'is'),
('dime.find', 'view', 'appraiser', 'is'),
('dime.find', 'view', 'curator', 'is'),
('dime.find', 'view', 'detectorist', 'is'),
('dime.find', 'view', 'registrar', 'is'),
('dime.find', 'view', 'researcher', 'is');

--
-- Dumping data for table `ark_workflow_condition`
--

INSERT INTO `ark_workflow_condition` (`schma`, `action`, `type`, `attribute`, `grp`, `operator`, `value`) VALUES
('dime.find', 'accession', 'find', 'process', 0, 'eq', 'assessed'),
('dime.find', 'accession', 'find', 'process', 1, 'eq', 'appraised'),
('dime.find', 'appraise', 'find', 'process', 0, 'eq', 'assessed'),
('dime.find', 'appraise', 'find', 'treasure', 0, 'eq', 'appraisal'),
('dime.find', 'assess', 'find', 'process', 0, 'eq', 'validated'),
('dime.find', 'assess', 'find', 'treasure', 0, 'eq', 'pending'),
('dime.find', 'conserve', 'find', 'custody', 0, 'eq', 'held'),
('dime.find', 'decline', 'find', 'custody', 0, 'eq', 'requested'),
('dime.find', 'delete', 'find', 'process', 0, 'eq', 'recorded'),
('dime.find', 'discard', 'find', 'process', 0, 'eq', 'recorded'),
('dime.find', 'discard', 'find', 'process', 1, 'eq', 'accessioned'),
('dime.find', 'discard', 'find', 'process', 2, 'eq', 'released'),
('dime.find', 'loan', 'find', 'process', 1, 'eq', 'accessioned'),
('dime.find', 'loan', 'find', 'process', 2, 'eq', 'released'),
('dime.find', 'receive', 'find', 'custody', 0, 'eq', 'sent'),
('dime.find', 'record', 'find', 'process', 0, 'eq', NULL),
('dime.find', 'recover', 'find', 'custody', 0, 'eq', 'lost'),
('dime.find', 'recover', 'find', 'custody', 1, 'eq', 'discarded'),
('dime.find', 'recover', 'find', 'custody', 3, 'eq', 'destroyed'),
('dime.find', 'reject', 'find', 'process', 0, 'eq', 'reported'),
('dime.find', 'release', 'find', 'process', 0, 'eq', 'assessed'),
('dime.find', 'release', 'find', 'process', 1, 'eq', 'appraised'),
('dime.find', 'report', 'find', 'process', 0, 'eq', 'recorded'),
('dime.find', 'request', 'find', 'custody', 0, 'eq', 'held'),
('dime.find', 'reward', 'find', 'process', 0, 'eq', 'appraised'),
('dime.find', 'reward', 'find', 'treasure', 0, 'eq', 'treasure'),
('dime.find', 'send', 'find', 'custody', 0, 'eq', 'held'),
('dime.find', 'validate', 'find', 'process', 0, 'eq', 'reported'),
('dime.find', 'withdraw', 'find', 'custody', 0, 'eq', 'requested');

--
-- Dumping data for table `ark_workflow_grant`
--

INSERT INTO `ark_workflow_grant` (`role`, `permission`) VALUES
('admin', 'dime.find.create'),
('admin', 'dime.find.filter.museum'),
('admin', 'dime.find.read'),
('admin', 'dime.find.read.custody'),
('admin', 'dime.find.read.finddate'),
('admin', 'dime.find.read.finder'),
('admin', 'dime.find.read.location'),
('admin', 'dime.find.read.owner'),
('admin', 'dime.find.read.process'),
('admin', 'dime.find.read.treasure'),
('admin', 'dime.find.treasure.claim'),
('admin', 'dime.find.update'),
('admin', 'dime.find.update.custody'),
('admin', 'dime.find.update.finddate'),
('admin', 'dime.find.update.finder'),
('admin', 'dime.find.update.location'),
('admin', 'dime.find.update.owner'),
('admin', 'dime.find.update.process'),
('admin', 'dime.find.update.treasure'),
('anonymous', 'dime.find.read'),
('appraiser', 'core.actor.read'),
('appraiser', 'core.actor.update'),
('appraiser', 'core.message.read'),
('appraiser', 'core.message.update'),
('appraiser', 'dime.find.filter.museum'),
('curator', 'core.actor.read'),
('curator', 'core.actor.update'),
('curator', 'core.message.read'),
('curator', 'core.message.update'),
('curator', 'dime.find.filter.museum'),
('detectorist', 'core.actor.read'),
('detectorist', 'core.actor.update'),
('detectorist', 'core.message.read'),
('detectorist', 'core.message.update'),
('detectorist', 'dime.find.read'),
('detectorist', 'dime.find.read.process'),
('detectorist', 'dime.find.read.treasure'),
('detectorist', 'dime.find.update'),
('registrar', 'core.actor.read'),
('registrar', 'core.actor.update'),
('registrar', 'core.admin'),
('registrar', 'core.admin.user'),
('registrar', 'core.message.read'),
('registrar', 'core.message.update'),
('registrar', 'dime.find.create'),
('registrar', 'dime.find.filter.museum'),
('registrar', 'dime.find.read'),
('registrar', 'dime.find.read.custody'),
('registrar', 'dime.find.read.finddate'),
('registrar', 'dime.find.read.finder'),
('registrar', 'dime.find.read.location'),
('registrar', 'dime.find.read.owner'),
('registrar', 'dime.find.read.process'),
('registrar', 'dime.find.read.treasure'),
('registrar', 'dime.find.treasure.claim'),
('registrar', 'dime.find.update'),
('registrar', 'dime.find.update.custody'),
('registrar', 'dime.find.update.finddate'),
('registrar', 'dime.find.update.finder'),
('registrar', 'dime.find.update.location'),
('registrar', 'dime.find.update.museum_id'),
('registrar', 'dime.find.update.owner'),
('registrar', 'dime.find.update.process'),
('registrar', 'dime.find.update.treasure'),
('researcher', 'core.actor.read'),
('researcher', 'core.actor.update'),
('researcher', 'core.file.read'),
('researcher', 'core.message.read'),
('researcher', 'core.message.update'),
('researcher', 'dime.find.filter.museum'),
('researcher', 'dime.find.read'),
('researcher', 'dime.find.read.finddate'),
('researcher', 'dime.find.read.location'),
('researcher', 'dime.find.read.treasure');

--
-- Dumping data for table `ark_workflow_notify`
--

INSERT INTO `ark_workflow_notify` (`schma`, `action`, `type`, `attribute`, `keyword`) VALUES
('core.actor', 'register', 'person', 'museum', ''),
('dime.find', 'accession', 'find', 'finder', ''),
('dime.find', 'accession', 'find', 'museum', ''),
('dime.find', 'accession', 'find', 'owner', ''),
('dime.find', 'appraise', 'find', 'finder', ''),
('dime.find', 'appraise', 'find', 'museum', ''),
('dime.find', 'appraise', 'find', 'owner', ''),
('dime.find', 'assess', 'find', 'custodian', ''),
('dime.find', 'assess', 'find', 'finder', ''),
('dime.find', 'assess', 'find', 'owner', ''),
('dime.find', 'conserve', 'find', 'finder', ''),
('dime.find', 'conserve', 'find', 'owner', ''),
('dime.find', 'decline', 'find', 'owner', ''),
('dime.find', 'decline', 'find', 'recipient', ''),
('dime.find', 'delete', 'find', 'finder', ''),
('dime.find', 'delete', 'find', 'owner', ''),
('dime.find', 'destroy', 'find', 'custodian', ''),
('dime.find', 'destroy', 'find', 'owner', ''),
('dime.find', 'discard', 'find', 'custodian', ''),
('dime.find', 'discard', 'find', 'owner', ''),
('dime.find', 'edit', 'find', 'finder', ''),
('dime.find', 'loan', 'find', 'custodian', ''),
('dime.find', 'loan', 'find', 'owner', ''),
('dime.find', 'lose', 'find', 'custodian', ''),
('dime.find', 'lose', 'find', 'owner', ''),
('dime.find', 'receive', 'find', 'custodian', ''),
('dime.find', 'receive', 'find', 'owner', ''),
('dime.find', 'record', 'find', 'finder', ''),
('dime.find', 'recover', 'find', 'custodian', ''),
('dime.find', 'recover', 'find', 'owner', ''),
('dime.find', 'reject', 'find', 'custodian', ''),
('dime.find', 'reject', 'find', 'finder', ''),
('dime.find', 'reject', 'find', 'owner', ''),
('dime.find', 'release', 'find', 'finder', ''),
('dime.find', 'release', 'find', 'museum', ''),
('dime.find', 'release', 'find', 'owner', ''),
('dime.find', 'report', 'find', 'custodian', ''),
('dime.find', 'report', 'find', 'finder', ''),
('dime.find', 'report', 'find', 'museum', ''),
('dime.find', 'report', 'find', 'owner', ''),
('dime.find', 'request', 'find', 'custodian', ''),
('dime.find', 'request', 'find', 'owner', ''),
('dime.find', 'reward', 'find', 'finder', ''),
('dime.find', 'reward', 'find', 'museum', ''),
('dime.find', 'send', 'find', 'owner', ''),
('dime.find', 'send', 'find', 'recipient', ''),
('dime.find', 'transfer', 'find', 'custodian', ''),
('dime.find', 'transfer', 'find', 'owner', ''),
('dime.find', 'validate', 'find', 'custodian', ''),
('dime.find', 'validate', 'find', 'finder', ''),
('dime.find', 'validate', 'find', 'owner', ''),
('dime.find', 'withdraw', 'find', 'custodian', ''),
('dime.find', 'withdraw', 'find', 'owner', '');

--
-- Dumping data for table `ark_workflow_permission`
--

INSERT INTO `ark_workflow_permission` (`permission`, `keyword`, `enabled`) VALUES
('dime.find.create', NULL, 1),
('dime.find.delete', NULL, 1),
('dime.find.filter.museum', NULL, 1),
('dime.find.read', NULL, 1),
('dime.find.read.custody', NULL, 1),
('dime.find.read.finddate', NULL, 1),
('dime.find.read.finder', NULL, 1),
('dime.find.read.location', NULL, 1),
('dime.find.read.owner', NULL, 1),
('dime.find.read.process', NULL, 1),
('dime.find.read.treasure', NULL, 1),
('dime.find.treasure.claim', NULL, 1),
('dime.find.update', NULL, 1),
('dime.find.update.custody', NULL, 1),
('dime.find.update.finddate', NULL, 1),
('dime.find.update.finder', NULL, 1),
('dime.find.update.location', NULL, 1),
('dime.find.update.museum_id', NULL, 1),
('dime.find.update.owner', NULL, 1),
('dime.find.update.process', NULL, 1),
('dime.find.update.treasure', NULL, 1);

--
-- Dumping data for table `ark_workflow_role`
--

INSERT INTO `ark_workflow_role` (`role`, `keyword`, `agent_for`, `enabled`) VALUES
('appraiser', 'dime.role.appraiser', 'museum', 1),
('curator', 'dime.role.curator', 'museum', 1),
('detectorist', 'dime.role.detectorist', NULL, 1),
('registrar', 'dime.role.registrar', 'museum', 1),
('researcher', 'dime.role.researcher', 'museum', 1);

--
-- Dumping data for table `ark_workflow_trigger`
--

INSERT INTO `ark_workflow_trigger` (`schma`, `action`, `trigger_schma`, `trigger_action`) VALUES
('dime.find', 'assess', 'dime.find', 'send'),
('dime.find', 'release', 'dime.find', 'send');

--
-- Dumping data for table `ark_workflow_update`
--

INSERT INTO `ark_workflow_update` (`schma`, `action`, `type`, `attribute`, `actor`, `subject`, `clear`, `term`) VALUES
('dime.find', 'delete', 'find', 'custody', NULL, NULL, NULL, 'sent'),
('dime.find', 'delete', 'find', 'process', NULL, NULL, NULL, 'deleted'),
('dime.find', 'receive', 'find', 'custodian', 1, NULL, NULL, NULL),
('dime.find', 'receive', 'find', 'custody', NULL, NULL, NULL, 'held'),
('dime.find', 'receive', 'find', 'recipient', NULL, NULL, NULL, NULL),
('dime.find', 'record', 'find', 'custodian', 1, NULL, NULL, NULL),
('dime.find', 'record', 'find', 'custody', NULL, NULL, NULL, 'held'),
('dime.find', 'record', 'find', 'finder', 1, NULL, NULL, NULL),
('dime.find', 'record', 'find', 'owner', 1, NULL, NULL, NULL),
('dime.find', 'record', 'find', 'process', NULL, NULL, NULL, 'recorded'),
('dime.find', 'record', 'find', 'treasure', NULL, NULL, NULL, 'pending'),
('dime.find', 'report', 'find', 'process', NULL, NULL, NULL, 'reported'),
('dime.find', 'send', 'find', 'custody', NULL, NULL, NULL, 'sent'),
('dime.find', 'send', 'find', 'recipient', NULL, 1, NULL, NULL);
COMMIT;
