-- phpMyAdmin SQL Dump
-- version 4.7.7
-- https://www.phpmyadmin.net/
--
-- Host: localhost
-- Generation Time: Jan 21, 2018 at 07:17 PM
-- Server version: 10.2.12-MariaDB
-- PHP Version: 7.1.13

SET FOREIGN_KEY_CHECKS=0;
SET SQL_MODE = "NO_AUTO_VALUE_ON_ZERO";
SET AUTOCOMMIT = 0;
START TRANSACTION;
SET time_zone = "+00:00";


/*!40101 SET @OLD_CHARACTER_SET_CLIENT=@@CHARACTER_SET_CLIENT */;
/*!40101 SET @OLD_CHARACTER_SET_RESULTS=@@CHARACTER_SET_RESULTS */;
/*!40101 SET @OLD_COLLATION_CONNECTION=@@COLLATION_CONNECTION */;
/*!40101 SET NAMES utf8mb4 */;

--
-- Database: `avalon_ark_config`
--

--
-- Dumping data for table `ark_dataclass`
--

INSERT INTO `ark_dataclass` (`dataclass`, `datatype`, `object`, `array`, `span`, `multiple`, `value_name`, `format_name`, `format_vocabulary`, `parameter_name`, `parameter_vocabulary`, `entity`, `form_type`, `active_form_type`, `readonly_form_type`, `static_form_type`, `parameter_form_type`, `format_form_type`, `sortable`, `searchable`, `enabled`, `deprecated`, `keyword`) VALUES
('actor', 'item', 0, 0, 0, 0, NULL, NULL, NULL, NULL, NULL, 'ARK\\Actor\\Actor', NULL, 'Symfony\\Component\\Form\\Extension\\Core\\Type\\ChoiceType', NULL, NULL, NULL, NULL, 0, 0, 1, 0, 'core.actor'),
('address', 'object', 1, 0, 0, 0, NULL, NULL, NULL, NULL, NULL, NULL, NULL, NULL, NULL, NULL, NULL, NULL, 0, 1, 1, 0, 'format.address'),
('blob', 'blob', 0, 0, 0, 0, NULL, NULL, NULL, NULL, NULL, NULL, NULL, NULL, NULL, NULL, NULL, NULL, 0, 0, 1, 0, 'format.blob'),
('boolean', 'boolean', 0, 0, 0, 0, NULL, NULL, NULL, NULL, NULL, NULL, NULL, NULL, NULL, NULL, NULL, NULL, 1, 1, 1, 0, 'format.boolean'),
('color', 'string', 0, 0, 0, 0, NULL, NULL, NULL, NULL, NULL, NULL, NULL, NULL, NULL, NULL, NULL, NULL, 1, 1, 1, 0, 'format.colour'),
('date', 'date', 0, 0, 0, 0, NULL, NULL, NULL, NULL, NULL, NULL, NULL, NULL, NULL, NULL, NULL, NULL, 1, 1, 1, 0, 'format.date'),
('datetime', 'datetime', 0, 0, 0, 0, NULL, NULL, NULL, NULL, NULL, NULL, NULL, NULL, NULL, NULL, NULL, NULL, 1, 1, 1, 0, 'format.datetime'),
('decimal', 'decimal', 0, 0, 0, 0, NULL, NULL, NULL, NULL, NULL, NULL, NULL, NULL, NULL, NULL, NULL, NULL, 1, 1, 1, 0, 'format.decimal'),
('description', 'object', 1, 0, 0, 0, NULL, NULL, NULL, NULL, NULL, NULL, NULL, 'Symfony\\Component\\Form\\Extension\\Core\\Type\\TextareaType', NULL, NULL, NULL, NULL, 0, 1, 1, 0, 'format.address'),
('dispatch', 'object', 1, 0, 0, 0, NULL, NULL, NULL, NULL, NULL, NULL, NULL, NULL, NULL, NULL, NULL, NULL, 0, 1, 1, 0, 'format.recipient'),
('distance', 'decimal', 0, 0, 0, 0, NULL, NULL, NULL, 'unit', 'distance', NULL, 'ARK\\Form\\Type\\UnitPropertyType', NULL, NULL, NULL, 'Symfony\\Component\\Form\\Extension\\Core\\Type\\ChoiceType', NULL, 1, 1, 1, 0, 'format.distance'),
('email', 'string', 0, 0, 0, 0, NULL, NULL, NULL, NULL, NULL, NULL, NULL, NULL, NULL, NULL, NULL, NULL, 1, 1, 1, 0, 'format.email'),
('event', 'item', 1, 0, 0, 0, NULL, NULL, NULL, NULL, NULL, 'ARK\\Workflow\\Event', NULL, NULL, NULL, NULL, NULL, NULL, 0, 1, 1, 0, 'format.event'),
('false', 'boolean', 0, 0, 0, 0, NULL, NULL, NULL, NULL, NULL, NULL, NULL, NULL, NULL, NULL, NULL, NULL, 1, 1, 1, 0, 'format.boolean'),
('file', 'item', 0, 0, 0, 0, NULL, NULL, NULL, NULL, NULL, 'ARK\\File\\File', NULL, 'Symfony\\Component\\Form\\Extension\\Core\\Type\\FileType', NULL, NULL, NULL, NULL, 0, 0, 1, 0, 'format.file'),
('float', 'float', 0, 0, 0, 0, NULL, NULL, NULL, NULL, NULL, NULL, NULL, NULL, NULL, NULL, NULL, NULL, 1, 1, 1, 0, 'format.float'),
('html', 'text', 1, 0, 0, 0, NULL, NULL, NULL, NULL, NULL, NULL, NULL, NULL, NULL, NULL, NULL, NULL, 1, 1, 1, 0, 'format.html'),
('identifier', 'string', 0, 0, 0, 0, NULL, NULL, NULL, NULL, NULL, NULL, NULL, NULL, NULL, NULL, NULL, NULL, 1, 1, 1, 0, 'format.identifier'),
('image', 'item', 0, 0, 0, 0, NULL, NULL, NULL, NULL, NULL, 'ARK\\File\\Image', 'ARK\\Form\\Type\\FilePropertyType', 'Symfony\\Component\\Form\\Extension\\Core\\Type\\FileType', NULL, 'ARK\\Form\\Type\\ImageCollectionType', NULL, NULL, 0, 0, 1, 0, 'format.image'),
('institution', 'item', 0, 0, 0, 0, NULL, NULL, NULL, NULL, NULL, 'ARK\\Actor\\Institution', NULL, 'Symfony\\Component\\Form\\Extension\\Core\\Type\\ChoiceType', NULL, NULL, NULL, NULL, 0, 0, 1, 0, 'core.actor.class.institution'),
('integer', 'integer', 0, 0, 0, 0, NULL, NULL, NULL, NULL, NULL, NULL, NULL, NULL, NULL, NULL, NULL, NULL, 1, 1, 1, 0, 'format.integer'),
('item', 'item', 0, 0, 0, 0, NULL, NULL, NULL, NULL, NULL, NULL, NULL, NULL, NULL, NULL, NULL, NULL, 0, 0, 1, 0, 'format.item'),
('key', 'string', 0, 0, 0, 0, NULL, NULL, NULL, NULL, NULL, NULL, NULL, NULL, NULL, NULL, NULL, NULL, 1, 1, 1, 0, 'format.key'),
('line', 'spatial', 0, 0, 0, 0, NULL, NULL, NULL, NULL, NULL, NULL, NULL, NULL, NULL, NULL, NULL, NULL, 0, 1, 1, 0, NULL),
('markdown', 'text', 1, 0, 0, 0, NULL, NULL, NULL, NULL, NULL, NULL, NULL, NULL, NULL, NULL, NULL, NULL, 1, 1, 1, 0, 'format.markdown'),
('mass', 'decimal', 0, 0, 0, 0, NULL, NULL, NULL, 'unit', 'mass', NULL, 'ARK\\Form\\Type\\UnitPropertyType', NULL, NULL, NULL, 'Symfony\\Component\\Form\\Extension\\Core\\Type\\ChoiceType', NULL, 1, 1, 1, 0, 'format.mass'),
('message', 'item', 0, 0, 0, 0, NULL, NULL, NULL, NULL, NULL, 'ARK\\Message\\Message', NULL, NULL, NULL, NULL, NULL, NULL, 0, 0, 1, 0, 'core.actor.format'),
('module', 'string', 0, 0, 0, 0, NULL, NULL, NULL, NULL, NULL, NULL, NULL, NULL, NULL, NULL, NULL, NULL, 0, 0, 1, 0, 'format.module'),
('money', 'decimal', 0, 0, 0, 0, NULL, NULL, NULL, NULL, NULL, NULL, NULL, NULL, NULL, NULL, NULL, NULL, 1, 1, 1, 0, 'format.money'),
('monthday', 'string', 0, 0, 0, 0, NULL, NULL, NULL, NULL, NULL, NULL, NULL, NULL, NULL, NULL, NULL, NULL, 1, 1, 1, 0, 'format.yearmonth'),
('multiline', 'spatial', 0, 0, 0, 0, NULL, NULL, NULL, NULL, NULL, NULL, NULL, NULL, NULL, NULL, NULL, NULL, 0, 1, 1, 0, NULL),
('multipoint', 'spatial', 0, 0, 0, 0, NULL, NULL, NULL, NULL, NULL, NULL, NULL, NULL, NULL, NULL, NULL, NULL, 0, 1, 1, 0, NULL),
('multipolygon', 'spatial', 0, 0, 0, 0, NULL, NULL, NULL, NULL, NULL, NULL, NULL, NULL, NULL, NULL, NULL, NULL, 0, 1, 1, 0, NULL),
('ordinaldate', 'string', 0, 0, 0, 0, NULL, NULL, NULL, NULL, NULL, NULL, NULL, NULL, NULL, NULL, NULL, NULL, 1, 1, 1, 0, 'format.ordinaldate'),
('password', 'string', 0, 0, 0, 0, NULL, NULL, NULL, NULL, NULL, NULL, NULL, NULL, NULL, NULL, NULL, NULL, 1, 1, 1, 0, 'format.password'),
('percent', 'float', 0, 0, 0, 0, NULL, NULL, NULL, NULL, NULL, NULL, NULL, NULL, NULL, NULL, NULL, NULL, 1, 1, 1, 0, 'format.percent'),
('person', 'item', 0, 0, 0, 0, NULL, NULL, NULL, NULL, NULL, 'ARK\\Actor\\Person', NULL, 'Symfony\\Component\\Form\\Extension\\Core\\Type\\ChoiceType', NULL, NULL, NULL, NULL, 0, 0, 1, 0, 'core.actor.class.person'),
('plaintext', 'text', 1, 0, 0, 0, NULL, NULL, NULL, NULL, NULL, NULL, NULL, NULL, NULL, NULL, NULL, NULL, 1, 1, 1, 0, 'format.localtext'),
('point', 'spatial', 0, 0, 0, 0, NULL, NULL, NULL, NULL, NULL, NULL, NULL, NULL, NULL, NULL, NULL, NULL, 0, 1, 1, 0, NULL),
('polygon', 'spatial', 0, 0, 0, 0, NULL, NULL, NULL, NULL, NULL, NULL, NULL, NULL, NULL, NULL, NULL, NULL, 0, 1, 1, 0, NULL),
('richtext', 'text', 1, 0, 0, 0, NULL, NULL, NULL, NULL, NULL, NULL, NULL, NULL, NULL, NULL, NULL, NULL, 1, 1, 1, 0, 'format.richtext'),
('shorttext', 'text', 1, 0, 0, 0, NULL, NULL, NULL, NULL, NULL, NULL, NULL, 'Symfony\\Component\\Form\\Extension\\Core\\Type\\TextType', NULL, NULL, NULL, NULL, 1, 1, 1, 0, 'format.shortlocaltext'),
('string', 'string', 0, 0, 0, 0, NULL, NULL, NULL, NULL, NULL, NULL, NULL, NULL, NULL, NULL, NULL, NULL, 1, 1, 1, 0, 'format.string'),
('telephone', 'string', 0, 0, 0, 0, NULL, NULL, NULL, NULL, NULL, NULL, NULL, NULL, NULL, NULL, NULL, NULL, 1, 1, 1, 0, 'format.telephone'),
('term', 'string', 0, 0, 0, 0, 'term', NULL, NULL, 'concept', NULL, 'ARK\\Vocabulary\\Term', NULL, 'Symfony\\Component\\Form\\Extension\\Core\\Type\\ChoiceType', NULL, NULL, 'Symfony\\Component\\Form\\Extension\\Core\\Type\\ChoiceType', NULL, 1, 1, 1, 0, 'format.identifier'),
('time', 'time', 0, 0, 0, 0, NULL, NULL, NULL, NULL, NULL, NULL, NULL, NULL, NULL, NULL, NULL, NULL, 1, 1, 1, 0, 'format.time'),
('true', 'boolean', 0, 0, 0, 0, NULL, NULL, NULL, NULL, NULL, NULL, NULL, NULL, NULL, NULL, NULL, NULL, 1, 1, 1, 0, 'format.boolean'),
('url', 'text', 0, 0, 0, 0, NULL, NULL, NULL, NULL, NULL, NULL, NULL, 'Symfony\\Component\\Form\\Extension\\Core\\Type\\TextType', NULL, NULL, NULL, NULL, 1, 1, 1, 0, 'format.url'),
('version', 'object', 1, 0, 0, 0, NULL, NULL, NULL, NULL, NULL, 'ARK\\File\\FileVersion', 'ARK\\Form\\Type\\FilePropertyType', NULL, NULL, NULL, NULL, NULL, 0, 1, 1, 0, 'format.fileversion'),
('weekdate', 'string', 0, 0, 0, 0, NULL, NULL, NULL, NULL, NULL, NULL, NULL, NULL, NULL, NULL, NULL, NULL, 1, 1, 1, 0, 'format.weekdate'),
('year', 'integer', 0, 0, 0, 0, NULL, NULL, NULL, NULL, NULL, NULL, NULL, NULL, NULL, NULL, NULL, NULL, 1, 1, 1, 0, 'format.year'),
('yearmonth', 'string', 0, 0, 0, 0, NULL, NULL, NULL, NULL, NULL, NULL, NULL, NULL, NULL, NULL, NULL, NULL, 1, 1, 1, 0, 'format.yearmonth'),
('yearspan', 'integer', 0, 0, 1, 0, NULL, NULL, NULL, NULL, NULL, NULL, NULL, NULL, NULL, NULL, NULL, NULL, 1, 1, 1, 0, 'format.yearspan'),
('yearweek', 'string', 0, 0, 0, 0, NULL, NULL, NULL, NULL, NULL, NULL, NULL, NULL, NULL, NULL, NULL, NULL, 1, 1, 1, 0, 'format.yearweek');

--
-- Dumping data for table `ark_dataclass_attribute`
--

INSERT INTO `ark_dataclass_attribute` (`parent`, `attribute`, `dataclass`, `sequence`, `root`, `span`, `minimum`, `maximum`, `unique_values`, `additional_values`, `vocabulary`, `enabled`, `deprecated`, `keyword`) VALUES
('address', 'city', 'string', 2, 0, 0, 0, 1, 1, 0, NULL, 1, 0, 'format.address.city'),
('address', 'country', 'term', 6, 0, 0, 1, 1, 1, 0, 'country', 1, 0, 'format.address.country'),
('address', 'postcode', 'string', 4, 0, 0, 0, 1, 1, 0, NULL, 1, 0, NULL),
('address', 'street', 'string', 0, 1, 0, 1, 1, 1, 0, NULL, 1, 0, 'format.address.street'),
('description', 'event', 'event', 2, 1, 0, 1, 1, 1, 0, NULL, 1, 0, 'format.description.described'),
('description', 'text', 'plaintext', 0, 0, 0, 1, 1, 1, 0, NULL, 1, 0, 'format.description.text'),
('dispatch', 'read', 'datetime', 4, 0, 0, 1, 1, 1, 0, NULL, 1, 0, 'format.recipient.read_on'),
('dispatch', 'recipient', 'actor', 2, 0, 0, 1, 1, 1, 0, NULL, 1, 0, 'format.recipient.sent_to'),
('dispatch', 'role', 'identifier', 6, 0, 0, 1, 1, 1, 0, NULL, 1, 0, 'format.recipient.sent_to'),
('dispatch', 'status', 'term', 0, 1, 0, 1, 1, 1, 0, 'core.message.recipient.status', 1, 0, 'format.recipient.status'),
('version', 'created', 'datetime', 10, 1, 0, 1, 1, 1, 0, NULL, 1, 0, 'format.fileversion.created'),
('version', 'creator', 'string', 12, 1, 0, 1, 1, 1, 0, NULL, 1, 0, 'format.fileversion.creator'),
('version', 'expires', 'datetime', 18, 1, 0, 1, 1, 1, 0, NULL, 1, 0, 'format.fileversion.expires'),
('version', 'extension', 'string', 4, 1, 0, 1, 1, 1, 0, NULL, 1, 0, NULL),
('version', 'modified', 'datetime', 14, 1, 0, 1, 1, 1, 0, NULL, 1, 0, 'format.fileversion.modified'),
('version', 'modifier', 'string', 16, 1, 0, 1, 1, 1, 0, NULL, 1, 0, 'format.fileversion.modifier'),
('version', 'name', 'string', 2, 1, 0, 1, 1, 1, 0, NULL, 1, 0, 'format.fileversion.name'),
('version', 'path', 'string', 0, 1, 0, 1, 1, 1, 0, NULL, 1, 0, NULL),
('version', 'sequence', 'integer', 6, 1, 0, 1, 1, 1, 0, NULL, 1, 0, 'format.fileversion.sequence'),
('version', 'version', 'string', 8, 1, 0, 1, 1, 1, 0, NULL, 1, 0, 'format.fileversion.string');

--
-- Dumping data for table `ark_dataclass_blob`
--

INSERT INTO `ark_dataclass_blob` (`dataclass`, `preset`) VALUES
('blob', NULL);

--
-- Dumping data for table `ark_dataclass_boolean`
--

INSERT INTO `ark_dataclass_boolean` (`dataclass`, `preset`) VALUES
('boolean', NULL),
('false', 0),
('true', 1);

--
-- Dumping data for table `ark_dataclass_date`
--

INSERT INTO `ark_dataclass_date` (`dataclass`, `pattern`, `unicode`, `php`, `preset`) VALUES
('date', '^([0-9]{4})(-)(1[0-2]|0[1-9])\\\\2(3[01]|0[1-9]|[12][0-9])$', NULL, 'Y-m-d', NULL),
('ordinaldate', '^([0-9]{4})-(36[0-6]|3[0-5][0-9]|[12][0-9]{2}|0[1-9][0-9]|00[1-9])$', NULL, 'Y-z', NULL),
('weekdate', '^([0-9]{4})-W(5[0-3]|[1-4][0-9]|0[1-9])-([1-7])$', NULL, 'o-W-N', NULL);

--
-- Dumping data for table `ark_dataclass_datetime`
--

INSERT INTO `ark_dataclass_datetime` (`dataclass`, `pattern`, `unicode`, `php`, `preset`) VALUES
('datetime', '^([0-9]{4})-(1[0-2]|0[1-9])-(3[01]|0[1-9]|[12][0-9])T(2[0-3]|[01][0-9]):([0-5][0-9]):([0-5][0-9])$', NULL, 'c', NULL);

--
-- Dumping data for table `ark_dataclass_decimal`
--

INSERT INTO `ark_dataclass_decimal` (`dataclass`, `prec`, `scale`, `minimum`, `exclusive_minimum`, `maximum`, `exclusive_maximum`, `multiple_of`, `preset`) VALUES
('decimal', 100, 100, NULL, 0, NULL, 0, NULL, NULL),
('mass', 100, 100, NULL, 0, NULL, 0, NULL, NULL),
('money', 198, 2, NULL, 0, NULL, 0, '0.01', NULL);

--
-- Dumping data for table `ark_dataclass_float`
--

INSERT INTO `ark_dataclass_float` (`dataclass`, `minimum`, `exclusive_minimum`, `maximum`, `exclusive_maximum`, `multiple_of`, `preset`) VALUES
('float', NULL, 0, NULL, 0, NULL, NULL),
('percent', 0, 0, 100, 0, NULL, NULL);

--
-- Dumping data for table `ark_dataclass_integer`
--

INSERT INTO `ark_dataclass_integer` (`dataclass`, `minimum`, `exclusive_minimum`, `maximum`, `exclusive_maximum`, `multiple_of`, `preset`) VALUES
('integer', -2147483648, 0, 2147483647, 0, 1, NULL);

--
-- Dumping data for table `ark_dataclass_item`
--

INSERT INTO `ark_dataclass_item` (`dataclass`, `module`, `preset`) VALUES
('actor', 'actor', NULL),
('event', 'event', NULL),
('file', 'file', NULL),
('institution', 'actor', NULL),
('item', NULL, NULL),
('person', 'actor', NULL);

--
-- Dumping data for table `ark_dataclass_object`
--

INSERT INTO `ark_dataclass_object` (`dataclass`) VALUES
('address'),
('dispatch'),
('distance'),
('mass'),
('version');

--
-- Dumping data for table `ark_dataclass_spatial`
--

INSERT INTO `ark_dataclass_spatial` (`dataclass`, `geometry`, `has_z`, `has_m`, `format`, `srid`, `envelope`, `preset`) VALUES
('line', 'LineString', 1, 0, 'wkt', 0, NULL, NULL),
('multiline', 'MultiLineString', 1, 0, 'wkt', 0, NULL, NULL),
('multipoint', 'MultiPoint', 1, 0, 'wkt', 0, NULL, NULL),
('multipolygon', 'MultiPolygon', 1, 0, 'wkt', 0, NULL, NULL),
('point', 'Point', 1, 0, 'wkt', 0, NULL, NULL),
('polygon', 'Polygon', 1, 0, 'wkt', 0, NULL, NULL);

--
-- Dumping data for table `ark_dataclass_string`
--

INSERT INTO `ark_dataclass_string` (`dataclass`, `pattern`, `min_length`, `max_length`, `default_size`, `preset`) VALUES
('color', '^#([A-Fa-f0-9]{6}|[A-Fa-f0-9]{3})$', 4, 7, 10, NULL),
('email', '^(?!^.{254})(([^@]+)@([^@]+))$', 3, 254, 30, NULL),
('identifier', '^(\\w{1,30})$', 1, 30, 30, NULL),
('key', '^(\\w{1,50})$', 1, 50, 50, NULL),
('module', '^(\\w{1,3})$', 3, 3, 3, NULL),
('monthday', '^(1[0-2]|0[1-9])\\\\2(3[01]|0[1-9]|[12][0-9])$', 6, 7, 7, NULL),
('telephone', '^([0-9+\\(\\)#\\.\\s\\/x-]+)$', 1, 30, 30, NULL),
('term', '^(\\w{1,30})$', 1, 30, 30, NULL),
('yearmonth', '^([0-9]{4})-(1[0-2]|0[1-9])$', 6, 7, 7, NULL),
('yearweek', '^([0-9]{4})-W(5[0-3]|[1-4][0-9]|0[1-9])$', 7, 8, 8, NULL);

--
-- Dumping data for table `ark_dataclass_text`
--

INSERT INTO `ark_dataclass_text` (`dataclass`, `mediatype`, `min_length`, `max_length`, `default_size`, `preset`) VALUES
('html', 'text/html', 1, 1431655765, 30, NULL),
('markdown', 'text/markdown', 1, 1431655765, 30, NULL),
('plaintext', 'text/plain', 1, 1431655765, 30, NULL),
('richtext', 'text/richtext', 1, 1431655765, 30, NULL),
('shorttext', 'text/plain', 1, 100, 30, NULL),
('url', 'text/url', 1, 2083, 50, NULL);

--
-- Dumping data for table `ark_dataclass_time`
--

INSERT INTO `ark_dataclass_time` (`dataclass`, `pattern`, `unicode`, `php`, `preset`) VALUES
('time', '^(2[0-3]|[01][0-9]):([0-5][0-9])$', NULL, 'H:i:s', NULL);

--
-- Dumping data for table `ark_dataclass_type`
--

INSERT INTO `ark_dataclass_type` (`datatype`, `number`, `temporal`, `object`, `compound`, `storage_type`, `storage_size`, `value_name`, `parameter_name`, `parameter_vocabulary`, `format_name`, `format_vocabulary`, `spanable`, `model_table`, `model_entity`, `data_table`, `data_entity`, `form_type`, `active_form_type`, `readonly_form_type`, `static_form_type`, `parameter_form_type`, `format_form_type`, `enabled`, `deprecated`, `keyword`) VALUES
('blob', 0, 0, 0, 1, 'blob', NULL, 'blob', NULL, NULL, 'mediatype', 'mediatype', 0, 'ark_dataclass_blob', 'ARK\\Model\\Dataclass\\BlobDataclass', 'ark_fragment_blob', 'ARK\\Model\\Fragment\\BlobFragment', NULL, NULL, NULL, NULL, NULL, 'Symfony\\Component\\Form\\Extension\\Core\\Type\\ChoiceType', 0, 0, 'core.datatype.blob'),
('boolean', 0, 0, 0, 0, 'boolean', NULL, NULL, NULL, NULL, NULL, NULL, 0, 'ark_dataclass_boolean', 'ARK\\Model\\Dataclass\\BooleanDataclass', 'ark_fragment_boolean', 'ARK\\Model\\Fragment\\BooleanFragment', 'ARK\\Form\\Type\\ScalarPropertyType', 'Symfony\\Component\\Form\\Extension\\Core\\Type\\CheckboxType', NULL, 'ARK\\Form\\Type\\StaticType', NULL, NULL, 1, 0, 'core.datatype.boolean'),
('date', 0, 1, 0, 0, 'date', NULL, NULL, NULL, NULL, NULL, NULL, 1, 'ark_dataclass_datetime', 'ARK\\Model\\Dataclass\\DateDataclass', 'ark_fragment_date', 'ARK\\Model\\Fragment\\DateFragment', 'ARK\\Form\\Type\\ScalarPropertyType', 'Symfony\\Component\\Form\\Extension\\Core\\Type\\DateType', NULL, 'ARK\\Form\\Type\\StaticType', NULL, NULL, 1, 0, 'core.datatype.date'),
('datetime', 0, 1, 0, 0, 'datetime', NULL, 'datetime', 'timezone', NULL, NULL, NULL, 1, 'ark_dataclass_datetime', 'ARK\\Model\\Dataclass\\DateTimeDataclass', 'ark_fragment_datetime', 'ARK\\Model\\Fragment\\DateTimeFragment', 'ARK\\Form\\Type\\ScalarPropertyType', 'Symfony\\Component\\Form\\Extension\\Core\\Type\\DateTimeType', NULL, 'ARK\\Form\\Type\\StaticType', 'Symfony\\Component\\Form\\Extension\\Core\\Type\\ChoiceType', NULL, 1, 0, 'core.datatype.datetime'),
('decimal', 1, 0, 0, 0, 'string', 200, NULL, NULL, NULL, NULL, NULL, 1, 'ark_dataclass_decimal', 'ARK\\Model\\Dataclass\\DecimalDataclass', 'ark_fragment_decimal', 'ARK\\Model\\Fragment\\DecimalFragment', 'ARK\\Form\\Type\\ScalarPropertyType', 'Symfony\\Component\\Form\\Extension\\Core\\Type\\NumberType', NULL, 'ARK\\Form\\Type\\StaticType', NULL, NULL, 1, 0, 'core.datatype.decimal'),
('float', 1, 0, 0, 0, 'float', NULL, NULL, NULL, NULL, NULL, NULL, 1, 'ark_dataclass_float', 'ARK\\Model\\Dataclass\\FloatDataclass', 'ark_fragment_float', 'ARK\\Model\\Fragment\\FloatFragment', 'ARK\\Form\\Type\\ScalarPropertyType', 'Symfony\\Component\\Form\\Extension\\Core\\Type\\NumberType', NULL, 'ARK\\Form\\Type\\StaticType', NULL, NULL, 1, 0, 'core.datatype.float'),
('integer', 1, 0, 0, 0, 'integer', NULL, NULL, NULL, NULL, NULL, NULL, 1, 'ark_dataclass_integer', 'ARK\\Model\\Dataclass\\IntegerDataclass', 'ark_fragment_integer', 'ARK\\Model\\Fragment\\IntegerFragment', 'ARK\\Form\\Type\\ScalarPropertyType', 'Symfony\\Component\\Form\\Extension\\Core\\Type\\IntegerType', NULL, 'ARK\\Form\\Type\\StaticType', NULL, NULL, 1, 0, 'core.datatype.integer'),
('item', 0, 0, 0, 1, 'string', 30, 'id', 'module', NULL, NULL, NULL, 1, 'ark_dataclass_item', 'ARK\\Model\\Dataclass\\ItemDataclass', 'ark_fragment_item', 'ARK\\Model\\Fragment\\ItemFragment', 'ARK\\Form\\Type\\ScalarPropertyType', NULL, NULL, 'ARK\\Form\\Type\\StaticType', 'Symfony\\Component\\Form\\Extension\\Core\\Type\\ChoiceType', NULL, 1, 0, 'core.datatype.item'),
('object', 0, 0, 1, 0, 'integer', 0, NULL, NULL, NULL, NULL, NULL, 0, 'ark_dataclass_object', 'ARK\\Model\\Dataclass\\ObjectDataclass', 'ark_fragment_object', 'ARK\\Model\\Fragment\\ObjectFragment', 'ARK\\Form\\Type\\ObjectType', NULL, NULL, 'ARK\\Form\\Type\\StaticType', NULL, NULL, 1, 0, 'core.datatype.object'),
('spatial', 0, 0, 0, 1, 'string', 1431655765, 'geometry', 'srid', 'spatial.crs', 'format', 'spatial.format', 0, 'ark_dataclass_spatial', 'ARK\\Model\\Dataclass\\SpatialDataclass', 'ark_fragment_spatial', 'ARK\\Model\\Fragment\\SpatialFragment', 'ARK\\Form\\Type\\WktPropertyType', 'Symfony\\Component\\Form\\Extension\\Core\\Type\\TextType', NULL, 'ARK\\Form\\Type\\StaticType', 'Symfony\\Component\\Form\\Extension\\Core\\Type\\ChoiceType', 'Symfony\\Component\\Form\\Extension\\Core\\Type\\ChoiceType', 1, 0, 'core.datatype.spatial'),
('string', 0, 0, 0, 0, 'string', 4000, NULL, NULL, NULL, NULL, NULL, 1, 'ark_dataclass_string', 'ARK\\Model\\Dataclass\\StringDataclass', 'ark_fragment_string', 'ARK\\Model\\Fragment\\StringFragment', 'ARK\\Form\\Type\\ScalarPropertyType', 'Symfony\\Component\\Form\\Extension\\Core\\Type\\TextType', NULL, 'ARK\\Form\\Type\\StaticType', NULL, NULL, 1, 0, 'core.datatype.string'),
('text', 0, 0, 0, 1, 'string', 1431655765, 'content', 'language', 'language', 'mediatype', 'mediatype', 0, 'ark_dataclass_text', 'ARK\\Model\\Dataclass\\TextDataclass', 'ark_fragment_text', 'ARK\\Model\\Fragment\\TextFragment', 'ARK\\Form\\Type\\LocalTextPropertyType', 'Symfony\\Component\\Form\\Extension\\Core\\Type\\TextareaType', NULL, 'ARK\\Form\\Type\\StaticType', NULL, NULL, 1, 0, 'core.datatype.text'),
('time', 0, 1, 0, 0, 'time', NULL, NULL, NULL, NULL, NULL, NULL, 1, 'ark_dataclass_datetime', 'ARK\\Model\\Dataclass\\TimeDataclass', 'ark_fragment_time', 'ARK\\Model\\Fragment\\TimeFragment', 'ARK\\Form\\Type\\ScalarPropertyType', 'Symfony\\Component\\Form\\Extension\\Core\\Type\\TimeType', NULL, 'ARK\\Form\\Type\\StaticType', NULL, NULL, 0, 0, 'core.datatype.time');

--
-- Dumping data for table `ark_map_layer`
--

INSERT INTO `ark_map_layer` (`source`, `layer`, `source_name`, `keyword`, `url`, `options`, `parameters`) VALUES
('bing', 'aerial', 'Aerial', 'map.layer.bing.aerial', NULL, NULL, NULL),
('bing', 'aerialwithlabels', 'AerialWithLabels', 'map.layer.bing.aerialwithlabels', NULL, NULL, NULL),
('bing', 'road', 'Road', 'map.layer.bing.road', NULL, NULL, NULL);

--
-- Dumping data for table `ark_map_source`
--

INSERT INTO `ark_map_source` (`source`, `type`, `subtype`, `format`, `view_class`, `ticket`, `ticket_expiry`, `keyword`, `options`) VALUES
('bing', 'raster', 'tile', 'bing', 'BingMaps', 'Ak5AqjsEQ44KtAl7jHhrjGuzNshN1fZv3MOx2MUi0p4zFmq6XeWLKmyqeP2UgJK3', NULL, 'map.source.bing', NULL);

--
-- Dumping data for table `ark_model_attribute`
--

INSERT INTO `ark_model_attribute` (`schma`, `class`, `attribute`, `dataclass`, `vocabulary`, `event`, `edit`, `view`, `span`, `minimum`, `maximum`, `unique_values`, `additional_values`, `visibility`, `enabled`, `deprecated`, `keyword`) VALUES
('core.actor', 'actor', 'address', 'address', NULL, NULL, NULL, NULL, 0, 1, 1, 1, 0, 'public', 1, 0, 'core.actor.address'),
('core.actor', 'actor', 'avatar', 'image', NULL, NULL, NULL, NULL, 0, 0, 1, 1, 0, 'public', 1, 0, 'core.actor.avatar'),
('core.actor', 'actor', 'biography', 'plaintext', NULL, NULL, NULL, NULL, 0, 1, 1, 1, 0, 'public', 1, 0, 'core.actor.biography'),
('core.actor', 'actor', 'class', 'term', 'core.actor.class', NULL, 'core.actor.update', 'core.actor.read', 0, 1, 1, 1, 0, 'restricted', 1, 0, 'core.actor.class'),
('core.actor', 'actor', 'email', 'email', NULL, NULL, 'core.actor.update', 'core.actor.read', 0, 1, 1, 1, 0, 'restricted', 1, 0, 'core.actor.email'),
('core.actor', 'actor', 'fullname', 'shorttext', NULL, NULL, NULL, NULL, 0, 1, 1, 1, 0, 'public', 1, 0, 'core.actor.fullname'),
('core.actor', 'actor', 'id', 'identifier', NULL, NULL, 'core.actor.update', 'core.actor.read', 0, 1, 1, 1, 0, 'restricted', 1, 0, 'core.actor.id'),
('core.actor', 'actor', 'initials', 'shorttext', NULL, NULL, NULL, NULL, 0, 1, 1, 1, 0, 'public', 1, 0, 'core.actor.initials'),
('core.actor', 'actor', 'shortname', 'shorttext', NULL, NULL, NULL, NULL, 0, 1, 1, 1, 0, 'public', 1, 0, 'core.actor.shortname'),
('core.actor', 'actor', 'telephone', 'telephone', NULL, NULL, 'core.actor.update', 'core.actor.read', 0, 1, 1, 1, 0, 'restricted', 1, 0, 'core.actor.telephone'),
('core.actor', 'person', 'status', 'term', 'core.security.user.status', NULL, 'core.admin.user', 'core.admin.user', 0, 1, 1, 1, 0, 'restricted', 1, 0, 'core.security.user.status'),
('core.actor', 'person', 'terms', 'term', 'core.user.terms', NULL, 'core.actor.update', 'core.actor.read', 0, 1, 1, 1, 0, 'restricted', 1, 0, 'core.user.terms'),
('core.event', 'event', 'agents', 'actor', NULL, NULL, NULL, NULL, 0, 1, 0, 1, 0, 'public', 1, 0, 'core.event.agent'),
('core.event', 'event', 'class', 'term', 'core.event.class', NULL, NULL, NULL, 0, 1, 1, 1, 0, 'public', 1, 0, 'core.event.class'),
('core.event', 'event', 'id', 'identifier', NULL, NULL, NULL, NULL, 0, 1, 1, 1, 0, 'public', 1, 0, 'core.event.id'),
('core.event', 'event', 'occurred', 'datetime', NULL, NULL, NULL, NULL, 0, 1, 1, 1, 0, 'public', 1, 0, 'core.event.occurred'),
('core.event', 'event', 'subject', 'item', NULL, NULL, NULL, NULL, 0, 1, 1, 1, 0, 'public', 1, 0, 'core.event.subject'),
('core.file', 'file', 'class', 'term', 'core.file.class', NULL, NULL, NULL, 0, 1, 1, 1, 0, 'public', 1, 0, 'core.file.class'),
('core.file', 'file', 'copyright', 'actor', NULL, NULL, NULL, NULL, 0, 1, 1, 1, 0, 'public', 1, 0, 'core.file.copyright'),
('core.file', 'file', 'description', 'plaintext', NULL, NULL, NULL, NULL, 0, 0, 1, 1, 0, 'public', 1, 0, 'core.file.description'),
('core.file', 'file', 'id', 'identifier', NULL, NULL, NULL, NULL, 0, 1, 1, 1, 0, 'public', 1, 0, 'core.file.id'),
('core.file', 'file', 'license', 'term', 'core.license', NULL, NULL, NULL, 0, 1, 1, 1, 0, 'public', 1, 0, 'core.file.status'),
('core.file', 'file', 'mediatype', 'term', 'mediatype', NULL, NULL, NULL, 0, 1, 1, 1, 0, 'public', 1, 0, 'core.file.mediatype'),
('core.file', 'file', 'status', 'term', 'core.file.status', NULL, NULL, NULL, 0, 1, 1, 1, 0, 'public', 1, 0, 'core.file.status'),
('core.file', 'file', 'title', 'shorttext', NULL, NULL, NULL, NULL, 0, 1, 1, 1, 0, 'public', 1, 0, 'core.file.title'),
('core.file', 'file', 'versions', 'version', NULL, NULL, NULL, NULL, 0, 1, 0, 1, 0, 'public', 1, 0, 'core.file.versions'),
('core.message', 'message', 'attachments', 'file', NULL, NULL, NULL, NULL, 0, 0, 0, 1, 0, 'public', 1, 0, 'core.message.mail.attachments'),
('core.message', 'message', 'body', 'plaintext', NULL, NULL, NULL, NULL, 0, 1, 1, 1, 0, 'public', 1, 0, 'core.message.mail.body'),
('core.message', 'message', 'class', 'term', 'core.message.class', NULL, NULL, NULL, 0, 1, 1, 1, 0, 'public', 1, 0, 'core.message.class'),
('core.message', 'message', 'id', 'identifier', NULL, NULL, NULL, NULL, 0, 1, 1, 1, 0, 'public', 1, 0, 'core.message.id'),
('core.message', 'message', 'recipients', 'dispatch', NULL, NULL, NULL, NULL, 0, 1, 0, 1, 0, 'public', 1, 0, 'core.message.recipients'),
('core.message', 'message', 'sender', 'actor', NULL, NULL, NULL, NULL, 0, 1, 1, 1, 0, 'public', 1, 0, 'core.message.sender'),
('core.message', 'message', 'sent', 'datetime', NULL, NULL, NULL, NULL, 0, 1, 1, 1, 0, 'public', 1, 0, 'core.message.sent_at'),
('core.message', 'message', 'subject', 'shorttext', NULL, NULL, NULL, NULL, 0, 1, 1, 1, 0, 'public', 1, 0, 'core.message.mail.subject'),
('core.message', 'notification', 'event', 'event', NULL, NULL, NULL, NULL, 0, 1, 1, 1, 0, 'public', 1, 0, 'core.message.notification.event'),
('core.page', 'page', 'content', 'html', NULL, NULL, NULL, NULL, 0, 1, 1, 1, 0, 'public', 1, 0, 'property.content'),
('core.page', 'page', 'id', 'identifier', NULL, NULL, NULL, NULL, 0, 1, 1, 1, 0, 'public', 1, 0, 'core.page.id');

--
-- Dumping data for table `ark_model_class`
--

INSERT INTO `ark_model_class` (`schma`, `class`, `vocabulary`, `namespace`, `entity`, `classname`, `superclass`, `instantiable`, `enabled`, `deprecated`) VALUES
('core.actor', 'actor', 'core.actor.class', 'ARK\\Actor', 'Actor', 'ARK\\Actor\\Actor', 1, 0, 1, 0),
('core.actor', 'institution', 'core.actor.class', 'ARK\\Actor', 'Institution', 'ARK\\Actor\\Institution', 0, 1, 1, 0),
('core.actor', 'person', 'core.actor.class', 'ARK\\Actor', 'Person', 'ARK\\Actor\\Person', 0, 1, 1, 0),
('core.event', 'event', 'core.event.class', 'ARK\\Workflow', 'Event', 'ARK\\Workflow\\Event', 1, 1, 1, 0),
('core.file', 'audio', 'core.file.class', 'ARK\\File', 'Audio', 'ARK\\File\\Audio', 0, 1, 1, 0),
('core.file', 'document', 'core.file.class', 'ARK\\File', 'Document', 'ARK\\File\\Document', 0, 1, 1, 0),
('core.file', 'file', 'core.file.class', 'ARK\\File', 'File', 'ARK\\File\\File', 1, 0, 1, 0),
('core.file', 'image', 'core.file.class', 'ARK\\File', 'Image', 'ARK\\File\\Image', 0, 1, 1, 0),
('core.file', 'other', 'core.file.class', 'ARK\\File', 'Other', 'ARK\\File\\Other', 0, 1, 1, 0),
('core.file', 'text', 'core.file.class', 'ARK\\File', 'Text', 'ARK\\File\\Text', 0, 1, 1, 0),
('core.file', 'video', 'core.file.class', 'ARK\\File', 'Video', 'ARK\\File\\Video', 0, 1, 1, 0),
('core.message', 'mail', 'core.message.class', 'ARK\\Message', 'Mail', 'ARK\\Message\\Mail', 0, 1, 1, 0),
('core.message', 'message', 'core.message.class', 'ARK\\Message', 'Message', 'ARK\\Message\\Message', 1, 0, 1, 0),
('core.message', 'notification', 'core.message.class', 'ARK\\Message', 'Notification', 'ARK\\Message\\Notification', 0, 1, 1, 0),
('core.page', 'page', 'core.page.class', 'ARK\\Entity', 'Page', 'ARK\\Entity\\Page', 1, 1, 1, 0);

--
-- Dumping data for table `ark_model_module`
--

INSERT INTO `ark_model_module` (`module`, `resource`, `tbl`, `core`, `enabled`, `deprecated`, `keyword`) VALUES
('event', 'events', 'ark_item_event', 1, 1, 0, 'core.event'),
('file', 'files', 'ark_item_file', 1, 1, 0, 'core.file'),
('message', 'messages', 'ark_item_message', 1, 1, 0, 'core.message'),
('page', 'page', 'ark_item_page', 1, 1, 0, 'core.page');

--
-- Dumping data for table `ark_model_schema`
--

INSERT INTO `ark_model_schema` (`schma`, `module`, `subclasses`, `entities`, `attribute`, `vocabulary`, `generator`, `sequence`, `event`, `visibility`, `new`, `view`, `remove`, `edit`, `enabled`, `deprecated`, `keyword`) VALUES
('core.actor', 'actor', 1, 1, 'class', 'core.actor.class', 'assigned', NULL, NULL, 'restricted', 'core.actor.create', 'core.actor.read', 'core.actor.delete', 'core.actor.update', 1, 0, 'core.actor'),
('core.event', 'event', 1, 0, 'class', 'core.event.class', 'sequence', 'id', NULL, 'restricted', 'core.event.create', 'core.event.read', 'core.event.delete', 'core.event.update', 1, 0, 'core.event'),
('core.file', 'file', 1, 1, 'class', 'core.file.class', 'sequence', 'id', NULL, 'restricted', 'core.file.create', 'core.event.read', 'core.file.delete', 'core.file.update', 1, 0, 'core.file'),
('core.message', 'message', 1, 1, 'class', 'core.message.class', 'sequence', 'id', NULL, 'restricted', 'core.message.create', 'core.message.read', 'core.message.delete', 'core.message.update', 1, 0, 'core.message'),
('core.page', 'page', 0, 0, NULL, NULL, 'assigned', NULL, NULL, 'public', 'core.page.create', NULL, 'core.page.delete', 'core.page.update', 1, 0, 'core.page');

--
-- Dumping data for table `ark_route`
--

INSERT INTO `ark_route` (`route`, `collection`, `can_get`, `can_post`, `page`, `redirect`, `controller`) VALUES
('core.admin', 'admin', 1, 0, 'core_admin_page', NULL, 'ARK\\Framework\\Controller\\AdminPageController'),
('core.admin.user.item', 'admin', 1, 1, 'core_admin_page_user', NULL, 'ARK\\Security\\Controller\\UserAdminListPageController'),
('core.admin.user.list', 'admin', 1, 1, 'core_admin_page_users', NULL, 'ARK\\Security\\Controller\\UserAdminPageController'),
('core.admin.user.register', 'admin', 1, 1, 'core_admin_page_register', NULL, 'ARK\\Security\\Controller\\UserRegisterController'),
('core.api.file', 'api', 1, 1, NULL, NULL, 'ARK\\Framework\\FileController'),
('core.api.image', 'api', 1, 0, NULL, NULL, 'ARK\\Framework\\ImageController'),
('core.front', 'view', 1, 0, 'core_front_page', NULL, 'ARK\\Framework\\Controller\\FrontPageController'),
('core.home', 'view', 1, 0, 'core_home_page', NULL, 'ARK\\Framework\\Controller\\HomePageController'),
('core.home.message.item', 'view', 1, 1, 'core_message_page_item', NULL, 'ARK\\Framework\\Controller\\MessagePageController'),
('core.home.message.list', 'view', 1, 1, 'core_message_page_list', NULL, 'ARK\\Framework\\Controller\\MessageListPageController'),
('core.home.profile', 'view', 1, 1, 'core_profile_page_item', NULL, 'ARK\\Security\\Controller\\UserProfilePageController'),
('core.profile.item', 'view', 1, 0, 'core_profile_page_item', NULL, 'ARK\\Security\\Controller\\UserProfilePageController'),
('core.profile.list', 'view', 1, 0, 'core_profile_page_list', NULL, 'ARK\\Security\\Controller\\UserProfileListPageController'),
('core.user', 'user', 1, 1, NULL, NULL, NULL),
('core.user.check', 'user', 1, 1, NULL, NULL, NULL),
('core.user.confirm', 'user', 1, 0, 'core_user_page_confirm', NULL, 'ARK\\Security\\Controller\\UserConfirmPageController'),
('core.user.login', 'user', 1, 0, 'core_user_page_login', NULL, 'ARK\\Security\\Controller\\UserLoginPageController'),
('core.user.logout', 'user', 1, 1, NULL, 'core.front', NULL),
('core.user.register', 'user', 1, 1, 'core_user_page_register', NULL, 'ARK\\Security\\Controller\\UserRegisterPageController'),
('core.user.reset', 'user', 1, 1, 'core_user_page_reset', NULL, 'ARK\\Security\\Controller\\UserResetPageController'),
('core.user.target', 'user', 1, 0, NULL, 'core.home', '');

--
-- Dumping data for table `ark_route_path`
--

INSERT INTO `ark_route_path` (`route`, `language`, `path`) VALUES
('core.admin', 'en', '/admin'),
('core.admin.user.item', 'en', '/admin/users/{id}'),
('core.admin.user.list', 'en', '/admin/users'),
('core.admin.user.register', 'en', '/admin/users/register'),
('core.api.file', 'en', '/api/services/files/{id}'),
('core.api.image', 'en', '/api/services/images/{server}/{image}'),
('core.front', 'en', '/'),
('core.home', 'en', '/home'),
('core.home.message.item', 'en', '/home/messages/{id}'),
('core.home.message.list', 'en', '/home/messages'),
('core.home.profile', 'en', '/home/profile'),
('core.profile.item', 'en', '/profiles/{id}'),
('core.profile.list', 'en', '/profiles'),
('core.user', 'en', '/users'),
('core.user.check', 'en', '/users/check'),
('core.user.confirm', 'en', '/users/confirm'),
('core.user.login', 'en', '/users/login'),
('core.user.logout', 'en', '/users/logout'),
('core.user.register', 'en', '/users/register'),
('core.user.reset', 'en', '/users/reset');

--
-- Dumping data for table `ark_schema_item`
--

INSERT INTO `ark_schema_item` (`attribute`, `dataclass`, `vocabulary`, `minimum`, `maximum`, `unique_values`, `additional_values`, `enabled`, `deprecated`, `keyword`) VALUES
('class', 'identifier', NULL, 1, 1, 1, 0, 1, 0, 'core.item.type'),
('id', 'identifier', NULL, 1, 1, 1, 0, 1, 0, 'core.item.id'),
('index', 'identifier', NULL, 1, 1, 1, 0, 1, 0, 'core.item.index'),
('label', 'identifier', NULL, 1, 1, 1, 0, 1, 0, 'core.item.label'),
('module', 'identifier', NULL, 1, 1, 1, 0, 1, 0, 'core.item.module'),
('schema', 'identifier', NULL, 1, 1, 1, 0, 1, 0, 'core.item.module'),
('status', 'identifier', 'core.item.status', 1, 1, 1, 0, 1, 0, 'core.item.status');

--
-- Dumping data for table `ark_translation_keyword`
--

INSERT INTO `ark_translation_keyword` (`keyword`, `domain`, `is_plural`, `has_parameters`) VALUES
('core.action.activate', 'vocabulary', 0, 0),
('core.action.approve', 'core', 0, 0),
('core.action.cancel', 'core', 0, 0),
('core.action.edit', 'core', 0, 0),
('core.action.redact', 'core', 0, 0),
('core.action.register', 'core', 0, 0),
('core.action.reject', 'core', 0, 0),
('core.action.restore', 'core', 0, 0),
('core.action.select', 'core', 0, 0),
('core.action.suspend', 'core', 0, 0),
('core.action.view', 'core', 0, 0),
('core.action.view1', 'core', 0, 0),
('core.actor', 'core', 0, 0),
('core.actor.address', 'core', 0, 0),
('core.actor.avatar', 'core', 0, 0),
('core.actor.biography', 'core', 0, 0),
('core.actor.class', 'vocabulary', 0, 0),
('core.actor.class.institution', 'vocabulary', 0, 0),
('core.actor.class.person', 'vocabulary', 0, 0),
('core.actor.class.system', 'vocabulary', 0, 0),
('core.actor.email', 'core', 0, 0),
('core.actor.event', 'vocabulary', 0, 0),
('core.actor.event.activated', 'vocabulary', 0, 0),
('core.actor.event.approved', 'vocabulary', 0, 0),
('core.actor.event.cancelled', 'vocabulary', 0, 0),
('core.actor.event.registered', 'vocabulary', 0, 0),
('core.actor.event.restored', 'vocabulary', 0, 0),
('core.actor.event.suspended', 'vocabulary', 0, 0),
('core.actor.format', 'core', 0, 0),
('core.actor.fullname', 'core', 0, 0),
('core.actor.id', 'core', 0, 0),
('core.actor.initials', 'core', 0, 0),
('core.actor.institution', 'core', 0, 0),
('core.actor.license', 'core', 0, 0),
('core.actor.module', 'core', 0, 0),
('core.actor.person', 'core', 0, 0),
('core.actor.schema', 'core', 0, 0),
('core.actor.shortname', 'core', 0, 0),
('core.actor.telephone', 'core', 0, 0),
('core.actor.visibility', 'core', 0, 0),
('core.admin', 'core', 0, 0),
('core.admin.user', 'core', 0, 0),
('core.admin.user.register', 'core', 0, 0),
('core.blank', 'core', 0, 0),
('core.button.apply', 'core', 0, 0),
('core.button.change', 'core', 0, 0),
('core.button.clone', 'core', 0, 0),
('core.button.save', 'core', 0, 0),
('core.button.search', 'core', 0, 0),
('core.button.select', 'core', 0, 0),
('core.button.send', 'core', 0, 0),
('core.datatype.blob', 'vocabulary', 0, 0),
('core.datatype.boolean', 'vocabulary', 0, 0),
('core.datatype.date', 'vocabulary', 0, 0),
('core.datatype.datetime', 'vocabulary', 0, 0),
('core.datatype.decimal', 'vocabulary', 0, 0),
('core.datatype.float', 'vocabulary', 0, 0),
('core.datatype.integer', 'vocabulary', 0, 0),
('core.datatype.item', 'vocabulary', 0, 0),
('core.datatype.object', 'vocabulary', 0, 0),
('core.datatype.spatial', 'vocabulary', 0, 0),
('core.datatype.string', 'vocabulary', 0, 0),
('core.datatype.text', 'vocabulary', 0, 0),
('core.datatype.time', 'vocabulary', 0, 0),
('core.error.form.invalid.error', 'core', 0, 0),
('core.event', 'core', 0, 0),
('core.event.agent', 'core', 0, 0),
('core.event.class', 'core', 0, 0),
('core.event.class.viewed', 'core', 0, 0),
('core.event.edited', 'core', 0, 0),
('core.event.id', 'core', 0, 0),
('core.event.occurred', 'core', 0, 0),
('core.event.resource', 'core', 0, 0),
('core.event.subject', 'core', 0, 0),
('core.events', 'core', 0, 0),
('core.file', 'core', 0, 0),
('core.file.class', 'core', 0, 0),
('core.file.class.audio', 'vocabulary', 0, 0),
('core.file.class.document', 'vocabulary', 0, 0),
('core.file.class.image', 'vocabulary', 0, 0),
('core.file.class.other', 'vocabulary', 0, 0),
('core.file.class.text', 'vocabulary', 0, 0),
('core.file.class.video', 'vocabulary', 0, 0),
('core.file.copyright', 'core', 0, 0),
('core.file.description', 'core', 0, 0),
('core.file.id', 'core', 0, 0),
('core.file.mediatype', 'core', 0, 0),
('core.file.status', 'core', 0, 0),
('core.file.status.checkedin', 'vocabulary', 0, 0),
('core.file.status.checkedout', 'vocabulary', 0, 0),
('core.file.status.expired', 'vocabulary', 0, 0),
('core.file.status.locked', 'vocabulary', 0, 0),
('core.file.status.new', 'vocabulary', 0, 0),
('core.file.title', 'core', 0, 0),
('core.file.type.text', 'core', 0, 0),
('core.file.type.video', 'core', 0, 0),
('core.file.versions', 'core', 0, 0),
('core.form.mode', 'core', 0, 0),
('core.form.mode.active', 'vocabulary', 0, 0),
('core.form.mode.disabled', 'vocabulary', 0, 0),
('core.form.mode.excluded', 'vocabulary', 0, 0),
('core.form.mode.hidden', 'vocabulary', 0, 0),
('core.form.mode.readonly', 'vocabulary', 0, 0),
('core.form.mode.static', 'vocabulary', 0, 0),
('core.format.dating.type', 'core', 0, 0),
('core.item.status', 'core', 0, 0),
('core.item.status.allocated', 'vocabulary', 0, 0),
('core.item.status.deleted', 'vocabulary', 0, 0),
('core.item.status.registered', 'vocabulary', 0, 0),
('core.item.status.void', 'vocabulary', 0, 0),
('core.license.cc0', 'vocabulary', 0, 0),
('core.license.ccbyncsa', 'vocabulary', 0, 0),
('core.license.ccbysa', 'vocabulary', 0, 0),
('core.mediatype.image.jpeg', 'vocabulary', 0, 0),
('core.mediatype.image.png', 'vocabulary', 0, 0),
('core.mediatype.text.html', 'vocabulary', 0, 0),
('core.mediatype.text.plain', 'vocabulary', 0, 0),
('core.message', 'core', 0, 0),
('core.message.allmessages', 'core', 0, 0),
('core.message.class', 'vocabulary', 0, 0),
('core.message.class.mail', 'vocabulary', 0, 0),
('core.message.class.notification', 'vocabulary', 0, 0),
('core.message.id', 'core', 0, 0),
('core.message.mail.attachments', 'core', 0, 0),
('core.message.mail.body', 'core', 0, 0),
('core.message.mail.subject', 'core', 0, 0),
('core.message.messages', 'core', 0, 0),
('core.message.messages.new', 'core', 0, 0),
('core.message.newmessages', 'core', 0, 0),
('core.message.notification.body', 'core', 0, 0),
('core.message.notification.event', 'core', 0, 0),
('core.message.notshown', 'core', 0, 0),
('core.message.recipient.status', 'vocabulary', 0, 0),
('core.message.recipient.status.discarded', 'vocabulary', 0, 0),
('core.message.recipient.status.read', 'vocabulary', 0, 0),
('core.message.recipient.status.unread', 'vocabulary', 0, 0),
('core.message.recipients', 'core', 0, 0),
('core.message.sender', 'core', 0, 0),
('core.message.sent_at', 'core', 0, 0),
('core.message.status', 'vocabulary', 0, 0),
('core.message.status.draft', 'vocabulary', 0, 0),
('core.message.status.read', 'vocabulary', 0, 0),
('core.message.status.sent', 'vocabulary', 0, 0),
('core.page', 'core', 0, 0),
('core.page.id', 'core', 0, 0),
('core.placeholder', 'core', 0, 0),
('core.profile', 'core', 0, 0),
('core.profiles', 'core', 0, 0),
('core.role.admin', 'core', 0, 0),
('core.role.anon', 'core', 0, 0),
('core.role.anonymous', 'core', 0, 0),
('core.role.user', 'core', 0, 0),
('core.security.user.status', 'core', 0, 0),
('core.security.user.status.approved', 'core', 0, 0),
('core.security.user.status.closed', 'core', 0, 0),
('core.security.user.status.disabled', 'core', 0, 0),
('core.security.user.status.enabled', 'core', 0, 0),
('core.security.user.status.expired', 'core', 0, 0),
('core.security.user.status.locked', 'core', 0, 0),
('core.security.user.status.new', 'core', 0, 0),
('core.security.user.status.registered', 'core', 0, 0),
('core.security.user.status.suspended', 'core', 0, 0),
('core.security.user.status.verified', 'core', 0, 0),
('core.user', 'core', 0, 0),
('core.user.agree', 'core', 0, 0),
('core.user.email', 'core', 0, 0),
('core.user.email.repeat', 'core', 0, 0),
('core.user.login', 'core', 0, 0),
('core.user.login.heading', 'core', 0, 0),
('core.user.login.notregistered', 'core', 0, 0),
('core.user.login.register', 'core', 0, 0),
('core.user.name', 'core', 0, 0),
('core.user.password', 'core', 0, 0),
('core.user.password.change', 'core', 0, 0),
('core.user.password.change.success', 'core', 0, 0),
('core.user.password.current', 'core', 0, 0),
('core.user.password.forgot', 'core', 0, 0),
('core.user.password.new', 'core', 0, 0),
('core.user.password.repeat', 'core', 0, 0),
('core.user.password.set', 'core', 0, 0),
('core.user.profile', 'core', 0, 0),
('core.user.register', 'core', 0, 0),
('core.user.register.existing', 'core', 0, 0),
('core.user.register.faq', 'core', 0, 0),
('core.user.register.heading', 'core', 0, 0),
('core.user.register.loggedin', 'core', 0, 0),
('core.user.register.login', 'core', 0, 0),
('core.user.register.logout', 'core', 0, 0),
('core.user.register.success', 'core', 0, 0),
('core.user.reset', 'core', 0, 0),
('core.user.reset.heading', 'core', 0, 0),
('core.user.reset.notregistered', 'core', 0, 0),
('core.user.reset.register', 'core', 0, 0),
('core.user.reset.reset', 'core', 0, 0),
('core.user.role', 'core', 0, 0),
('core.user.role.add', 'core', 0, 0),
('core.user.role.expiry', 'core', 0, 0),
('core.user.terms', 'core', 0, 0),
('core.user.terms.agree', 'core', 0, 0),
('core.user.terms.v1', 'core', 0, 0),
('core.user.username', 'core', 0, 0),
('core.users', 'core', 0, 0),
('core.visibility', 'vocabulary', 0, 0),
('core.visibility.private', 'vocabulary', 0, 0),
('core.visibility.public', 'vocabulary', 0, 0),
('core.visibility.restricted', 'vocabulary', 0, 0),
('core.vocabulary.mediatype', 'core', 0, 0),
('core.vocabulary.type.list', 'core', 0, 0),
('core.vocabulary.type.ring', 'core', 0, 0),
('core.vocabulary.type.taxonomy', 'core', 0, 0),
('core.vocabulary.type.thesaurus', 'core', 0, 0),
('core.widget.comments', 'core', 0, 0),
('core.widget.send', 'core', 0, 0),
('core.widget.submit', 'core', 0, 0),
('core.workflow.action', 'core', 0, 0),
('core.workflow.role', 'core', 0, 0),
('country.afghanistan', 'vocabulary', 0, 0),
('country.alandislands', 'vocabulary', 0, 0),
('country.albania', 'vocabulary', 0, 0),
('country.algeria', 'vocabulary', 0, 0),
('country.americansamoa', 'vocabulary', 0, 0),
('country.andorra', 'vocabulary', 0, 0),
('country.angola', 'vocabulary', 0, 0),
('country.anguilla', 'vocabulary', 0, 0),
('country.antarctica', 'vocabulary', 0, 0),
('country.antigua', 'vocabulary', 0, 0),
('country.argentina', 'vocabulary', 0, 0),
('country.armenia', 'vocabulary', 0, 0),
('country.aruba', 'vocabulary', 0, 0),
('country.australia', 'vocabulary', 0, 0),
('country.austria', 'vocabulary', 0, 0),
('country.azerbaijan', 'vocabulary', 0, 0),
('country.bahamas', 'vocabulary', 0, 0),
('country.bahrain', 'vocabulary', 0, 0),
('country.bangladesh', 'vocabulary', 0, 0),
('country.barbados', 'vocabulary', 0, 0),
('country.belarus', 'vocabulary', 0, 0),
('country.belgium', 'vocabulary', 0, 0),
('country.belize', 'vocabulary', 0, 0),
('country.benin', 'vocabulary', 0, 0),
('country.bermuda', 'vocabulary', 0, 0),
('country.bhutan', 'vocabulary', 0, 0),
('country.bolivia', 'vocabulary', 0, 0),
('country.bonaire', 'vocabulary', 0, 0),
('country.bosniaherzegovina', 'vocabulary', 0, 0),
('country.botswana', 'vocabulary', 0, 0),
('country.brazil', 'vocabulary', 0, 0),
('country.britishvirginislands', 'vocabulary', 0, 0),
('country.brunei', 'vocabulary', 0, 0),
('country.bulgaria', 'vocabulary', 0, 0),
('country.burkinafaso', 'vocabulary', 0, 0),
('country.burundi', 'vocabulary', 0, 0),
('country.caboverde', 'vocabulary', 0, 0),
('country.cambodia', 'vocabulary', 0, 0),
('country.cameroon', 'vocabulary', 0, 0),
('country.canada', 'vocabulary', 0, 0),
('country.caymanislands', 'vocabulary', 0, 0),
('country.centralafricanrepublic', 'vocabulary', 0, 0),
('country.chad', 'vocabulary', 0, 0),
('country.chile', 'vocabulary', 0, 0),
('country.china', 'vocabulary', 0, 0),
('country.christmasisland', 'vocabulary', 0, 0),
('country.cocosislands', 'vocabulary', 0, 0),
('country.colombia', 'vocabulary', 0, 0),
('country.comoros', 'vocabulary', 0, 0),
('country.congo', 'vocabulary', 0, 0),
('country.cookislands', 'vocabulary', 0, 0),
('country.costarica', 'vocabulary', 0, 0),
('country.cotedivoire', 'vocabulary', 0, 0),
('country.croatia', 'vocabulary', 0, 0),
('country.cuba', 'vocabulary', 0, 0),
('country.curacao', 'vocabulary', 0, 0),
('country.cyprus', 'vocabulary', 0, 0),
('country.czechrepublic', 'vocabulary', 0, 0),
('country.democraticrepubliccongo', 'vocabulary', 0, 0),
('country.denmark', 'vocabulary', 0, 0),
('country.djibouti', 'vocabulary', 0, 0),
('country.dominica', 'vocabulary', 0, 0),
('country.dominicanrepublic', 'vocabulary', 0, 0),
('country.ecuador', 'vocabulary', 0, 0),
('country.egypt', 'vocabulary', 0, 0),
('country.elsalvador', 'vocabulary', 0, 0),
('country.equatorialguinea', 'vocabulary', 0, 0),
('country.eritrea', 'vocabulary', 0, 0),
('country.estonia', 'vocabulary', 0, 0),
('country.ethiopia', 'vocabulary', 0, 0),
('country.falklandislands', 'vocabulary', 0, 0),
('country.faroeislands', 'vocabulary', 0, 0),
('country.fiji', 'vocabulary', 0, 0),
('country.finland', 'vocabulary', 0, 0),
('country.france', 'vocabulary', 0, 0),
('country.frenchguiana', 'vocabulary', 0, 0),
('country.frenchpolynesia', 'vocabulary', 0, 0),
('country.gabon', 'vocabulary', 0, 0),
('country.gambia', 'vocabulary', 0, 0),
('country.georgia', 'vocabulary', 0, 0),
('country.germany', 'vocabulary', 0, 0),
('country.ghana', 'vocabulary', 0, 0),
('country.gibraltar', 'vocabulary', 0, 0),
('country.greece', 'vocabulary', 0, 0),
('country.greenland', 'vocabulary', 0, 0),
('country.grenada', 'vocabulary', 0, 0),
('country.guadeloupe', 'vocabulary', 0, 0),
('country.guam', 'vocabulary', 0, 0),
('country.guatemala', 'vocabulary', 0, 0),
('country.guernsey', 'vocabulary', 0, 0),
('country.guinea', 'vocabulary', 0, 0),
('country.guinea-bissau', 'vocabulary', 0, 0),
('country.guyana', 'vocabulary', 0, 0),
('country.haiti', 'vocabulary', 0, 0),
('country.honduras', 'vocabulary', 0, 0),
('country.hongkong', 'vocabulary', 0, 0),
('country.hungary', 'vocabulary', 0, 0),
('country.iceland', 'vocabulary', 0, 0),
('country.india', 'vocabulary', 0, 0),
('country.indonesia', 'vocabulary', 0, 0),
('country.iran', 'vocabulary', 0, 0),
('country.iraq', 'vocabulary', 0, 0),
('country.ireland', 'vocabulary', 0, 0),
('country.isleofman', 'vocabulary', 0, 0),
('country.israel', 'vocabulary', 0, 0),
('country.italy', 'vocabulary', 0, 0),
('country.jamaica', 'vocabulary', 0, 0),
('country.japan', 'vocabulary', 0, 0),
('country.jersey', 'vocabulary', 0, 0),
('country.jordan', 'vocabulary', 0, 0),
('country.kazakhstan', 'vocabulary', 0, 0),
('country.kenya', 'vocabulary', 0, 0),
('country.kiribati', 'vocabulary', 0, 0),
('country.kuwait', 'vocabulary', 0, 0),
('country.kyrgyzstan', 'vocabulary', 0, 0),
('country.lao', 'vocabulary', 0, 0),
('country.latvia', 'vocabulary', 0, 0),
('country.lebanon', 'vocabulary', 0, 0),
('country.lesotho', 'vocabulary', 0, 0),
('country.liberia', 'vocabulary', 0, 0),
('country.libya', 'vocabulary', 0, 0),
('country.liechtenstein', 'vocabulary', 0, 0),
('country.lithuania', 'vocabulary', 0, 0),
('country.luxembourg', 'vocabulary', 0, 0),
('country.macao', 'vocabulary', 0, 0),
('country.macedonia', 'vocabulary', 0, 0),
('country.madagascar', 'vocabulary', 0, 0),
('country.malawi', 'vocabulary', 0, 0),
('country.malaysia', 'vocabulary', 0, 0),
('country.maldives', 'vocabulary', 0, 0),
('country.mali', 'vocabulary', 0, 0),
('country.malta', 'vocabulary', 0, 0),
('country.marshallislands', 'vocabulary', 0, 0),
('country.martinique', 'vocabulary', 0, 0),
('country.mauritania', 'vocabulary', 0, 0),
('country.mauritius', 'vocabulary', 0, 0),
('country.mayotte', 'vocabulary', 0, 0),
('country.mexico', 'vocabulary', 0, 0),
('country.micronesia', 'vocabulary', 0, 0),
('country.moldova', 'vocabulary', 0, 0),
('country.monaco', 'vocabulary', 0, 0),
('country.mongolia', 'vocabulary', 0, 0),
('country.montenegro', 'vocabulary', 0, 0),
('country.montserrat', 'vocabulary', 0, 0),
('country.morocco', 'vocabulary', 0, 0),
('country.mozambique', 'vocabulary', 0, 0),
('country.myanmar', 'vocabulary', 0, 0),
('country.namibia', 'vocabulary', 0, 0),
('country.nauru', 'vocabulary', 0, 0),
('country.nepal', 'vocabulary', 0, 0),
('country.netherlands', 'vocabulary', 0, 0),
('country.newcaledonia', 'vocabulary', 0, 0),
('country.newzealand', 'vocabulary', 0, 0),
('country.nicaragua', 'vocabulary', 0, 0),
('country.niger', 'vocabulary', 0, 0),
('country.nigeria', 'vocabulary', 0, 0),
('country.niue', 'vocabulary', 0, 0),
('country.norfolkisland', 'vocabulary', 0, 0),
('country.northernmarianaislands', 'vocabulary', 0, 0),
('country.northkorea', 'vocabulary', 0, 0),
('country.norway', 'vocabulary', 0, 0),
('country.oman', 'vocabulary', 0, 0),
('country.pakistan', 'vocabulary', 0, 0),
('country.palau', 'vocabulary', 0, 0),
('country.palestine', 'vocabulary', 0, 0),
('country.panama', 'vocabulary', 0, 0),
('country.papuanewguinea', 'vocabulary', 0, 0),
('country.paraguay', 'vocabulary', 0, 0),
('country.peru', 'vocabulary', 0, 0),
('country.philippines', 'vocabulary', 0, 0),
('country.pitcairn', 'vocabulary', 0, 0),
('country.poland', 'vocabulary', 0, 0),
('country.portugal', 'vocabulary', 0, 0),
('country.puertorico', 'vocabulary', 0, 0),
('country.qatar', 'vocabulary', 0, 0),
('country.reunion', 'vocabulary', 0, 0),
('country.romania', 'vocabulary', 0, 0),
('country.russia', 'vocabulary', 0, 0),
('country.rwanda', 'vocabulary', 0, 0),
('country.saintbarthelemy', 'vocabulary', 0, 0),
('country.sainthelena', 'vocabulary', 0, 0),
('country.saintkitts', 'vocabulary', 0, 0),
('country.saintlucia', 'vocabulary', 0, 0),
('country.saintmartin', 'vocabulary', 0, 0),
('country.saintpierremiquelon', 'vocabulary', 0, 0),
('country.saintvincent', 'vocabulary', 0, 0),
('country.samoa', 'vocabulary', 0, 0),
('country.sanmarino', 'vocabulary', 0, 0),
('country.saotome', 'vocabulary', 0, 0),
('country.saudiarabia', 'vocabulary', 0, 0),
('country.senegal', 'vocabulary', 0, 0),
('country.serbia', 'vocabulary', 0, 0),
('country.seychelles', 'vocabulary', 0, 0),
('country.sierraleone', 'vocabulary', 0, 0),
('country.singapore', 'vocabulary', 0, 0),
('country.sintmaarten', 'vocabulary', 0, 0),
('country.slovakia', 'vocabulary', 0, 0),
('country.slovenia', 'vocabulary', 0, 0),
('country.solomonislands', 'vocabulary', 0, 0),
('country.somalia', 'vocabulary', 0, 0),
('country.southafrica', 'vocabulary', 0, 0),
('country.southgeorgia', 'vocabulary', 0, 0),
('country.southkorea', 'vocabulary', 0, 0),
('country.southsudan', 'vocabulary', 0, 0),
('country.spain', 'vocabulary', 0, 0),
('country.srilanka', 'vocabulary', 0, 0),
('country.sudan', 'vocabulary', 0, 0),
('country.suriname', 'vocabulary', 0, 0),
('country.svalbard', 'vocabulary', 0, 0),
('country.swaziland', 'vocabulary', 0, 0),
('country.sweden', 'vocabulary', 0, 0),
('country.switzerland', 'vocabulary', 0, 0),
('country.syria', 'vocabulary', 0, 0),
('country.taiwan', 'vocabulary', 0, 0),
('country.tajikistan', 'vocabulary', 0, 0),
('country.tanzania', 'vocabulary', 0, 0),
('country.thailand', 'vocabulary', 0, 0),
('country.timorleste', 'vocabulary', 0, 0),
('country.togo', 'vocabulary', 0, 0),
('country.tokelau', 'vocabulary', 0, 0),
('country.tonga', 'vocabulary', 0, 0),
('country.trinidadtobago', 'vocabulary', 0, 0),
('country.tunisia', 'vocabulary', 0, 0),
('country.turkey', 'vocabulary', 0, 0),
('country.turkmenistan', 'vocabulary', 0, 0),
('country.turkscaicos', 'vocabulary', 0, 0),
('country.tuvalu', 'vocabulary', 0, 0),
('country.uganda', 'vocabulary', 0, 0),
('country.ukraine', 'vocabulary', 0, 0),
('country.unitedarabemirates', 'vocabulary', 0, 0),
('country.unitedkingdom', 'vocabulary', 0, 0),
('country.unitedstatesamerica', 'vocabulary', 0, 0),
('country.uruguay', 'vocabulary', 0, 0),
('country.usvirginislands', 'vocabulary', 0, 0),
('country.uzbekistan', 'vocabulary', 0, 0),
('country.vanuatu', 'vocabulary', 0, 0),
('country.vatican', 'vocabulary', 0, 0),
('country.venezuela', 'vocabulary', 0, 0),
('country.vietnam', 'vocabulary', 0, 0),
('country.wallisfutuna', 'vocabulary', 0, 0),
('country.westernsahara', 'vocabulary', 0, 0),
('country.yemen', 'vocabulary', 0, 0),
('country.zambia', 'vocabulary', 0, 0),
('country.zimbabwe', 'vocabulary', 0, 0),
('file.type.audio', 'core', 0, 0),
('file.type.document', 'core', 0, 0),
('file.type.image', 'core', 0, 0),
('file.type.other', 'core', 0, 0),
('find.gotofind', 'core', 0, 0),
('form.select.optional', 'core', 0, 0),
('form.select.required', 'core', 0, 0),
('format.address', 'core', 0, 0),
('format.address.city', 'core', 0, 0),
('format.address.country', 'core', 0, 0),
('format.address.street', 'core', 0, 0),
('format.blob', 'core', 0, 0),
('format.boolean', 'core', 0, 0),
('format.classification.class', 'core', 0, 0),
('format.classification.classified', 'core', 0, 0),
('format.colour', 'core', 0, 0),
('format.date', 'core', 0, 0),
('format.datetime', 'core', 0, 0),
('format.dating', 'core', 0, 0),
('format.dating.dated', 'core', 0, 0),
('format.dating.period', 'core', 0, 0),
('format.dating.year', 'core', 0, 0),
('format.decimal', 'core', 0, 0),
('format.description.described', 'core', 0, 0),
('format.description.text', 'core', 0, 0),
('format.distance', 'core', 0, 0),
('format.email', 'core', 0, 0),
('format.event', 'core', 0, 0),
('format.file', 'core', 0, 0),
('format.fileversion', 'core', 0, 0),
('format.fileversion.created', 'core', 0, 0),
('format.fileversion.creator', 'core', 0, 0),
('format.fileversion.expires', 'core', 0, 0),
('format.fileversion.modified', 'core', 0, 0),
('format.fileversion.modifier', 'core', 0, 0),
('format.fileversion.name', 'core', 0, 0),
('format.fileversion.sequence', 'core', 0, 0),
('format.fileversion.string', 'core', 0, 0),
('format.float', 'core', 0, 0),
('format.geometry', 'core', 0, 0),
('format.html', 'core', 0, 0),
('format.identifier', 'core', 0, 0),
('format.image', 'core', 0, 0),
('format.integer', 'core', 0, 0),
('format.item', 'core', 0, 0),
('format.key', 'core', 0, 0),
('format.localtext', 'core', 0, 0),
('format.markdown', 'core', 0, 0),
('format.mass', 'core', 0, 0),
('format.module', 'core', 0, 0),
('format.money', 'core', 0, 0),
('format.ordinaldate', 'core', 0, 0),
('format.password', 'core', 0, 0),
('format.percent', 'core', 0, 0),
('format.recipient', 'core', 0, 0),
('format.recipient.read_on', 'core', 0, 0),
('format.recipient.sent_to', 'core', 0, 0),
('format.recipient.status', 'core', 0, 0),
('format.richtext', 'core', 0, 0),
('format.search', 'core', 0, 0),
('format.shortlocaltext', 'core', 0, 0),
('format.shorttext', 'core', 0, 0),
('format.string', 'core', 0, 0),
('format.telephone', 'core', 0, 0),
('format.text', 'core', 0, 0),
('format.time', 'core', 0, 0),
('format.url', 'core', 0, 0),
('format.weekdate', 'core', 0, 0),
('format.wkt', 'core', 0, 0),
('format.year', 'core', 0, 0),
('format.yearmonth', 'core', 0, 0),
('format.yearspan', 'core', 0, 0),
('format.yearweek', 'core', 0, 0),
('fragment.blob', 'core', 0, 0),
('fragment.boolean', 'core', 0, 0),
('fragment.date', 'core', 0, 0),
('fragment.datetime', 'core', 0, 0),
('fragment.decimal', 'core', 0, 0),
('fragment.float', 'core', 0, 0),
('fragment.geometry', 'core', 0, 0),
('fragment.integer', 'core', 0, 0),
('fragment.item', 'core', 0, 0),
('fragment.object', 'core', 0, 0),
('fragment.string', 'core', 0, 0),
('fragment.text', 'core', 0, 0),
('fragment.time', 'core', 0, 0),
('language.abkhazian', 'vocabulary', 0, 0),
('language.achinese', 'vocabulary', 0, 0),
('language.acoli', 'vocabulary', 0, 0),
('language.adangme', 'vocabulary', 0, 0),
('language.adyghe', 'vocabulary', 0, 0),
('language.afar', 'vocabulary', 0, 0),
('language.afrihili', 'vocabulary', 0, 0),
('language.afrikaans', 'vocabulary', 0, 0),
('language.aghem', 'vocabulary', 0, 0),
('language.ainu', 'vocabulary', 0, 0),
('language.akan', 'vocabulary', 0, 0),
('language.akkadian', 'vocabulary', 0, 0),
('language.akoose', 'vocabulary', 0, 0),
('language.alabama', 'vocabulary', 0, 0),
('language.albanian', 'vocabulary', 0, 0),
('language.albanian.gheg', 'vocabulary', 0, 0),
('language.aleut', 'vocabulary', 0, 0),
('language.altai.southern', 'vocabulary', 0, 0),
('language.amharic', 'vocabulary', 0, 0),
('language.angika', 'vocabulary', 0, 0),
('language.aonaga', 'vocabulary', 0, 0),
('language.arabic', 'vocabulary', 0, 0),
('language.arabic.algerian', 'vocabulary', 0, 0),
('language.arabic.chadian', 'vocabulary', 0, 0),
('language.arabic.egyptian', 'vocabulary', 0, 0),
('language.arabic.modern', 'vocabulary', 0, 0),
('language.arabic.moroccan', 'vocabulary', 0, 0),
('language.arabic.tunisian', 'vocabulary', 0, 0),
('language.aragonese', 'vocabulary', 0, 0),
('language.aramaic', 'vocabulary', 0, 0),
('language.aramaic.samaritan', 'vocabulary', 0, 0),
('language.araona', 'vocabulary', 0, 0),
('language.arapaho', 'vocabulary', 0, 0),
('language.arawak', 'vocabulary', 0, 0),
('language.armenian', 'vocabulary', 0, 0),
('language.aromanian', 'vocabulary', 0, 0),
('language.arpitan', 'vocabulary', 0, 0),
('language.assamese', 'vocabulary', 0, 0),
('language.asturian', 'vocabulary', 0, 0),
('language.asu', 'vocabulary', 0, 0),
('language.atsam', 'vocabulary', 0, 0),
('language.avaric', 'vocabulary', 0, 0),
('language.avestan', 'vocabulary', 0, 0),
('language.awadhi', 'vocabulary', 0, 0),
('language.aymara', 'vocabulary', 0, 0),
('language.azerbaijani', 'vocabulary', 0, 0),
('language.badaga', 'vocabulary', 0, 0),
('language.bafia', 'vocabulary', 0, 0),
('language.bafut', 'vocabulary', 0, 0),
('language.bakhtiari', 'vocabulary', 0, 0),
('language.balinese', 'vocabulary', 0, 0),
('language.balochi.western', 'vocabulary', 0, 0),
('language.baluchi', 'vocabulary', 0, 0),
('language.bambara', 'vocabulary', 0, 0),
('language.bamun', 'vocabulary', 0, 0),
('language.banjar', 'vocabulary', 0, 0),
('language.basaa', 'vocabulary', 0, 0),
('language.bashkir', 'vocabulary', 0, 0),
('language.basque', 'vocabulary', 0, 0),
('language.bataktoba', 'vocabulary', 0, 0),
('language.bavarian', 'vocabulary', 0, 0),
('language.beja', 'vocabulary', 0, 0),
('language.belarusian', 'vocabulary', 0, 0),
('language.bemba', 'vocabulary', 0, 0),
('language.bena', 'vocabulary', 0, 0),
('language.bengali', 'vocabulary', 0, 0),
('language.betawi', 'vocabulary', 0, 0),
('language.bhojpuri', 'vocabulary', 0, 0),
('language.bikol', 'vocabulary', 0, 0),
('language.bini', 'vocabulary', 0, 0),
('language.bishnupriya', 'vocabulary', 0, 0),
('language.bislama', 'vocabulary', 0, 0),
('language.blin', 'vocabulary', 0, 0),
('language.blissymbols', 'vocabulary', 0, 0),
('language.bodo', 'vocabulary', 0, 0),
('language.bosnian', 'vocabulary', 0, 0),
('language.brahui', 'vocabulary', 0, 0),
('language.braj', 'vocabulary', 0, 0),
('language.breton', 'vocabulary', 0, 0),
('language.buginese', 'vocabulary', 0, 0),
('language.bulgarian', 'vocabulary', 0, 0),
('language.bulu', 'vocabulary', 0, 0),
('language.buriat', 'vocabulary', 0, 0),
('language.burmese', 'vocabulary', 0, 0),
('language.caddo', 'vocabulary', 0, 0),
('language.cantonese', 'vocabulary', 0, 0),
('language.capiznon', 'vocabulary', 0, 0),
('language.carib', 'vocabulary', 0, 0),
('language.catalan', 'vocabulary', 0, 0),
('language.cayuga', 'vocabulary', 0, 0),
('language.cebuano', 'vocabulary', 0, 0),
('language.chagatai', 'vocabulary', 0, 0),
('language.chamorro', 'vocabulary', 0, 0),
('language.chechen', 'vocabulary', 0, 0),
('language.cherokee', 'vocabulary', 0, 0),
('language.cheyenne', 'vocabulary', 0, 0),
('language.chibcha', 'vocabulary', 0, 0),
('language.chiga', 'vocabulary', 0, 0),
('language.chiini.koyra', 'vocabulary', 0, 0),
('language.chinese', 'vocabulary', 0, 0),
('language.chinese.gan', 'vocabulary', 0, 0),
('language.chinese.hakka', 'vocabulary', 0, 0),
('language.chinese.literary', 'vocabulary', 0, 0),
('language.chinese.minnan', 'vocabulary', 0, 0),
('language.chinese.simplified', 'vocabulary', 0, 0),
('language.chinese.traditional', 'vocabulary', 0, 0),
('language.chinese.wu', 'vocabulary', 0, 0),
('language.chinese.xiang', 'vocabulary', 0, 0),
('language.chipewyan', 'vocabulary', 0, 0),
('language.choctaw', 'vocabulary', 0, 0),
('language.chuukese', 'vocabulary', 0, 0),
('language.chuvash', 'vocabulary', 0, 0),
('language.colognian', 'vocabulary', 0, 0),
('language.comorian', 'vocabulary', 0, 0),
('language.coptic', 'vocabulary', 0, 0),
('language.cornish', 'vocabulary', 0, 0),
('language.corsican', 'vocabulary', 0, 0),
('language.cree', 'vocabulary', 0, 0),
('language.creek', 'vocabulary', 0, 0),
('language.creole.haitian', 'vocabulary', 0, 0),
('language.croatian', 'vocabulary', 0, 0),
('language.czech', 'vocabulary', 0, 0),
('language.dakota', 'vocabulary', 0, 0),
('language.danish', 'vocabulary', 0, 0),
('language.dargwa', 'vocabulary', 0, 0),
('language.dari.zoroastrian', 'vocabulary', 0, 0),
('language.dazaga', 'vocabulary', 0, 0),
('language.delaware', 'vocabulary', 0, 0),
('language.dinka', 'vocabulary', 0, 0),
('language.divehi', 'vocabulary', 0, 0),
('language.dogri', 'vocabulary', 0, 0),
('language.dogrib', 'vocabulary', 0, 0),
('language.duala', 'vocabulary', 0, 0),
('language.dusun.central', 'vocabulary', 0, 0),
('language.dutch', 'vocabulary', 0, 0),
('language.dutch.middle', 'vocabulary', 0, 0),
('language.dyula', 'vocabulary', 0, 0),
('language.dzongkha', 'vocabulary', 0, 0),
('language.efik', 'vocabulary', 0, 0),
('language.egyptian.ancient', 'vocabulary', 0, 0),
('language.ekajuk', 'vocabulary', 0, 0),
('language.elamite', 'vocabulary', 0, 0),
('language.embu', 'vocabulary', 0, 0),
('language.emilian', 'vocabulary', 0, 0),
('language.english', 'vocabulary', 0, 0),
('language.english.american', 'vocabulary', 0, 0),
('language.english.australian', 'vocabulary', 0, 0),
('language.english.british', 'vocabulary', 0, 0),
('language.english.canadian', 'vocabulary', 0, 0),
('language.english.jamaicancreole ', 'vocabulary', 0, 0),
('language.english.middle', 'vocabulary', 0, 0),
('language.english.old', 'vocabulary', 0, 0),
('language.erzya', 'vocabulary', 0, 0),
('language.esperanto', 'vocabulary', 0, 0),
('language.estonian', 'vocabulary', 0, 0),
('language.ewe', 'vocabulary', 0, 0),
('language.ewondo', 'vocabulary', 0, 0),
('language.extremaduran', 'vocabulary', 0, 0),
('language.fang', 'vocabulary', 0, 0),
('language.fanti', 'vocabulary', 0, 0),
('language.faroese', 'vocabulary', 0, 0),
('language.fijian', 'vocabulary', 0, 0),
('language.filipino', 'vocabulary', 0, 0),
('language.finnish', 'vocabulary', 0, 0),
('language.finnish.tornedalen', 'vocabulary', 0, 0),
('language.flemish', 'vocabulary', 0, 0),
('language.flemish.west', 'vocabulary', 0, 0),
('language.fon', 'vocabulary', 0, 0),
('language.frafra', 'vocabulary', 0, 0),
('language.franconian.main', 'vocabulary', 0, 0),
('language.french', 'vocabulary', 0, 0),
('language.french.cajun', 'vocabulary', 0, 0),
('language.french.canadian', 'vocabulary', 0, 0),
('language.french.middle', 'vocabulary', 0, 0),
('language.french.old', 'vocabulary', 0, 0),
('language.french.swiss', 'vocabulary', 0, 0),
('language.frisian.eastern', 'vocabulary', 0, 0),
('language.frisian.northern', 'vocabulary', 0, 0),
('language.frisian.saterland', 'vocabulary', 0, 0),
('language.frisian.western', 'vocabulary', 0, 0),
('language.friulian', 'vocabulary', 0, 0),
('language.fulah', 'vocabulary', 0, 0),
('language.ga', 'vocabulary', 0, 0),
('language.gaelic.scottish', 'vocabulary', 0, 0),
('language.gagauz', 'vocabulary', 0, 0),
('language.galician', 'vocabulary', 0, 0),
('language.ganda', 'vocabulary', 0, 0),
('language.gayo', 'vocabulary', 0, 0),
('language.gbaya', 'vocabulary', 0, 0),
('language.geez', 'vocabulary', 0, 0),
('language.georgian', 'vocabulary', 0, 0),
('language.german', 'vocabulary', 0, 0),
('language.german.austrian', 'vocabulary', 0, 0),
('language.german.low', 'vocabulary', 0, 0),
('language.german.middlehigh', 'vocabulary', 0, 0),
('language.german.oldhigh', 'vocabulary', 0, 0),
('language.german.palatine', 'vocabulary', 0, 0),
('language.german.pennsylvania', 'vocabulary', 0, 0),
('language.german.swiss', 'vocabulary', 0, 0),
('language.german.swisshigh', 'vocabulary', 0, 0),
('language.ghomala', 'vocabulary', 0, 0),
('language.gilaki', 'vocabulary', 0, 0),
('language.gilbertese', 'vocabulary', 0, 0),
('language.gondi', 'vocabulary', 0, 0),
('language.gorontalo', 'vocabulary', 0, 0),
('language.gothic', 'vocabulary', 0, 0),
('language.grebo', 'vocabulary', 0, 0),
('language.greek', 'vocabulary', 0, 0),
('language.greek.ancient', 'vocabulary', 0, 0),
('language.guarani', 'vocabulary', 0, 0),
('language.gujarati', 'vocabulary', 0, 0),
('language.gusii', 'vocabulary', 0, 0),
('language.gwichin', 'vocabulary', 0, 0),
('language.haida', 'vocabulary', 0, 0),
('language.hausa', 'vocabulary', 0, 0),
('language.hawaiian', 'vocabulary', 0, 0),
('language.hebrew', 'vocabulary', 0, 0),
('language.herero', 'vocabulary', 0, 0),
('language.hiligaynon', 'vocabulary', 0, 0),
('language.hindi', 'vocabulary', 0, 0),
('language.hindi.fiji', 'vocabulary', 0, 0),
('language.hittite', 'vocabulary', 0, 0),
('language.hmong', 'vocabulary', 0, 0),
('language.hungarian', 'vocabulary', 0, 0),
('language.hupa', 'vocabulary', 0, 0),
('language.iban', 'vocabulary', 0, 0),
('language.ibibio', 'vocabulary', 0, 0),
('language.icelandic', 'vocabulary', 0, 0),
('language.ido', 'vocabulary', 0, 0),
('language.igbo', 'vocabulary', 0, 0),
('language.iloko', 'vocabulary', 0, 0),
('language.indonesian', 'vocabulary', 0, 0),
('language.ingrian', 'vocabulary', 0, 0),
('language.ingush', 'vocabulary', 0, 0),
('language.interlingua', 'vocabulary', 0, 0),
('language.interlingue', 'vocabulary', 0, 0),
('language.inuktitut', 'vocabulary', 0, 0),
('language.inupiaq', 'vocabulary', 0, 0),
('language.irish', 'vocabulary', 0, 0),
('language.irish.middle', 'vocabulary', 0, 0),
('language.irish.old', 'vocabulary', 0, 0),
('language.italian', 'vocabulary', 0, 0),
('language.japanese', 'vocabulary', 0, 0),
('language.jargon.chinook', 'vocabulary', 0, 0),
('language.javanese', 'vocabulary', 0, 0),
('language.jju', 'vocabulary', 0, 0),
('language.jolafonyi', 'vocabulary', 0, 0),
('language.judeoarabic', 'vocabulary', 0, 0),
('language.judeopersian', 'vocabulary', 0, 0),
('language.jutish', 'vocabulary', 0, 0),
('language.kabardian', 'vocabulary', 0, 0),
('language.kabuverdianu', 'vocabulary', 0, 0),
('language.kabyle', 'vocabulary', 0, 0),
('language.kachin', 'vocabulary', 0, 0),
('language.kaingang', 'vocabulary', 0, 0),
('language.kako', 'vocabulary', 0, 0),
('language.kalaallisut', 'vocabulary', 0, 0),
('language.kalenjin', 'vocabulary', 0, 0),
('language.kalmyk', 'vocabulary', 0, 0),
('language.kamba', 'vocabulary', 0, 0),
('language.kanembu', 'vocabulary', 0, 0),
('language.kannada', 'vocabulary', 0, 0),
('language.kanuri', 'vocabulary', 0, 0),
('language.karachaybalkar', 'vocabulary', 0, 0),
('language.karakalpak', 'vocabulary', 0, 0),
('language.karelian', 'vocabulary', 0, 0),
('language.kashmiri', 'vocabulary', 0, 0),
('language.kashubian', 'vocabulary', 0, 0),
('language.kawi', 'vocabulary', 0, 0),
('language.kazakh', 'vocabulary', 0, 0),
('language.kenyang', 'vocabulary', 0, 0),
('language.khasi', 'vocabulary', 0, 0),
('language.khmer', 'vocabulary', 0, 0),
('language.khotanese', 'vocabulary', 0, 0),
('language.khowar', 'vocabulary', 0, 0),
('language.kiche', 'vocabulary', 0, 0),
('language.kikuyu', 'vocabulary', 0, 0),
('language.kimbundu', 'vocabulary', 0, 0),
('language.kinaraya', 'vocabulary', 0, 0),
('language.kinyarwanda', 'vocabulary', 0, 0),
('language.kirmanjki', 'vocabulary', 0, 0),
('language.klingon', 'vocabulary', 0, 0),
('language.kom', 'vocabulary', 0, 0),
('language.komi', 'vocabulary', 0, 0),
('language.komi.permyak', 'vocabulary', 0, 0),
('language.kongo', 'vocabulary', 0, 0),
('language.konkani', 'vocabulary', 0, 0),
('language.konkani.goan', 'vocabulary', 0, 0),
('language.korean', 'vocabulary', 0, 0),
('language.koro', 'vocabulary', 0, 0),
('language.kosraean', 'vocabulary', 0, 0),
('language.kotava', 'vocabulary', 0, 0),
('language.kpelle', 'vocabulary', 0, 0),
('language.krio', 'vocabulary', 0, 0),
('language.kuanyama', 'vocabulary', 0, 0),
('language.kumyk', 'vocabulary', 0, 0),
('language.kurdish', 'vocabulary', 0, 0),
('language.kurdish.central', 'vocabulary', 0, 0),
('language.kurukh', 'vocabulary', 0, 0),
('language.kutenai', 'vocabulary', 0, 0),
('language.kwasio', 'vocabulary', 0, 0),
('language.kyrgyz', 'vocabulary', 0, 0),
('language.ladino', 'vocabulary', 0, 0),
('language.lahnda', 'vocabulary', 0, 0),
('language.lakota', 'vocabulary', 0, 0),
('language.lamba', 'vocabulary', 0, 0),
('language.langi', 'vocabulary', 0, 0),
('language.lao', 'vocabulary', 0, 0),
('language.latgalian', 'vocabulary', 0, 0),
('language.latin', 'vocabulary', 0, 0),
('language.latvian', 'vocabulary', 0, 0),
('language.laz', 'vocabulary', 0, 0),
('language.lezghian', 'vocabulary', 0, 0),
('language.ligurian', 'vocabulary', 0, 0),
('language.limburgish', 'vocabulary', 0, 0),
('language.lingala', 'vocabulary', 0, 0),
('language.linguafranca.nova', 'vocabulary', 0, 0),
('language.lithuanian', 'vocabulary', 0, 0),
('language.livonian', 'vocabulary', 0, 0),
('language.lojban', 'vocabulary', 0, 0),
('language.lombard', 'vocabulary', 0, 0),
('language.lozi', 'vocabulary', 0, 0),
('language.luba.katanga', 'vocabulary', 0, 0),
('language.luba.lulua', 'vocabulary', 0, 0),
('language.luiseno', 'vocabulary', 0, 0),
('language.lunda', 'vocabulary', 0, 0),
('language.luo', 'vocabulary', 0, 0),
('language.luri.northern', 'vocabulary', 0, 0),
('language.luxembourgish', 'vocabulary', 0, 0),
('language.luyia', 'vocabulary', 0, 0),
('language.maba', 'vocabulary', 0, 0),
('language.macedonian', 'vocabulary', 0, 0),
('language.machame', 'vocabulary', 0, 0),
('language.madurese', 'vocabulary', 0, 0),
('language.mafa', 'vocabulary', 0, 0),
('language.magahi', 'vocabulary', 0, 0),
('language.maithili', 'vocabulary', 0, 0),
('language.makasar', 'vocabulary', 0, 0),
('language.makhuwameetto', 'vocabulary', 0, 0),
('language.makonde', 'vocabulary', 0, 0),
('language.malagasy', 'vocabulary', 0, 0),
('language.malay', 'vocabulary', 0, 0),
('language.malayalam', 'vocabulary', 0, 0),
('language.maltese', 'vocabulary', 0, 0),
('language.manchu', 'vocabulary', 0, 0),
('language.mandar', 'vocabulary', 0, 0),
('language.mandingo', 'vocabulary', 0, 0),
('language.manipuri', 'vocabulary', 0, 0),
('language.manx', 'vocabulary', 0, 0),
('language.maori', 'vocabulary', 0, 0),
('language.mapuche', 'vocabulary', 0, 0),
('language.marathi', 'vocabulary', 0, 0),
('language.mari', 'vocabulary', 0, 0),
('language.mari.western', 'vocabulary', 0, 0),
('language.marshallese', 'vocabulary', 0, 0),
('language.marwari', 'vocabulary', 0, 0),
('language.masai', 'vocabulary', 0, 0),
('language.mazanderani', 'vocabulary', 0, 0),
('language.medumba', 'vocabulary', 0, 0),
('language.mende', 'vocabulary', 0, 0),
('language.mentawai', 'vocabulary', 0, 0),
('language.meru', 'vocabulary', 0, 0),
('language.meta', 'vocabulary', 0, 0),
('language.micmac', 'vocabulary', 0, 0),
('language.minangkabau', 'vocabulary', 0, 0),
('language.mingrelian', 'vocabulary', 0, 0),
('language.mirandese', 'vocabulary', 0, 0),
('language.mizo', 'vocabulary', 0, 0),
('language.mohawk', 'vocabulary', 0, 0),
('language.moksha', 'vocabulary', 0, 0),
('language.moldavian', 'vocabulary', 0, 0),
('language.mongo', 'vocabulary', 0, 0),
('language.mongolian', 'vocabulary', 0, 0),
('language.morisyen', 'vocabulary', 0, 0),
('language.mossi', 'vocabulary', 0, 0),
('language.motu.hiri', 'vocabulary', 0, 0),
('language.multiple', 'vocabulary', 0, 0),
('language.mundang', 'vocabulary', 0, 0),
('language.myene', 'vocabulary', 0, 0),
('language.nama', 'vocabulary', 0, 0),
('language.nauru', 'vocabulary', 0, 0),
('language.navajo', 'vocabulary', 0, 0),
('language.ndebele.north', 'vocabulary', 0, 0),
('language.ndebele.south', 'vocabulary', 0, 0),
('language.ndonga', 'vocabulary', 0, 0),
('language.neapolitan', 'vocabulary', 0, 0),
('language.nepali', 'vocabulary', 0, 0),
('language.newari', 'vocabulary', 0, 0),
('language.newari.classical', 'vocabulary', 0, 0),
('language.ngambay', 'vocabulary', 0, 0),
('language.ngiemboon', 'vocabulary', 0, 0),
('language.ngomba', 'vocabulary', 0, 0),
('language.nheengatu', 'vocabulary', 0, 0),
('language.nias', 'vocabulary', 0, 0),
('language.niuean', 'vocabulary', 0, 0),
('language.nko', 'vocabulary', 0, 0),
('language.nogai', 'vocabulary', 0, 0),
('language.none', 'vocabulary', 0, 0),
('language.norse.old', 'vocabulary', 0, 0),
('language.northern sami', 'vocabulary', 0, 0),
('language.norwegian', 'vocabulary', 0, 0),
('language.norwegian.bokml', 'vocabulary', 0, 0),
('language.norwegian.nynorsk', 'vocabulary', 0, 0),
('language.novial', 'vocabulary', 0, 0),
('language.nuer', 'vocabulary', 0, 0),
('language.nyamwezi', 'vocabulary', 0, 0),
('language.nyanja', 'vocabulary', 0, 0),
('language.nyankole', 'vocabulary', 0, 0),
('language.nyoro', 'vocabulary', 0, 0),
('language.nzima', 'vocabulary', 0, 0),
('language.occitan', 'vocabulary', 0, 0),
('language.ojibwa', 'vocabulary', 0, 0),
('language.oriya', 'vocabulary', 0, 0),
('language.oromo', 'vocabulary', 0, 0),
('language.osage', 'vocabulary', 0, 0),
('language.ossetic', 'vocabulary', 0, 0),
('language.pahlavi', 'vocabulary', 0, 0),
('language.palauan', 'vocabulary', 0, 0),
('language.pali', 'vocabulary', 0, 0),
('language.pampanga', 'vocabulary', 0, 0),
('language.pangasinan', 'vocabulary', 0, 0),
('language.papiamento', 'vocabulary', 0, 0),
('language.pashto', 'vocabulary', 0, 0),
('language.persian', 'vocabulary', 0, 0),
('language.persian.old', 'vocabulary', 0, 0),
('language.phoenician', 'vocabulary', 0, 0),
('language.picard', 'vocabulary', 0, 0),
('language.piedmontese', 'vocabulary', 0, 0),
('language.pisin.tok', 'vocabulary', 0, 0),
('language.plautdietsch', 'vocabulary', 0, 0),
('language.pohnpeian', 'vocabulary', 0, 0),
('language.polish', 'vocabulary', 0, 0),
('language.pontic', 'vocabulary', 0, 0),
('language.portuguese', 'vocabulary', 0, 0),
('language.portuguese.brazilian', 'vocabulary', 0, 0),
('language.portuguese.european', 'vocabulary', 0, 0),
('language.provenal.old', 'vocabulary', 0, 0),
('language.prussian', 'vocabulary', 0, 0),
('language.punjabi', 'vocabulary', 0, 0),
('language.quechua', 'vocabulary', 0, 0),
('language.quichua.chimborazohighland', 'vocabulary', 0, 0),
('language.rajasthani', 'vocabulary', 0, 0),
('language.rapanui', 'vocabulary', 0, 0),
('language.rarotongan', 'vocabulary', 0, 0),
('language.riffian', 'vocabulary', 0, 0),
('language.romagnol', 'vocabulary', 0, 0),
('language.romanian', 'vocabulary', 0, 0),
('language.romansh', 'vocabulary', 0, 0),
('language.romany', 'vocabulary', 0, 0),
('language.rombo', 'vocabulary', 0, 0),
('language.root', 'vocabulary', 0, 0),
('language.rotuman', 'vocabulary', 0, 0),
('language.roviana', 'vocabulary', 0, 0),
('language.rundi', 'vocabulary', 0, 0),
('language.russian', 'vocabulary', 0, 0),
('language.rusyn', 'vocabulary', 0, 0),
('language.rwa', 'vocabulary', 0, 0),
('language.saho', 'vocabulary', 0, 0),
('language.sakha', 'vocabulary', 0, 0),
('language.samburu', 'vocabulary', 0, 0),
('language.sami.inari', 'vocabulary', 0, 0),
('language.sami.lule', 'vocabulary', 0, 0),
('language.sami.skolt', 'vocabulary', 0, 0),
('language.sami.southern', 'vocabulary', 0, 0),
('language.samoan', 'vocabulary', 0, 0),
('language.samogitian', 'vocabulary', 0, 0),
('language.sandawe', 'vocabulary', 0, 0),
('language.sango', 'vocabulary', 0, 0),
('language.sangu', 'vocabulary', 0, 0),
('language.sanskrit', 'vocabulary', 0, 0),
('language.santali', 'vocabulary', 0, 0),
('language.sardinian', 'vocabulary', 0, 0),
('language.sardinian.sassarese', 'vocabulary', 0, 0),
('language.sasak', 'vocabulary', 0, 0),
('language.saurashtra', 'vocabulary', 0, 0),
('language.saxon.low', 'vocabulary', 0, 0),
('language.scots', 'vocabulary', 0, 0),
('language.selayar', 'vocabulary', 0, 0),
('language.selkup', 'vocabulary', 0, 0),
('language.sena', 'vocabulary', 0, 0),
('language.seneca', 'vocabulary', 0, 0),
('language.senni.koyraboro', 'vocabulary', 0, 0),
('language.serbian', 'vocabulary', 0, 0),
('language.serbocroatian', 'vocabulary', 0, 0),
('language.serer', 'vocabulary', 0, 0),
('language.seri', 'vocabulary', 0, 0),
('language.shambala', 'vocabulary', 0, 0),
('language.shan', 'vocabulary', 0, 0),
('language.shona', 'vocabulary', 0, 0),
('language.sicilian', 'vocabulary', 0, 0),
('language.sidamo', 'vocabulary', 0, 0),
('language.siksika', 'vocabulary', 0, 0),
('language.silesian', 'vocabulary', 0, 0),
('language.silesian.lower', 'vocabulary', 0, 0),
('language.sindhi', 'vocabulary', 0, 0),
('language.sinhala', 'vocabulary', 0, 0),
('language.slave', 'vocabulary', 0, 0),
('language.slavic.church', 'vocabulary', 0, 0),
('language.slovak', 'vocabulary', 0, 0),
('language.slovenian', 'vocabulary', 0, 0),
('language.soga', 'vocabulary', 0, 0),
('language.sogdien', 'vocabulary', 0, 0),
('language.somali', 'vocabulary', 0, 0),
('language.soninke', 'vocabulary', 0, 0),
('language.sorbian.lower', 'vocabulary', 0, 0),
('language.sorbian.upper', 'vocabulary', 0, 0),
('language.sotho.northern', 'vocabulary', 0, 0),
('language.sotho.southern', 'vocabulary', 0, 0),
('language.southern kurdish', 'vocabulary', 0, 0),
('language.spanish', 'vocabulary', 0, 0),
('language.spanish.european', 'vocabulary', 0, 0),
('Language.spanish.latinamerican', 'vocabulary', 0, 0),
('language.spanish.mexican', 'vocabulary', 0, 0),
('language.sukuma', 'vocabulary', 0, 0),
('language.sumerian', 'vocabulary', 0, 0),
('language.sundanese', 'vocabulary', 0, 0),
('language.susu', 'vocabulary', 0, 0),
('language.swahili', 'vocabulary', 0, 0),
('language.swahili.congo', 'vocabulary', 0, 0),
('language.swati', 'vocabulary', 0, 0),
('language.swedish', 'vocabulary', 0, 0),
('language.syriac', 'vocabulary', 0, 0),
('language.syriac.classical', 'vocabulary', 0, 0),
('language.tachelhit', 'vocabulary', 0, 0),
('language.tagalog', 'vocabulary', 0, 0),
('language.tahitian', 'vocabulary', 0, 0),
('language.taita', 'vocabulary', 0, 0),
('language.tajik', 'vocabulary', 0, 0),
('language.talysh', 'vocabulary', 0, 0),
('language.tamashek', 'vocabulary', 0, 0),
('language.tamazight.centralatlas', 'vocabulary', 0, 0),
('language.tamazight.standardmoroccan', 'vocabulary', 0, 0),
('language.tamil', 'vocabulary', 0, 0),
('language.taroko', 'vocabulary', 0, 0),
('language.tasawaq', 'vocabulary', 0, 0),
('language.tat.muslim', 'vocabulary', 0, 0),
('language.tatar', 'vocabulary', 0, 0),
('language.telugu', 'vocabulary', 0, 0),
('language.tereno', 'vocabulary', 0, 0),
('language.teso', 'vocabulary', 0, 0),
('language.tetum', 'vocabulary', 0, 0),
('language.thai', 'vocabulary', 0, 0),
('language.tibetan', 'vocabulary', 0, 0),
('language.tigre', 'vocabulary', 0, 0),
('language.tigrinya', 'vocabulary', 0, 0),
('language.timne', 'vocabulary', 0, 0),
('language.tiv', 'vocabulary', 0, 0),
('language.tlingit', 'vocabulary', 0, 0),
('language.tokelau', 'vocabulary', 0, 0),
('language.tonga.nyasa', 'vocabulary', 0, 0),
('language.tongan', 'vocabulary', 0, 0),
('language.tongo.sranan', 'vocabulary', 0, 0),
('language.tsakhur', 'vocabulary', 0, 0),
('language.tsakonian', 'vocabulary', 0, 0),
('language.tsimshian', 'vocabulary', 0, 0),
('language.tsonga', 'vocabulary', 0, 0),
('language.tswana', 'vocabulary', 0, 0),
('language.tulu', 'vocabulary', 0, 0),
('language.tumbuka', 'vocabulary', 0, 0),
('language.turkish', 'vocabulary', 0, 0),
('language.turkish.crimean', 'vocabulary', 0, 0),
('language.turkish.ottoman', 'vocabulary', 0, 0),
('language.turkmen', 'vocabulary', 0, 0),
('language.turoyo', 'vocabulary', 0, 0),
('language.tuvalu', 'vocabulary', 0, 0),
('language.tuvinian', 'vocabulary', 0, 0),
('language.twi', 'vocabulary', 0, 0),
('language.tyap', 'vocabulary', 0, 0),
('language.udmurt', 'vocabulary', 0, 0),
('language.ugaritic', 'vocabulary', 0, 0),
('language.ukrainian', 'vocabulary', 0, 0),
('language.umbundu', 'vocabulary', 0, 0),
('language.unknown', 'vocabulary', 0, 0),
('language.urdu', 'vocabulary', 0, 0),
('language.uyghur', 'vocabulary', 0, 0),
('language.uzbek', 'vocabulary', 0, 0),
('language.vai', 'vocabulary', 0, 0),
('language.venda', 'vocabulary', 0, 0),
('language.venetian', 'vocabulary', 0, 0),
('language.veps', 'vocabulary', 0, 0),
('language.vietnamese', 'vocabulary', 0, 0),
('language.volapk', 'vocabulary', 0, 0),
('language.vro', 'vocabulary', 0, 0),
('language.votic', 'vocabulary', 0, 0),
('language.vunjo', 'vocabulary', 0, 0),
('language.walloon', 'vocabulary', 0, 0),
('language.walser', 'vocabulary', 0, 0),
('language.waray', 'vocabulary', 0, 0),
('language.warlpiri', 'vocabulary', 0, 0),
('language.washo', 'vocabulary', 0, 0),
('language.wayuu', 'vocabulary', 0, 0),
('language.welsh', 'vocabulary', 0, 0),
('language.wolaytta', 'vocabulary', 0, 0),
('language.wolof', 'vocabulary', 0, 0),
('language.xhosa', 'vocabulary', 0, 0),
('language.yangben', 'vocabulary', 0, 0),
('language.yao', 'vocabulary', 0, 0),
('language.yapese', 'vocabulary', 0, 0),
('language.yemba', 'vocabulary', 0, 0),
('language.yi.sichuan', 'vocabulary', 0, 0),
('language.yiddish', 'vocabulary', 0, 0),
('language.yoruba', 'vocabulary', 0, 0),
('language.yupik.central', 'vocabulary', 0, 0),
('language.zapotec', 'vocabulary', 0, 0),
('language.zarma', 'vocabulary', 0, 0),
('language.zaza', 'vocabulary', 0, 0),
('language.zeelandic', 'vocabulary', 0, 0),
('language.zenaga', 'vocabulary', 0, 0),
('language.zhuang', 'vocabulary', 0, 0),
('language.zulu', 'vocabulary', 0, 0),
('language.zuni', 'vocabulary', 0, 0),
('length.kilometre', 'vocabulary', 0, 0),
('length.metre', 'vocabulary', 0, 0),
('length.micrometre', 'vocabulary', 0, 0),
('length.millimetre', 'vocabulary', 0, 0),
('length.nanometre', 'vocabulary', 0, 0),
('map.layer.aerial', 'core', 0, 0),
('map.layer.aerial.labels', 'core', 0, 0),
('map.layer.bing.aerial', 'core', 0, 0),
('map.layer.bing.aerialwithlabels', 'core', 0, 0),
('map.layer.bing.road', 'core', 0, 0),
('map.layer.road', 'core', 0, 0),
('map.legend.max', 'core', 0, 0),
('map.legend.min', 'core', 0, 0),
('map.source.bing', 'core', 0, 0),
('map.source.kfs', 'core', 0, 0),
('map.style.choropleth', 'core', 0, 0),
('map.style.distribution', 'core', 0, 0),
('map.style.none', 'core', 0, 0),
('mass.gram', 'vocabulary', 0, 0),
('mass.kilogram', 'vocabulary', 0, 0),
('mass.microgram', 'vocabulary', 0, 0),
('mass.milligram', 'vocabulary', 0, 0),
('mass.tonne', 'vocabulary', 0, 0),
('module.campaign', 'core', 0, 0),
('module.file', 'core', 0, 0),
('module.find', 'core', 0, 0),
('module.image', 'core', 0, 0),
('module.location', 'core', 0, 0),
('property.address', 'core', 0, 0),
('property.avatar', 'core', 0, 0),
('property.city', 'core', 0, 0),
('property.content', 'core', 0, 0),
('property.country', 'core', 0, 0),
('property.dateofbirth', 'core', 0, 0),
('property.id', 'core', 0, 0),
('property.initials', 'core', 0, 0),
('property.language', 'core', 0, 0),
('property.length', 'core', 0, 0),
('property.logo', 'core', 0, 0),
('property.module', 'core', 0, 0),
('property.name', 'core', 0, 0),
('property.phone', 'core', 0, 0),
('property.street', 'core', 0, 0),
('property.title', 'core', 0, 0),
('schema.file', 'core', 0, 0),
('search.placeholder', 'core', 0, 0),
('site.brand', 'core', 0, 0),
('site.welcome', 'core', 0, 0),
('spatial.crs.wgs84', 'vocabulary', 0, 0),
('spatial.format.geojson', 'vocabulary', 0, 0),
('spatial.format.gpx', 'vocabulary', 0, 0),
('spatial.format.wkt', 'vocabulary', 0, 0),
('translation.domain.core', 'core', 0, 0),
('translation.domain.user', 'core', 0, 0),
('translation.domain.vocabulary', 'core', 0, 0),
('translation.role.default', 'core', 0, 0),
('translation.role.description', 'core', 0, 0),
('translation.role.from', 'core', 0, 0),
('translation.role.negative', 'core', 0, 0),
('translation.role.official', 'core', 0, 0),
('translation.role.opposite', 'core', 0, 0),
('translation.role.positive', 'core', 0, 0),
('translation.role.resource', 'core', 0, 0),
('translation.role.title', 'core', 0, 0),
('translation.role.to', 'core', 0, 0),
('user.greeting', 'user', 0, 1),
('user.menu.edit', 'user', 0, 0),
('user.menu.home', 'core', 0, 0),
('user.menu.list', 'user', 0, 0),
('user.menu.login', 'user', 0, 0),
('user.menu.logout', 'user', 0, 0),
('user.menu.password', 'user', 0, 0),
('user.menu.register', 'user', 0, 0);
INSERT INTO `ark_translation_keyword` (`keyword`, `domain`, `is_plural`, `has_parameters`) VALUES
('user.menu.view', 'user', 0, 0),
('vocabulary.country', 'core', 0, 0),
('vocabulary.distance', 'core', 0, 0),
('vocabulary.language', 'core', 0, 0),
('vocabulary.mass', 'core', 0, 0),
('vocabulary.spatial.crs', 'core', 0, 0),
('vocabulary.spatial.format', 'core', 0, 0);

--
-- Dumping data for table `ark_translation_domain`
--

INSERT INTO `ark_translation_domain` (`domain`, `keyword`) VALUES
('core', 'translation.domain.core'),
('user', 'translation.domain.user'),
('vocabulary', 'translation.domain.vocabulary');

--
-- Dumping data for table `ark_translation_language`
--

INSERT INTO `ark_translation_language` (`language`, `markup`, `vocabulary`, `text`) VALUES
('en', 1, 1, 1);

--
-- Dumping data for table `ark_translation_message`
--

INSERT INTO `ark_translation_message` (`language`, `keyword`, `role`, `text`, `notes`) VALUES
('en', 'core.action.approve', 'default', 'Approve', ''),
('en', 'core.action.cancel', 'default', 'Cancel', ''),
('en', 'core.action.edit', 'default', 'edit', NULL),
('en', 'core.action.register', 'default', 'Register', ''),
('en', 'core.action.select', 'default', 'Select Action', ''),
('en', 'core.action.suspend', 'default', 'Suspend', ''),
('en', 'core.action.view', 'default', 'View', ''),
('en', 'core.action.view1', 'default', 'View', ''),
('en', 'core.actor', 'resource', 'actors', NULL),
('en', 'core.actor.address', 'default', 'Address', ''),
('en', 'core.actor.avatar', 'default', 'Photo', ''),
('en', 'core.actor.biography', 'default', 'Biography', ''),
('en', 'core.actor.class.institution', 'default', 'core.actor.type.institution', NULL),
('en', 'core.actor.class.person', 'default', 'core.actor.type.person', NULL),
('en', 'core.actor.class.system', 'default', 'System', NULL),
('en', 'core.actor.email', 'default', 'E-mail', ''),
('en', 'core.actor.event.registered', 'default', 'Registered', ''),
('en', 'core.actor.format', 'default', 'Actor Format', NULL),
('en', 'core.actor.fullname', 'default', 'Name', NULL),
('en', 'core.actor.id', 'default', 'Actor ID', NULL),
('en', 'core.actor.initials', 'default', 'Initials', ''),
('en', 'core.actor.institution', 'default', 'Institution', NULL),
('en', 'core.actor.license', 'default', 'Photo License', ''),
('en', 'core.actor.module', 'default', 'Actor', NULL),
('en', 'core.actor.person', 'default', 'Person', NULL),
('en', 'core.actor.schema', 'default', 'Actor', NULL),
('en', 'core.actor.shortname', 'default', 'Short Name', NULL),
('en', 'core.actor.system', 'default', 'System Actor', NULL),
('en', 'core.actor.telephone', 'default', 'Telephone', ''),
('en', 'core.actor.visibility', 'default', 'Privacy', ''),
('en', 'core.admin', 'resource', 'admin', ''),
('en', 'core.admin.user.register', 'default', 'Register a new user', ''),
('en', 'core.blank', 'default', '', NULL),
('en', 'core.button.apply', 'default', 'Apply', ''),
('en', 'core.button.change', 'default', 'Change', ''),
('en', 'core.button.clone', 'default', 'Clone', ''),
('en', 'core.button.save', 'default', 'Save', NULL),
('en', 'core.button.search', 'default', 'Search', NULL),
('en', 'core.button.select', 'default', 'Select', ''),
('en', 'core.button.send', 'default', 'Send', ''),
('en', 'core.event.class.viewed', 'default', 'Viewed', ''),
('en', 'core.event.edited', 'default', 'Edited', NULL),
('en', 'core.events', 'resource', 'events', NULL),
('en', 'core.file', 'resource', 'files', NULL),
('en', 'core.file.class.audio', 'default', 'core.file.type.audio', NULL),
('en', 'core.file.class.document', 'default', 'core.file.type.document', NULL),
('en', 'core.file.class.image', 'default', 'core.file.type.image', NULL),
('en', 'core.file.class.other', 'default', 'core.file.type.other', NULL),
('en', 'core.file.class.text', 'default', 'core.file.type.text', NULL),
('en', 'core.file.class.video', 'default', 'core.file.type.video', NULL),
('en', 'core.file.status.checkedin', 'default', 'core.file.status.checkedin', NULL),
('en', 'core.file.status.checkedout', 'default', 'core.file.status.checkedout', NULL),
('en', 'core.file.status.expired', 'default', 'core.file.status.expired', NULL),
('en', 'core.file.status.locked', 'default', 'core.file.status.locked', NULL),
('en', 'core.file.status.new', 'default', 'core.file.status.new', NULL),
('en', 'core.file.type.text', 'default', 'Text File', NULL),
('en', 'core.file.type.video', 'default', 'Video File', NULL),
('en', 'core.license.cc0', 'default', 'CC0: No rights reserved.', ''),
('en', 'core.license.ccbyncsa', 'default', 'CC BY-NC-SA: Attribution, Non-Commercial, Share-Alike', ''),
('en', 'core.license.ccbysa', 'default', 'CC BY-SA: Attribution, Share-Alike', ''),
('en', 'core.message', 'resource', 'messages', NULL),
('en', 'core.message.allmessages', 'default', 'See Older Notifications', NULL),
('en', 'core.message.class', 'default', 'Type', NULL),
('en', 'core.message.class.notification', 'default', 'Notification', NULL),
('en', 'core.message.messages', 'default', 'Notifications', NULL),
('en', 'core.message.messages.new', 'default', 'New Notifications', NULL),
('en', 'core.message.newmessages', 'default', 'new messages', ''),
('en', 'core.message.notification.body', 'default', 'Notification', NULL),
('en', 'core.message.notification.event', 'default', 'Event', NULL),
('en', 'core.message.notshown', 'default', 'message(s) not shown', ''),
('en', 'core.message.sender', 'default', 'From', 'Fra'),
('en', 'core.message.sent_at', 'default', 'Date', NULL),
('en', 'core.placeholder', 'default', '-', NULL),
('en', 'core.profile', 'default', 'Profile', ''),
('en', 'core.profile', 'resource', 'profile', ''),
('en', 'core.profiles', 'resource', 'profiles', ''),
('en', 'core.role.admin', 'default', 'Administrator', ''),
('en', 'core.role.anon', 'default', 'Anonymous', ''),
('en', 'core.role.user', 'default', 'Researcher', ''),
('en', 'core.security.user.status', 'default', 'Status', ''),
('en', 'core.security.user.status.approved', 'default', 'Approved', ''),
('en', 'core.security.user.status.closed', 'default', 'Closed', ''),
('en', 'core.security.user.status.disabled', 'default', 'Disabled', ''),
('en', 'core.security.user.status.enabled', 'default', 'Enabled', ''),
('en', 'core.security.user.status.expired', 'default', 'Expired', ''),
('en', 'core.security.user.status.locked', 'default', 'Locked', ''),
('en', 'core.security.user.status.new', 'default', 'New', ''),
('en', 'core.security.user.status.registered', 'default', 'Registered', ''),
('en', 'core.security.user.status.suspended', 'default', 'Suspended', ''),
('en', 'core.security.user.status.verified', 'default', 'Verified', ''),
('en', 'core.user', 'resource', 'users', ''),
('en', 'core.user.agree', 'default', 'I agree to abide by the site Terms and Conditions.', ''),
('en', 'core.user.email', 'default', 'Email', ''),
('en', 'core.user.email.repeat', 'default', 'Repeat Email', ''),
('en', 'core.user.login', 'default', 'Login', ''),
('en', 'core.user.login.heading', 'default', 'Login', ''),
('en', 'core.user.login.notregistered', 'default', 'Not registered as a user?', ''),
('en', 'core.user.login.register', 'default', 'Register here.', ''),
('en', 'core.user.name', 'default', 'User Name', NULL),
('en', 'core.user.password', 'default', 'Password', ''),
('en', 'core.user.password.change', 'default', 'Change Password', ''),
('en', 'core.user.password.change', 'success', 'You have successfully changed your password.', ''),
('en', 'core.user.password.current', 'default', 'Current Password', ''),
('en', 'core.user.password.forgot', 'default', 'Forgotten Password?', NULL),
('en', 'core.user.password.new', 'default', 'New Password', ''),
('en', 'core.user.password.repeat', 'default', 'Repeat Password', ''),
('en', 'core.user.password.set', 'default', 'Set Password', ''),
('en', 'core.user.profile', 'default', 'Profile', ''),
('en', 'core.user.register', 'default', 'Register', ''),
('en', 'core.user.register', 'success', 'Your user registration has been submitted. Please verify your email address and wait for your user profile to be reviewed and approved.', ''),
('en', 'core.user.register.existing', 'default', 'Already have an account?', ''),
('en', 'core.user.register.faq', 'default', 'FAQ', ''),
('en', 'core.user.register.heading', 'default', 'Register as a new user.', ''),
('en', 'core.user.register.loggedin', 'default', 'Hello, %name%. You are already registered and signed in.', ''),
('en', 'core.user.register.login', 'default', 'Sign in here.', ''),
('en', 'core.user.register.logout', 'default', 'Sign out.', ''),
('en', 'core.user.reset', 'default', 'Reset', ''),
('en', 'core.user.reset.heading', 'default', 'Reset User', ''),
('en', 'core.user.reset.notregistered', 'default', 'Not a registered user?', ''),
('en', 'core.user.reset.register', 'default', 'Register here.', ''),
('en', 'core.user.reset.reset', 'default', 'Enter your username to request a password reset or to unlock your account.', ''),
('en', 'core.user.role', 'default', 'User Role', ''),
('en', 'core.user.role.add', 'default', 'Add User Role', ''),
('en', 'core.user.role.expiry', 'default', 'Expiry Date', ''),
('en', 'core.user.terms', 'default', 'Terms and Conditions', ''),
('en', 'core.user.terms.agree', 'default', 'I agree to the Terms and Conditions for using this site.', ''),
('en', 'core.user.terms.v1', 'default', '<H2>Terms and Conditions</H2><P>v1.0 dated 1 June 2017</P><P>Lorem Ipsem...</P>', ''),
('en', 'core.user.username', 'default', 'Username', ''),
('en', 'core.users', 'resource', 'users', ''),
('en', 'core.visibility.private', 'default', 'Private', ''),
('en', 'core.visibility.public', 'default', 'Public', ''),
('en', 'core.visibility.restricted', 'default', 'Restricted', ''),
('en', 'core.widget.comments', 'default', 'Message For Museum', ''),
('en', 'core.widget.send', 'default', 'Send', ''),
('en', 'core.widget.submit', 'default', 'Submit', ''),
('en', 'core.workflow.action', 'default', 'Actions', ''),
('en', 'core.workflow.role', 'default', 'Role', ''),
('en', 'country.afghanistan', 'default', 'Afghanistan ', NULL),
('en', 'country.alandislands', 'default', 'land Islands ', NULL),
('en', 'country.albania', 'default', 'Albania ', NULL),
('en', 'country.algeria', 'default', 'Algeria ', NULL),
('en', 'country.americansamoa', 'default', 'American Samoa ', NULL),
('en', 'country.andorra', 'default', 'Andorra ', NULL),
('en', 'country.angola', 'default', 'Angola ', NULL),
('en', 'country.anguilla', 'default', 'Anguilla ', NULL),
('en', 'country.antarctica', 'default', 'Antarctica ', NULL),
('en', 'country.antigua', 'default', 'Antigua and Barbuda ', NULL),
('en', 'country.argentina', 'default', 'Argentina ', NULL),
('en', 'country.armenia', 'default', 'Armenia ', NULL),
('en', 'country.aruba', 'default', 'Aruba ', NULL),
('en', 'country.australia', 'default', 'Australia ', NULL),
('en', 'country.austria', 'default', 'Austria ', NULL),
('en', 'country.azerbaijan', 'default', 'Azerbaijan ', NULL),
('en', 'country.bahamas', 'default', 'Bahamas ', NULL),
('en', 'country.bahrain', 'default', 'Bahrain ', NULL),
('en', 'country.bangladesh', 'default', 'Bangladesh ', NULL),
('en', 'country.barbados', 'default', 'Barbados ', NULL),
('en', 'country.belarus', 'default', 'Belarus ', NULL),
('en', 'country.belgium', 'default', 'Belgium ', NULL),
('en', 'country.belize', 'default', 'Belize ', NULL),
('en', 'country.benin', 'default', 'Benin ', NULL),
('en', 'country.bermuda', 'default', 'Bermuda ', NULL),
('en', 'country.bhutan', 'default', 'Bhutan ', NULL),
('en', 'country.bolivia', 'default', 'Bolivia', NULL),
('en', 'country.bonaire', 'default', 'Bonaire, Sint Eustatius and Saba ', NULL),
('en', 'country.bosniaherzegovina', 'default', 'Bosnia and Herzegovina ', NULL),
('en', 'country.botswana', 'default', 'Botswana ', NULL),
('en', 'country.brazil', 'default', 'Brazil ', NULL),
('en', 'country.britishvirginislands', 'default', 'British Virgin Islands', NULL),
('en', 'country.brunei', 'default', 'Brunei Darussalam ', NULL),
('en', 'country.bulgaria', 'default', 'Bulgaria ', NULL),
('en', 'country.burkinafaso', 'default', 'Burkina Faso ', NULL),
('en', 'country.burundi', 'default', 'Burundi ', NULL),
('en', 'country.caboverde', 'default', 'Cabo Verde ', NULL),
('en', 'country.cambodia', 'default', 'Cambodia ', NULL),
('en', 'country.cameroon', 'default', 'Cameroon ', NULL),
('en', 'country.canada', 'default', 'Canada ', NULL),
('en', 'country.caymanislands', 'default', 'Cayman Islands ', NULL),
('en', 'country.centralafricanrepublic', 'default', 'Central African Republic ', NULL),
('en', 'country.chad', 'default', 'Chad ', NULL),
('en', 'country.chile', 'default', 'Chile ', NULL),
('en', 'country.china', 'default', 'China ', NULL),
('en', 'country.christmasisland', 'default', 'Christmas Island ', NULL),
('en', 'country.cocosislands', 'default', 'Cocos (Keeling) Islands ', NULL),
('en', 'country.colombia', 'default', 'Colombia ', NULL),
('en', 'country.comoros', 'default', 'Comoros ', NULL),
('en', 'country.congo', 'default', 'Congo ', NULL),
('en', 'country.cookislands', 'default', 'Cook Islands ', NULL),
('en', 'country.costarica', 'default', 'Costa Rica ', NULL),
('en', 'country.cotedivoire', 'default', 'Cte d\'Ivoire ', NULL),
('en', 'country.croatia', 'default', 'Croatia ', NULL),
('en', 'country.cuba', 'default', 'Cuba ', NULL),
('en', 'country.curacao', 'default', 'Curaao ', NULL),
('en', 'country.cyprus', 'default', 'Cyprus ', NULL),
('en', 'country.czechrepublic', 'default', 'Czech Republic ', NULL),
('en', 'country.democraticrepubliccongo', 'default', 'Democratic Republic of the Congo ', NULL),
('en', 'country.denmark', 'default', 'Denmark ', NULL),
('en', 'country.djibouti', 'default', 'Djibouti ', NULL),
('en', 'country.dominica', 'default', 'Dominica ', NULL),
('en', 'country.dominicanrepublic', 'default', 'Dominican Republic ', NULL),
('en', 'country.ecuador', 'default', 'Ecuador ', NULL),
('en', 'country.egypt', 'default', 'Egypt ', NULL),
('en', 'country.elsalvador', 'default', 'El Salvador ', NULL),
('en', 'country.equatorialguinea', 'default', 'Equatorial Guinea ', NULL),
('en', 'country.eritrea', 'default', 'Eritrea ', NULL),
('en', 'country.estonia', 'default', 'Estonia ', NULL),
('en', 'country.ethiopia', 'default', 'Ethiopia ', NULL),
('en', 'country.falklandislands', 'default', 'Falkland Islands', NULL),
('en', 'country.faroeislands', 'default', 'Faroe Islands ', NULL),
('en', 'country.fiji', 'default', 'Fiji ', NULL),
('en', 'country.finland', 'default', 'Finland ', NULL),
('en', 'country.france', 'default', 'France ', NULL),
('en', 'country.frenchguiana', 'default', 'French Guiana ', NULL),
('en', 'country.frenchpolynesia', 'default', 'French Polynesia ', NULL),
('en', 'country.gabon', 'default', 'Gabon ', NULL),
('en', 'country.gambia', 'default', 'Gambia ', NULL),
('en', 'country.georgia', 'default', 'Georgia ', NULL),
('en', 'country.germany', 'default', 'Germany ', NULL),
('en', 'country.ghana', 'default', 'Ghana ', NULL),
('en', 'country.gibraltar', 'default', 'Gibraltar ', NULL),
('en', 'country.greece', 'default', 'Greece ', NULL),
('en', 'country.greenland', 'default', 'Greenland ', NULL),
('en', 'country.grenada', 'default', 'Grenada ', NULL),
('en', 'country.guadeloupe', 'default', 'Guadeloupe ', NULL),
('en', 'country.guam', 'default', 'Guam ', NULL),
('en', 'country.guatemala', 'default', 'Guatemala ', NULL),
('en', 'country.guernsey', 'default', 'Guernsey ', NULL),
('en', 'country.guinea', 'default', 'Guinea ', NULL),
('en', 'country.guinea-bissau', 'default', 'Guinea-Bissau ', NULL),
('en', 'country.guyana', 'default', 'Guyana ', NULL),
('en', 'country.haiti', 'default', 'Haiti ', NULL),
('en', 'country.honduras', 'default', 'Honduras ', NULL),
('en', 'country.hongkong', 'default', 'Hong Kong ', NULL),
('en', 'country.hungary', 'default', 'Hungary ', NULL),
('en', 'country.iceland', 'default', 'Iceland ', NULL),
('en', 'country.india', 'default', 'India ', NULL),
('en', 'country.indonesia', 'default', 'Indonesia ', NULL),
('en', 'country.iran', 'default', 'Iran', NULL),
('en', 'country.iraq', 'default', 'Iraq ', NULL),
('en', 'country.ireland', 'default', 'Ireland ', NULL),
('en', 'country.isleofman', 'default', 'Isle of Man ', NULL),
('en', 'country.israel', 'default', 'Israel ', NULL),
('en', 'country.italy', 'default', 'Italy ', NULL),
('en', 'country.jamaica', 'default', 'Jamaica ', NULL),
('en', 'country.japan', 'default', 'Japan ', NULL),
('en', 'country.jersey', 'default', 'Jersey ', NULL),
('en', 'country.jordan', 'default', 'Jordan ', NULL),
('en', 'country.kazakhstan', 'default', 'Kazakhstan ', NULL),
('en', 'country.kenya', 'default', 'Kenya ', NULL),
('en', 'country.kiribati', 'default', 'Kiribati ', NULL),
('en', 'country.kuwait', 'default', 'Kuwait ', NULL),
('en', 'country.kyrgyzstan', 'default', 'Kyrgyzstan ', NULL),
('en', 'country.lao', 'default', 'Lao', NULL),
('en', 'country.latvia', 'default', 'Latvia ', NULL),
('en', 'country.lebanon', 'default', 'Lebanon ', NULL),
('en', 'country.lesotho', 'default', 'Lesotho ', NULL),
('en', 'country.liberia', 'default', 'Liberia ', NULL),
('en', 'country.libya', 'default', 'Libya ', NULL),
('en', 'country.liechtenstein', 'default', 'Liechtenstein ', NULL),
('en', 'country.lithuania', 'default', 'Lithuania ', NULL),
('en', 'country.luxembourg', 'default', 'Luxembourg ', NULL),
('en', 'country.macao', 'default', 'Macao ', NULL),
('en', 'country.macedonia', 'default', 'Macedonia', NULL),
('en', 'country.madagascar', 'default', 'Madagascar ', NULL),
('en', 'country.malawi', 'default', 'Malawi ', NULL),
('en', 'country.malaysia', 'default', 'Malaysia ', NULL),
('en', 'country.maldives', 'default', 'Maldives ', NULL),
('en', 'country.mali', 'default', 'Mali ', NULL),
('en', 'country.malta', 'default', 'Malta ', NULL),
('en', 'country.marshallislands', 'default', 'Marshall Islands ', NULL),
('en', 'country.martinique', 'default', 'Martinique ', NULL),
('en', 'country.mauritania', 'default', 'Mauritania ', NULL),
('en', 'country.mauritius', 'default', 'Mauritius ', NULL),
('en', 'country.mayotte', 'default', 'Mayotte ', NULL),
('en', 'country.mexico', 'default', 'Mexico ', NULL),
('en', 'country.micronesia', 'default', 'Micronesia', NULL),
('en', 'country.moldova', 'default', 'Moldova', NULL),
('en', 'country.monaco', 'default', 'Monaco ', NULL),
('en', 'country.mongolia', 'default', 'Mongolia ', NULL),
('en', 'country.montenegro', 'default', 'Montenegro ', NULL),
('en', 'country.montserrat', 'default', 'Montserrat ', NULL),
('en', 'country.morocco', 'default', 'Morocco ', NULL),
('en', 'country.mozambique', 'default', 'Mozambique ', NULL),
('en', 'country.myanmar', 'default', 'Myanmar ', NULL),
('en', 'country.namibia', 'default', 'Namibia ', NULL),
('en', 'country.nauru', 'default', 'Nauru ', NULL),
('en', 'country.nepal', 'default', 'Nepal ', NULL),
('en', 'country.netherlands', 'default', 'Netherlands ', NULL),
('en', 'country.newcaledonia', 'default', 'New Caledonia ', NULL),
('en', 'country.newzealand', 'default', 'New Zealand ', NULL),
('en', 'country.nicaragua', 'default', 'Nicaragua ', NULL),
('en', 'country.niger', 'default', 'Niger ', NULL),
('en', 'country.nigeria', 'default', 'Nigeria ', NULL),
('en', 'country.niue', 'default', 'Niue ', NULL),
('en', 'country.norfolkisland', 'default', 'Norfolk Island ', NULL),
('en', 'country.northernmarianaislands', 'default', 'Northern Mariana Islands ', NULL),
('en', 'country.northkorea', 'default', 'North Korea', NULL),
('en', 'country.norway', 'default', 'Norway ', NULL),
('en', 'country.oman', 'default', 'Oman ', NULL),
('en', 'country.pakistan', 'default', 'Pakistan ', NULL),
('en', 'country.palau', 'default', 'Palau ', NULL),
('en', 'country.palestine', 'default', 'Palestine', NULL),
('en', 'country.panama', 'default', 'Panama ', NULL),
('en', 'country.papuanewguinea', 'default', 'Papua New Guinea ', NULL),
('en', 'country.paraguay', 'default', 'Paraguay ', NULL),
('en', 'country.peru', 'default', 'Peru ', NULL),
('en', 'country.philippines', 'default', 'Philippines ', NULL),
('en', 'country.pitcairn', 'default', 'Pitcairn ', NULL),
('en', 'country.poland', 'default', 'Poland ', NULL),
('en', 'country.portugal', 'default', 'Portugal ', NULL),
('en', 'country.puertorico', 'default', 'Puerto Rico ', NULL),
('en', 'country.qatar', 'default', 'Qatar ', NULL),
('en', 'country.reunion', 'default', 'Runion ', NULL),
('en', 'country.romania', 'default', 'Romania ', NULL),
('en', 'country.russia', 'default', 'Russia', NULL),
('en', 'country.rwanda', 'default', 'Rwanda ', NULL),
('en', 'country.saintbarthelemy', 'default', 'Saint Barthlemy ', NULL),
('en', 'country.sainthelena', 'default', 'Saint Helena, Ascension and Tristan da Cunha ', NULL),
('en', 'country.saintkitts', 'default', 'Saint Kitts and Nevis ', NULL),
('en', 'country.saintlucia', 'default', 'Saint Lucia ', NULL),
('en', 'country.saintmartin', 'default', 'Saint Martin', NULL),
('en', 'country.saintpierremiquelon', 'default', 'Saint Pierre and Miquelon ', NULL),
('en', 'country.saintvincent', 'default', 'Saint Vincent and the Grenadines ', NULL),
('en', 'country.samoa', 'default', 'Samoa ', NULL),
('en', 'country.sanmarino', 'default', 'San Marino ', NULL),
('en', 'country.saotome', 'default', 'Sao Tome and Principe ', NULL),
('en', 'country.saudiarabia', 'default', 'Saudi Arabia ', NULL),
('en', 'country.senegal', 'default', 'Senegal ', NULL),
('en', 'country.serbia', 'default', 'Serbia ', NULL),
('en', 'country.seychelles', 'default', 'Seychelles ', NULL),
('en', 'country.sierraleone', 'default', 'Sierra Leone ', NULL),
('en', 'country.singapore', 'default', 'Singapore ', NULL),
('en', 'country.sintmaarten', 'default', 'Sint Maarten', NULL),
('en', 'country.slovakia', 'default', 'Slovakia ', NULL),
('en', 'country.slovenia', 'default', 'Slovenia ', NULL),
('en', 'country.solomonislands', 'default', 'Solomon Islands ', NULL),
('en', 'country.somalia', 'default', 'Somalia ', NULL),
('en', 'country.southafrica', 'default', 'South Africa ', NULL),
('en', 'country.southgeorgia', 'default', 'South Georgia and the South Sandwich Islands ', NULL),
('en', 'country.southkorea', 'default', 'South Korea', NULL),
('en', 'country.southsudan', 'default', 'South Sudan ', NULL),
('en', 'country.spain', 'default', 'Spain ', NULL),
('en', 'country.srilanka', 'default', 'Sri Lanka ', NULL),
('en', 'country.sudan', 'default', 'Sudan ', NULL),
('en', 'country.suriname', 'default', 'Suriname ', NULL),
('en', 'country.svalbard', 'default', 'Svalbard and Jan Mayen ', NULL),
('en', 'country.swaziland', 'default', 'Swaziland ', NULL),
('en', 'country.sweden', 'default', 'Sweden ', NULL),
('en', 'country.switzerland', 'default', 'Switzerland ', NULL),
('en', 'country.syria', 'default', 'Syrian Arab Republic ', NULL),
('en', 'country.taiwan', 'default', 'Taiwan', NULL),
('en', 'country.tajikistan', 'default', 'Tajikistan ', NULL),
('en', 'country.tanzania', 'default', 'Tanzania', NULL),
('en', 'country.thailand', 'default', 'Thailand ', NULL),
('en', 'country.timorleste', 'default', 'Timor-Leste ', NULL),
('en', 'country.togo', 'default', 'Togo ', NULL),
('en', 'country.tokelau', 'default', 'Tokelau ', NULL),
('en', 'country.tonga', 'default', 'Tonga ', NULL),
('en', 'country.trinidadtobago', 'default', 'Trinidad and Tobago ', NULL),
('en', 'country.tunisia', 'default', 'Tunisia ', NULL),
('en', 'country.turkey', 'default', 'Turkey ', NULL),
('en', 'country.turkmenistan', 'default', 'Turkmenistan ', NULL),
('en', 'country.turkscaicos', 'default', 'Turks and Caicos Islands ', NULL),
('en', 'country.tuvalu', 'default', 'Tuvalu ', NULL),
('en', 'country.uganda', 'default', 'Uganda ', NULL),
('en', 'country.ukraine', 'default', 'Ukraine ', NULL),
('en', 'country.unitedarabemirates', 'default', 'United Arab Emirates ', NULL),
('en', 'country.unitedkingdom', 'default', 'United Kingdom', NULL),
('en', 'country.unitedstatesamerica', 'default', 'United States of America ', NULL),
('en', 'country.uruguay', 'default', 'Uruguay ', NULL),
('en', 'country.usvirginislands', 'default', 'US Virgin Islands', NULL),
('en', 'country.uzbekistan', 'default', 'Uzbekistan ', NULL),
('en', 'country.vanuatu', 'default', 'Vanuatu ', NULL),
('en', 'country.vatican', 'default', 'Holy See ', NULL),
('en', 'country.venezuela', 'default', 'Venezuela', NULL),
('en', 'country.vietnam', 'default', 'Viet Nam ', NULL),
('en', 'country.wallisfutuna', 'default', 'Wallis and Futuna ', NULL),
('en', 'country.westernsahara', 'default', 'Western Sahara ', NULL),
('en', 'country.yemen', 'default', 'Yemen ', NULL),
('en', 'country.zambia', 'default', 'Zambia ', NULL),
('en', 'country.zimbabwe', 'default', 'Zimbabwe ', NULL),
('en', 'file.type.audio', 'default', 'Audio File', NULL),
('en', 'file.type.document', 'default', 'Document File', NULL),
('en', 'file.type.image', 'default', 'Image File', NULL),
('en', 'file.type.other', 'default', 'Other File', NULL),
('en', 'find.gotofind', 'default', 'View Find Record', NULL),
('en', 'form.select.optional', 'default', 'optional', NULL),
('en', 'form.select.required', 'default', 'required', NULL),
('en', 'format.address', 'default', 'Address Format', NULL),
('en', 'format.blob', 'default', 'Blob Format', NULL),
('en', 'format.boolean', 'default', 'Boolean Format', NULL),
('en', 'format.colour', 'default', 'Colour Format', NULL),
('en', 'format.date', 'default', 'Date Format', NULL),
('en', 'format.datetime', 'default', 'DateTime Format', NULL),
('en', 'format.decimal', 'default', 'Decimal Format', NULL),
('en', 'format.email', 'default', 'Email Format', NULL),
('en', 'format.float', 'default', 'Float Format', NULL),
('en', 'format.html', 'default', 'HTML Format', NULL),
('en', 'format.identifier', 'default', 'Identifier Format', NULL),
('en', 'format.integer', 'default', 'Integer Format', NULL),
('en', 'format.item', 'default', 'Item Format', NULL),
('en', 'format.key', 'default', 'Key Format', NULL),
('en', 'format.markdown', 'default', 'Markdown Format', NULL),
('en', 'format.module', 'default', 'Module Format', NULL),
('en', 'format.money', 'default', 'Money Format', NULL),
('en', 'format.ordinaldate', 'default', 'Ordinal Date Format', NULL),
('en', 'format.password', 'default', 'Password', NULL),
('en', 'format.percent', 'default', 'Percent', NULL),
('en', 'format.richtext', 'default', 'Rich Text', NULL),
('en', 'format.search', 'default', 'Search Format', NULL),
('en', 'format.shorttext', 'default', 'Short Text  Format', NULL),
('en', 'format.string', 'default', 'String Format', NULL),
('en', 'format.telephone', 'default', 'Telephone Format', NULL),
('en', 'format.text', 'default', 'Text Format', NULL),
('en', 'format.time', 'default', 'Time Format', NULL),
('en', 'format.url', 'default', 'URL Format', NULL),
('en', 'format.weekdate', 'default', 'Week Date Format', NULL),
('en', 'format.yearmonth', 'default', 'Year Month Format', NULL),
('en', 'format.yearweek', 'default', 'Year Week Format', NULL),
('en', 'fragment.blob', 'default', 'Blob Fragment', NULL),
('en', 'fragment.boolean', 'default', 'Boolean Fragment', NULL),
('en', 'fragment.date', 'default', 'Date Fragment', NULL),
('en', 'fragment.datetime', 'default', 'DateTime Fragment', NULL),
('en', 'fragment.decimal', 'default', 'Decimal Fragment', NULL),
('en', 'fragment.float', 'default', 'Float Fragment', NULL),
('en', 'fragment.geometry', 'default', 'Geometry Fragment', NULL),
('en', 'fragment.integer', 'default', 'Integer Fragment', NULL),
('en', 'fragment.item', 'default', 'Item Fragment', NULL),
('en', 'fragment.object', 'default', 'Object Fragment', NULL),
('en', 'fragment.string', 'default', 'String Fragment', NULL),
('en', 'fragment.text', 'default', 'Text Fragment', NULL),
('en', 'fragment.time', 'default', 'Time Fragment', NULL),
('en', 'language.abkhazian', 'default', 'Abkhazian', NULL),
('en', 'language.achinese', 'default', 'Achinese', NULL),
('en', 'language.acoli', 'default', 'Acoli', NULL),
('en', 'language.adangme', 'default', 'Adangme', NULL),
('en', 'language.adyghe', 'default', 'Adyghe', NULL),
('en', 'language.afar', 'default', 'Afar', NULL),
('en', 'language.afrihili', 'default', 'Afrihili', NULL),
('en', 'language.afrikaans', 'default', 'Afrikaans', NULL),
('en', 'language.aghem', 'default', 'Aghem', NULL),
('en', 'language.ainu', 'default', 'Ainu', NULL),
('en', 'language.akan', 'default', 'Akan', NULL),
('en', 'language.akkadian', 'default', 'Akkadian', NULL),
('en', 'language.akoose', 'default', 'Akoose', NULL),
('en', 'language.alabama', 'default', 'Alabama', NULL),
('en', 'language.albanian', 'default', 'Albanian', NULL),
('en', 'language.albanian.gheg', 'default', 'Gheg Albanian', NULL),
('en', 'language.aleut', 'default', 'Aleut', NULL),
('en', 'language.altai.southern', 'default', 'Southern Altai', NULL),
('en', 'language.amharic', 'default', 'Amharic', NULL),
('en', 'language.angika', 'default', 'Angika', NULL),
('en', 'language.aonaga', 'default', 'Ao Naga', NULL),
('en', 'language.arabic', 'default', 'Arabic', NULL),
('en', 'language.arabic.algerian', 'default', 'Algerian Arabic', NULL),
('en', 'language.arabic.chadian', 'default', 'Chadian Arabic', NULL),
('en', 'language.arabic.egyptian', 'default', 'Egyptian Arabic', NULL),
('en', 'language.arabic.modern', 'default', 'Modern Standard Arabic', NULL),
('en', 'language.arabic.moroccan', 'default', 'Moroccan Arabic', NULL),
('en', 'language.arabic.tunisian', 'default', 'Tunisian Arabic', NULL),
('en', 'language.aragonese', 'default', 'Aragonese', NULL),
('en', 'language.aramaic', 'default', 'Aramaic', NULL),
('en', 'language.aramaic.samaritan', 'default', 'Samaritan Aramaic', NULL),
('en', 'language.araona', 'default', 'Araona', NULL),
('en', 'language.arapaho', 'default', 'Arapaho', NULL),
('en', 'language.arawak', 'default', 'Arawak', NULL),
('en', 'language.armenian', 'default', 'Armenian', NULL),
('en', 'language.aromanian', 'default', 'Aromanian', NULL),
('en', 'language.arpitan', 'default', 'Arpitan', NULL),
('en', 'language.assamese', 'default', 'Assamese', NULL),
('en', 'language.asturian', 'default', 'Asturian', NULL),
('en', 'language.asu', 'default', 'Asu', NULL),
('en', 'language.atsam', 'default', 'Atsam', NULL),
('en', 'language.avaric', 'default', 'Avaric', NULL),
('en', 'language.avestan', 'default', 'Avestan', NULL),
('en', 'language.awadhi', 'default', 'Awadhi', NULL),
('en', 'language.aymara', 'default', 'Aymara', NULL),
('en', 'language.azerbaijani', 'default', 'Azerbaijani', NULL),
('en', 'language.badaga', 'default', 'Badaga', NULL),
('en', 'language.bafia', 'default', 'Bafia', NULL),
('en', 'language.bafut', 'default', 'Bafut', NULL),
('en', 'language.bakhtiari', 'default', 'Bakhtiari', NULL),
('en', 'language.balinese', 'default', 'Balinese', NULL),
('en', 'language.balochi.western', 'default', 'Western Balochi', NULL),
('en', 'language.baluchi', 'default', 'Baluchi', NULL),
('en', 'language.bambara', 'default', 'Bambara', NULL),
('en', 'language.bamun', 'default', 'Bamun', NULL),
('en', 'language.banjar', 'default', 'Banjar', NULL),
('en', 'language.basaa', 'default', 'Basaa', NULL),
('en', 'language.bashkir', 'default', 'Bashkir', NULL),
('en', 'language.basque', 'default', 'Basque', NULL),
('en', 'language.bataktoba', 'default', 'Batak Toba', NULL),
('en', 'language.bavarian', 'default', 'Bavarian', NULL),
('en', 'language.beja', 'default', 'Beja', NULL),
('en', 'language.belarusian', 'default', 'Belarusian', NULL),
('en', 'language.bemba', 'default', 'Bemba', NULL),
('en', 'language.bena', 'default', 'Bena', NULL),
('en', 'language.bengali', 'default', 'Bengali', NULL),
('en', 'language.betawi', 'default', 'Betawi', NULL),
('en', 'language.bhojpuri', 'default', 'Bhojpuri', NULL),
('en', 'language.bikol', 'default', 'Bikol', NULL),
('en', 'language.bini', 'default', 'Bini', NULL),
('en', 'language.bishnupriya', 'default', 'Bishnupriya', NULL),
('en', 'language.bislama', 'default', 'Bislama', NULL),
('en', 'language.blin', 'default', 'Blin', NULL),
('en', 'language.blissymbols', 'default', 'Blissymbols', NULL),
('en', 'language.bodo', 'default', 'Bodo', NULL),
('en', 'language.bosnian', 'default', 'Bosnian', NULL),
('en', 'language.brahui', 'default', 'Brahui', NULL),
('en', 'language.braj', 'default', 'Braj', NULL),
('en', 'language.breton', 'default', 'Breton', NULL),
('en', 'language.buginese', 'default', 'Buginese', NULL),
('en', 'language.bulgarian', 'default', 'Bulgarian', NULL),
('en', 'language.bulu', 'default', 'Bulu', NULL),
('en', 'language.buriat', 'default', 'Buriat', NULL),
('en', 'language.burmese', 'default', 'Burmese', NULL),
('en', 'language.caddo', 'default', 'Caddo', NULL),
('en', 'language.cantonese', 'default', 'Cantonese', NULL),
('en', 'language.capiznon', 'default', 'Capiznon', NULL),
('en', 'language.carib', 'default', 'Carib', NULL),
('en', 'language.catalan', 'default', 'Catalan', NULL),
('en', 'language.cayuga', 'default', 'Cayuga', NULL),
('en', 'language.cebuano', 'default', 'Cebuano', NULL),
('en', 'language.chagatai', 'default', 'Chagatai', NULL),
('en', 'language.chamorro', 'default', 'Chamorro', NULL),
('en', 'language.chechen', 'default', 'Chechen', NULL),
('en', 'language.cherokee', 'default', 'Cherokee', NULL),
('en', 'language.cheyenne', 'default', 'Cheyenne', NULL),
('en', 'language.chibcha', 'default', 'Chibcha', NULL),
('en', 'language.chiga', 'default', 'Chiga', NULL),
('en', 'language.chiini.koyra', 'default', 'Koyra Chiini', NULL),
('en', 'language.chinese', 'default', 'Chinese', NULL),
('en', 'language.chinese.gan', 'default', 'Gan Chinese', NULL),
('en', 'language.chinese.hakka', 'default', 'Hakka Chinese', NULL),
('en', 'language.chinese.literary', 'default', 'Literary Chinese', NULL),
('en', 'language.chinese.minnan', 'default', 'Min Nan Chinese', NULL),
('en', 'language.chinese.simplified', 'default', 'Simplified Chinese', NULL),
('en', 'language.chinese.traditional', 'default', 'Traditional Chinese', NULL),
('en', 'language.chinese.wu', 'default', 'Wu Chinese', NULL),
('en', 'language.chinese.xiang', 'default', 'Xiang Chinese', NULL),
('en', 'language.chipewyan', 'default', 'Chipewyan', NULL),
('en', 'language.choctaw', 'default', 'Choctaw', NULL),
('en', 'language.chuukese', 'default', 'Chuukese', NULL),
('en', 'language.chuvash', 'default', 'Chuvash', NULL),
('en', 'language.colognian', 'default', 'Colognian', NULL),
('en', 'language.comorian', 'default', 'Comorian', NULL),
('en', 'language.coptic', 'default', 'Coptic', NULL),
('en', 'language.cornish', 'default', 'Cornish', NULL),
('en', 'language.corsican', 'default', 'Corsican', NULL),
('en', 'language.cree', 'default', 'Cree', NULL),
('en', 'language.creek', 'default', 'Creek', NULL),
('en', 'language.creole.haitian', 'default', 'Haitian Creole', NULL),
('en', 'language.croatian', 'default', 'Croatian', NULL),
('en', 'language.czech', 'default', 'Czech', NULL),
('en', 'language.dakota', 'default', 'Dakota', NULL),
('en', 'language.danish', 'default', 'Danish', NULL),
('en', 'language.dargwa', 'default', 'Dargwa', NULL),
('en', 'language.dari.zoroastrian', 'default', 'Zoroastrian Dari', NULL),
('en', 'language.dazaga', 'default', 'Dazaga', NULL),
('en', 'language.delaware', 'default', 'Delaware', NULL),
('en', 'language.dinka', 'default', 'Dinka', NULL),
('en', 'language.divehi', 'default', 'Divehi', NULL),
('en', 'language.dogri', 'default', 'Dogri', NULL),
('en', 'language.dogrib', 'default', 'Dogrib', NULL),
('en', 'language.duala', 'default', 'Duala', NULL),
('en', 'language.dusun.central', 'default', 'Central Dusun', NULL),
('en', 'language.dutch', 'default', 'Dutch', NULL),
('en', 'language.dutch.middle', 'default', 'Middle Dutch', NULL),
('en', 'language.dyula', 'default', 'Dyula', NULL),
('en', 'language.dzongkha', 'default', 'Dzongkha', NULL),
('en', 'language.efik', 'default', 'Efik', NULL),
('en', 'language.egyptian.ancient', 'default', 'Ancient Egyptian', NULL),
('en', 'language.ekajuk', 'default', 'Ekajuk', NULL),
('en', 'language.elamite', 'default', 'Elamite', NULL),
('en', 'language.embu', 'default', 'Embu', NULL),
('en', 'language.emilian', 'default', 'Emilian', NULL),
('en', 'language.english', 'default', 'English', NULL),
('en', 'language.english.american', 'default', 'American English', NULL),
('en', 'language.english.australian', 'default', 'Australian English', NULL),
('en', 'language.english.british', 'default', 'British English', NULL),
('en', 'language.english.canadian', 'default', 'Canadian English', NULL),
('en', 'language.english.jamaicancreole ', 'default', 'Jamaican Creole English', NULL),
('en', 'language.english.middle', 'default', 'Middle English', NULL),
('en', 'language.english.old', 'default', 'Old English', NULL),
('en', 'language.erzya', 'default', 'Erzya', NULL),
('en', 'language.esperanto', 'default', 'Esperanto', NULL),
('en', 'language.estonian', 'default', 'Estonian', NULL),
('en', 'language.ewe', 'default', 'Ewe', NULL),
('en', 'language.ewondo', 'default', 'Ewondo', NULL),
('en', 'language.extremaduran', 'default', 'Extremaduran', NULL),
('en', 'language.fang', 'default', 'Fang', NULL),
('en', 'language.fanti', 'default', 'Fanti', NULL),
('en', 'language.faroese', 'default', 'Faroese', NULL),
('en', 'language.fijian', 'default', 'Fijian', NULL),
('en', 'language.filipino', 'default', 'Filipino', NULL),
('en', 'language.finnish', 'default', 'Finnish', NULL),
('en', 'language.finnish.tornedalen', 'default', 'Tornedalen Finnish', NULL),
('en', 'language.flemish', 'default', 'Flemish', NULL),
('en', 'language.flemish.west', 'default', 'West Flemish', NULL),
('en', 'language.fon', 'default', 'Fon', NULL),
('en', 'language.frafra', 'default', 'Frafra', NULL),
('en', 'language.franconian.main', 'default', 'Main-Franconian', NULL),
('en', 'language.french', 'default', 'French', NULL),
('en', 'language.french.cajun', 'default', 'Cajun French', NULL),
('en', 'language.french.canadian', 'default', 'Canadian French', NULL),
('en', 'language.french.middle', 'default', 'Middle French', NULL),
('en', 'language.french.old', 'default', 'Old French', NULL),
('en', 'language.french.swiss', 'default', 'Swiss French', NULL),
('en', 'language.frisian.eastern', 'default', 'Eastern Frisian', NULL),
('en', 'language.frisian.northern', 'default', 'Northern Frisian', NULL),
('en', 'language.frisian.saterland', 'default', 'Saterland Frisian', NULL),
('en', 'language.frisian.western', 'default', 'Western Frisian', NULL),
('en', 'language.friulian', 'default', 'Friulian', NULL),
('en', 'language.fulah', 'default', 'Fulah', NULL),
('en', 'language.ga', 'default', 'Ga', NULL),
('en', 'language.gaelic.scottish', 'default', 'Scottish Gaelic', NULL),
('en', 'language.gagauz', 'default', 'Gagauz', NULL),
('en', 'language.galician', 'default', 'Galician', NULL),
('en', 'language.ganda', 'default', 'Ganda', NULL),
('en', 'language.gayo', 'default', 'Gayo', NULL),
('en', 'language.gbaya', 'default', 'Gbaya', NULL),
('en', 'language.geez', 'default', 'Geez', NULL),
('en', 'language.georgian', 'default', 'Georgian', NULL),
('en', 'language.german', 'default', 'German', NULL),
('en', 'language.german.austrian', 'default', 'Austrian German', NULL),
('en', 'language.german.low', 'default', 'Low German', NULL),
('en', 'language.german.middlehigh', 'default', 'Middle High German', NULL),
('en', 'language.german.oldhigh', 'default', 'Old High German', NULL),
('en', 'language.german.palatine', 'default', 'Palatine German', NULL),
('en', 'language.german.pennsylvania', 'default', 'Pennsylvania German', NULL),
('en', 'language.german.swiss', 'default', 'Swiss German', NULL),
('en', 'language.german.swisshigh', 'default', 'Swiss High German', NULL),
('en', 'language.ghomala', 'default', 'Ghomala', NULL),
('en', 'language.gilaki', 'default', 'Gilaki', NULL),
('en', 'language.gilbertese', 'default', 'Gilbertese', NULL),
('en', 'language.gondi', 'default', 'Gondi', NULL),
('en', 'language.gorontalo', 'default', 'Gorontalo', NULL),
('en', 'language.gothic', 'default', 'Gothic', NULL),
('en', 'language.grebo', 'default', 'Grebo', NULL),
('en', 'language.greek', 'default', 'Greek', NULL),
('en', 'language.greek.ancient', 'default', 'Ancient Greek', NULL),
('en', 'language.guarani', 'default', 'Guarani', NULL),
('en', 'language.gujarati', 'default', 'Gujarati', NULL),
('en', 'language.gusii', 'default', 'Gusii', NULL),
('en', 'language.gwichin', 'default', 'Gwichin', NULL),
('en', 'language.haida', 'default', 'Haida', NULL),
('en', 'language.hausa', 'default', 'Hausa', NULL),
('en', 'language.hawaiian', 'default', 'Hawaiian', NULL),
('en', 'language.hebrew', 'default', 'Hebrew', NULL),
('en', 'language.herero', 'default', 'Herero', NULL),
('en', 'language.hiligaynon', 'default', 'Hiligaynon', NULL),
('en', 'language.hindi', 'default', 'Hindi', NULL),
('en', 'language.hindi.fiji', 'default', 'Fiji Hindi', NULL),
('en', 'language.hittite', 'default', 'Hittite', NULL),
('en', 'language.hmong', 'default', 'Hmong', NULL),
('en', 'language.hungarian', 'default', 'Hungarian', NULL),
('en', 'language.hupa', 'default', 'Hupa', NULL),
('en', 'language.iban', 'default', 'Iban', NULL),
('en', 'language.ibibio', 'default', 'Ibibio', NULL),
('en', 'language.icelandic', 'default', 'Icelandic', NULL),
('en', 'language.ido', 'default', 'Ido', NULL),
('en', 'language.igbo', 'default', 'Igbo', NULL),
('en', 'language.iloko', 'default', 'Iloko', NULL),
('en', 'language.indonesian', 'default', 'Indonesian', NULL),
('en', 'language.ingrian', 'default', 'Ingrian', NULL),
('en', 'language.ingush', 'default', 'Ingush', NULL),
('en', 'language.interlingua', 'default', 'Interlingua', NULL),
('en', 'language.interlingue', 'default', 'Interlingue', NULL),
('en', 'language.inuktitut', 'default', 'Inuktitut', NULL),
('en', 'language.inupiaq', 'default', 'Inupiaq', NULL),
('en', 'language.irish', 'default', 'Irish', NULL),
('en', 'language.irish.middle', 'default', 'Middle Irish', NULL),
('en', 'language.irish.old', 'default', 'Old Irish', NULL),
('en', 'language.italian', 'default', 'Italian', NULL),
('en', 'language.japanese', 'default', 'Japanese', NULL),
('en', 'language.jargon.chinook', 'default', 'Chinook Jargon', NULL),
('en', 'language.javanese', 'default', 'Javanese', NULL),
('en', 'language.jju', 'default', 'Jju', NULL),
('en', 'language.jolafonyi', 'default', 'Jola-Fonyi', NULL),
('en', 'language.judeoarabic', 'default', 'Judeo-Arabic', NULL),
('en', 'language.judeopersian', 'default', 'Judeo-Persian', NULL),
('en', 'language.jutish', 'default', 'Jutish', NULL),
('en', 'language.kabardian', 'default', 'Kabardian', NULL),
('en', 'language.kabuverdianu', 'default', 'Kabuverdianu', NULL),
('en', 'language.kabyle', 'default', 'Kabyle', NULL),
('en', 'language.kachin', 'default', 'Kachin', NULL),
('en', 'language.kaingang', 'default', 'Kaingang', NULL),
('en', 'language.kako', 'default', 'Kako', NULL),
('en', 'language.kalaallisut', 'default', 'Kalaallisut', NULL),
('en', 'language.kalenjin', 'default', 'Kalenjin', NULL),
('en', 'language.kalmyk', 'default', 'Kalmyk', NULL),
('en', 'language.kamba', 'default', 'Kamba', NULL),
('en', 'language.kanembu', 'default', 'Kanembu', NULL),
('en', 'language.kannada', 'default', 'Kannada', NULL),
('en', 'language.kanuri', 'default', 'Kanuri', NULL),
('en', 'language.karachaybalkar', 'default', 'Karachay-Balkar', NULL),
('en', 'language.karakalpak', 'default', 'Kara-Kalpak', NULL),
('en', 'language.karelian', 'default', 'Karelian', NULL),
('en', 'language.kashmiri', 'default', 'Kashmiri', NULL),
('en', 'language.kashubian', 'default', 'Kashubian', NULL),
('en', 'language.kawi', 'default', 'Kawi', NULL),
('en', 'language.kazakh', 'default', 'Kazakh', NULL),
('en', 'language.kenyang', 'default', 'Kenyang', NULL),
('en', 'language.khasi', 'default', 'Khasi', NULL),
('en', 'language.khmer', 'default', 'Khmer', NULL),
('en', 'language.khotanese', 'default', 'Khotanese', NULL),
('en', 'language.khowar', 'default', 'Khowar', NULL),
('en', 'language.kiche', 'default', 'Kiche', NULL),
('en', 'language.kikuyu', 'default', 'Kikuyu', NULL),
('en', 'language.kimbundu', 'default', 'Kimbundu', NULL),
('en', 'language.kinaraya', 'default', 'Kinaray-a', NULL),
('en', 'language.kinyarwanda', 'default', 'Kinyarwanda', NULL),
('en', 'language.kirmanjki', 'default', 'Kirmanjki', NULL),
('en', 'language.klingon', 'default', 'Klingon', NULL),
('en', 'language.kom', 'default', 'Kom', NULL),
('en', 'language.komi', 'default', 'Komi', NULL),
('en', 'language.komi.permyak', 'default', 'Komi-Permyak', NULL),
('en', 'language.kongo', 'default', 'Kongo', NULL),
('en', 'language.konkani', 'default', 'Konkani', NULL),
('en', 'language.konkani.goan', 'default', 'Goan Konkani', NULL),
('en', 'language.korean', 'default', 'Korean', NULL),
('en', 'language.koro', 'default', 'Koro', NULL),
('en', 'language.kosraean', 'default', 'Kosraean', NULL),
('en', 'language.kotava', 'default', 'Kotava', NULL),
('en', 'language.kpelle', 'default', 'Kpelle', NULL),
('en', 'language.krio', 'default', 'Krio', NULL),
('en', 'language.kuanyama', 'default', 'Kuanyama', NULL),
('en', 'language.kumyk', 'default', 'Kumyk', NULL),
('en', 'language.kurdish', 'default', 'Kurdish', NULL),
('en', 'language.kurdish.central', 'default', 'Central Kurdish', NULL),
('en', 'language.kurukh', 'default', 'Kurukh', NULL),
('en', 'language.kutenai', 'default', 'Kutenai', NULL),
('en', 'language.kwasio', 'default', 'Kwasio', NULL),
('en', 'language.kyrgyz', 'default', 'Kyrgyz', NULL),
('en', 'language.ladino', 'default', 'Ladino', NULL),
('en', 'language.lahnda', 'default', 'Lahnda', NULL),
('en', 'language.lakota', 'default', 'Lakota', NULL),
('en', 'language.lamba', 'default', 'Lamba', NULL),
('en', 'language.langi', 'default', 'Langi', NULL),
('en', 'language.lao', 'default', 'Lao', NULL),
('en', 'language.latgalian', 'default', 'Latgalian', NULL),
('en', 'language.latin', 'default', 'Latin', NULL),
('en', 'language.latvian', 'default', 'Latvian', NULL),
('en', 'language.laz', 'default', 'Laz', NULL),
('en', 'language.lezghian', 'default', 'Lezghian', NULL),
('en', 'language.ligurian', 'default', 'Ligurian', NULL),
('en', 'language.limburgish', 'default', 'Limburgish', NULL),
('en', 'language.lingala', 'default', 'Lingala', NULL),
('en', 'language.linguafranca.nova', 'default', 'Lingua Franca Nova', NULL),
('en', 'language.lithuanian', 'default', 'Lithuanian', NULL),
('en', 'language.livonian', 'default', 'Livonian', NULL),
('en', 'language.lojban', 'default', 'Lojban', NULL),
('en', 'language.lombard', 'default', 'Lombard', NULL),
('en', 'language.lozi', 'default', 'Lozi', NULL),
('en', 'language.luba.katanga', 'default', 'Luba-Katanga', NULL),
('en', 'language.luba.lulua', 'default', 'Luba-Lulua', NULL),
('en', 'language.luiseno', 'default', 'Luiseno', NULL),
('en', 'language.lunda', 'default', 'Lunda', NULL),
('en', 'language.luo', 'default', 'Luo', NULL),
('en', 'language.luri.northern', 'default', 'Northern Luri', NULL),
('en', 'language.luxembourgish', 'default', 'Luxembourgish', NULL),
('en', 'language.luyia', 'default', 'Luyia', NULL),
('en', 'language.maba', 'default', 'Maba', NULL),
('en', 'language.macedonian', 'default', 'Macedonian', NULL),
('en', 'language.machame', 'default', 'Machame', NULL),
('en', 'language.madurese', 'default', 'Madurese', NULL),
('en', 'language.mafa', 'default', 'Mafa', NULL),
('en', 'language.magahi', 'default', 'Magahi', NULL),
('en', 'language.maithili', 'default', 'Maithili', NULL),
('en', 'language.makasar', 'default', 'Makasar', NULL),
('en', 'language.makhuwameetto', 'default', 'Makhuwa-Meetto', NULL),
('en', 'language.makonde', 'default', 'Makonde', NULL),
('en', 'language.malagasy', 'default', 'Malagasy', NULL),
('en', 'language.malay', 'default', 'Malay', NULL),
('en', 'language.malayalam', 'default', 'Malayalam', NULL),
('en', 'language.maltese', 'default', 'Maltese', NULL),
('en', 'language.manchu', 'default', 'Manchu', NULL),
('en', 'language.mandar', 'default', 'Mandar', NULL),
('en', 'language.mandingo', 'default', 'Mandingo', NULL),
('en', 'language.manipuri', 'default', 'Manipuri', NULL),
('en', 'language.manx', 'default', 'Manx', NULL),
('en', 'language.maori', 'default', 'Maori', NULL),
('en', 'language.mapuche', 'default', 'Mapuche', NULL),
('en', 'language.marathi', 'default', 'Marathi', NULL),
('en', 'language.mari', 'default', 'Mari', NULL),
('en', 'language.mari.western', 'default', 'Western Mari', NULL),
('en', 'language.marshallese', 'default', 'Marshallese', NULL),
('en', 'language.marwari', 'default', 'Marwari', NULL),
('en', 'language.masai', 'default', 'Masai', NULL),
('en', 'language.mazanderani', 'default', 'Mazanderani', NULL),
('en', 'language.medumba', 'default', 'Medumba', NULL),
('en', 'language.mende', 'default', 'Mende', NULL),
('en', 'language.mentawai', 'default', 'Mentawai', NULL),
('en', 'language.meru', 'default', 'Meru', NULL),
('en', 'language.meta', 'default', 'Meta', NULL),
('en', 'language.micmac', 'default', 'Micmac', NULL),
('en', 'language.minangkabau', 'default', 'Minangkabau', NULL),
('en', 'language.mingrelian', 'default', 'Mingrelian', NULL),
('en', 'language.mirandese', 'default', 'Mirandese', NULL),
('en', 'language.mizo', 'default', 'Mizo', NULL),
('en', 'language.mohawk', 'default', 'Mohawk', NULL),
('en', 'language.moksha', 'default', 'Moksha', NULL),
('en', 'language.moldavian', 'default', 'Moldavian', NULL),
('en', 'language.mongo', 'default', 'Mongo', NULL),
('en', 'language.mongolian', 'default', 'Mongolian', NULL),
('en', 'language.morisyen', 'default', 'Morisyen', NULL),
('en', 'language.mossi', 'default', 'Mossi', NULL),
('en', 'language.motu.hiri', 'default', 'Hiri Motu', NULL),
('en', 'language.multiple', 'default', 'Multiple Languages', NULL),
('en', 'language.mundang', 'default', 'Mundang', NULL),
('en', 'language.myene', 'default', 'Myene', NULL),
('en', 'language.nama', 'default', 'Nama', NULL),
('en', 'language.nauru', 'default', 'Nauru', NULL),
('en', 'language.navajo', 'default', 'Navajo', NULL),
('en', 'language.ndebele.north', 'default', 'North Ndebele', NULL),
('en', 'language.ndebele.south', 'default', 'South Ndebele', NULL),
('en', 'language.ndonga', 'default', 'Ndonga', NULL),
('en', 'language.neapolitan', 'default', 'Neapolitan', NULL),
('en', 'language.nepali', 'default', 'Nepali', NULL),
('en', 'language.newari', 'default', 'Newari', NULL),
('en', 'language.newari.classical', 'default', 'Classical Newari', NULL),
('en', 'language.ngambay', 'default', 'Ngambay', NULL),
('en', 'language.ngiemboon', 'default', 'Ngiemboon', NULL),
('en', 'language.ngomba', 'default', 'Ngomba', NULL),
('en', 'language.nheengatu', 'default', 'Nheengatu', NULL),
('en', 'language.nias', 'default', 'Nias', NULL),
('en', 'language.niuean', 'default', 'Niuean', NULL),
('en', 'language.nko', 'default', 'NKo', NULL),
('en', 'language.nogai', 'default', 'Nogai', NULL),
('en', 'language.none', 'default', 'No linguistic content', NULL),
('en', 'language.norse.old', 'default', 'Old Norse', NULL),
('en', 'language.northern sami', 'default', 'Northern Sami', NULL),
('en', 'language.norwegian', 'default', 'Norwegian', NULL),
('en', 'language.norwegian.bokml', 'default', 'Norwegian Bokml', NULL),
('en', 'language.norwegian.nynorsk', 'default', 'Norwegian Nynorsk', NULL),
('en', 'language.novial', 'default', 'Novial', NULL),
('en', 'language.nuer', 'default', 'Nuer', NULL),
('en', 'language.nyamwezi', 'default', 'Nyamwezi', NULL),
('en', 'language.nyanja', 'default', 'Nyanja', NULL),
('en', 'language.nyankole', 'default', 'Nyankole', NULL),
('en', 'language.nyoro', 'default', 'Nyoro', NULL),
('en', 'language.nzima', 'default', 'Nzima', NULL),
('en', 'language.occitan', 'default', 'Occitan', NULL),
('en', 'language.ojibwa', 'default', 'Ojibwa', NULL),
('en', 'language.oriya', 'default', 'Oriya', NULL),
('en', 'language.oromo', 'default', 'Oromo', NULL),
('en', 'language.osage', 'default', 'Osage', NULL),
('en', 'language.ossetic', 'default', 'Ossetic', NULL),
('en', 'language.pahlavi', 'default', 'Pahlavi', NULL),
('en', 'language.palauan', 'default', 'Palauan', NULL),
('en', 'language.pali', 'default', 'Pali', NULL),
('en', 'language.pampanga', 'default', 'Pampanga', NULL),
('en', 'language.pangasinan', 'default', 'Pangasinan', NULL),
('en', 'language.papiamento', 'default', 'Papiamento', NULL),
('en', 'language.pashto', 'default', 'Pashto', NULL),
('en', 'language.persian', 'default', 'Persian', NULL),
('en', 'language.persian.old', 'default', 'Old Persian', NULL),
('en', 'language.phoenician', 'default', 'Phoenician', NULL),
('en', 'language.picard', 'default', 'Picard', NULL);
INSERT INTO `ark_translation_message` (`language`, `keyword`, `role`, `text`, `notes`) VALUES
('en', 'language.piedmontese', 'default', 'Piedmontese', NULL),
('en', 'language.pisin.tok', 'default', 'Tok Pisin', NULL),
('en', 'language.plautdietsch', 'default', 'Plautdietsch', NULL),
('en', 'language.pohnpeian', 'default', 'Pohnpeian', NULL),
('en', 'language.polish', 'default', 'Polish', NULL),
('en', 'language.pontic', 'default', 'Pontic', NULL),
('en', 'language.portuguese', 'default', 'Portuguese', NULL),
('en', 'language.portuguese.brazilian', 'default', 'Brazilian Portuguese', NULL),
('en', 'language.portuguese.european', 'default', 'European Portuguese', NULL),
('en', 'language.provenal.old', 'default', 'Old Provenal', NULL),
('en', 'language.prussian', 'default', 'Prussian', NULL),
('en', 'language.punjabi', 'default', 'Punjabi', NULL),
('en', 'language.quechua', 'default', 'Quechua', NULL),
('en', 'language.quichua.chimborazohighland', 'default', 'Chimborazo Highland Quichua', NULL),
('en', 'language.rajasthani', 'default', 'Rajasthani', NULL),
('en', 'language.rapanui', 'default', 'Rapanui', NULL),
('en', 'language.rarotongan', 'default', 'Rarotongan', NULL),
('en', 'language.riffian', 'default', 'Riffian', NULL),
('en', 'language.romagnol', 'default', 'Romagnol', NULL),
('en', 'language.romanian', 'default', 'Romanian', NULL),
('en', 'language.romansh', 'default', 'Romansh', NULL),
('en', 'language.romany', 'default', 'Romany', NULL),
('en', 'language.rombo', 'default', 'Rombo', NULL),
('en', 'language.root', 'default', 'Root', NULL),
('en', 'language.rotuman', 'default', 'Rotuman', NULL),
('en', 'language.roviana', 'default', 'Roviana', NULL),
('en', 'language.rundi', 'default', 'Rundi', NULL),
('en', 'language.russian', 'default', 'Russian', NULL),
('en', 'language.rusyn', 'default', 'Rusyn', NULL),
('en', 'language.rwa', 'default', 'Rwa', NULL),
('en', 'language.saho', 'default', 'Saho', NULL),
('en', 'language.sakha', 'default', 'Sakha', NULL),
('en', 'language.samburu', 'default', 'Samburu', NULL),
('en', 'language.sami.inari', 'default', 'Inari Sami', NULL),
('en', 'language.sami.lule', 'default', 'Lule Sami', NULL),
('en', 'language.sami.skolt', 'default', 'Skolt Sami', NULL),
('en', 'language.sami.southern', 'default', 'Southern Sami', NULL),
('en', 'language.samoan', 'default', 'Samoan', NULL),
('en', 'language.samogitian', 'default', 'Samogitian', NULL),
('en', 'language.sandawe', 'default', 'Sandawe', NULL),
('en', 'language.sango', 'default', 'Sango', NULL),
('en', 'language.sangu', 'default', 'Sangu', NULL),
('en', 'language.sanskrit', 'default', 'Sanskrit', NULL),
('en', 'language.santali', 'default', 'Santali', NULL),
('en', 'language.sardinian', 'default', 'Sardinian', NULL),
('en', 'language.sardinian.sassarese', 'default', 'Sassarese Sardinian', NULL),
('en', 'language.sasak', 'default', 'Sasak', NULL),
('en', 'language.saurashtra', 'default', 'Saurashtra', NULL),
('en', 'language.saxon.low', 'default', 'Low Saxon', NULL),
('en', 'language.scots', 'default', 'Scots', NULL),
('en', 'language.selayar', 'default', 'Selayar', NULL),
('en', 'language.selkup', 'default', 'Selkup', NULL),
('en', 'language.sena', 'default', 'Sena', NULL),
('en', 'language.seneca', 'default', 'Seneca', NULL),
('en', 'language.senni.koyraboro', 'default', 'Koyraboro Senni', NULL),
('en', 'language.serbian', 'default', 'Serbian', NULL),
('en', 'language.serbocroatian', 'default', 'Serbo-Croatian', NULL),
('en', 'language.serer', 'default', 'Serer', NULL),
('en', 'language.seri', 'default', 'Seri', NULL),
('en', 'language.shambala', 'default', 'Shambala', NULL),
('en', 'language.shan', 'default', 'Shan', NULL),
('en', 'language.shona', 'default', 'Shona', NULL),
('en', 'language.sicilian', 'default', 'Sicilian', NULL),
('en', 'language.sidamo', 'default', 'Sidamo', NULL),
('en', 'language.siksika', 'default', 'Siksika', NULL),
('en', 'language.silesian', 'default', 'Silesian', NULL),
('en', 'language.silesian.lower', 'default', 'Lower Silesian', NULL),
('en', 'language.sindhi', 'default', 'Sindhi', NULL),
('en', 'language.sinhala', 'default', 'Sinhala', NULL),
('en', 'language.slave', 'default', 'Slave', NULL),
('en', 'language.slavic.church', 'default', 'Church Slavic', NULL),
('en', 'language.slovak', 'default', 'Slovak', NULL),
('en', 'language.slovenian', 'default', 'Slovenian', NULL),
('en', 'language.soga', 'default', 'Soga', NULL),
('en', 'language.sogdien', 'default', 'Sogdien', NULL),
('en', 'language.somali', 'default', 'Somali', NULL),
('en', 'language.soninke', 'default', 'Soninke', NULL),
('en', 'language.sorbian.lower', 'default', 'Lower Sorbian', NULL),
('en', 'language.sorbian.upper', 'default', 'Upper Sorbian', NULL),
('en', 'language.sotho.northern', 'default', 'Northern Sotho', NULL),
('en', 'language.sotho.southern', 'default', 'Southern Sotho', NULL),
('en', 'language.southern kurdish', 'default', 'Southern Kurdish', NULL),
('en', 'language.spanish', 'default', 'Spanish', NULL),
('en', 'language.spanish.european', 'default', 'European Spanish', NULL),
('en', 'Language.spanish.latinamerican', 'default', 'Latin American Spanish', NULL),
('en', 'language.spanish.mexican', 'default', 'Mexican Spanish', NULL),
('en', 'language.sukuma', 'default', 'Sukuma', NULL),
('en', 'language.sumerian', 'default', 'Sumerian', NULL),
('en', 'language.sundanese', 'default', 'Sundanese', NULL),
('en', 'language.susu', 'default', 'Susu', NULL),
('en', 'language.swahili', 'default', 'Swahili', NULL),
('en', 'language.swahili.congo', 'default', 'Congo Swahili', NULL),
('en', 'language.swati', 'default', 'Swati', NULL),
('en', 'language.swedish', 'default', 'Swedish', NULL),
('en', 'language.syriac', 'default', 'Syriac', NULL),
('en', 'language.syriac.classical', 'default', 'Classical Syriac', NULL),
('en', 'language.tachelhit', 'default', 'Tachelhit', NULL),
('en', 'language.tagalog', 'default', 'Tagalog', NULL),
('en', 'language.tahitian', 'default', 'Tahitian', NULL),
('en', 'language.taita', 'default', 'Taita', NULL),
('en', 'language.tajik', 'default', 'Tajik', NULL),
('en', 'language.talysh', 'default', 'Talysh', NULL),
('en', 'language.tamashek', 'default', 'Tamashek', NULL),
('en', 'language.tamazight.centralatlas', 'default', 'Central Atlas Tamazight', NULL),
('en', 'language.tamazight.standardmoroccan', 'default', 'Standard Moroccan Tamazight', NULL),
('en', 'language.tamil', 'default', 'Tamil', NULL),
('en', 'language.taroko', 'default', 'Taroko', NULL),
('en', 'language.tasawaq', 'default', 'Tasawaq', NULL),
('en', 'language.tat.muslim', 'default', 'Muslim Tat', NULL),
('en', 'language.tatar', 'default', 'Tatar', NULL),
('en', 'language.telugu', 'default', 'Telugu', NULL),
('en', 'language.tereno', 'default', 'Tereno', NULL),
('en', 'language.teso', 'default', 'Teso', NULL),
('en', 'language.tetum', 'default', 'Tetum', NULL),
('en', 'language.thai', 'default', 'Thai', NULL),
('en', 'language.tibetan', 'default', 'Tibetan', NULL),
('en', 'language.tigre', 'default', 'Tigre', NULL),
('en', 'language.tigrinya', 'default', 'Tigrinya', NULL),
('en', 'language.timne', 'default', 'Timne', NULL),
('en', 'language.tiv', 'default', 'Tiv', NULL),
('en', 'language.tlingit', 'default', 'Tlingit', NULL),
('en', 'language.tokelau', 'default', 'Tokelau', NULL),
('en', 'language.tonga.nyasa', 'default', 'Nyasa Tonga', NULL),
('en', 'language.tongan', 'default', 'Tongan', NULL),
('en', 'language.tongo.sranan', 'default', 'Sranan Tongo', NULL),
('en', 'language.tsakhur', 'default', 'Tsakhur', NULL),
('en', 'language.tsakonian', 'default', 'Tsakonian', NULL),
('en', 'language.tsimshian', 'default', 'Tsimshian', NULL),
('en', 'language.tsonga', 'default', 'Tsonga', NULL),
('en', 'language.tswana', 'default', 'Tswana', NULL),
('en', 'language.tulu', 'default', 'Tulu', NULL),
('en', 'language.tumbuka', 'default', 'Tumbuka', NULL),
('en', 'language.turkish', 'default', 'Turkish', NULL),
('en', 'language.turkish.crimean', 'default', 'Crimean Turkish', NULL),
('en', 'language.turkish.ottoman', 'default', 'Ottoman Turkish', NULL),
('en', 'language.turkmen', 'default', 'Turkmen', NULL),
('en', 'language.turoyo', 'default', 'Turoyo', NULL),
('en', 'language.tuvalu', 'default', 'Tuvalu', NULL),
('en', 'language.tuvinian', 'default', 'Tuvinian', NULL),
('en', 'language.twi', 'default', 'Twi', NULL),
('en', 'language.tyap', 'default', 'Tyap', NULL),
('en', 'language.udmurt', 'default', 'Udmurt', NULL),
('en', 'language.ugaritic', 'default', 'Ugaritic', NULL),
('en', 'language.ukrainian', 'default', 'Ukrainian', NULL),
('en', 'language.umbundu', 'default', 'Umbundu', NULL),
('en', 'language.unknown', 'default', 'Unknown Language', NULL),
('en', 'language.urdu', 'default', 'Urdu', NULL),
('en', 'language.uyghur', 'default', 'Uyghur', NULL),
('en', 'language.uzbek', 'default', 'Uzbek', NULL),
('en', 'language.vai', 'default', 'Vai', NULL),
('en', 'language.venda', 'default', 'Venda', NULL),
('en', 'language.venetian', 'default', 'Venetian', NULL),
('en', 'language.veps', 'default', 'Veps', NULL),
('en', 'language.vietnamese', 'default', 'Vietnamese', NULL),
('en', 'language.volapk', 'default', 'Volapk', NULL),
('en', 'language.vro', 'default', 'Vro', NULL),
('en', 'language.votic', 'default', 'Votic', NULL),
('en', 'language.vunjo', 'default', 'Vunjo', NULL),
('en', 'language.walloon', 'default', 'Walloon', NULL),
('en', 'language.walser', 'default', 'Walser', NULL),
('en', 'language.waray', 'default', 'Waray', NULL),
('en', 'language.warlpiri', 'default', 'Warlpiri', NULL),
('en', 'language.washo', 'default', 'Washo', NULL),
('en', 'language.wayuu', 'default', 'Wayuu', NULL),
('en', 'language.welsh', 'default', 'Welsh', NULL),
('en', 'language.wolaytta', 'default', 'Wolaytta', NULL),
('en', 'language.wolof', 'default', 'Wolof', NULL),
('en', 'language.xhosa', 'default', 'Xhosa', NULL),
('en', 'language.yangben', 'default', 'Yangben', NULL),
('en', 'language.yao', 'default', 'Yao', NULL),
('en', 'language.yapese', 'default', 'Yapese', NULL),
('en', 'language.yemba', 'default', 'Yemba', NULL),
('en', 'language.yi.sichuan', 'default', 'Sichuan Yi', NULL),
('en', 'language.yiddish', 'default', 'Yiddish', NULL),
('en', 'language.yoruba', 'default', 'Yoruba', NULL),
('en', 'language.yupik.central', 'default', 'Central Yupik', NULL),
('en', 'language.zapotec', 'default', 'Zapotec', NULL),
('en', 'language.zarma', 'default', 'Zarma', NULL),
('en', 'language.zaza', 'default', 'Zaza', NULL),
('en', 'language.zeelandic', 'default', 'Zeelandic', NULL),
('en', 'language.zenaga', 'default', 'Zenaga', NULL),
('en', 'language.zhuang', 'default', 'Zhuang', NULL),
('en', 'language.zulu', 'default', 'Zulu', NULL),
('en', 'language.zuni', 'default', 'Zuni', NULL),
('en', 'length.kilometre', 'default', 'kilometre', NULL),
('en', 'length.metre', 'default', 'metre', NULL),
('en', 'length.micrometre', 'default', 'micrometre', NULL),
('en', 'length.millimetre', 'default', 'millimetre', NULL),
('en', 'length.nanometre', 'default', 'nanometre', NULL),
('en', 'map.layer.aerial', 'default', 'Satellite', NULL),
('en', 'map.layer.aerial.labels', 'default', 'Satellite with labels', NULL),
('en', 'map.layer.bing.aerial', 'default', 'Bing Aerial', NULL),
('en', 'map.layer.bing.aerialwithlabels', 'default', 'Aerial View with Labels', NULL),
('en', 'map.layer.bing.road', 'default', 'Bing Roads', NULL),
('en', 'map.layer.road', 'default', 'Road', NULL),
('en', 'map.legend.max', 'default', 'Max', NULL),
('en', 'map.legend.min', 'default', 'Min', NULL),
('en', 'map.style.choropleth', 'default', 'Municipality', NULL),
('en', 'map.style.distribution', 'default', 'Distribution', NULL),
('en', 'map.style.none', 'default', 'None', NULL),
('en', 'mass.gram', 'default', 'gram', NULL),
('en', 'mass.kilogram', 'default', 'kilogram', NULL),
('en', 'mass.microgram', 'default', 'microgram', NULL),
('en', 'mass.milligram', 'default', 'milligram', NULL),
('en', 'mass.tonne', 'default', 'tonne', NULL),
('en', 'module.campaign', 'default', 'Campaign', NULL),
('en', 'module.file', 'default', 'File', NULL),
('en', 'module.find', 'default', 'Find', NULL),
('en', 'module.image', 'default', 'Image', NULL),
('en', 'module.location', 'default', 'Location', NULL),
('en', 'property.address', 'default', 'Address', NULL),
('en', 'property.avatar', 'default', 'Avatar', NULL),
('en', 'property.city', 'default', 'City', NULL),
('en', 'property.content', 'default', 'Content', NULL),
('en', 'property.country', 'default', 'Country', NULL),
('en', 'property.dateofbirth', 'default', 'Date of Birth', NULL),
('en', 'property.id', 'default', 'ID', NULL),
('en', 'property.initials', 'default', 'Initials', NULL),
('en', 'property.language', 'default', 'Language', NULL),
('en', 'property.length', 'default', 'Length', 'Core Property Length'),
('en', 'property.logo', 'default', 'Logo', NULL),
('en', 'property.module', 'default', 'Module', NULL),
('en', 'property.name', 'default', 'Name', NULL),
('en', 'property.phone', 'default', 'Phone', NULL),
('en', 'property.street', 'default', 'Street', NULL),
('en', 'property.title', 'default', 'Title', NULL),
('en', 'schema.file', 'default', 'File', NULL),
('en', 'search.placeholder', 'default', 'Free Text Search', NULL),
('en', 'site.brand', 'default', 'ARK', NULL),
('en', 'site.welcome', 'default', 'Welcome to ARK.', NULL),
('en', 'spatial.crs.wgs84', 'default', 'crs.wgs84', NULL),
('en', 'test.test', 'default', 'text text', 'notes notes'),
('en', 'user.greeting', 'default', 'Logged In As %name%', NULL),
('en', 'user.menu.edit', 'default', 'Edit your profile', NULL),
('en', 'user.menu.home', 'default', 'My Home', NULL),
('en', 'user.menu.list', 'default', 'List users', NULL),
('en', 'user.menu.login', 'default', 'Sign in', NULL),
('en', 'user.menu.logout', 'default', 'Sign out', NULL),
('en', 'user.menu.password', 'default', 'Change your password', NULL),
('en', 'user.menu.register', 'default', 'Create account', NULL),
('en', 'user.menu.view', 'default', 'View your profile', NULL);

--
-- Dumping data for table `ark_translation_parameter`
--

INSERT INTO `ark_translation_parameter` (`keyword`, `parameter`) VALUES
('user.greeting', 'name');

--
-- Dumping data for table `ark_translation_role`
--

INSERT INTO `ark_translation_role` (`role`, `keyword`, `description`) VALUES
('button', NULL, 'UI Button'),
('check', NULL, 'UI Checkbox'),
('column', NULL, 'UI Column'),
('danger', NULL, 'Danger flash message'),
('default', 'translation.role.default', 'Default translation'),
('description', 'translation.role.description', 'A description of the keyword'),
('error', NULL, 'Error flash message'),
('from', 'translation.role.from', 'The start of a range'),
('group', NULL, 'UI Group'),
('help', NULL, 'Help Text'),
('info', NULL, 'Information flash message'),
('listbox', NULL, 'UI List Box'),
('menu', NULL, 'UI Menu'),
('negative', 'translation.role.negative', 'The negative of the keyword'),
('official', 'translation.role.official', 'The official name or title'),
('opposite', 'translation.role.opposite', 'The opposite of the keyword'),
('positive', 'translation.role.positive', 'The positive of the keyword'),
('progress', NULL, 'UI Progress Bar'),
('radio', NULL, 'Ui Radio Button'),
('range', NULL, 'Name of a range'),
('resource', 'translation.role.resource', 'URL Resource translation'),
('row', NULL, 'UI Row'),
('slider', NULL, 'UI Slider'),
('spinbox', NULL, 'UI Spin Box'),
('status', NULL, 'UI Status'),
('success', NULL, 'Success flash message'),
('tab', NULL, 'UI Tab'),
('textbox', NULL, 'UI Text Box'),
('title', 'translation.role.title', 'The title of the keyword'),
('to', 'translation.role.to', 'The end of a range'),
('toolbar', NULL, 'UI Tool Bar'),
('tooltip', NULL, 'UI Tool Tip'),
('warning', NULL, 'Warning flash message');

--
-- Dumping data for table `ark_view_cell`
--

INSERT INTO `ark_view_cell` (`grp`, `class`, `row`, `col`, `seq`, `element`, `map`, `vocabulary`, `name`, `width`, `label`, `help`, `placeholder`, `choices`, `required`, `action_schema`, `action`, `view_permission`, `edit_permission`, `mode`, `sanitise`, `visible`, `value_modus`, `parameter_modus`, `format_modus`, `display_property`, `display_pattern`, `display_parameter`, `display_format`, `export_property`, `export_pattern`, `export_parameter`, `export_format`, `enabled`, `deprecated`, `keyword`, `template`, `options`, `form_type`, `form_options`) VALUES
('core_action_form_select', '', 0, 0, 2, 'core_widget_submit', NULL, NULL, 'apply', NULL, 1, 0, NULL, NULL, NULL, NULL, NULL, NULL, NULL, NULL, NULL, 1, 'active', NULL, NULL, NULL, NULL, NULL, NULL, NULL, NULL, NULL, NULL, 1, 0, 'core.button.save', NULL, NULL, NULL, NULL),
('core_actor_form_item', '', 0, 0, 0, 'core_actor_field_id', NULL, NULL, NULL, NULL, 1, 0, NULL, NULL, NULL, NULL, NULL, NULL, NULL, NULL, NULL, 1, NULL, NULL, NULL, NULL, NULL, NULL, NULL, NULL, NULL, NULL, NULL, 1, 0, NULL, NULL, NULL, NULL, NULL),
('core_actor_form_item', '', 0, 0, 1, 'core_actor_field_fullname', NULL, NULL, NULL, NULL, 1, 0, NULL, NULL, NULL, NULL, NULL, NULL, NULL, NULL, NULL, 1, NULL, NULL, NULL, NULL, NULL, NULL, NULL, NULL, NULL, NULL, NULL, 1, 0, NULL, NULL, NULL, NULL, NULL),
('core_actor_form_item', '', 0, 0, 2, 'core_actor_field_shortname', NULL, NULL, NULL, NULL, 1, 0, NULL, NULL, NULL, NULL, NULL, NULL, NULL, NULL, NULL, 1, NULL, NULL, NULL, NULL, NULL, NULL, NULL, NULL, NULL, NULL, NULL, 1, 0, NULL, NULL, NULL, NULL, NULL),
('core_actor_table', '', 0, 0, 0, 'core_actor_field_id', NULL, NULL, NULL, NULL, NULL, 0, NULL, NULL, NULL, NULL, NULL, NULL, NULL, NULL, NULL, 1, NULL, NULL, NULL, NULL, NULL, NULL, NULL, NULL, NULL, NULL, NULL, 1, 0, NULL, NULL, NULL, NULL, NULL),
('core_actor_table', '', 0, 0, 1, 'core_actor_field_class', NULL, NULL, NULL, NULL, NULL, 0, NULL, NULL, NULL, NULL, NULL, NULL, NULL, NULL, NULL, 1, NULL, NULL, NULL, NULL, NULL, NULL, NULL, NULL, NULL, NULL, NULL, 1, 0, NULL, NULL, NULL, NULL, NULL),
('core_actor_table', '', 0, 0, 2, 'core_actor_field_fullname', NULL, NULL, NULL, NULL, NULL, 0, NULL, NULL, NULL, NULL, NULL, NULL, NULL, NULL, NULL, 1, NULL, NULL, NULL, NULL, NULL, NULL, NULL, NULL, NULL, NULL, NULL, 1, 0, NULL, NULL, NULL, NULL, NULL),
('core_admin_form_register', '', 0, 0, 0, 'core_user_credentials', NULL, NULL, NULL, NULL, 1, 0, NULL, NULL, NULL, NULL, NULL, NULL, NULL, NULL, 'redact', 1, NULL, NULL, NULL, NULL, NULL, NULL, NULL, NULL, NULL, NULL, NULL, 1, 0, NULL, NULL, NULL, NULL, NULL),
('core_admin_form_register', '', 0, 0, 2, 'core_user_actor', NULL, NULL, NULL, NULL, 1, 0, NULL, NULL, NULL, NULL, NULL, NULL, NULL, NULL, 'redact', 1, NULL, NULL, NULL, NULL, NULL, NULL, NULL, NULL, NULL, NULL, NULL, 1, 0, NULL, NULL, NULL, NULL, NULL),
('core_admin_form_register', '', 0, 0, 4, 'core_user_role', NULL, 'core.workflow.role', NULL, NULL, 1, 0, NULL, NULL, NULL, NULL, NULL, NULL, NULL, NULL, 'redact', 1, NULL, NULL, NULL, NULL, NULL, NULL, NULL, NULL, NULL, NULL, NULL, 1, 0, NULL, NULL, NULL, NULL, NULL),
('core_admin_form_register', '', 0, 0, 8, 'core_widget_submit', NULL, NULL, NULL, NULL, 1, 0, NULL, NULL, NULL, NULL, NULL, NULL, NULL, NULL, 'redact', 1, NULL, NULL, NULL, NULL, NULL, NULL, NULL, NULL, NULL, NULL, NULL, 1, 0, 'core.user.register', NULL, NULL, NULL, NULL),
('core_admin_page_user_content', '', 0, 0, 0, 'core_user_form_filter', NULL, NULL, 'filter', NULL, 1, 0, NULL, NULL, NULL, NULL, NULL, NULL, NULL, NULL, NULL, 1, NULL, NULL, NULL, NULL, NULL, NULL, NULL, NULL, NULL, NULL, NULL, 1, 0, NULL, NULL, NULL, NULL, NULL),
('core_admin_page_user_content', '', 0, 0, 2, 'core_profile_table', NULL, NULL, 'actors', NULL, 1, 0, NULL, NULL, NULL, NULL, NULL, NULL, NULL, 'view', NULL, 1, NULL, NULL, NULL, NULL, NULL, NULL, NULL, NULL, NULL, NULL, NULL, 1, 0, NULL, NULL, NULL, NULL, NULL),
('core_admin_page_user_content', '', 0, 1, 2, 'core_user_form_password_set', NULL, NULL, NULL, NULL, 1, 0, NULL, NULL, NULL, NULL, NULL, NULL, NULL, NULL, NULL, 1, NULL, NULL, NULL, NULL, NULL, NULL, NULL, NULL, NULL, NULL, NULL, 1, 0, NULL, NULL, NULL, NULL, NULL),
('core_file_form_item', '', 0, 0, 0, 'core_file_field_id', NULL, NULL, NULL, NULL, 1, 0, NULL, NULL, NULL, NULL, NULL, NULL, NULL, NULL, NULL, 1, NULL, NULL, NULL, NULL, NULL, NULL, NULL, NULL, NULL, NULL, NULL, 1, 0, NULL, NULL, NULL, NULL, NULL),
('core_file_form_item', '', 0, 0, 1, 'core_file_field_class', NULL, NULL, NULL, NULL, 1, 0, NULL, NULL, NULL, NULL, NULL, NULL, NULL, NULL, NULL, 1, NULL, NULL, NULL, NULL, NULL, NULL, NULL, NULL, NULL, NULL, NULL, 1, 0, NULL, NULL, NULL, NULL, NULL),
('core_file_form_item', '', 0, 0, 2, 'core_file_field_mediatype', NULL, NULL, NULL, NULL, 1, 0, NULL, NULL, NULL, NULL, NULL, NULL, NULL, NULL, NULL, 1, NULL, NULL, NULL, NULL, NULL, NULL, NULL, NULL, NULL, NULL, NULL, 1, 0, NULL, NULL, NULL, NULL, NULL),
('core_file_form_item', '', 0, 0, 3, 'core_file_field_title', NULL, NULL, NULL, NULL, 1, 0, NULL, NULL, NULL, NULL, NULL, NULL, NULL, NULL, NULL, 1, NULL, NULL, NULL, NULL, NULL, NULL, NULL, NULL, NULL, NULL, NULL, 1, 0, NULL, NULL, NULL, NULL, NULL),
('core_file_form_item', '', 0, 0, 4, 'core_file_field_status', NULL, NULL, NULL, NULL, 1, 0, NULL, NULL, NULL, NULL, NULL, NULL, NULL, NULL, NULL, 1, NULL, NULL, NULL, NULL, NULL, NULL, NULL, NULL, NULL, NULL, NULL, 1, 0, NULL, NULL, NULL, NULL, NULL),
('core_file_form_item', '', 0, 0, 5, 'core_file_field_description', NULL, NULL, NULL, NULL, 1, 0, NULL, NULL, NULL, NULL, NULL, NULL, NULL, NULL, NULL, 1, NULL, NULL, NULL, NULL, NULL, NULL, NULL, NULL, NULL, NULL, NULL, 1, 0, NULL, NULL, NULL, NULL, NULL),
('core_file_form_item', '', 0, 1, 1, 'core_widget_submit', NULL, NULL, 'save', NULL, 1, 0, NULL, NULL, NULL, NULL, NULL, NULL, NULL, NULL, NULL, 1, NULL, NULL, NULL, NULL, NULL, NULL, NULL, NULL, NULL, NULL, NULL, 1, 0, 'core.button.save', NULL, NULL, NULL, NULL),
('core_file_table', '', 0, 0, 0, 'core_file_field_id', NULL, NULL, NULL, NULL, NULL, 0, NULL, NULL, NULL, NULL, NULL, NULL, NULL, NULL, NULL, 1, NULL, NULL, NULL, NULL, NULL, NULL, NULL, NULL, NULL, NULL, NULL, 1, 0, NULL, NULL, NULL, NULL, NULL),
('core_file_table', '', 0, 0, 1, 'core_file_field_class', NULL, NULL, NULL, NULL, NULL, 0, NULL, NULL, NULL, NULL, NULL, NULL, NULL, NULL, NULL, 1, NULL, NULL, NULL, NULL, NULL, NULL, NULL, NULL, NULL, NULL, NULL, 1, 0, NULL, NULL, NULL, NULL, NULL),
('core_message_form_filter', '', 0, 0, 0, 'core_widget_choice', NULL, 'core.message.status', 'status', NULL, 1, 0, NULL, NULL, 0, NULL, NULL, NULL, NULL, NULL, NULL, 1, NULL, NULL, NULL, NULL, NULL, NULL, NULL, NULL, NULL, NULL, NULL, 1, 0, NULL, NULL, '{\"attr\": {\"style\": \"width:95%\"}}', NULL, NULL),
('core_message_form_filter', '', 0, 2, 0, 'core_widget_submit', NULL, NULL, NULL, NULL, 1, 0, NULL, NULL, NULL, NULL, NULL, NULL, NULL, NULL, NULL, 1, NULL, NULL, NULL, NULL, NULL, NULL, NULL, NULL, NULL, NULL, NULL, 1, 0, 'core.button.select', NULL, NULL, NULL, NULL),
('core_message_form_item', '', 0, 0, 0, 'core_message_field_class', NULL, NULL, NULL, NULL, 1, 0, NULL, NULL, NULL, NULL, NULL, NULL, NULL, NULL, NULL, 1, 'static', NULL, NULL, NULL, NULL, NULL, NULL, NULL, NULL, NULL, NULL, 1, 0, NULL, NULL, NULL, NULL, NULL),
('core_message_form_item', '', 0, 0, 2, 'core_message_field_sender', NULL, NULL, NULL, NULL, 1, 0, NULL, NULL, NULL, NULL, NULL, NULL, NULL, NULL, NULL, 1, 'static', NULL, NULL, NULL, NULL, NULL, NULL, NULL, NULL, NULL, NULL, 1, 0, NULL, NULL, NULL, NULL, NULL),
('core_message_form_item', '', 0, 0, 4, 'core_message_field_sent', NULL, NULL, NULL, NULL, 1, 0, NULL, NULL, NULL, NULL, NULL, NULL, NULL, NULL, NULL, 1, 'static', NULL, NULL, NULL, NULL, NULL, NULL, NULL, NULL, NULL, NULL, 1, 0, NULL, NULL, NULL, NULL, NULL),
('core_message_form_item', '', 0, 0, 6, 'core_message_field_event', NULL, NULL, NULL, NULL, 1, 0, NULL, NULL, NULL, NULL, NULL, NULL, NULL, NULL, NULL, 1, 'static', NULL, NULL, NULL, NULL, NULL, NULL, NULL, NULL, NULL, NULL, 1, 0, NULL, NULL, NULL, NULL, NULL),
('core_message_page_content', '', 1, 0, 0, 'core_message_table', NULL, NULL, NULL, NULL, 1, 0, NULL, NULL, NULL, NULL, NULL, NULL, NULL, NULL, NULL, 1, NULL, NULL, NULL, NULL, NULL, NULL, NULL, NULL, NULL, NULL, NULL, 1, 0, NULL, NULL, NULL, NULL, NULL),
('core_message_page_content', '', 1, 1, 0, 'core_message_form_item', NULL, NULL, NULL, NULL, 1, 0, NULL, NULL, NULL, NULL, NULL, NULL, NULL, NULL, NULL, 1, NULL, NULL, NULL, NULL, NULL, NULL, NULL, NULL, NULL, NULL, NULL, 1, 0, NULL, NULL, NULL, NULL, NULL),
('core_message_table', '', 0, 0, 0, 'core_message_field_class', NULL, NULL, NULL, NULL, 1, 0, NULL, NULL, NULL, NULL, NULL, NULL, NULL, NULL, NULL, 1, NULL, NULL, NULL, NULL, NULL, NULL, NULL, NULL, NULL, NULL, NULL, 1, 0, NULL, NULL, NULL, NULL, NULL),
('core_message_table', '', 0, 0, 1, 'core_message_field_sender', NULL, NULL, NULL, NULL, 1, 0, NULL, NULL, NULL, NULL, NULL, NULL, NULL, NULL, NULL, 1, NULL, NULL, NULL, NULL, NULL, NULL, NULL, NULL, NULL, NULL, NULL, 1, 0, NULL, NULL, NULL, NULL, NULL),
('core_message_table', '', 0, 0, 2, 'core_message_field_sent', NULL, NULL, NULL, NULL, 1, 0, NULL, NULL, NULL, NULL, NULL, NULL, NULL, NULL, NULL, 1, NULL, NULL, NULL, NULL, NULL, NULL, NULL, NULL, NULL, NULL, NULL, 1, 0, NULL, NULL, NULL, NULL, NULL),
('core_message_table', '', 0, 0, 3, 'core_message_field_event', NULL, NULL, NULL, NULL, 1, 0, NULL, NULL, NULL, NULL, NULL, NULL, NULL, NULL, NULL, 1, NULL, NULL, NULL, NULL, NULL, NULL, NULL, NULL, NULL, NULL, NULL, 1, 0, NULL, NULL, NULL, NULL, NULL),
('core_page_content', '', 0, 0, 0, 'core_page_field_content', NULL, NULL, NULL, NULL, 1, 0, NULL, NULL, NULL, NULL, NULL, NULL, NULL, NULL, NULL, 1, NULL, NULL, NULL, NULL, NULL, NULL, NULL, NULL, NULL, NULL, NULL, 1, 0, NULL, NULL, NULL, NULL, NULL),
('core_profile_form_item', '', 0, 0, 0, 'core_actor_field_id', NULL, NULL, NULL, 8, 1, 0, NULL, NULL, NULL, NULL, NULL, NULL, NULL, NULL, NULL, 1, NULL, NULL, NULL, NULL, NULL, NULL, NULL, NULL, NULL, NULL, NULL, 1, 0, NULL, NULL, NULL, NULL, NULL),
('core_profile_form_item', '', 0, 0, 2, 'core_actor_field_fullname', NULL, NULL, NULL, NULL, 1, 0, NULL, NULL, NULL, NULL, NULL, NULL, NULL, NULL, NULL, 1, NULL, NULL, NULL, NULL, NULL, NULL, NULL, NULL, NULL, NULL, NULL, 1, 0, NULL, NULL, NULL, NULL, NULL),
('core_profile_form_item', '', 0, 0, 8, 'core_actor_field_biography', NULL, NULL, NULL, NULL, 1, 0, NULL, NULL, NULL, NULL, NULL, NULL, NULL, NULL, NULL, 1, NULL, NULL, NULL, NULL, NULL, NULL, NULL, NULL, NULL, NULL, NULL, 1, 0, NULL, NULL, NULL, NULL, NULL),
('core_profile_form_item', '', 0, 1, 2, 'core_actor_field_avatar', NULL, NULL, NULL, 4, 0, 0, NULL, NULL, NULL, NULL, NULL, NULL, NULL, NULL, NULL, 1, NULL, NULL, NULL, NULL, NULL, NULL, NULL, NULL, NULL, NULL, NULL, 1, 0, NULL, NULL, NULL, NULL, NULL),
('core_profile_page_content', '', 0, 0, 0, 'core_profile_form_item', NULL, NULL, 'actor', NULL, 1, 0, NULL, NULL, NULL, NULL, NULL, NULL, NULL, 'view', NULL, 1, NULL, NULL, NULL, NULL, NULL, NULL, NULL, NULL, NULL, NULL, NULL, 1, 0, NULL, NULL, NULL, NULL, NULL),
('core_profile_table', '', 0, 0, 0, 'core_actor_field_id', NULL, NULL, NULL, NULL, 1, 0, NULL, NULL, NULL, NULL, NULL, NULL, NULL, NULL, NULL, 1, NULL, NULL, NULL, NULL, NULL, NULL, NULL, NULL, NULL, NULL, NULL, 1, 0, NULL, NULL, NULL, NULL, NULL),
('core_profile_table', '', 0, 0, 2, 'core_actor_field_fullname', NULL, NULL, NULL, NULL, 1, 0, NULL, NULL, NULL, NULL, NULL, NULL, NULL, NULL, NULL, 1, NULL, NULL, NULL, NULL, NULL, NULL, NULL, NULL, NULL, NULL, NULL, 1, 0, NULL, NULL, NULL, NULL, NULL),
('core_profiles_page', '', 0, 0, 0, 'core_profile_table', NULL, NULL, 'actors', NULL, 1, 0, NULL, NULL, NULL, NULL, NULL, NULL, NULL, 'view', NULL, 1, NULL, NULL, NULL, NULL, NULL, NULL, NULL, NULL, NULL, NULL, NULL, 1, 0, NULL, NULL, NULL, NULL, NULL),
('core_user_actor', '', 0, 0, 2, 'core_actor_field_fullname', NULL, NULL, NULL, NULL, 1, 0, NULL, NULL, NULL, NULL, NULL, NULL, NULL, NULL, NULL, 1, NULL, NULL, NULL, NULL, NULL, NULL, NULL, NULL, NULL, NULL, NULL, 1, 0, NULL, NULL, NULL, NULL, NULL),
('core_user_actor', '', 0, 0, 4, 'core_actor_field_shortname', NULL, NULL, NULL, NULL, 1, 0, NULL, NULL, NULL, NULL, NULL, NULL, NULL, NULL, NULL, 1, NULL, NULL, NULL, NULL, NULL, NULL, NULL, NULL, NULL, NULL, NULL, 1, 0, NULL, NULL, NULL, NULL, NULL),
('core_user_actor', '', 0, 0, 6, 'core_actor_field_initials', NULL, NULL, NULL, NULL, 1, 0, NULL, NULL, NULL, NULL, NULL, NULL, NULL, NULL, NULL, 1, NULL, NULL, NULL, NULL, NULL, NULL, NULL, NULL, NULL, NULL, NULL, 1, 0, NULL, NULL, NULL, NULL, NULL),
('core_user_actor', '', 0, 0, 8, 'core_actor_field_address', NULL, NULL, NULL, NULL, 1, 0, 1, NULL, NULL, NULL, NULL, NULL, NULL, NULL, NULL, 1, NULL, NULL, NULL, NULL, NULL, NULL, NULL, NULL, NULL, NULL, NULL, 1, 0, NULL, NULL, NULL, NULL, NULL),
('core_user_actor', '', 0, 0, 10, 'core_actor_field_telephone', NULL, NULL, NULL, NULL, 1, 0, NULL, NULL, NULL, NULL, NULL, NULL, NULL, NULL, NULL, 1, NULL, NULL, NULL, NULL, NULL, NULL, NULL, NULL, NULL, NULL, NULL, 1, 0, NULL, NULL, NULL, NULL, NULL),
('core_user_actor', '', 0, 0, 18, 'core_actor_field_biography', NULL, NULL, NULL, NULL, 1, 0, NULL, NULL, NULL, NULL, NULL, NULL, NULL, NULL, NULL, 1, NULL, NULL, NULL, NULL, NULL, NULL, NULL, NULL, NULL, NULL, NULL, 1, 0, NULL, NULL, NULL, NULL, NULL),
('core_user_actor', '', 0, 0, 20, 'core_actor_field_avatar', NULL, NULL, NULL, NULL, 1, 0, NULL, NULL, 0, NULL, NULL, NULL, NULL, NULL, NULL, 1, NULL, NULL, NULL, NULL, NULL, NULL, NULL, NULL, NULL, NULL, NULL, 1, 0, NULL, NULL, NULL, NULL, NULL),
('core_user_credentials', '', 0, 0, 0, 'core_widget_username', NULL, NULL, NULL, NULL, 1, 0, NULL, NULL, NULL, NULL, NULL, NULL, NULL, NULL, NULL, 1, 'active', NULL, NULL, NULL, NULL, NULL, NULL, NULL, NULL, NULL, NULL, 1, 0, NULL, NULL, NULL, NULL, NULL),
('core_user_credentials', '', 0, 0, 2, 'core_widget_email', NULL, NULL, NULL, NULL, 1, 0, NULL, NULL, NULL, NULL, NULL, NULL, NULL, NULL, NULL, 1, 'active', NULL, NULL, NULL, NULL, NULL, NULL, NULL, NULL, NULL, NULL, 1, 0, NULL, NULL, NULL, NULL, NULL),
('core_user_credentials', '', 0, 0, 4, 'core_widget_password_confirm', NULL, NULL, NULL, NULL, 1, 0, NULL, NULL, NULL, NULL, NULL, NULL, NULL, NULL, NULL, 1, 'active', NULL, NULL, NULL, NULL, NULL, NULL, NULL, NULL, NULL, NULL, 1, 0, NULL, NULL, NULL, NULL, NULL),
('core_user_form_filter', '', 0, 0, 0, 'core_widget_choice', NULL, 'core.security.user.status', 'status', NULL, 1, 0, NULL, NULL, 0, NULL, NULL, NULL, NULL, NULL, NULL, 1, NULL, NULL, NULL, NULL, NULL, NULL, NULL, NULL, NULL, NULL, NULL, 1, 0, NULL, NULL, '{\"attr\": {\"style\": \"width:95%\"}}', NULL, NULL),
('core_user_form_filter', '', 0, 2, 0, 'core_widget_submit', NULL, NULL, NULL, NULL, 1, 0, NULL, NULL, NULL, NULL, NULL, NULL, NULL, NULL, NULL, 1, NULL, NULL, NULL, NULL, NULL, NULL, NULL, NULL, NULL, NULL, NULL, 1, 0, 'core.button.select', NULL, NULL, NULL, NULL),
('core_user_form_login', '', 0, 0, 0, 'core_widget_username', NULL, NULL, NULL, NULL, 1, 0, NULL, NULL, NULL, NULL, NULL, NULL, NULL, NULL, NULL, 1, 'active', NULL, NULL, NULL, NULL, NULL, NULL, NULL, NULL, NULL, NULL, 1, 0, NULL, NULL, NULL, NULL, NULL),
('core_user_form_login', '', 0, 0, 2, 'core_widget_password', NULL, NULL, NULL, NULL, 1, 0, NULL, NULL, NULL, NULL, NULL, NULL, NULL, NULL, NULL, 1, 'active', NULL, NULL, NULL, NULL, NULL, NULL, NULL, NULL, NULL, NULL, 1, 0, NULL, NULL, NULL, NULL, NULL),
('core_user_form_login', '', 0, 0, 4, 'core_widget_submit', NULL, NULL, NULL, NULL, 1, 0, NULL, NULL, NULL, NULL, NULL, NULL, NULL, NULL, NULL, 1, 'active', NULL, NULL, NULL, NULL, NULL, NULL, NULL, NULL, NULL, NULL, 1, 0, 'core.user.login', NULL, NULL, NULL, NULL),
('core_user_form_password_change', '', 0, 0, 0, 'core_widget_password', NULL, NULL, NULL, NULL, 1, 0, NULL, NULL, NULL, NULL, NULL, NULL, NULL, NULL, NULL, 1, 'active', NULL, NULL, NULL, NULL, NULL, NULL, NULL, NULL, NULL, NULL, 1, 0, 'core.user.password.current', NULL, NULL, NULL, NULL),
('core_user_form_password_change', '', 0, 0, 2, 'core_widget_password_confirm', NULL, NULL, NULL, NULL, 1, 0, NULL, NULL, NULL, NULL, NULL, NULL, NULL, NULL, NULL, 1, 'active', NULL, NULL, NULL, NULL, NULL, NULL, NULL, NULL, NULL, NULL, 1, 0, NULL, NULL, NULL, NULL, NULL),
('core_user_form_password_change', '', 0, 0, 4, 'core_widget_submit', NULL, NULL, 'save', NULL, 1, 0, NULL, NULL, NULL, NULL, NULL, NULL, NULL, NULL, NULL, 1, 'active', NULL, NULL, NULL, NULL, NULL, NULL, NULL, NULL, NULL, NULL, 1, 0, 'core.button.change', NULL, NULL, NULL, NULL),
('core_user_form_password_set', '', 0, 0, 0, 'core_widget_password_confirm', NULL, NULL, NULL, NULL, 1, 0, NULL, NULL, NULL, NULL, NULL, NULL, NULL, NULL, NULL, 1, 'active', NULL, NULL, NULL, NULL, NULL, NULL, NULL, NULL, NULL, NULL, 1, 0, NULL, NULL, NULL, NULL, NULL),
('core_user_form_password_set', '', 0, 0, 2, 'core_widget_submit', NULL, NULL, 'password_set', NULL, 1, 0, NULL, NULL, NULL, NULL, NULL, NULL, NULL, NULL, NULL, 1, 'active', NULL, NULL, NULL, NULL, NULL, NULL, NULL, NULL, NULL, NULL, 1, 0, 'core.button.save', NULL, NULL, NULL, NULL),
('core_user_form_register', '', 0, 0, 0, 'core_user_credentials', NULL, NULL, NULL, NULL, 1, 0, NULL, NULL, NULL, NULL, NULL, NULL, NULL, NULL, 'redact', 1, NULL, NULL, NULL, NULL, NULL, NULL, NULL, NULL, NULL, NULL, NULL, 1, 0, NULL, NULL, NULL, NULL, NULL),
('core_user_form_register', '', 0, 0, 2, 'core_user_actor', NULL, NULL, NULL, NULL, 1, 0, NULL, NULL, NULL, NULL, NULL, NULL, NULL, NULL, 'redact', 1, NULL, NULL, NULL, NULL, NULL, NULL, NULL, NULL, NULL, NULL, NULL, 1, 0, NULL, NULL, NULL, NULL, NULL),
('core_user_form_register', '', 0, 0, 4, 'core_user_role', NULL, 'core.workflow.role', NULL, NULL, 1, 0, NULL, NULL, NULL, NULL, NULL, NULL, NULL, NULL, 'redact', 1, NULL, NULL, NULL, NULL, NULL, NULL, NULL, NULL, NULL, NULL, NULL, 1, 0, NULL, NULL, NULL, NULL, NULL),
('core_user_form_register', '', 0, 0, 8, 'core_widget_submit', NULL, NULL, NULL, NULL, 1, 0, NULL, NULL, NULL, NULL, NULL, NULL, NULL, NULL, 'redact', 1, NULL, NULL, NULL, NULL, NULL, NULL, NULL, NULL, NULL, NULL, NULL, 1, 0, 'core.user.register', NULL, NULL, NULL, NULL),
('core_user_form_register', '', 0, 2, 0, 'core_widget_textarea', NULL, NULL, NULL, NULL, 1, 0, 1, NULL, NULL, NULL, NULL, NULL, NULL, 'view', 'redact', 1, 'static', NULL, NULL, NULL, NULL, NULL, NULL, NULL, NULL, NULL, NULL, 1, 0, 'core.user.register.faq', NULL, NULL, NULL, NULL),
('core_user_form_reset', '', 0, 0, 0, 'core_widget_username', NULL, NULL, NULL, NULL, 1, 0, NULL, NULL, NULL, NULL, NULL, NULL, NULL, NULL, NULL, 1, 'active', NULL, NULL, NULL, NULL, NULL, NULL, NULL, NULL, NULL, NULL, 1, 0, NULL, NULL, NULL, NULL, NULL),
('core_user_form_reset', '', 0, 0, 4, 'core_widget_submit', NULL, NULL, 'reset', NULL, 1, 0, NULL, NULL, NULL, NULL, NULL, NULL, NULL, NULL, NULL, 1, 'active', NULL, NULL, NULL, NULL, NULL, NULL, NULL, NULL, NULL, NULL, 1, 0, 'core.user.reset', NULL, NULL, NULL, NULL),
('core_user_profile', '', 1, 1, 0, 'core_user_form_password_change', NULL, NULL, NULL, NULL, 1, 0, NULL, NULL, NULL, NULL, NULL, NULL, NULL, NULL, NULL, 1, NULL, NULL, NULL, NULL, NULL, NULL, NULL, NULL, NULL, NULL, NULL, 1, 0, NULL, NULL, NULL, NULL, NULL),
('core_user_role', '', 0, 0, 0, 'core_widget_choice', NULL, 'dime.workflow.role', 'role', NULL, 1, 0, NULL, NULL, NULL, NULL, NULL, NULL, NULL, NULL, 'redact', 1, NULL, NULL, NULL, NULL, NULL, NULL, NULL, NULL, NULL, NULL, NULL, 1, 0, 'core.workflow.role', NULL, NULL, NULL, NULL),
('core_user_role', '', 0, 0, 4, 'core_widget_actor', NULL, NULL, 'museum', NULL, 1, 0, NULL, 1, 0, NULL, NULL, NULL, NULL, NULL, 'redact', 1, 'active', NULL, NULL, NULL, NULL, NULL, NULL, NULL, NULL, NULL, NULL, 1, 0, NULL, NULL, '{\"attr\": {\"style\": \"width:95%\"}}', NULL, NULL),
('core_user_role', '', 0, 0, 6, 'core_widget_date', NULL, NULL, 'expiry', NULL, 1, 0, NULL, NULL, 0, NULL, NULL, NULL, NULL, NULL, NULL, 1, 'active', NULL, NULL, NULL, NULL, NULL, NULL, NULL, NULL, NULL, NULL, 1, 0, 'core.user.role.expiry', NULL, NULL, NULL, NULL),
('core_user_role_add', '', 0, 0, 0, 'core_widget_vocabulary', NULL, 'dime.workflow.role', 'role', NULL, 1, 0, NULL, NULL, NULL, NULL, NULL, NULL, NULL, NULL, 'redact', 1, NULL, NULL, NULL, NULL, NULL, NULL, NULL, NULL, NULL, NULL, NULL, 1, 0, 'core.workflow.role', NULL, NULL, NULL, NULL),
('core_user_role_add', '', 0, 0, 4, 'core_widget_item', NULL, NULL, 'museum', NULL, 1, 0, NULL, 1, 0, NULL, NULL, NULL, NULL, NULL, 'redact', 1, 'active', NULL, NULL, NULL, NULL, NULL, NULL, NULL, NULL, NULL, NULL, 1, 0, NULL, NULL, '{\"attr\": {\"style\": \"width:95%\"}}', NULL, NULL),
('core_user_role_add', '', 0, 0, 6, 'core_widget_date', NULL, NULL, 'expiry', NULL, 1, 0, NULL, NULL, 0, NULL, NULL, NULL, NULL, NULL, NULL, 1, 'active', NULL, NULL, NULL, NULL, NULL, NULL, NULL, NULL, NULL, NULL, 1, 0, 'core.user.role.expiry', NULL, NULL, NULL, NULL),
('core_user_role_add', '', 0, 0, 10, 'core_widget_submit', NULL, NULL, 'role_add', NULL, 1, 0, NULL, NULL, NULL, NULL, NULL, NULL, NULL, NULL, NULL, 1, 'active', NULL, NULL, NULL, NULL, NULL, NULL, NULL, NULL, NULL, NULL, 1, 0, 'core.button.save', NULL, NULL, NULL, NULL),
('core_workflow_action', '', 0, 0, 0, 'core_widget_choice', NULL, NULL, 'actions', NULL, 0, 0, NULL, 1, NULL, NULL, NULL, NULL, NULL, NULL, 'redact', 1, 'active', NULL, NULL, NULL, NULL, NULL, NULL, NULL, NULL, NULL, NULL, 1, 0, NULL, NULL, NULL, NULL, NULL),
('core_workflow_action', '', 0, 0, 2, 'core_widget_submit', NULL, NULL, 'apply', NULL, 0, 0, NULL, NULL, NULL, NULL, NULL, NULL, NULL, NULL, 'redact', 1, 'active', NULL, NULL, NULL, NULL, NULL, NULL, NULL, NULL, NULL, NULL, 1, 0, 'core.button.apply', NULL, NULL, NULL, NULL),
('core_workflow_action', '', 0, 2, 0, 'core_widget_actor', NULL, NULL, 'actors', NULL, 0, 0, NULL, 1, 0, NULL, NULL, NULL, NULL, NULL, 'redact', 1, 'active', NULL, NULL, NULL, NULL, NULL, NULL, NULL, NULL, NULL, NULL, 1, 0, NULL, NULL, NULL, NULL, NULL),
('core_workflow_action', '', 0, 2, 2, 'core_widget_date', NULL, NULL, NULL, NULL, 0, 0, NULL, NULL, 0, NULL, NULL, NULL, NULL, NULL, 'redact', 1, 'active', NULL, NULL, NULL, NULL, NULL, NULL, NULL, NULL, NULL, NULL, 1, 0, NULL, NULL, NULL, NULL, NULL),
('core_workflow_action', '', 0, 4, 0, 'core_widget_textarea', NULL, NULL, NULL, NULL, 0, 0, NULL, NULL, 0, NULL, NULL, NULL, NULL, NULL, 'redact', 1, 'active', NULL, NULL, NULL, NULL, NULL, NULL, NULL, NULL, NULL, NULL, 1, 0, NULL, NULL, NULL, NULL, NULL),
('core_workflow_form_action', '', 0, 0, 0, 'core_widget_choice', NULL, NULL, 'actions', NULL, 1, 0, NULL, 1, 1, NULL, NULL, NULL, NULL, 'edit', 'redact', 1, 'active', NULL, NULL, NULL, NULL, NULL, NULL, NULL, NULL, NULL, NULL, 1, 0, NULL, NULL, NULL, NULL, NULL),
('core_workflow_form_action', '', 0, 0, 2, 'core_widget_selected', NULL, NULL, 'selected', NULL, 0, 0, NULL, NULL, 1, NULL, NULL, NULL, NULL, 'edit', 'redact', 1, 'active', NULL, NULL, NULL, NULL, NULL, NULL, NULL, NULL, NULL, NULL, 1, 0, NULL, NULL, NULL, NULL, NULL),
('core_workflow_form_action', '', 0, 0, 4, 'core_widget_submit', NULL, NULL, 'apply', NULL, 1, 0, NULL, NULL, 0, NULL, NULL, NULL, NULL, 'edit', 'redact', 1, 'active', NULL, NULL, NULL, NULL, NULL, NULL, NULL, NULL, NULL, NULL, 1, 0, 'core.button.apply', NULL, NULL, NULL, NULL);

--
-- Dumping data for table `ark_view_element`
--

INSERT INTO `ark_view_element` (`element`, `type`) VALUES
('core_actor_field_address', 'field'),
('core_actor_field_avatar', 'field'),
('core_actor_field_biography', 'field'),
('core_actor_field_class', 'field'),
('core_actor_field_email', 'field'),
('core_actor_field_fullname', 'field'),
('core_actor_field_id', 'field'),
('core_actor_field_initials', 'field'),
('core_actor_field_shortname', 'field'),
('core_actor_field_status', 'field'),
('core_actor_field_telephone', 'field'),
('core_file_field_class', 'field'),
('core_file_field_description', 'field'),
('core_file_field_id', 'field'),
('core_file_field_mediatype', 'field'),
('core_file_field_status', 'field'),
('core_file_field_title', 'field'),
('core_file_field_versions', 'field'),
('core_message_field_body', 'field'),
('core_message_field_class', 'field'),
('core_message_field_event', 'field'),
('core_message_field_id', 'field'),
('core_message_field_sender', 'field'),
('core_message_field_sent', 'field'),
('core_message_field_subject', 'field'),
('core_page_field_content', 'field'),
('core_user_field_terms', 'field'),
('core_action_form_select', 'form'),
('core_actor_form_item', 'form'),
('core_admin_form_register', 'form'),
('core_file_form_item', 'form'),
('core_message_form_filter', 'form'),
('core_message_form_item', 'form'),
('core_profile_form_item', 'form'),
('core_user_form_filter', 'form'),
('core_user_form_login', 'form'),
('core_user_form_password_change', 'form'),
('core_user_form_password_set', 'form'),
('core_user_form_register', 'form'),
('core_user_form_reset', 'form'),
('core_user_role_add', 'form'),
('core_workflow_form_action', 'form'),
('core_admin_page_content', 'grid'),
('core_admin_page_user_content', 'grid'),
('core_admin_page_users_content', 'grid'),
('core_front_page_content', 'grid'),
('core_home_page_content', 'grid'),
('core_message_page_content', 'grid'),
('core_page_content', 'grid'),
('core_page_footer', 'grid'),
('core_page_header', 'grid'),
('core_page_sidebar', 'grid'),
('core_profile_page_content', 'grid'),
('core_profiles_page', 'grid'),
('core_user_actor', 'grid'),
('core_user_credentials', 'grid'),
('core_user_profile', 'grid'),
('core_user_role', 'grid'),
('core_workflow_action', 'grid'),
('just_parking', 'grid'),
('core_nav_header', 'nav'),
('core_nav_home', 'nav'),
('core_nav_sidebar', 'nav'),
('core_admin_page', 'page'),
('core_admin_page_register', 'page'),
('core_admin_page_user', 'page'),
('core_admin_page_users', 'page'),
('core_front_page', 'page'),
('core_home_page', 'page'),
('core_message_page_item', 'page'),
('core_message_page_list', 'page'),
('core_page', 'page'),
('core_profile_page_item', 'page'),
('core_profile_page_list', 'page'),
('core_user_page_confirm', 'page'),
('core_user_page_login', 'page'),
('core_user_page_profile', 'page'),
('core_user_page_register', 'page'),
('core_user_page_reset', 'page'),
('core_actor_table', 'table'),
('core_file_table', 'table'),
('core_message_table', 'table'),
('core_profile_table', 'table'),
('core_widget_actor', 'widget'),
('core_widget_button', 'widget'),
('core_widget_checkbox', 'widget'),
('core_widget_choice', 'widget'),
('core_widget_date', 'widget'),
('core_widget_dateinterval', 'widget'),
('core_widget_datetime', 'widget'),
('core_widget_email', 'widget'),
('core_widget_email_confirm', 'widget'),
('core_widget_item', 'widget'),
('core_widget_monthday', 'widget'),
('core_widget_password', 'widget'),
('core_widget_password_confirm', 'widget'),
('core_widget_selected', 'widget'),
('core_widget_static', 'widget'),
('core_widget_submit', 'widget'),
('core_widget_submit_recaptcha', 'widget'),
('core_widget_terms', 'widget'),
('core_widget_textarea', 'widget'),
('core_widget_time', 'widget'),
('core_widget_username', 'widget'),
('core_widget_vocabulary', 'widget');

--
-- Dumping data for table `ark_view_field`
--

INSERT INTO `ark_view_field` (`element`, `schma`, `class`, `attribute`, `value_modus`, `parameter_modus`, `format_modus`, `display_property`, `display_pattern`, `display_parameter`, `display_format`, `export_property`, `export_pattern`, `export_parameter`, `export_format`, `keyword`, `template`, `form_type`, `form_options`) VALUES
('core_actor_field_address', 'core.actor', 'actor', 'address', 'active', NULL, NULL, NULL, NULL, NULL, NULL, NULL, NULL, NULL, NULL, NULL, NULL, NULL, NULL),
('core_actor_field_avatar', 'core.actor', 'actor', 'avatar', 'active', NULL, NULL, NULL, NULL, NULL, NULL, NULL, NULL, NULL, NULL, NULL, 'blocks/avatar.html.twig', NULL, NULL),
('core_actor_field_biography', 'core.actor', 'actor', 'biography', 'active', NULL, NULL, NULL, NULL, NULL, NULL, NULL, NULL, NULL, NULL, NULL, NULL, NULL, NULL),
('core_actor_field_class', 'core.actor', 'actor', 'class', 'active', NULL, NULL, NULL, NULL, NULL, NULL, NULL, NULL, NULL, NULL, NULL, NULL, NULL, NULL),
('core_actor_field_email', 'core.actor', 'actor', 'email', 'active', NULL, NULL, NULL, NULL, NULL, NULL, NULL, NULL, NULL, NULL, NULL, NULL, NULL, NULL),
('core_actor_field_fullname', 'core.actor', 'actor', 'fullname', 'active', NULL, NULL, NULL, NULL, NULL, NULL, NULL, NULL, NULL, NULL, NULL, NULL, NULL, NULL),
('core_actor_field_id', 'core.actor', 'actor', 'id', 'active', NULL, NULL, NULL, NULL, NULL, NULL, NULL, NULL, NULL, NULL, NULL, NULL, NULL, NULL),
('core_actor_field_initials', 'core.actor', 'actor', 'initials', 'active', NULL, NULL, NULL, NULL, NULL, NULL, NULL, NULL, NULL, NULL, NULL, NULL, NULL, NULL),
('core_actor_field_shortname', 'core.actor', 'actor', 'shortname', 'active', NULL, NULL, NULL, NULL, NULL, NULL, NULL, NULL, NULL, NULL, NULL, NULL, NULL, NULL),
('core_actor_field_status', 'core.actor', 'person', 'status', 'active', NULL, NULL, NULL, NULL, NULL, NULL, NULL, NULL, NULL, NULL, NULL, NULL, NULL, NULL),
('core_actor_field_telephone', 'core.actor', 'actor', 'telephone', 'active', NULL, NULL, NULL, NULL, NULL, NULL, NULL, NULL, NULL, NULL, NULL, NULL, NULL, NULL),
('core_file_field_class', 'core.file', 'file', 'class', 'active', NULL, NULL, NULL, NULL, NULL, NULL, NULL, NULL, NULL, NULL, NULL, NULL, NULL, NULL),
('core_file_field_description', 'core.file', 'file', 'description', 'active', NULL, NULL, NULL, NULL, NULL, NULL, NULL, NULL, NULL, NULL, NULL, NULL, NULL, NULL),
('core_file_field_id', 'core.file', 'file', 'id', 'readonly', NULL, NULL, NULL, NULL, NULL, NULL, NULL, NULL, NULL, NULL, NULL, NULL, NULL, NULL),
('core_file_field_mediatype', 'core.file', 'file', 'mediatype', 'active', NULL, NULL, NULL, NULL, NULL, NULL, NULL, NULL, NULL, NULL, NULL, NULL, NULL, NULL),
('core_file_field_status', 'core.file', 'file', 'status', 'active', NULL, NULL, NULL, NULL, NULL, NULL, NULL, NULL, NULL, NULL, NULL, NULL, NULL, NULL),
('core_file_field_title', 'core.file', 'file', 'title', 'active', NULL, NULL, NULL, NULL, NULL, NULL, NULL, NULL, NULL, NULL, NULL, NULL, NULL, NULL),
('core_file_field_versions', 'core.file', 'file', 'versions', 'active', NULL, NULL, NULL, NULL, NULL, NULL, NULL, NULL, NULL, NULL, NULL, NULL, NULL, NULL),
('core_message_field_body', 'core.message', 'message', 'body', 'active', NULL, NULL, NULL, NULL, NULL, NULL, NULL, NULL, NULL, NULL, NULL, NULL, NULL, NULL),
('core_message_field_class', 'core.message', 'message', 'class', 'active', NULL, NULL, NULL, NULL, NULL, NULL, NULL, NULL, NULL, NULL, NULL, NULL, NULL, NULL),
('core_message_field_event', 'core.message', 'notification', 'event', 'active', NULL, NULL, NULL, NULL, NULL, NULL, NULL, NULL, NULL, NULL, NULL, NULL, NULL, NULL),
('core_message_field_id', 'core.message', 'message', 'id', 'active', NULL, NULL, NULL, NULL, NULL, NULL, NULL, NULL, NULL, NULL, NULL, NULL, NULL, NULL),
('core_message_field_sender', 'core.message', 'message', 'sender', 'readonly', NULL, NULL, 'fullname', NULL, NULL, NULL, NULL, NULL, NULL, NULL, NULL, NULL, NULL, NULL),
('core_message_field_sent', 'core.message', 'message', 'sent', 'active', NULL, NULL, NULL, NULL, NULL, NULL, NULL, NULL, NULL, NULL, NULL, NULL, NULL, NULL),
('core_message_field_subject', 'core.message', 'message', 'subject', 'active', NULL, NULL, NULL, NULL, NULL, NULL, NULL, NULL, NULL, NULL, NULL, NULL, NULL, NULL),
('core_page_field_content', 'core.page', 'page', 'content', 'active', NULL, NULL, NULL, NULL, NULL, NULL, NULL, NULL, NULL, NULL, NULL, NULL, NULL, NULL),
('core_user_field_terms', 'core.actor', 'person', 'terms', 'active', NULL, NULL, NULL, NULL, NULL, NULL, NULL, NULL, NULL, NULL, NULL, NULL, 'DIME\\Form\\Type\\UserTermsPropertyType', NULL),
('dime_actor_detectorist_id', 'core.actor', 'person', 'detectorist_id', 'active', NULL, NULL, NULL, NULL, NULL, NULL, NULL, NULL, NULL, NULL, NULL, NULL, NULL, NULL),
('dime_actor_municipality', 'core.actor', 'museum', 'municipality', 'active', NULL, NULL, 'fullname', NULL, NULL, NULL, NULL, NULL, NULL, NULL, NULL, NULL, NULL, NULL),
('dime_find_case', 'dime.find', 'find', 'case', 'active', NULL, NULL, NULL, NULL, NULL, NULL, NULL, NULL, NULL, NULL, NULL, NULL, NULL, NULL),
('dime_find_claim', 'dime.find', 'find', 'claim', 'active', NULL, NULL, 'name', NULL, NULL, NULL, NULL, NULL, NULL, NULL, NULL, NULL, NULL, NULL),
('dime_find_class', 'dime.find', 'find', 'class', 'active', NULL, NULL, NULL, NULL, NULL, NULL, NULL, NULL, NULL, NULL, NULL, NULL, NULL, NULL),
('dime_find_classification', 'dime.find', 'find', 'classification', 'readonly', NULL, NULL, NULL, NULL, NULL, NULL, NULL, NULL, NULL, NULL, NULL, NULL, 'DIME\\Form\\Type\\ClassificationPropertyType', NULL),
('dime_find_condition', 'dime.find', 'find', 'condition', 'active', NULL, NULL, NULL, NULL, NULL, NULL, NULL, NULL, NULL, NULL, NULL, NULL, NULL, NULL),
('dime_find_custodian', 'dime.find', 'find', 'custodian', 'static', NULL, NULL, 'fullname', NULL, NULL, NULL, NULL, NULL, NULL, NULL, NULL, NULL, NULL, NULL),
('dime_find_custody', 'dime.find', 'find', 'custody', 'static', NULL, NULL, NULL, NULL, NULL, NULL, NULL, NULL, NULL, NULL, NULL, NULL, NULL, NULL),
('dime_find_dating', 'dime.find', 'find', 'dating', 'readonly', NULL, NULL, NULL, NULL, NULL, NULL, NULL, NULL, NULL, NULL, NULL, 'blocks/dating.html.twig', 'DIME\\Form\\Type\\DatingPropertyType', NULL),
('dime_find_description', 'dime.find', 'find', 'description', 'active', NULL, NULL, NULL, NULL, NULL, NULL, NULL, NULL, NULL, NULL, NULL, NULL, 'DIME\\Form\\Type\\DescriptionPropertyType', NULL),
('dime_find_finddate', 'dime.find', 'find', 'finddate', 'active', NULL, NULL, NULL, NULL, NULL, NULL, NULL, NULL, NULL, NULL, NULL, NULL, NULL, '{\"widget\": \"picker\", \"attr\": {\"data-date-format\": \"yyyy-mm-dd\", \"class\": \"datepicker\"}}'),
('dime_find_finder', 'dime.find', 'find', 'finder', 'active', NULL, NULL, 'fullname', NULL, NULL, NULL, NULL, NULL, NULL, NULL, NULL, NULL, NULL, NULL),
('dime_find_finder_id', 'dime.find', 'find', 'finder_id', 'active', NULL, NULL, NULL, NULL, NULL, NULL, NULL, NULL, NULL, NULL, NULL, NULL, NULL, NULL),
('dime_find_finder_place', 'dime.find', 'find', 'finder_place', 'active', NULL, NULL, NULL, NULL, NULL, NULL, NULL, NULL, NULL, NULL, NULL, NULL, NULL, NULL),
('dime_find_id', 'dime.find', 'find', 'id', 'readonly', NULL, NULL, NULL, NULL, NULL, NULL, NULL, NULL, NULL, NULL, NULL, NULL, NULL, NULL),
('dime_find_images', 'dime.find', 'find', 'image', 'active', NULL, NULL, NULL, NULL, NULL, NULL, NULL, NULL, NULL, NULL, NULL, 'blocks/imagecollection.html.twig', NULL, '{\"multiple\":true}'),
('dime_find_issuer', 'dime.find', 'coin', 'issuer', 'active', NULL, NULL, NULL, NULL, NULL, NULL, NULL, NULL, NULL, NULL, NULL, NULL, NULL, NULL),
('dime_find_length', 'dime.find', 'find', 'length', 'active', 'active', NULL, NULL, NULL, NULL, NULL, NULL, NULL, NULL, NULL, NULL, NULL, NULL, NULL),
('dime_find_location', 'dime.find', 'find', 'location', 'active', NULL, NULL, NULL, NULL, NULL, NULL, NULL, NULL, NULL, NULL, NULL, 'blocks/mappick.html.twig', 'DIME\\Form\\Type\\LocationPropertyType', NULL),
('dime_find_material', 'dime.find', 'find', 'material', 'active', NULL, NULL, NULL, NULL, NULL, NULL, NULL, NULL, NULL, NULL, NULL, NULL, NULL, NULL),
('dime_find_mint', 'dime.find', 'coin', 'mint', 'active', NULL, NULL, NULL, NULL, NULL, NULL, NULL, NULL, NULL, NULL, NULL, NULL, NULL, NULL),
('dime_find_municipality', 'dime.find', 'find', 'municipality', 'readonly', NULL, NULL, NULL, NULL, NULL, NULL, NULL, NULL, NULL, NULL, NULL, NULL, NULL, NULL),
('dime_find_museum', 'dime.find', 'find', 'museum', 'readonly', NULL, NULL, 'fullname', NULL, NULL, NULL, NULL, NULL, NULL, NULL, NULL, NULL, NULL, NULL),
('dime_find_museum_id', 'dime.find', 'find', 'museum_id', 'active', NULL, NULL, NULL, NULL, NULL, NULL, NULL, NULL, NULL, NULL, NULL, NULL, NULL, NULL),
('dime_find_owner', 'dime.find', 'find', 'owner', 'static', NULL, NULL, 'fullname', NULL, NULL, NULL, NULL, NULL, NULL, NULL, NULL, NULL, NULL, NULL),
('dime_find_process', 'dime.find', 'find', 'process', 'static', NULL, NULL, NULL, NULL, NULL, NULL, NULL, NULL, NULL, NULL, NULL, NULL, NULL, NULL),
('dime_find_recipient', 'dime.find', 'find', 'recipient', 'static', NULL, NULL, 'fullname', NULL, NULL, NULL, NULL, NULL, NULL, NULL, NULL, NULL, NULL, NULL),
('dime_find_secondary', 'dime.find', 'find', 'secondary', 'active', NULL, NULL, NULL, NULL, NULL, NULL, NULL, NULL, NULL, NULL, NULL, NULL, NULL, '{\"multiple\":true, \"expanded\": \"true\"}'),
('dime_find_treasure', 'dime.find', 'find', 'treasure', 'static', NULL, NULL, NULL, NULL, NULL, NULL, NULL, NULL, NULL, NULL, NULL, NULL, NULL, NULL),
('dime_find_visibility', 'dime.find', 'find', 'visibility', 'active', NULL, NULL, NULL, NULL, NULL, NULL, NULL, NULL, NULL, NULL, NULL, NULL, NULL, NULL),
('dime_find_weight', 'dime.find', 'find', 'weight', 'active', 'active', NULL, NULL, NULL, NULL, NULL, NULL, NULL, NULL, NULL, NULL, NULL, NULL, NULL);

--
-- Dumping data for table `ark_view_form`
--

INSERT INTO `ark_view_form` (`element`, `name`, `mode`, `method`, `action`, `template`, `form_type`, `keyword`) VALUES
('core_action_form_select', 'actions', NULL, NULL, NULL, NULL, NULL, 'core.action.select'),
('core_actor_form_item', 'actor_item', NULL, NULL, NULL, NULL, NULL, NULL),
('core_file_form_item', 'item', 'edit', NULL, NULL, NULL, NULL, NULL),
('core_message_form_filter', 'filter', NULL, NULL, NULL, NULL, NULL, NULL),
('core_message_form_item', 'message', 'view', NULL, NULL, 'layouts/message.html.twig', NULL, NULL),
('core_profile_form_item', 'actor', NULL, NULL, NULL, NULL, NULL, 'core.profile'),
('core_user_form_filter', 'filter', NULL, NULL, NULL, NULL, NULL, NULL),
('core_user_form_login', NULL, NULL, 'POST', 'core.user.check', 'user/layouts/login.html.twig', NULL, NULL),
('core_user_form_password_change', 'password_change', NULL, NULL, NULL, NULL, NULL, 'core.user.password.change'),
('core_user_form_password_set', 'password_set', NULL, NULL, NULL, NULL, NULL, 'core.user.password.set'),
('core_user_form_register', NULL, NULL, NULL, NULL, 'user/layouts/register.html.twig', NULL, NULL),
('core_user_form_reset', NULL, NULL, NULL, NULL, 'user/layouts/reset.html.twig', NULL, NULL),
('core_user_role_add', 'role_add', NULL, NULL, NULL, NULL, NULL, 'core.user.role.add'),
('core_workflow_form_action', 'action', NULL, NULL, NULL, NULL, NULL, 'core.workflow.action'),
('dime_admin_register_page', NULL, NULL, NULL, NULL, NULL, NULL, 'core.admin.user.register'),
('dime_find_add', 'find', NULL, NULL, NULL, NULL, NULL, NULL),
('dime_find_filter', 'filters', NULL, NULL, NULL, 'layouts/filters.html.twig', NULL, NULL),
('dime_find_item', 'find', NULL, NULL, NULL, 'layouts/grid.html.twig', NULL, NULL),
('dime_find_map', 'map', 'view', NULL, NULL, 'layouts/map.html.twig', NULL, NULL),
('dime_find_register', 'find', NULL, NULL, NULL, NULL, NULL, NULL),
('dime_find_workflow', 'workflow', NULL, NULL, NULL, 'layouts/grid.html.twig', NULL, NULL),
('dime_profile_view', 'actor', NULL, NULL, NULL, NULL, NULL, 'dime.profile'),
('dime_treasure_claimant', 'claimant', NULL, NULL, NULL, NULL, NULL, NULL),
('dime_treasure_find', NULL, NULL, NULL, NULL, 'layouts/table.html.twig', NULL, NULL),
('dime_treasure_museum', 'museum', NULL, NULL, NULL, NULL, NULL, NULL),
('dime_treasure_sender', 'treasure_sender', NULL, NULL, NULL, NULL, NULL, NULL),
('dime_user_actor', 'actor', NULL, NULL, NULL, NULL, NULL, 'dime.user.profile'),
('dime_user_actor_role', 'actor_role', NULL, NULL, NULL, NULL, NULL, 'core.user.role'),
('dime_user_filter', 'filter', NULL, NULL, NULL, NULL, NULL, NULL),
('dime_user_register', NULL, NULL, NULL, NULL, 'user/layouts/register.html.twig', NULL, NULL);

--
-- Dumping data for table `ark_view_group`
--

INSERT INTO `ark_view_group` (`element`, `name`, `mode`, `template`, `form_type`, `keyword`) VALUES
('core_admin', NULL, NULL, NULL, NULL, NULL),
('core_admin_page_content', NULL, NULL, NULL, NULL, NULL),
('core_admin_page_user_content', NULL, NULL, NULL, NULL, NULL),
('core_admin_user', NULL, NULL, NULL, NULL, NULL),
('core_admin_user_list', NULL, NULL, NULL, NULL, NULL),
('core_home_page_content', NULL, NULL, NULL, NULL, NULL),
('core_message_page_content', NULL, NULL, NULL, NULL, NULL),
('core_page_content', NULL, NULL, NULL, NULL, NULL),
('core_page_footer', NULL, NULL, NULL, NULL, NULL),
('core_page_header', NULL, NULL, NULL, NULL, NULL),
('core_page_sidebar', NULL, NULL, NULL, NULL, NULL),
('core_profile_page_content', NULL, 'view', NULL, NULL, NULL),
('core_profiles_page', NULL, 'view', NULL, NULL, NULL),
('core_user_actor', 'actor', NULL, NULL, NULL, NULL),
('core_user_credentials', 'credentials', NULL, NULL, 'Symfony\\Component\\Form\\Extension\\Core\\Type\\FormType', NULL),
('core_user_profile', NULL, NULL, NULL, NULL, NULL),
('core_user_role', 'role', NULL, NULL, NULL, NULL),
('core_workflow_action', NULL, NULL, NULL, NULL, NULL),
('dime_admin_page', NULL, NULL, NULL, NULL, NULL),
('dime_admin_user_page', NULL, NULL, NULL, NULL, NULL),
('dime_front_page', NULL, NULL, 'layouts/front.html.twig', NULL, NULL),
('dime_home_action', NULL, NULL, 'layouts/homeaction.html.twig', NULL, NULL),
('dime_home_dashboard', NULL, NULL, 'layouts/dashboard.html.twig', NULL, NULL),
('dime_home_find_search', NULL, NULL, NULL, NULL, NULL),
('dime_home_page', NULL, NULL, NULL, NULL, NULL),
('dime_message_page', NULL, NULL, NULL, NULL, NULL),
('dime_profile_list', 'actors', NULL, NULL, NULL, NULL),
('dime_profile_list_page', NULL, 'view', NULL, NULL, NULL),
('dime_profile_page', NULL, 'view', NULL, NULL, NULL),
('dime_site_footer', NULL, NULL, NULL, NULL, NULL),
('dime_site_header', NULL, NULL, NULL, NULL, NULL),
('dime_site_sidebar', NULL, NULL, NULL, NULL, NULL),
('dime_treasure_admin', NULL, NULL, NULL, NULL, NULL),
('dime_treasure_details', NULL, NULL, NULL, NULL, NULL),
('dime_treasure_header', NULL, NULL, NULL, NULL, NULL),
('dime_treasure_list', NULL, NULL, NULL, NULL, NULL),
('dime_treasure_pdf', NULL, 'view', 'layouts/treasure.html.twig', NULL, NULL),
('dime_user_profile', NULL, NULL, NULL, NULL, NULL),
('dime_user_register_actor', 'actor', NULL, NULL, NULL, NULL),
('dime_workflow_action', NULL, NULL, NULL, NULL, NULL);

--
-- Dumping data for table `ark_view_nav`
--

INSERT INTO `ark_view_nav` (`element`, `parent`, `seq`, `level`, `seperator`, `icon`, `route`, `template`, `keyword`, `uri`) VALUES
('core_nav_header', NULL, 0, 1, 0, NULL, NULL, NULL, NULL, NULL),
('core_nav_home', 'core_nav_header', 0, 2, 0, NULL, 'home', NULL, NULL, NULL),
('core_nav_sidebar', NULL, 0, 1, 0, NULL, NULL, NULL, NULL, NULL);

--
-- Dumping data for table `ark_view_page`
--

INSERT INTO `ark_view_page` (`element`, `mode`, `header`, `sidebar`, `content`, `footer`, `visibility`, `view`, `edit`, `template`, `keyword`) VALUES
('core_admin_page', 'edit', 'core_page_header', 'core_page_sidebar', 'core_admin_page_content', 'core_page_footer', 'restricted', 'core.admin', 'core.admin', NULL, NULL),
('core_admin_page_register', 'edit', 'core_page_header', 'core_page_sidebar', 'core_admin_form_register', 'core_page_footer', 'restricted', 'core.admin.user', 'core.admin.user', NULL, NULL),
('core_admin_page_user', 'edit', 'core_page_header', 'core_page_sidebar', 'core_admin_page_user_content', 'core_page_footer', 'restricted', 'core.admin.user', 'core.admin.user', NULL, NULL),
('core_admin_page_users', 'edit', 'core_page_header', 'core_page_sidebar', 'core_admin_page_users_content', 'core_page_footer', 'restricted', 'core.admin.user', 'core.admin.user', NULL, NULL),
('core_front_page', 'view', 'core_page_header', 'core_page_sidebar', 'core_front_page_content', 'core_page_footer', 'public', NULL, NULL, NULL, NULL),
('core_home_page', 'view', 'core_page_header', 'core_page_sidebar', 'core_home_page_content', 'core_page_footer', 'public', NULL, NULL, NULL, NULL),
('core_message_page_item', 'view', 'core_page_header', 'core_page_sidebar', 'core_message_page_content', 'core_page_footer', 'restricted', 'core.message.read', NULL, NULL, NULL),
('core_message_page_list', 'view', 'core_page_header', 'core_page_sidebar', 'core_message_page_content', 'core_page_footer', 'restricted', 'core.message.read', NULL, NULL, NULL),
('core_page', 'edit', 'core_page_header', 'core_page_sidebar', NULL, 'core_page_footer', 'public', 'core.page.read', 'core.page.update', 'pages/static.html.twig', NULL),
('core_profile_page_item', 'view', 'core_page_header', 'core_page_sidebar', 'core_profile_page_content', 'core_page_footer', 'public', NULL, NULL, NULL, NULL),
('core_profile_page_list', 'view', 'core_page_header', 'core_page_sidebar', 'core_profiles_page', 'core_page_footer', 'public', NULL, NULL, NULL, NULL),
('core_user_page_confirm', 'edit', 'core_page_header', 'core_page_sidebar', NULL, 'core_page_footer', 'public', NULL, NULL, NULL, NULL),
('core_user_page_login', 'edit', 'core_page_header', 'core_page_sidebar', 'core_user_form_login', 'core_page_footer', 'public', NULL, NULL, NULL, NULL),
('core_user_page_profile', 'edit', 'core_page_header', 'core_page_sidebar', 'core_user_profile', 'core_page_footer', 'restricted', 'core.actor.read', 'core.actor.update', NULL, NULL),
('core_user_page_register', 'edit', 'core_page_header', 'core_page_sidebar', 'core_user_form_register', 'core_page_footer', 'public', NULL, NULL, NULL, NULL),
('core_user_page_reset', 'edit', 'core_page_header', 'core_page_sidebar', 'core_user_form_reset', 'core_page_footer', 'public', NULL, NULL, NULL, NULL);

--
-- Dumping data for table `ark_view_table`
--

INSERT INTO `ark_view_table` (`element`, `name`, `mode`, `caption`, `header`, `footer`, `sortable`, `searchable`, `list`, `detail`, `expand`, `card`, `thumb`, `view`, `image`, `export`, `columns`, `pagination`, `selection`, `classes`, `template`, `keyword`, `url`) VALUES
('core_actor_table', 'actors', 'view', 0, 1, 0, 1, 1, 1, 0, 0, 0, 0, 'list', 'avatar', 1, 1, 10, '1', 'table-hover dime-table', NULL, NULL, NULL),
('core_file_table', 'files', NULL, 0, 1, 0, 1, 1, 1, 0, 0, 0, 0, 'list', NULL, 1, 1, 10, '1', 'table-hover dime-table', NULL, NULL, NULL),
('core_message_table', 'messages', 'view', 0, 1, 0, 1, 1, 1, 0, 0, 0, 0, 'list', NULL, 1, 1, 10, '1', 'table-hover dime-table', 'layouts/messagelist.html.twig', NULL, NULL),
('core_profile_table', 'profiles', 'view', 0, 1, 0, 1, 1, 1, 0, 0, 1, 0, 'card', 'avatar', 1, 1, 10, '1', 'table-hover dime-table', NULL, 'core.profiles', NULL);

--
-- Dumping data for table `ark_view_type`
--

INSERT INTO `ark_view_type` (`type`, `layout`, `class`, `form_type`, `template`, `keyword`) VALUES
('field', 0, 'ARK\\View\\Field', 'ARK\\Form\\Type\\SimplePropertyType', 'layouts/field.html.twig', NULL),
('form', 1, 'ARK\\View\\Form', 'ARK\\Form\\Type\\SimplePropertyType', 'layouts/form.html.twig', NULL),
('grid', 1, 'ARK\\View\\Grid', 'ARK\\Form\\Type\\SimplePropertyType', 'layouts/grid.html.twig', NULL),
('nav', 0, 'ARK\\View\\Nav', NULL, 'blocks/nav.html.twig', NULL),
('page', 0, 'ARK\\View\\Page', NULL, 'pages/default.html.twig', NULL),
('table', 1, 'ARK\\View\\Table', 'ARK\\Form\\Type\\SimplePropertyType', 'layouts/table.html.twig', NULL),
('widget', 0, 'ARK\\View\\Widget', 'Symfony\\Component\\Form\\Extension\\Core\\Type\\ButtonType', 'layouts/widget.html.twig', NULL);

--
-- Dumping data for table `ark_view_widget`
--

INSERT INTO `ark_view_widget` (`element`, `name`, `choices`, `template`, `keyword`, `form_type`, `form_options`) VALUES
('core_widget_actor', 'actor', 'actors', NULL, NULL, 'Symfony\\Component\\Form\\Extension\\Core\\Type\\ChoiceType', NULL),
('core_widget_button', 'button', NULL, NULL, NULL, 'Symfony\\Component\\Form\\Extension\\Core\\Type\\ButtonType', NULL),
('core_widget_checkbox', 'checkbox', NULL, NULL, NULL, 'Symfony\\Component\\Form\\Extension\\Core\\Type\\CheckboxType', NULL),
('core_widget_choice', 'choice', NULL, NULL, NULL, 'Symfony\\Component\\Form\\Extension\\Core\\Type\\ChoiceType', NULL),
('core_widget_date', 'date', NULL, NULL, NULL, 'Symfony\\Component\\Form\\Extension\\Core\\Type\\DateType', '{\"widget\": \"single_text\",\"html5\": false, \"attr\": {\"class\": \"datepicker\"}}'),
('core_widget_dateinterval', 'dateinterval', NULL, NULL, NULL, 'Symfony\\Component\\Form\\Extension\\Core\\Type\\DateIntervalType', NULL),
('core_widget_datetime', 'datetime', NULL, NULL, NULL, 'Symfony\\Component\\Form\\Extension\\Core\\Type\\DateTimeType', '{\"widget\": \"single_text\",\"html5\": false, \"attr\": {\"class\": \"datetimepicker\"}}'),
('core_widget_email', 'email', NULL, NULL, 'core.user.email', 'Symfony\\Component\\Form\\Extension\\Core\\Type\\EmailType', NULL),
('core_widget_email_confirm', 'email', NULL, NULL, 'core.user.email', 'ARK\\Form\\Type\\RepeatedEmailType', NULL),
('core_widget_item', 'item', NULL, NULL, NULL, 'ARK\\Form\\Type\\ItemWidgetType', NULL),
('core_widget_monthday', 'monthday', NULL, NULL, NULL, 'Symfony\\Component\\Form\\Extension\\Core\\Type\\BirthdayType', NULL),
('core_widget_password', '_password', NULL, NULL, 'core.user.password', 'Symfony\\Component\\Form\\Extension\\Core\\Type\\PasswordType', NULL),
('core_widget_password_confirm', 'password', NULL, NULL, 'core.user.password', 'ARK\\Form\\Type\\RepeatedPasswordType', NULL),
('core_widget_selected', 'selected', NULL, NULL, NULL, 'ARK\\Form\\Type\\HiddenMultipleType', NULL),
('core_widget_static', 'static', NULL, NULL, NULL, 'ARK\\Form\\Type\\StaticType', NULL),
('core_widget_submit', 'submit', NULL, NULL, 'core.widget.submit', 'Symfony\\Component\\Form\\Extension\\Core\\Type\\SubmitType', NULL),
('core_widget_submit_recaptcha', 'submit', NULL, NULL, 'core.widget.submit', 'ARK\\Form\\Type\\RecaptchaSubmitType', NULL),
('core_widget_terms', 'terms', NULL, NULL, NULL, 'Symfony\\Component\\Form\\Extension\\Core\\Type\\ChoiceType', NULL),
('core_widget_textarea', 'textarea', NULL, NULL, NULL, 'Symfony\\Component\\Form\\Extension\\Core\\Type\\TextareaType', NULL),
('core_widget_time', 'time', NULL, NULL, NULL, 'Symfony\\Component\\Form\\Extension\\Core\\Type\\TimeType', '{\"widget\": \"single_text\",\"html5\": false, \"attr\": {\"class\": \"timepicker\"}}'),
('core_widget_username', '_username', NULL, NULL, 'core.user.username', 'Symfony\\Component\\Form\\Extension\\Core\\Type\\TextType', NULL),
('core_widget_vocabulary', 'vocabulary', NULL, NULL, NULL, 'ARK\\Form\\Type\\VocabularyWidgetType', NULL);

--
-- Dumping data for table `ark_vocabulary_concept`
--

INSERT INTO `ark_vocabulary_concept` (`concept`, `type`, `source`, `closed`, `transitions`, `enabled`, `deprecated`, `keyword`, `description`) VALUES
('core.actor.class', 'list', 'ARK Core', 1, 0, 1, 0, 'core.actor.class', 'Actor Class'),
('core.event.class', 'list', 'ARK Core', 1, 0, 1, 0, 'core.event.class', 'Core Class'),
('core.file.class', 'list', 'ARK Core', 1, 0, 1, 0, 'core.file.class', 'File Class'),
('core.file.status', 'list', 'ARK Core', 1, 0, 1, 0, 'core.file.status', 'File Status'),
('core.form.modus', 'list', 'ARK Core', 1, 0, 1, 0, 'core.form.mode', 'Form field modes'),
('core.item.status', 'list', 'ARK Core', 1, 0, 1, 0, 'core.item.status', 'Item Status'),
('core.license', 'list', 'ARK Core', 1, 0, 1, 0, 'core.file.class', 'File License'),
('core.message.class', 'list', 'ARK Core', 1, 0, 1, 0, 'core.message.class', 'Message Class'),
('core.message.recipient.status', 'list', 'ARK Core', 1, 0, 1, 0, 'core.message.recipient.status', 'Message Recipient Status'),
('core.message.status', 'list', 'ARK Core', 1, 0, 1, 0, 'core.message.status', 'Message Status'),
('core.page.class', 'list', 'ARK Core', 1, 0, 1, 0, NULL, 'Page Class'),
('core.security.user.status', 'list', 'ARK Core', 1, 0, 1, 0, 'core.security.user.status', 'Security Status'),
('core.user.terms', 'list', 'ARK Core', 1, 0, 1, 0, 'core.user.terms', 'User Terms and Conditions'),
('core.visibility', 'list', 'ARK Core', 1, 0, 1, 0, 'core.visibility', 'Data Visibility'),
('core.workflow.role', 'list', 'ARK Core', 1, 0, 1, 0, 'core.workflow.role', 'ARK Workflow Roles'),
('country', 'list', 'ISO3166', 1, 0, 1, 0, 'vocabulary.country', 'ISO Country Codes'),
('distance', 'list', 'SI', 1, 0, 1, 0, 'vocabulary.distance', 'SI Distance Units'),
('language', 'list', 'ISO639', 1, 0, 1, 0, 'vocabulary.language', 'ISO Language Codes'),
('mass', 'list', 'SI', 1, 0, 1, 0, 'vocabulary.mass', 'SI Mass Units'),
('mediatype', 'list', 'IANA', 1, 0, 1, 0, 'core.vocabulary.mediatype', 'IANA Mediatypes as defined by RFC'),
('spatial.crs', 'list', 'EPSG', 1, 0, 1, 0, 'vocabulary.spatial.crs', 'Coordinate Reference System'),
('spatial.format', 'list', 'ARK Core', 1, 0, 1, 0, 'vocabulary.spatial.format', 'Spatial data formats');

--
-- Dumping data for table `ark_vocabulary_parameter`
--

INSERT INTO `ark_vocabulary_parameter` (`concept`, `term`, `name`, `type`, `value`) VALUES
('core.actor.class', 'institution', 'entity', 'string', 'ARK\\Actor\\Institution'),
('core.actor.class', 'person', 'entity', 'string', 'ARK\\Actor\\Person'),
('core.actor.class', 'system', 'entity', 'string', 'ARK\\Actor\\System'),
('core.file.class', 'audio', 'entity', 'string', 'ARK\\File\\Audio'),
('core.file.class', 'document', 'entity', 'string', 'ARK\\File\\Document'),
('core.file.class', 'image', 'entity', 'string', 'ARK\\File\\Image'),
('core.file.class', 'other', 'entity', 'string', 'ARK\\File\\Other'),
('core.file.class', 'text', 'entity', 'string', 'ARK\\File\\Text'),
('core.file.class', 'video', 'entity', 'string', 'ARK\\File\\Video'),
('core.license', 'cc0', 'url', 'string', 'https://creativecommons.org/publicdomain/zero/1.0/'),
('core.license', 'ccbyncsa', 'url', 'string', 'https://creativecommons.org/licenses/by-nc-sa/4.0/'),
('core.license', 'ccbysa', 'url', 'string', 'https://creativecommons.org/licenses/by-sa/4.0/'),
('core.message.class', 'mail', 'entity', 'string', 'ARK\\Message\\Mail'),
('core.message.class', 'notification', 'entity', 'string', 'ARK\\Message\\Notification');

--
-- Dumping data for table `ark_vocabulary_related`
--

INSERT INTO `ark_vocabulary_related` (`from_concept`, `from_term`, `to_concept`, `to_term`, `relation`, `parameter`, `depth`) VALUES
('core.item.status', 'allocated', 'core.item.status', 'deleted', 'transition', 'delete', 0),
('core.item.status', 'allocated', 'core.item.status', 'registered', 'transition', 'register', 0),
('core.item.status', 'allocated', 'core.item.status', 'void', 'transition', 'void', 0),
('core.item.status', 'registered', 'core.item.status', 'deleted', 'transition', 'delete', 0),
('core.item.status', 'registered', 'core.item.status', 'void', 'transition', 'void', 0),
('core.item.status', 'void', 'core.item.status', 'allocated', 'transition', 'allocate', 0),
('core.item.status', 'void', 'core.item.status', 'deleted', 'transition', 'delete', 0),
('core.item.status', 'void', 'core.item.status', 'registered', 'transition', 'register', 0);

--
-- Dumping data for table `ark_vocabulary_relation`
--

INSERT INTO `ark_vocabulary_relation` (`relation`, `notation`, `recipricol`, `recipricol_notation`, `equivalence`, `hierarchy`, `associative`, `description`) VALUES
('broader', 'BT', 'narrower', 'NT', 0, 1, 0, 'The \'Has A\' parent/child hierarchy relationship'),
('class', 'BTI', 'instance', 'NTI', 0, 1, 0, 'The \'Is A\' class/instance hierarchy relationship.'),
('related', 'RT', 'related', 'RT', 0, 0, 1, 'Related terms that are neither equivalent or hierarchical.'),
('sequence', 'RTS', '', '', 0, 0, 1, 'Related terms where one term follows another in a list.'),
('transition', 'RTT', '', '', 0, 0, 1, 'Related terms where one term follows another, i.e. a sequence or change of state.'),
('usedfor', 'UF', 'use', 'U', 1, 0, 0, 'Leads from the preferred entry term to the\\nnon-preferred term(s).'),
('whole', 'BTP', 'part', 'NTP', 0, 1, 0, 'The \'Part Of\' whole/part hierarchy relationship.');

--
-- Dumping data for table `ark_vocabulary_term`
--

INSERT INTO `ark_vocabulary_term` (`concept`, `term`, `alias`, `seq`, `is_default`, `root`, `enabled`, `deprecated`, `keyword`, `description`) VALUES
('core.actor.class', 'actor', '', NULL, 0, 0, 1, 0, 'core.actor.class', ''),
('core.actor.class', 'institution', '', NULL, 0, 0, 1, 0, 'core.actor.class.institution', ''),
('core.actor.class', 'person', '', NULL, 0, 0, 1, 0, 'core.actor.class.person', ''),
('core.actor.class', 'system', '', NULL, 0, 0, 1, 0, 'core.actor.class.system', ''),
('core.event.class', 'activated', '', NULL, 0, 0, 0, 0, 'core.actor.event.activated', ''),
('core.event.class', 'approved', '', NULL, 0, 0, 0, 0, 'core.actor.event.approved', ''),
('core.event.class', 'cancelled', '', NULL, 0, 0, 0, 0, 'core.actor.event.cancelled', ''),
('core.event.class', 'edited', '', NULL, 0, 0, 0, 0, 'core.event.edited', ''),
('core.event.class', 'event', '', NULL, 0, 0, 0, 0, 'core.event.class', ''),
('core.event.class', 'locked', '', NULL, 0, 0, 0, 0, 'core.user', ''),
('core.event.class', 'registered', '', NULL, 0, 0, 0, 0, 'core.actor.event.registered', ''),
('core.event.class', 'restored', '', NULL, 0, 0, 0, 0, 'core.actor.event.restored', ''),
('core.event.class', 'suspended', '', NULL, 0, 0, 0, 0, 'core.actor.event.suspended', ''),
('core.event.class', 'unlocked', '', NULL, 0, 0, 0, 0, 'core.user.agree', ''),
('core.event.class', 'viewed', '', NULL, 0, 0, 0, 0, 'core.event.class.viewed', ''),
('core.file.class', 'audio', '', NULL, 0, 0, 1, 0, 'core.file.class.audio', ''),
('core.file.class', 'document', '', NULL, 0, 0, 1, 0, 'core.file.class.document', ''),
('core.file.class', 'file', '', NULL, 0, 0, 1, 0, 'core.file.class', ''),
('core.file.class', 'image', '', NULL, 0, 0, 1, 0, 'core.file.class.image', ''),
('core.file.class', 'other', '', NULL, 0, 0, 1, 0, 'core.file.class.other', ''),
('core.file.class', 'text', '', NULL, 0, 0, 1, 0, 'core.file.class.text', ''),
('core.file.class', 'video', '', NULL, 0, 0, 1, 0, 'core.file.class.video', ''),
('core.file.status', 'checkedin', '', NULL, 0, 0, 1, 0, 'core.file.status.checkedin', ''),
('core.file.status', 'checkedout', '', NULL, 0, 0, 1, 0, 'core.file.status.checkedout', ''),
('core.file.status', 'expired', '', NULL, 0, 0, 1, 0, 'core.file.status.expired', ''),
('core.file.status', 'locked', '', NULL, 0, 0, 1, 0, 'core.file.status.locked', ''),
('core.file.status', 'new', '', NULL, 0, 0, 1, 0, 'core.file.status.new', ''),
('core.form.modus', 'active', '', NULL, 0, 0, 1, 0, 'core.form.mode.active', 'Form field is editable.'),
('core.form.modus', 'disabled', '', NULL, 0, 0, 1, 0, 'core.form.mode.disabled', 'Form field is Disabled.'),
('core.form.modus', 'hidden', '', NULL, 0, 0, 1, 0, 'core.form.mode.hidden', 'Form field is Hidden'),
('core.form.modus', 'readonly', '', NULL, 0, 0, 1, 0, 'core.form.mode.readonly', 'Form field is Readonly.'),
('core.form.modus', 'static', '', NULL, 0, 0, 1, 0, 'core.form.mode.static', 'Field is displayed but not as a form element.'),
('core.item.status', 'allocated', '', NULL, 0, 0, 1, 0, 'core.item.status.allocated', ''),
('core.item.status', 'deleted', '', NULL, 0, 0, 1, 0, 'core.item.status.deleted', ''),
('core.item.status', 'registered', '', NULL, 0, 0, 1, 0, 'core.item.status.registered', ''),
('core.item.status', 'void', '', NULL, 0, 0, 1, 0, 'core.item.status.void', ''),
('core.license', 'cc0', 'CC0', NULL, 0, 0, 1, 0, 'core.license.cc0', ''),
('core.license', 'ccbyncsa', 'CC BY-NC-SA', NULL, 1, 0, 1, 0, 'core.license.ccbyncsa', ''),
('core.license', 'ccbysa', 'CC BY-SA', NULL, 0, 0, 1, 0, 'core.license.ccbysa', ''),
('core.message.class', 'mail', '', NULL, 0, 0, 1, 0, 'core.message.class.mail', ''),
('core.message.class', 'message', '', NULL, 0, 0, 1, 0, 'core.message.class', ''),
('core.message.class', 'notification', '', NULL, 0, 0, 1, 0, 'core.message.class.notification', ''),
('core.message.recipient.status', 'discarded', '', NULL, 0, 0, 1, 0, 'core.message.recipient.status.discarded', ''),
('core.message.recipient.status', 'read', '', NULL, 0, 0, 1, 0, 'core.message.recipient.status.read', ''),
('core.message.recipient.status', 'unread', '', NULL, 1, 0, 1, 0, 'core.message.recipient.status.unread', ''),
('core.message.status', 'draft', '', NULL, 0, 0, 1, 0, 'core.message.status.draft', ''),
('core.message.status', 'read', '', NULL, 0, 0, 1, 0, 'core.message.status.read', ''),
('core.message.status', 'sent', '', NULL, 0, 0, 1, 0, 'core.message.status.sent', ''),
('core.page.class', 'page', '', NULL, 0, 0, 1, 0, 'core.page', ''),
('core.security.user.status', 'approved', '', NULL, 0, 0, 1, 0, 'core.security.user.status.approved', ''),
('core.security.user.status', 'closed', '', NULL, 0, 0, 1, 0, 'core.security.user.status.closed', ''),
('core.security.user.status', 'disabled', '', NULL, 0, 0, 1, 0, 'core.security.user.status.disabled', ''),
('core.security.user.status', 'enabled', '', NULL, 0, 0, 1, 0, 'core.security.user.status.enabled', ''),
('core.security.user.status', 'expired', '', NULL, 0, 0, 1, 0, 'core.security.user.status.expired', ''),
('core.security.user.status', 'locked', '', NULL, 0, 0, 1, 0, 'core.security.user.status.locked', ''),
('core.security.user.status', 'registered', '', NULL, 1, 0, 1, 0, 'core.security.user.status.registered', ''),
('core.security.user.status', 'suspended', '', NULL, 0, 0, 1, 0, 'core.security.user.status.suspended', ''),
('core.security.user.status', 'verified', '', NULL, 0, 0, 1, 0, 'core.security.user.status.verified', ''),
('core.user.terms', 'v1', '', NULL, 1, 0, 1, 0, 'core.user.terms.v1', ''),
('core.visibility', 'private', '', NULL, 1, 0, 1, 0, 'core.visibility.private', ''),
('core.visibility', 'public', '', NULL, 0, 0, 1, 0, 'core.visibility.public', ''),
('core.visibility', 'restricted', '', NULL, 0, 0, 1, 0, 'core.visibility.restricted', ''),
('core.workflow.role', 'admin', '', NULL, 0, 0, 1, 0, 'core.role.admin', ''),
('core.workflow.role', 'anon', '', NULL, 0, 0, 1, 0, 'core.role.anon', ''),
('core.workflow.role', 'user', '', NULL, 0, 0, 1, 0, 'core.role.user', ''),
('country', 'AD', 'andorra', NULL, 0, 0, 1, 0, 'country.andorra', ''),
('country', 'AE', 'unitedarabemirates', NULL, 0, 0, 1, 0, 'country.unitedarabemirates', ''),
('country', 'AF', 'afghanistan', NULL, 0, 0, 1, 0, 'country.afghanistan', ''),
('country', 'AG', 'antigua', NULL, 0, 0, 1, 0, 'country.antigua', ''),
('country', 'AI', 'anguilla', NULL, 0, 0, 1, 0, 'country.anguilla', ''),
('country', 'AL', 'albania', NULL, 0, 0, 1, 0, 'country.albania', ''),
('country', 'AM', 'armenia', NULL, 0, 0, 1, 0, 'country.armenia', ''),
('country', 'AO', 'angola', NULL, 0, 0, 1, 0, 'country.angola', ''),
('country', 'AQ', 'antarctica', NULL, 0, 0, 1, 0, 'country.antarctica', ''),
('country', 'AR', 'argentina', NULL, 0, 0, 1, 0, 'country.argentina', ''),
('country', 'AS', 'americansamoa', NULL, 0, 0, 1, 0, 'country.americansamoa', ''),
('country', 'AT', 'austria', NULL, 0, 0, 1, 0, 'country.austria', ''),
('country', 'AU', 'australia', NULL, 0, 0, 1, 0, 'country.australia', ''),
('country', 'AW', 'aruba', NULL, 0, 0, 1, 0, 'country.aruba', ''),
('country', 'AX', 'alandislands', NULL, 0, 0, 1, 0, 'country.alandislands', ''),
('country', 'AZ', 'azerbaijan', NULL, 0, 0, 1, 0, 'country.azerbaijan', ''),
('country', 'BA', 'bosniaherzegovina', NULL, 0, 0, 1, 0, 'country.bosniaherzegovina', ''),
('country', 'BB', 'barbados', NULL, 0, 0, 1, 0, 'country.barbados', ''),
('country', 'BD', 'bangladesh', NULL, 0, 0, 1, 0, 'country.bangladesh', ''),
('country', 'BE', 'belgium', NULL, 0, 0, 1, 0, 'country.belgium', ''),
('country', 'BF', 'burkinafaso', NULL, 0, 0, 1, 0, 'country.burkinafaso', ''),
('country', 'BG', 'bulgaria', NULL, 0, 0, 1, 0, 'country.bulgaria', ''),
('country', 'BH', 'bahrain', NULL, 0, 0, 1, 0, 'country.bahrain', ''),
('country', 'BI', 'burundi', NULL, 0, 0, 1, 0, 'country.burundi', ''),
('country', 'BJ', 'benin', NULL, 0, 0, 1, 0, 'country.benin', ''),
('country', 'BL', 'saintbarthelemy', NULL, 0, 0, 1, 0, 'country.saintbarthelemy', ''),
('country', 'BM', 'bermuda', NULL, 0, 0, 1, 0, 'country.bermuda', ''),
('country', 'BN', 'brunei', NULL, 0, 0, 1, 0, 'country.brunei', ''),
('country', 'BO', 'bolivia', NULL, 0, 0, 1, 0, 'country.bolivia', ''),
('country', 'BQ', 'bonaire', NULL, 0, 0, 1, 0, 'country.bonaire', ''),
('country', 'BR', 'brazil', NULL, 0, 0, 1, 0, 'country.brazil', ''),
('country', 'BS', 'bahamas', NULL, 0, 0, 1, 0, 'country.bahamas', ''),
('country', 'BT', 'bhutan', NULL, 0, 0, 1, 0, 'country.bhutan', ''),
('country', 'BW', 'botswana', NULL, 0, 0, 1, 0, 'country.botswana', ''),
('country', 'BY', 'belarus', NULL, 0, 0, 1, 0, 'country.belarus', ''),
('country', 'BZ', 'belize', NULL, 0, 0, 1, 0, 'country.belize', ''),
('country', 'CA', 'canada', NULL, 0, 0, 1, 0, 'country.canada', ''),
('country', 'CC', 'cocosislands', NULL, 0, 0, 1, 0, 'country.cocosislands', ''),
('country', 'CD', 'democraticrepubliccongo', NULL, 0, 0, 1, 0, 'country.democraticrepubliccongo', ''),
('country', 'CF', 'centralafricanrepublic', NULL, 0, 0, 1, 0, 'country.centralafricanrepublic', ''),
('country', 'CG', 'congo', NULL, 0, 0, 1, 0, 'country.congo', ''),
('country', 'CH', 'switzerland', NULL, 0, 0, 1, 0, 'country.switzerland', ''),
('country', 'CI', 'cotedivoire', NULL, 0, 0, 1, 0, 'country.cotedivoire', ''),
('country', 'CK', 'cookislands', NULL, 0, 0, 1, 0, 'country.cookislands', ''),
('country', 'CL', 'chile', NULL, 0, 0, 1, 0, 'country.chile', ''),
('country', 'CM', 'cameroon', NULL, 0, 0, 1, 0, 'country.cameroon', ''),
('country', 'CN', 'china', NULL, 0, 0, 1, 0, 'country.china', ''),
('country', 'CO', 'colombia', NULL, 0, 0, 1, 0, 'country.colombia', ''),
('country', 'CR', 'costarica', NULL, 0, 0, 1, 0, 'country.costarica', ''),
('country', 'CU', 'cuba', NULL, 0, 0, 1, 0, 'country.cuba', ''),
('country', 'CV', 'caboverde', NULL, 0, 0, 1, 0, 'country.caboverde', ''),
('country', 'CW', 'curacao', NULL, 0, 0, 1, 0, 'country.curacao', ''),
('country', 'CX', 'christmasisland', NULL, 0, 0, 1, 0, 'country.christmasisland', ''),
('country', 'CY', 'cyprus', NULL, 0, 0, 1, 0, 'country.cyprus', ''),
('country', 'CZ', 'czechrepublic', NULL, 0, 0, 1, 0, 'country.czechrepublic', ''),
('country', 'DE', 'germany', NULL, 0, 0, 1, 0, 'country.germany', ''),
('country', 'DJ', 'djibouti', NULL, 0, 0, 1, 0, 'country.djibouti', ''),
('country', 'DK', 'denmark', NULL, 1, 0, 1, 0, 'country.denmark', ''),
('country', 'DM', 'dominica', NULL, 0, 0, 1, 0, 'country.dominica', ''),
('country', 'DO', 'dominicanrepublic', NULL, 0, 0, 1, 0, 'country.dominicanrepublic', ''),
('country', 'DZ', 'algeria', NULL, 0, 0, 1, 0, 'country.algeria', ''),
('country', 'EC', 'ecuador', NULL, 0, 0, 1, 0, 'country.ecuador', ''),
('country', 'EE', 'estonia', NULL, 0, 0, 1, 0, 'country.estonia', ''),
('country', 'EG', 'egypt', NULL, 0, 0, 1, 0, 'country.egypt', ''),
('country', 'EH', 'westernsahara', NULL, 0, 0, 1, 0, 'country.westernsahara', ''),
('country', 'ER', 'eritrea', NULL, 0, 0, 1, 0, 'country.eritrea', ''),
('country', 'ES', 'spain', NULL, 0, 0, 1, 0, 'country.spain', ''),
('country', 'ET', 'ethiopia', NULL, 0, 0, 1, 0, 'country.ethiopia', ''),
('country', 'FI', 'finland', NULL, 0, 0, 1, 0, 'country.finland', ''),
('country', 'FJ', 'fiji', NULL, 0, 0, 1, 0, 'country.fiji', ''),
('country', 'FK', 'falklandislands', NULL, 0, 0, 1, 0, 'country.falklandislands', ''),
('country', 'FM', 'micronesia', NULL, 0, 0, 1, 0, 'country.micronesia', ''),
('country', 'FO', 'faroeislands', NULL, 0, 0, 1, 0, 'country.faroeislands', ''),
('country', 'FR', 'france', NULL, 0, 0, 1, 0, 'country.france', ''),
('country', 'GA', 'gabon', NULL, 0, 0, 1, 0, 'country.gabon', ''),
('country', 'GB', 'unitedkingdom', NULL, 0, 0, 1, 0, 'country.unitedkingdom', ''),
('country', 'GD', 'grenada', NULL, 0, 0, 1, 0, 'country.grenada', ''),
('country', 'GE', 'georgia', NULL, 0, 0, 1, 0, 'country.georgia', ''),
('country', 'GF', 'frenchguiana', NULL, 0, 0, 1, 0, 'country.frenchguiana', ''),
('country', 'GG', 'guernsey', NULL, 0, 0, 1, 0, 'country.guernsey', ''),
('country', 'GH', 'ghana', NULL, 0, 0, 1, 0, 'country.ghana', ''),
('country', 'GI', 'gibraltar', NULL, 0, 0, 1, 0, 'country.gibraltar', ''),
('country', 'GL', 'greenland', NULL, 0, 0, 1, 0, 'country.greenland', ''),
('country', 'GM', 'gambia', NULL, 0, 0, 1, 0, 'country.gambia', ''),
('country', 'GN', 'guinea', NULL, 0, 0, 1, 0, 'country.guinea', ''),
('country', 'GP', 'guadeloupe', NULL, 0, 0, 1, 0, 'country.guadeloupe', ''),
('country', 'GQ', 'equatorialguinea', NULL, 0, 0, 1, 0, 'country.equatorialguinea', ''),
('country', 'GR', 'greece', NULL, 0, 0, 1, 0, 'country.greece', ''),
('country', 'GS', 'southgeorgia', NULL, 0, 0, 1, 0, 'country.southgeorgia', ''),
('country', 'GT', 'guatemala', NULL, 0, 0, 1, 0, 'country.guatemala', ''),
('country', 'GU', 'guam', NULL, 0, 0, 1, 0, 'country.guam', ''),
('country', 'GW', 'guinea-bissau', NULL, 0, 0, 1, 0, 'country.guinea-bissau', ''),
('country', 'GY', 'guyana', NULL, 0, 0, 1, 0, 'country.guyana', ''),
('country', 'HK', 'hongkong', NULL, 0, 0, 1, 0, 'country.hongkong', ''),
('country', 'HN', 'honduras', NULL, 0, 0, 1, 0, 'country.honduras', ''),
('country', 'HR', 'croatia', NULL, 0, 0, 1, 0, 'country.croatia', ''),
('country', 'HT', 'haiti', NULL, 0, 0, 1, 0, 'country.haiti', ''),
('country', 'HU', 'hungary', NULL, 0, 0, 1, 0, 'country.hungary', ''),
('country', 'ID', 'indonesia', NULL, 0, 0, 1, 0, 'country.indonesia', ''),
('country', 'IE', 'ireland', NULL, 0, 0, 1, 0, 'country.ireland', ''),
('country', 'IL', 'israel', NULL, 0, 0, 1, 0, 'country.israel', ''),
('country', 'IM', 'isleofman', NULL, 0, 0, 1, 0, 'country.isleofman', ''),
('country', 'IN', 'india', NULL, 0, 0, 1, 0, 'country.india', ''),
('country', 'IQ', 'iraq', NULL, 0, 0, 1, 0, 'country.iraq', ''),
('country', 'IR', 'iran', NULL, 0, 0, 1, 0, 'country.iran', ''),
('country', 'IS', 'iceland', NULL, 0, 0, 1, 0, 'country.iceland', ''),
('country', 'IT', 'italy', NULL, 0, 0, 1, 0, 'country.italy', ''),
('country', 'JE', 'jersey', NULL, 0, 0, 1, 0, 'country.jersey', ''),
('country', 'JM', 'jamaica', NULL, 0, 0, 1, 0, 'country.jamaica', ''),
('country', 'JO', 'jordan', NULL, 0, 0, 1, 0, 'country.jordan', ''),
('country', 'JP', 'japan', NULL, 0, 0, 1, 0, 'country.japan', ''),
('country', 'KE', 'kenya', NULL, 0, 0, 1, 0, 'country.kenya', ''),
('country', 'KG', 'kyrgyzstan', NULL, 0, 0, 1, 0, 'country.kyrgyzstan', ''),
('country', 'KH', 'cambodia', NULL, 0, 0, 1, 0, 'country.cambodia', ''),
('country', 'KI', 'kiribati', NULL, 0, 0, 1, 0, 'country.kiribati', ''),
('country', 'KM', 'comoros', NULL, 0, 0, 1, 0, 'country.comoros', ''),
('country', 'KN', 'saintkitts', NULL, 0, 0, 1, 0, 'country.saintkitts', ''),
('country', 'KP', 'northkorea', NULL, 0, 0, 1, 0, 'country.northkorea', ''),
('country', 'KR', 'southkorea', NULL, 0, 0, 1, 0, 'country.southkorea', ''),
('country', 'KW', 'kuwait', NULL, 0, 0, 1, 0, 'country.kuwait', ''),
('country', 'KY', 'caymanislands', NULL, 0, 0, 1, 0, 'country.caymanislands', ''),
('country', 'KZ', 'kazakhstan', NULL, 0, 0, 1, 0, 'country.kazakhstan', ''),
('country', 'LA', 'lao', NULL, 0, 0, 1, 0, 'country.lao', ''),
('country', 'LB', 'lebanon', NULL, 0, 0, 1, 0, 'country.lebanon', ''),
('country', 'LC', 'saintlucia', NULL, 0, 0, 1, 0, 'country.saintlucia', ''),
('country', 'LI', 'liechtenstein', NULL, 0, 0, 1, 0, 'country.liechtenstein', ''),
('country', 'LK', 'srilanka', NULL, 0, 0, 1, 0, 'country.srilanka', ''),
('country', 'LR', 'liberia', NULL, 0, 0, 1, 0, 'country.liberia', ''),
('country', 'LS', 'lesotho', NULL, 0, 0, 1, 0, 'country.lesotho', ''),
('country', 'LT', 'lithuania', NULL, 0, 0, 1, 0, 'country.lithuania', ''),
('country', 'LU', 'luxembourg', NULL, 0, 0, 1, 0, 'country.luxembourg', ''),
('country', 'LV', 'latvia', NULL, 0, 0, 1, 0, 'country.latvia', ''),
('country', 'LY', 'libya', NULL, 0, 0, 1, 0, 'country.libya', ''),
('country', 'MA', 'morocco', NULL, 0, 0, 1, 0, 'country.morocco', ''),
('country', 'MC', 'monaco', NULL, 0, 0, 1, 0, 'country.monaco', ''),
('country', 'MD', 'moldova', NULL, 0, 0, 1, 0, 'country.moldova', ''),
('country', 'ME', 'montenegro', NULL, 0, 0, 1, 0, 'country.montenegro', ''),
('country', 'MF', 'saintmartin', NULL, 0, 0, 1, 0, 'country.saintmartin', ''),
('country', 'MG', 'madagascar', NULL, 0, 0, 1, 0, 'country.madagascar', ''),
('country', 'MH', 'marshallislands', NULL, 0, 0, 1, 0, 'country.marshallislands', ''),
('country', 'MK', 'macedonia', NULL, 0, 0, 1, 0, 'country.macedonia', ''),
('country', 'ML', 'mali', NULL, 0, 0, 1, 0, 'country.mali', ''),
('country', 'MM', 'myanmar', NULL, 0, 0, 1, 0, 'country.myanmar', ''),
('country', 'MN', 'mongolia', NULL, 0, 0, 1, 0, 'country.mongolia', ''),
('country', 'MO', 'macao', NULL, 0, 0, 1, 0, 'country.macao', ''),
('country', 'MP', 'northernmarianaislands', NULL, 0, 0, 1, 0, 'country.northernmarianaislands', ''),
('country', 'MQ', 'martinique', NULL, 0, 0, 1, 0, 'country.martinique', ''),
('country', 'MR', 'mauritania', NULL, 0, 0, 1, 0, 'country.mauritania', ''),
('country', 'MS', 'montserrat', NULL, 0, 0, 1, 0, 'country.montserrat', ''),
('country', 'MT', 'malta', NULL, 0, 0, 1, 0, 'country.malta', ''),
('country', 'MU', 'mauritius', NULL, 0, 0, 1, 0, 'country.mauritius', ''),
('country', 'MV', 'maldives', NULL, 0, 0, 1, 0, 'country.maldives', ''),
('country', 'MW', 'malawi', NULL, 0, 0, 1, 0, 'country.malawi', ''),
('country', 'MX', 'mexico', NULL, 0, 0, 1, 0, 'country.mexico', ''),
('country', 'MY', 'malaysia', NULL, 0, 0, 1, 0, 'country.malaysia', ''),
('country', 'MZ', 'mozambique', NULL, 0, 0, 1, 0, 'country.mozambique', ''),
('country', 'NA', 'namibia', NULL, 0, 0, 1, 0, 'country.namibia', ''),
('country', 'NC', 'newcaledonia', NULL, 0, 0, 1, 0, 'country.newcaledonia', ''),
('country', 'NE', 'niger', NULL, 0, 0, 1, 0, 'country.niger', ''),
('country', 'NF', 'norfolkisland', NULL, 0, 0, 1, 0, 'country.norfolkisland', ''),
('country', 'NG', 'nigeria', NULL, 0, 0, 1, 0, 'country.nigeria', ''),
('country', 'NI', 'nicaragua', NULL, 0, 0, 1, 0, 'country.nicaragua', ''),
('country', 'NL', 'netherlands', NULL, 0, 0, 1, 0, 'country.netherlands', ''),
('country', 'NO', 'norway', NULL, 0, 0, 1, 0, 'country.norway', ''),
('country', 'NP', 'nepal', NULL, 0, 0, 1, 0, 'country.nepal', ''),
('country', 'NR', 'nauru', NULL, 0, 0, 1, 0, 'country.nauru', ''),
('country', 'NU', 'niue', NULL, 0, 0, 1, 0, 'country.niue', ''),
('country', 'NZ', 'newzealand', NULL, 0, 0, 1, 0, 'country.newzealand', ''),
('country', 'OM', 'oman', NULL, 0, 0, 1, 0, 'country.oman', ''),
('country', 'PA', 'panama', NULL, 0, 0, 1, 0, 'country.panama', ''),
('country', 'PE', 'peru', NULL, 0, 0, 1, 0, 'country.peru', ''),
('country', 'PF', 'frenchpolynesia', NULL, 0, 0, 1, 0, 'country.frenchpolynesia', ''),
('country', 'PG', 'papuanewguinea', NULL, 0, 0, 1, 0, 'country.papuanewguinea', ''),
('country', 'PH', 'philippines', NULL, 0, 0, 1, 0, 'country.philippines', ''),
('country', 'PK', 'pakistan', NULL, 0, 0, 1, 0, 'country.pakistan', ''),
('country', 'PL', 'poland', NULL, 0, 0, 1, 0, 'country.poland', ''),
('country', 'PM', 'saintpierremiquelon', NULL, 0, 0, 1, 0, 'country.saintpierremiquelon', ''),
('country', 'PN', 'pitcairn', NULL, 0, 0, 1, 0, 'country.pitcairn', ''),
('country', 'PR', 'puertorico', NULL, 0, 0, 1, 0, 'country.puertorico', ''),
('country', 'PS', 'palestine', NULL, 0, 0, 1, 0, 'country.palestine', ''),
('country', 'PT', 'portugal', NULL, 0, 0, 1, 0, 'country.portugal', ''),
('country', 'PW', 'palau', NULL, 0, 0, 1, 0, 'country.palau', ''),
('country', 'PY', 'paraguay', NULL, 0, 0, 1, 0, 'country.paraguay', ''),
('country', 'QA', 'qatar', NULL, 0, 0, 1, 0, 'country.qatar', ''),
('country', 'RE', 'reunion', NULL, 0, 0, 1, 0, 'country.reunion', ''),
('country', 'RO', 'romania', NULL, 0, 0, 1, 0, 'country.romania', ''),
('country', 'RS', 'serbia', NULL, 0, 0, 1, 0, 'country.serbia', ''),
('country', 'RU', 'russia', NULL, 0, 0, 1, 0, 'country.russia', ''),
('country', 'RW', 'rwanda', NULL, 0, 0, 1, 0, 'country.rwanda', ''),
('country', 'SA', 'saudiarabia', NULL, 0, 0, 1, 0, 'country.saudiarabia', ''),
('country', 'SB', 'solomonislands', NULL, 0, 0, 1, 0, 'country.solomonislands', ''),
('country', 'SC', 'seychelles', NULL, 0, 0, 1, 0, 'country.seychelles', ''),
('country', 'SD', 'sudan', NULL, 0, 0, 1, 0, 'country.sudan', ''),
('country', 'SE', 'sweden', NULL, 0, 0, 1, 0, 'country.sweden', ''),
('country', 'SG', 'singapore', NULL, 0, 0, 1, 0, 'country.singapore', ''),
('country', 'SH', 'sainthelena', NULL, 0, 0, 1, 0, 'country.sainthelena', ''),
('country', 'SI', 'slovenia', NULL, 0, 0, 1, 0, 'country.slovenia', ''),
('country', 'SJ', 'svalbard', NULL, 0, 0, 1, 0, 'country.svalbard', ''),
('country', 'SK', 'slovakia', NULL, 0, 0, 1, 0, 'country.slovakia', ''),
('country', 'SL', 'sierraleone', NULL, 0, 0, 1, 0, 'country.sierraleone', ''),
('country', 'SM', 'sanmarino', NULL, 0, 0, 1, 0, 'country.sanmarino', ''),
('country', 'SN', 'senegal', NULL, 0, 0, 1, 0, 'country.senegal', ''),
('country', 'SO', 'somalia', NULL, 0, 0, 1, 0, 'country.somalia', ''),
('country', 'SR', 'suriname', NULL, 0, 0, 1, 0, 'country.suriname', ''),
('country', 'SS', 'southsudan', NULL, 0, 0, 1, 0, 'country.southsudan', ''),
('country', 'ST', 'saotome', NULL, 0, 0, 1, 0, 'country.saotome', ''),
('country', 'SV', 'elsalvador', NULL, 0, 0, 1, 0, 'country.elsalvador', ''),
('country', 'SX', 'sintmaarten', NULL, 0, 0, 1, 0, 'country.sintmaarten', ''),
('country', 'SY', 'syria', NULL, 0, 0, 1, 0, 'country.syria', ''),
('country', 'SZ', 'swaziland', NULL, 0, 0, 1, 0, 'country.swaziland', ''),
('country', 'TC', 'turkscaicos', NULL, 0, 0, 1, 0, 'country.turkscaicos', ''),
('country', 'TD', 'chad', NULL, 0, 0, 1, 0, 'country.chad', ''),
('country', 'TG', 'togo', NULL, 0, 0, 1, 0, 'country.togo', ''),
('country', 'TH', 'thailand', NULL, 0, 0, 1, 0, 'country.thailand', ''),
('country', 'TJ', 'tajikistan', NULL, 0, 0, 1, 0, 'country.tajikistan', ''),
('country', 'TK', 'tokelau', NULL, 0, 0, 1, 0, 'country.tokelau', ''),
('country', 'TL', 'timorleste', NULL, 0, 0, 1, 0, 'country.timorleste', ''),
('country', 'TM', 'turkmenistan', NULL, 0, 0, 1, 0, 'country.turkmenistan', ''),
('country', 'TN', 'tunisia', NULL, 0, 0, 1, 0, 'country.tunisia', ''),
('country', 'TO', 'tonga', NULL, 0, 0, 1, 0, 'country.tonga', ''),
('country', 'TR', 'turkey', NULL, 0, 0, 1, 0, 'country.turkey', ''),
('country', 'TT', 'trinidadtobago', NULL, 0, 0, 1, 0, 'country.trinidadtobago', ''),
('country', 'TV', 'tuvalu', NULL, 0, 0, 1, 0, 'country.tuvalu', ''),
('country', 'TW', 'taiwan', NULL, 0, 0, 1, 0, 'country.taiwan', ''),
('country', 'TZ', 'tanzania', NULL, 0, 0, 1, 0, 'country.tanzania', ''),
('country', 'UA', 'ukraine', NULL, 0, 0, 1, 0, 'country.ukraine', ''),
('country', 'UG', 'uganda', NULL, 0, 0, 1, 0, 'country.uganda', ''),
('country', 'US', 'unitedstatesamerica', NULL, 0, 0, 1, 0, 'country.unitedstatesamerica', ''),
('country', 'UY', 'uruguay', NULL, 0, 0, 1, 0, 'country.uruguay', ''),
('country', 'UZ', 'uzbekistan', NULL, 0, 0, 1, 0, 'country.uzbekistan', ''),
('country', 'VA', 'vatican', NULL, 0, 0, 1, 0, 'country.vatican', ''),
('country', 'VC', 'saintvincent', NULL, 0, 0, 1, 0, 'country.saintvincent', ''),
('country', 'VE', 'venezuela', NULL, 0, 0, 1, 0, 'country.venezuela', ''),
('country', 'VG', 'britishvirginislands', NULL, 0, 0, 1, 0, 'country.britishvirginislands', ''),
('country', 'VI', 'usvirginislands', NULL, 0, 0, 1, 0, 'country.usvirginislands', ''),
('country', 'VN', 'vietnam', NULL, 0, 0, 1, 0, 'country.vietnam', ''),
('country', 'VU', 'vanuatu', NULL, 0, 0, 1, 0, 'country.vanuatu', ''),
('country', 'WF', 'wallisfutuna', NULL, 0, 0, 1, 0, 'country.wallisfutuna', ''),
('country', 'WS', 'samoa', NULL, 0, 0, 1, 0, 'country.samoa', ''),
('country', 'YE', 'yemen', NULL, 0, 0, 1, 0, 'country.yemen', ''),
('country', 'YT', 'mayotte', NULL, 0, 0, 1, 0, 'country.mayotte', ''),
('country', 'ZA', 'southafrica', NULL, 0, 0, 1, 0, 'country.southafrica', ''),
('country', 'ZM', 'zambia', NULL, 0, 0, 1, 0, 'country.zambia', ''),
('country', 'ZW', 'zimbabwe', NULL, 0, 0, 1, 0, 'country.zimbabwe', ''),
('distance', 'km', 'kilometre', NULL, 0, 0, 1, 0, 'length.kilometre', ''),
('distance', 'm', 'metre', NULL, 0, 0, 1, 0, 'length.metre', ''),
('distance', 'mm', 'millimetre', NULL, 1, 0, 1, 0, 'length.millimetre', ''),
('distance', 'nm', 'nanometre', NULL, 0, 0, 1, 0, 'length.nanometre', ''),
('distance', 'm', 'nanometre', NULL, 0, 0, 1, 0, 'length.micrometre', ''),
('language', 'aa', 'afar', NULL, 0, 0, 1, 0, 'language.afar', ''),
('language', 'ab', 'abkhazian', NULL, 0, 0, 1, 0, 'language.abkhazian', ''),
('language', 'ace', 'achinese', NULL, 0, 0, 1, 0, 'language.achinese', ''),
('language', 'ach', 'acoli', NULL, 0, 0, 1, 0, 'language.acoli', ''),
('language', 'ada', 'adangme', NULL, 0, 0, 1, 0, 'language.adangme', ''),
('language', 'ady', 'adyghe', NULL, 0, 0, 1, 0, 'language.adyghe', ''),
('language', 'ae', 'avestan', NULL, 0, 0, 1, 0, 'language.avestan', ''),
('language', 'aeb', 'arabic.tunisian', NULL, 0, 0, 1, 0, 'language.arabic.tunisian', ''),
('language', 'af', 'afrikaans', NULL, 0, 0, 1, 0, 'language.afrikaans', ''),
('language', 'afh', 'afrihili', NULL, 0, 0, 1, 0, 'language.afrihili', ''),
('language', 'agq', 'aghem', NULL, 0, 0, 1, 0, 'language.aghem', ''),
('language', 'ain', 'ainu', NULL, 0, 0, 1, 0, 'language.ainu', ''),
('language', 'ak', 'akan', NULL, 0, 0, 1, 0, 'language.akan', ''),
('language', 'akk', 'akkadian', NULL, 0, 0, 1, 0, 'language.akkadian', ''),
('language', 'akz', 'alabama', NULL, 0, 0, 1, 0, 'language.alabama', ''),
('language', 'ale', 'aleut', NULL, 0, 0, 1, 0, 'language.aleut', ''),
('language', 'aln', 'albanian.gheg', NULL, 0, 0, 1, 0, 'language.albanian.gheg', ''),
('language', 'alt', 'altai.southern', NULL, 0, 0, 1, 0, 'language.altai.southern', ''),
('language', 'am', 'amharic', NULL, 0, 0, 1, 0, 'language.amharic', ''),
('language', 'an', 'aragonese', NULL, 0, 0, 1, 0, 'language.aragonese', ''),
('language', 'ang', 'english.old', NULL, 0, 0, 1, 0, 'language.english.old', ''),
('language', 'anp', 'angika', NULL, 0, 0, 1, 0, 'language.angika', ''),
('language', 'ar', 'arabic', NULL, 0, 0, 1, 0, 'language.arabic', ''),
('language', 'ar-001', 'arabic.modern', NULL, 0, 0, 1, 0, 'language.arabic.modern', ''),
('language', 'arc', 'aramaic', NULL, 0, 0, 1, 0, 'language.aramaic', ''),
('language', 'arn', 'mapuche', NULL, 0, 0, 1, 0, 'language.mapuche', ''),
('language', 'aro', 'araona', NULL, 0, 0, 1, 0, 'language.araona', ''),
('language', 'arp', 'arapaho', NULL, 0, 0, 1, 0, 'language.arapaho', ''),
('language', 'arq', 'arabic.algerian', NULL, 0, 0, 1, 0, 'language.arabic.algerian', ''),
('language', 'arw', 'arawak', NULL, 0, 0, 1, 0, 'language.arawak', ''),
('language', 'ary', 'arabic.moroccan', NULL, 0, 0, 1, 0, 'language.arabic.moroccan', ''),
('language', 'arz', 'arabic.egyptian', NULL, 0, 0, 1, 0, 'language.arabic.egyptian', ''),
('language', 'as', 'assamese', NULL, 0, 0, 1, 0, 'language.assamese', ''),
('language', 'asa', 'asu', NULL, 0, 0, 1, 0, 'language.asu', ''),
('language', 'ast', 'asturian', NULL, 0, 0, 1, 0, 'language.asturian', ''),
('language', 'av', 'avaric', NULL, 0, 0, 1, 0, 'language.avaric', ''),
('language', 'avk', 'kotava', NULL, 0, 0, 1, 0, 'language.kotava', ''),
('language', 'awa', 'awadhi', NULL, 0, 0, 1, 0, 'language.awadhi', ''),
('language', 'ay', 'aymara', NULL, 0, 0, 1, 0, 'language.aymara', ''),
('language', 'az', 'azerbaijani', NULL, 0, 0, 1, 0, 'language.azerbaijani', ''),
('language', 'ba', 'bashkir', NULL, 0, 0, 1, 0, 'language.bashkir', ''),
('language', 'bal', 'baluchi', NULL, 0, 0, 1, 0, 'language.baluchi', ''),
('language', 'ban', 'balinese', NULL, 0, 0, 1, 0, 'language.balinese', ''),
('language', 'bar', 'bavarian', NULL, 0, 0, 1, 0, 'language.bavarian', ''),
('language', 'bas', 'basaa', NULL, 0, 0, 1, 0, 'language.basaa', ''),
('language', 'bax', 'bamun', NULL, 0, 0, 1, 0, 'language.bamun', ''),
('language', 'bbc', 'bataktoba', NULL, 0, 0, 1, 0, 'language.bataktoba', ''),
('language', 'bbj', 'ghomala', NULL, 0, 0, 1, 0, 'language.ghomala', ''),
('language', 'be', 'belarusian', NULL, 0, 0, 1, 0, 'language.belarusian', ''),
('language', 'bej', 'beja', NULL, 0, 0, 1, 0, 'language.beja', ''),
('language', 'bem', 'bemba', NULL, 0, 0, 1, 0, 'language.bemba', ''),
('language', 'bew', 'betawi', NULL, 0, 0, 1, 0, 'language.betawi', ''),
('language', 'bez', 'bena', NULL, 0, 0, 1, 0, 'language.bena', ''),
('language', 'bfd', 'bafut', NULL, 0, 0, 1, 0, 'language.bafut', ''),
('language', 'bfq', 'badaga', NULL, 0, 0, 1, 0, 'language.badaga', ''),
('language', 'bg', 'bulgarian', NULL, 0, 0, 1, 0, 'language.bulgarian', ''),
('language', 'bgn', 'balochi.western', NULL, 0, 0, 1, 0, 'language.balochi.western', ''),
('language', 'bho', 'bhojpuri', NULL, 0, 0, 1, 0, 'language.bhojpuri', ''),
('language', 'bi', 'bislama', NULL, 0, 0, 1, 0, 'language.bislama', ''),
('language', 'bik', 'bikol', NULL, 0, 0, 1, 0, 'language.bikol', ''),
('language', 'bin', 'bini', NULL, 0, 0, 1, 0, 'language.bini', ''),
('language', 'bjn', 'banjar', NULL, 0, 0, 1, 0, 'language.banjar', ''),
('language', 'bkm', 'kom', NULL, 0, 0, 1, 0, 'language.kom', ''),
('language', 'bla', 'siksika', NULL, 0, 0, 1, 0, 'language.siksika', ''),
('language', 'bm', 'bambara', NULL, 0, 0, 1, 0, 'language.bambara', ''),
('language', 'bn', 'bengali', NULL, 0, 0, 1, 0, 'language.bengali', ''),
('language', 'bo', 'tibetan', NULL, 0, 0, 1, 0, 'language.tibetan', ''),
('language', 'bpy', 'bishnupriya', NULL, 0, 0, 1, 0, 'language.bishnupriya', ''),
('language', 'bqi', 'bakhtiari', NULL, 0, 0, 1, 0, 'language.bakhtiari', ''),
('language', 'br', 'breton', NULL, 0, 0, 1, 0, 'language.breton', ''),
('language', 'bra', 'braj', NULL, 0, 0, 1, 0, 'language.braj', ''),
('language', 'brh', 'brahui', NULL, 0, 0, 1, 0, 'language.brahui', ''),
('language', 'brx', 'bodo', NULL, 0, 0, 1, 0, 'language.bodo', ''),
('language', 'bs', 'bosnian', NULL, 0, 0, 1, 0, 'language.bosnian', ''),
('language', 'bss', 'akoose', NULL, 0, 0, 1, 0, 'language.akoose', ''),
('language', 'bua', 'buriat', NULL, 0, 0, 1, 0, 'language.buriat', ''),
('language', 'bug', 'buginese', NULL, 0, 0, 1, 0, 'language.buginese', ''),
('language', 'bum', 'bulu', NULL, 0, 0, 1, 0, 'language.bulu', ''),
('language', 'byn', 'blin', NULL, 0, 0, 1, 0, 'language.blin', ''),
('language', 'byv', 'medumba', NULL, 0, 0, 1, 0, 'language.medumba', ''),
('language', 'ca', 'catalan', NULL, 0, 0, 1, 0, 'language.catalan', ''),
('language', 'cad', 'caddo', NULL, 0, 0, 1, 0, 'language.caddo', ''),
('language', 'car', 'carib', NULL, 0, 0, 1, 0, 'language.carib', ''),
('language', 'cay', 'cayuga', NULL, 0, 0, 1, 0, 'language.cayuga', ''),
('language', 'cch', 'atsam', NULL, 0, 0, 1, 0, 'language.atsam', ''),
('language', 'ce', 'chechen', NULL, 0, 0, 1, 0, 'language.chechen', ''),
('language', 'ceb', 'cebuano', NULL, 0, 0, 1, 0, 'language.cebuano', ''),
('language', 'cgg', 'chiga', NULL, 0, 0, 1, 0, 'language.chiga', ''),
('language', 'ch', 'chamorro', NULL, 0, 0, 1, 0, 'language.chamorro', ''),
('language', 'chb', 'chibcha', NULL, 0, 0, 1, 0, 'language.chibcha', ''),
('language', 'chg', 'chagatai', NULL, 0, 0, 1, 0, 'language.chagatai', ''),
('language', 'chk', 'chuukese', NULL, 0, 0, 1, 0, 'language.chuukese', ''),
('language', 'chm', 'mari', NULL, 0, 0, 1, 0, 'language.mari', ''),
('language', 'chn', 'jargon.chinook', NULL, 0, 0, 1, 0, 'language.jargon.chinook', ''),
('language', 'cho', 'choctaw', NULL, 0, 0, 1, 0, 'language.choctaw', ''),
('language', 'chp', 'chipewyan', NULL, 0, 0, 1, 0, 'language.chipewyan', ''),
('language', 'chr', 'cherokee', NULL, 0, 0, 1, 0, 'language.cherokee', ''),
('language', 'chy', 'cheyenne', NULL, 0, 0, 1, 0, 'language.cheyenne', ''),
('language', 'ckb', 'kurdish.central', NULL, 0, 0, 1, 0, 'language.kurdish.central', ''),
('language', 'co', 'corsican', NULL, 0, 0, 1, 0, 'language.corsican', ''),
('language', 'cop', 'coptic', NULL, 0, 0, 1, 0, 'language.coptic', ''),
('language', 'cps', 'capiznon', NULL, 0, 0, 1, 0, 'language.capiznon', ''),
('language', 'cr', 'cree', NULL, 0, 0, 1, 0, 'language.cree', ''),
('language', 'crh', 'turkish.crimean', NULL, 0, 0, 1, 0, 'language.turkish.crimean', ''),
('language', 'cs', 'czech', NULL, 0, 0, 1, 0, 'language.czech', ''),
('language', 'csb', 'kashubian', NULL, 0, 0, 1, 0, 'language.kashubian', ''),
('language', 'cu', 'slavic.church', NULL, 0, 0, 1, 0, 'language.slavic.church', ''),
('language', 'cv', 'chuvash', NULL, 0, 0, 1, 0, 'language.chuvash', ''),
('language', 'cy', 'welsh', NULL, 0, 0, 1, 0, 'language.welsh', ''),
('language', 'da', 'danish', NULL, 0, 0, 1, 0, 'language.danish', ''),
('language', 'dak', 'dakota', NULL, 0, 0, 1, 0, 'language.dakota', ''),
('language', 'dar', 'dargwa', NULL, 0, 0, 1, 0, 'language.dargwa', ''),
('language', 'dav', 'taita', NULL, 0, 0, 1, 0, 'language.taita', ''),
('language', 'de', 'german', NULL, 0, 0, 1, 0, 'language.german', ''),
('language', 'de-AT', 'german.austrian', NULL, 0, 0, 1, 0, 'language.german.austrian', ''),
('language', 'de-CH', 'german.swisshigh', NULL, 0, 0, 1, 0, 'language.german.swisshigh', ''),
('language', 'del', 'delaware', NULL, 0, 0, 1, 0, 'language.delaware', ''),
('language', 'den', 'slave', NULL, 0, 0, 1, 0, 'language.slave', ''),
('language', 'dgr', 'dogrib', NULL, 0, 0, 1, 0, 'language.dogrib', ''),
('language', 'din', 'dinka', NULL, 0, 0, 1, 0, 'language.dinka', ''),
('language', 'dje', 'zarma', NULL, 0, 0, 1, 0, 'language.zarma', ''),
('language', 'doi', 'dogri', NULL, 0, 0, 1, 0, 'language.dogri', ''),
('language', 'dsb', 'sorbian.lower', NULL, 0, 0, 1, 0, 'language.sorbian.lower', ''),
('language', 'dtp', 'dusun.central', NULL, 0, 0, 1, 0, 'language.dusun.central', ''),
('language', 'dua', 'duala', NULL, 0, 0, 1, 0, 'language.duala', ''),
('language', 'dum', 'dutch.middle', NULL, 0, 0, 1, 0, 'language.dutch.middle', ''),
('language', 'dv', 'divehi', NULL, 0, 0, 1, 0, 'language.divehi', ''),
('language', 'dyo', 'jolafonyi', NULL, 0, 0, 1, 0, 'language.jolafonyi', ''),
('language', 'dyu', 'dyula', NULL, 0, 0, 1, 0, 'language.dyula', ''),
('language', 'dz', 'dzongkha', NULL, 0, 0, 1, 0, 'language.dzongkha', ''),
('language', 'dzg', 'dazaga', NULL, 0, 0, 1, 0, 'language.dazaga', ''),
('language', 'ebu', 'embu', NULL, 0, 0, 1, 0, 'language.embu', ''),
('language', 'ee', 'ewe', NULL, 0, 0, 1, 0, 'language.ewe', ''),
('language', 'efi', 'efik', NULL, 0, 0, 1, 0, 'language.efik', ''),
('language', 'egl', 'emilian', NULL, 0, 0, 1, 0, 'language.emilian', ''),
('language', 'egy', 'egyptian.ancient', NULL, 0, 0, 1, 0, 'language.egyptian.ancient', ''),
('language', 'eka', 'ekajuk', NULL, 0, 0, 1, 0, 'language.ekajuk', ''),
('language', 'el', 'greek', NULL, 0, 0, 1, 0, 'language.greek', ''),
('language', 'elx', 'elamite', NULL, 0, 0, 1, 0, 'language.elamite', ''),
('language', 'en', 'english', NULL, 0, 0, 1, 0, 'language.english', ''),
('language', 'en-AU', 'english.australian', NULL, 0, 0, 1, 0, 'language.english.australian', ''),
('language', 'en-CA', 'english.canadian', NULL, 0, 0, 1, 0, 'language.english.canadian', ''),
('language', 'en-GB', 'english.british', NULL, 0, 0, 1, 0, 'language.english.british', ''),
('language', 'en-US', 'english.american', NULL, 0, 0, 1, 0, 'language.english.american', ''),
('language', 'enm', 'english.middle', NULL, 0, 0, 1, 0, 'language.english.middle', ''),
('language', 'eo', 'esperanto', NULL, 0, 0, 1, 0, 'language.esperanto', ''),
('language', 'es', 'spanish', NULL, 0, 0, 1, 0, 'language.spanish', ''),
('language', 'es-419', 'spanish.latinamerican', NULL, 0, 0, 1, 0, 'Language.spanish.latinamerican', ''),
('language', 'es-ES', 'spanish.european', NULL, 0, 0, 1, 0, 'language.spanish.european', ''),
('language', 'es-MX', 'spanish.mexican', NULL, 0, 0, 1, 0, 'language.spanish.mexican', ''),
('language', 'esu', 'yupik.central', NULL, 0, 0, 1, 0, 'language.yupik.central', ''),
('language', 'et', 'estonian', NULL, 0, 0, 1, 0, 'language.estonian', ''),
('language', 'eu', 'basque', NULL, 0, 0, 1, 0, 'language.basque', ''),
('language', 'ewo', 'ewondo', NULL, 0, 0, 1, 0, 'language.ewondo', ''),
('language', 'ext', 'extremaduran', NULL, 0, 0, 1, 0, 'language.extremaduran', ''),
('language', 'fa', 'persian', NULL, 0, 0, 1, 0, 'language.persian', ''),
('language', 'fan', 'fang', NULL, 0, 0, 1, 0, 'language.fang', ''),
('language', 'fat', 'fanti', NULL, 0, 0, 1, 0, 'language.fanti', ''),
('language', 'ff', 'fulah', NULL, 0, 0, 1, 0, 'language.fulah', ''),
('language', 'fi', 'finnish', NULL, 0, 0, 1, 0, 'language.finnish', ''),
('language', 'fil', 'filipino', NULL, 0, 0, 1, 0, 'language.filipino', ''),
('language', 'fit', 'finnish.tornedalen', NULL, 0, 0, 1, 0, 'language.finnish.tornedalen', ''),
('language', 'fj', 'fijian', NULL, 0, 0, 1, 0, 'language.fijian', ''),
('language', 'fo', 'faroese', NULL, 0, 0, 1, 0, 'language.faroese', ''),
('language', 'fon', 'fon', NULL, 0, 0, 1, 0, 'language.fon', ''),
('language', 'fr', 'french', NULL, 0, 0, 1, 0, 'language.french', ''),
('language', 'fr-CA', 'french.canadian', NULL, 0, 0, 1, 0, 'language.french.canadian', ''),
('language', 'fr-CH', 'french.swiss', NULL, 0, 0, 1, 0, 'language.french.swiss', ''),
('language', 'frc', 'french.cajun', NULL, 0, 0, 1, 0, 'language.french.cajun', ''),
('language', 'frm', 'french.middle', NULL, 0, 0, 1, 0, 'language.french.middle', ''),
('language', 'fro', 'french.old', NULL, 0, 0, 1, 0, 'language.french.old', ''),
('language', 'frp', 'arpitan', NULL, 0, 0, 1, 0, 'language.arpitan', ''),
('language', 'frr', 'frisian.northern', NULL, 0, 0, 1, 0, 'language.frisian.northern', ''),
('language', 'frs', 'frisian.eastern', NULL, 0, 0, 1, 0, 'language.frisian.eastern', ''),
('language', 'fur', 'friulian', NULL, 0, 0, 1, 0, 'language.friulian', ''),
('language', 'fy', 'frisian.western', NULL, 0, 0, 1, 0, 'language.frisian.western', ''),
('language', 'ga', 'irish', NULL, 0, 0, 1, 0, 'language.irish', ''),
('language', 'gaa', 'ga', NULL, 0, 0, 1, 0, 'language.ga', ''),
('language', 'gag', 'gagauz', NULL, 0, 0, 1, 0, 'language.gagauz', ''),
('language', 'gan', 'chinese.gan', NULL, 0, 0, 1, 0, 'language.chinese.gan', ''),
('language', 'gay', 'gayo', NULL, 0, 0, 1, 0, 'language.gayo', ''),
('language', 'gba', 'gbaya', NULL, 0, 0, 1, 0, 'language.gbaya', ''),
('language', 'gbz', 'dari.zoroastrian', NULL, 0, 0, 1, 0, 'language.dari.zoroastrian', ''),
('language', 'gd', 'gaelic.scottish', NULL, 0, 0, 1, 0, 'language.gaelic.scottish', ''),
('language', 'gez', 'geez', NULL, 0, 0, 1, 0, 'language.geez', ''),
('language', 'gil', 'gilbertese', NULL, 0, 0, 1, 0, 'language.gilbertese', ''),
('language', 'gl', 'galician', NULL, 0, 0, 1, 0, 'language.galician', ''),
('language', 'glk', 'gilaki', NULL, 0, 0, 1, 0, 'language.gilaki', ''),
('language', 'gmh', 'german.middlehigh', NULL, 0, 0, 1, 0, 'language.german.middlehigh', ''),
('language', 'gn', 'guarani', NULL, 0, 0, 1, 0, 'language.guarani', ''),
('language', 'goh', 'german.oldhigh', NULL, 0, 0, 1, 0, 'language.german.oldhigh', ''),
('language', 'gom', 'konkani.goan', NULL, 0, 0, 1, 0, 'language.konkani.goan', ''),
('language', 'gon', 'gondi', NULL, 0, 0, 1, 0, 'language.gondi', ''),
('language', 'gor', 'gorontalo', NULL, 0, 0, 1, 0, 'language.gorontalo', ''),
('language', 'got', 'gothic', NULL, 0, 0, 1, 0, 'language.gothic', ''),
('language', 'grb', 'grebo', NULL, 0, 0, 1, 0, 'language.grebo', ''),
('language', 'grc', 'greek.ancient', NULL, 0, 0, 1, 0, 'language.greek.ancient', ''),
('language', 'gsw', 'german.swiss', NULL, 0, 0, 1, 0, 'language.german.swiss', ''),
('language', 'gu', 'gujarati', NULL, 0, 0, 1, 0, 'language.gujarati', ''),
('language', 'guc', 'wayuu', NULL, 0, 0, 1, 0, 'language.wayuu', ''),
('language', 'gur', 'frafra', NULL, 0, 0, 1, 0, 'language.frafra', ''),
('language', 'guz', 'gusii', NULL, 0, 0, 1, 0, 'language.gusii', ''),
('language', 'gv', 'manx', NULL, 0, 0, 1, 0, 'language.manx', ''),
('language', 'gwi', 'gwichin', NULL, 0, 0, 1, 0, 'language.gwichin', ''),
('language', 'ha', 'hausa', NULL, 0, 0, 1, 0, 'language.hausa', ''),
('language', 'hai', 'haida', NULL, 0, 0, 1, 0, 'language.haida', ''),
('language', 'hak', 'chinese.hakka', NULL, 0, 0, 1, 0, 'language.chinese.hakka', ''),
('language', 'haw', 'hawaiian', NULL, 0, 0, 1, 0, 'language.hawaiian', ''),
('language', 'he', 'hebrew', NULL, 0, 0, 1, 0, 'language.hebrew', ''),
('language', 'hi', 'hindi', NULL, 0, 0, 1, 0, 'language.hindi', ''),
('language', 'hif', 'hindi.fiji', NULL, 0, 0, 1, 0, 'language.hindi.fiji', ''),
('language', 'hil', 'hiligaynon', NULL, 0, 0, 1, 0, 'language.hiligaynon', ''),
('language', 'hit', 'hittite', NULL, 0, 0, 1, 0, 'language.hittite', ''),
('language', 'hmn', 'hmong', NULL, 0, 0, 1, 0, 'language.hmong', ''),
('language', 'ho', 'motu.hiri', NULL, 0, 0, 1, 0, 'language.motu.hiri', ''),
('language', 'hr', 'croatian', NULL, 0, 0, 1, 0, 'language.croatian', ''),
('language', 'hsb', 'sorbian.upper', NULL, 0, 0, 1, 0, 'language.sorbian.upper', ''),
('language', 'hsn', 'chinese.xiang', NULL, 0, 0, 1, 0, 'language.chinese.xiang', ''),
('language', 'ht', 'creole.haitian', NULL, 0, 0, 1, 0, 'language.creole.haitian', ''),
('language', 'hu', 'hungarian', NULL, 0, 0, 1, 0, 'language.hungarian', ''),
('language', 'hup', 'hupa', NULL, 0, 0, 1, 0, 'language.hupa', ''),
('language', 'hy', 'armenian', NULL, 0, 0, 1, 0, 'language.armenian', ''),
('language', 'hz', 'herero', NULL, 0, 0, 1, 0, 'language.herero', ''),
('language', 'ia', 'interlingua', NULL, 0, 0, 1, 0, 'language.interlingua', ''),
('language', 'iba', 'iban', NULL, 0, 0, 1, 0, 'language.iban', ''),
('language', 'ibb', 'ibibio', NULL, 0, 0, 1, 0, 'language.ibibio', ''),
('language', 'id', 'indonesian', NULL, 0, 0, 1, 0, 'language.indonesian', ''),
('language', 'ie', 'interlingue', NULL, 0, 0, 1, 0, 'language.interlingue', ''),
('language', 'ig', 'igbo', NULL, 0, 0, 1, 0, 'language.igbo', ''),
('language', 'ii', 'yi.sichuan', NULL, 0, 0, 1, 0, 'language.yi.sichuan', ''),
('language', 'ik', 'inupiaq', NULL, 0, 0, 1, 0, 'language.inupiaq', ''),
('language', 'ilo', 'iloko', NULL, 0, 0, 1, 0, 'language.iloko', ''),
('language', 'inh', 'ingush', NULL, 0, 0, 1, 0, 'language.ingush', ''),
('language', 'io', 'ido', NULL, 0, 0, 1, 0, 'language.ido', ''),
('language', 'is', 'icelandic', NULL, 0, 0, 1, 0, 'language.icelandic', ''),
('language', 'it', 'italian', NULL, 0, 0, 1, 0, 'language.italian', ''),
('language', 'iu', 'inuktitut', NULL, 0, 0, 1, 0, 'language.inuktitut', ''),
('language', 'izh', 'ingrian', NULL, 0, 0, 1, 0, 'language.ingrian', ''),
('language', 'ja', 'japanese', NULL, 0, 0, 1, 0, 'language.japanese', ''),
('language', 'jam', 'english.jamaicancreole ', NULL, 0, 0, 1, 0, 'language.english.jamaicancreole ', ''),
('language', 'jbo', 'lojban', NULL, 0, 0, 1, 0, 'language.lojban', ''),
('language', 'jgo', 'ngomba', NULL, 0, 0, 1, 0, 'language.ngomba', ''),
('language', 'jmc', 'machame', NULL, 0, 0, 1, 0, 'language.machame', ''),
('language', 'jpr', 'judeopersian', NULL, 0, 0, 1, 0, 'language.judeopersian', ''),
('language', 'jrb', 'judeoarabic', NULL, 0, 0, 1, 0, 'language.judeoarabic', ''),
('language', 'jut', 'jutish', NULL, 0, 0, 1, 0, 'language.jutish', ''),
('language', 'jv', 'javanese', NULL, 0, 0, 1, 0, 'language.javanese', ''),
('language', 'ka', 'georgian', NULL, 0, 0, 1, 0, 'language.georgian', ''),
('language', 'kaa', 'karakalpak', NULL, 0, 0, 1, 0, 'language.karakalpak', ''),
('language', 'kab', 'kabyle', NULL, 0, 0, 1, 0, 'language.kabyle', ''),
('language', 'kac', 'kachin', NULL, 0, 0, 1, 0, 'language.kachin', ''),
('language', 'kaj', 'jju', NULL, 0, 0, 1, 0, 'language.jju', ''),
('language', 'kam', 'kamba', NULL, 0, 0, 1, 0, 'language.kamba', ''),
('language', 'kaw', 'kawi', NULL, 0, 0, 1, 0, 'language.kawi', ''),
('language', 'kbd', 'kabardian', NULL, 0, 0, 1, 0, 'language.kabardian', ''),
('language', 'kbl', 'kanembu', NULL, 0, 0, 1, 0, 'language.kanembu', ''),
('language', 'kcg', 'tyap', NULL, 0, 0, 1, 0, 'language.tyap', ''),
('language', 'kde', 'makonde', NULL, 0, 0, 1, 0, 'language.makonde', ''),
('language', 'kea', 'kabuverdianu', NULL, 0, 0, 1, 0, 'language.kabuverdianu', ''),
('language', 'ken', 'kenyang', NULL, 0, 0, 1, 0, 'language.kenyang', ''),
('language', 'kfo', 'koro', NULL, 0, 0, 1, 0, 'language.koro', ''),
('language', 'kg', 'kongo', NULL, 0, 0, 1, 0, 'language.kongo', ''),
('language', 'kgp', 'kaingang', NULL, 0, 0, 1, 0, 'language.kaingang', ''),
('language', 'kha', 'khasi', NULL, 0, 0, 1, 0, 'language.khasi', ''),
('language', 'kho', 'khotanese', NULL, 0, 0, 1, 0, 'language.khotanese', ''),
('language', 'khq', 'chiini.koyra', NULL, 0, 0, 1, 0, 'language.chiini.koyra', ''),
('language', 'khw', 'khowar', NULL, 0, 0, 1, 0, 'language.khowar', ''),
('language', 'ki', 'kikuyu', NULL, 0, 0, 1, 0, 'language.kikuyu', ''),
('language', 'kiu', 'kirmanjki', NULL, 0, 0, 1, 0, 'language.kirmanjki', ''),
('language', 'kj', 'kuanyama', NULL, 0, 0, 1, 0, 'language.kuanyama', ''),
('language', 'kk', 'kazakh', NULL, 0, 0, 1, 0, 'language.kazakh', ''),
('language', 'kkj', 'kako', NULL, 0, 0, 1, 0, 'language.kako', ''),
('language', 'kl', 'kalaallisut', NULL, 0, 0, 1, 0, 'language.kalaallisut', ''),
('language', 'kln', 'kalenjin', NULL, 0, 0, 1, 0, 'language.kalenjin', ''),
('language', 'km', 'khmer', NULL, 0, 0, 1, 0, 'language.khmer', ''),
('language', 'kmb', 'kimbundu', NULL, 0, 0, 1, 0, 'language.kimbundu', ''),
('language', 'kn', 'kannada', NULL, 0, 0, 1, 0, 'language.kannada', ''),
('language', 'ko', 'korean', NULL, 0, 0, 1, 0, 'language.korean', ''),
('language', 'koi', 'komi.permyak', NULL, 0, 0, 1, 0, 'language.komi.permyak', ''),
('language', 'kok', 'konkani', NULL, 0, 0, 1, 0, 'language.konkani', ''),
('language', 'kos', 'kosraean', NULL, 0, 0, 1, 0, 'language.kosraean', ''),
('language', 'kpe', 'kpelle', NULL, 0, 0, 1, 0, 'language.kpelle', ''),
('language', 'kr', 'kanuri', NULL, 0, 0, 1, 0, 'language.kanuri', ''),
('language', 'krc', 'karachaybalkar', NULL, 0, 0, 1, 0, 'language.karachaybalkar', ''),
('language', 'kri', 'krio', NULL, 0, 0, 1, 0, 'language.krio', ''),
('language', 'krj', 'kinaraya', NULL, 0, 0, 1, 0, 'language.kinaraya', ''),
('language', 'krl', 'karelian', NULL, 0, 0, 1, 0, 'language.karelian', ''),
('language', 'kru', 'kurukh', NULL, 0, 0, 1, 0, 'language.kurukh', ''),
('language', 'ks', 'kashmiri', NULL, 0, 0, 1, 0, 'language.kashmiri', ''),
('language', 'ksb', 'shambala', NULL, 0, 0, 1, 0, 'language.shambala', ''),
('language', 'ksf', 'bafia', NULL, 0, 0, 1, 0, 'language.bafia', ''),
('language', 'ksh', 'colognian', NULL, 0, 0, 1, 0, 'language.colognian', ''),
('language', 'ku', 'kurdish', NULL, 0, 0, 1, 0, 'language.kurdish', ''),
('language', 'kum', 'kumyk', NULL, 0, 0, 1, 0, 'language.kumyk', ''),
('language', 'kut', 'kutenai', NULL, 0, 0, 1, 0, 'language.kutenai', ''),
('language', 'kv', 'komi', NULL, 0, 0, 1, 0, 'language.komi', ''),
('language', 'kw', 'cornish', NULL, 0, 0, 1, 0, 'language.cornish', ''),
('language', 'ky', 'kyrgyz', NULL, 0, 0, 1, 0, 'language.kyrgyz', ''),
('language', 'la', 'latin', NULL, 0, 0, 1, 0, 'language.latin', ''),
('language', 'lad', 'ladino', NULL, 0, 0, 1, 0, 'language.ladino', ''),
('language', 'lag', 'langi', NULL, 0, 0, 1, 0, 'language.langi', ''),
('language', 'lah', 'lahnda', NULL, 0, 0, 1, 0, 'language.lahnda', ''),
('language', 'lam', 'lamba', NULL, 0, 0, 1, 0, 'language.lamba', ''),
('language', 'lb', 'luxembourgish', NULL, 0, 0, 1, 0, 'language.luxembourgish', ''),
('language', 'lez', 'lezghian', NULL, 0, 0, 1, 0, 'language.lezghian', ''),
('language', 'lfn', 'linguafranca.nova', NULL, 0, 0, 1, 0, 'language.linguafranca.nova', ''),
('language', 'lg', 'ganda', NULL, 0, 0, 1, 0, 'language.ganda', ''),
('language', 'li', 'limburgish', NULL, 0, 0, 1, 0, 'language.limburgish', ''),
('language', 'lij', 'ligurian', NULL, 0, 0, 1, 0, 'language.ligurian', ''),
('language', 'liv', 'livonian', NULL, 0, 0, 1, 0, 'language.livonian', ''),
('language', 'lkt', 'lakota', NULL, 0, 0, 1, 0, 'language.lakota', ''),
('language', 'lmo', 'lombard', NULL, 0, 0, 1, 0, 'language.lombard', ''),
('language', 'ln', 'lingala', NULL, 0, 0, 1, 0, 'language.lingala', ''),
('language', 'lo', 'lao', NULL, 0, 0, 1, 0, 'language.lao', ''),
('language', 'lol', 'mongo', NULL, 0, 0, 1, 0, 'language.mongo', ''),
('language', 'loz', 'lozi', NULL, 0, 0, 1, 0, 'language.lozi', ''),
('language', 'lrc', 'luri.northern', NULL, 0, 0, 1, 0, 'language.luri.northern', ''),
('language', 'lt', 'lithuanian', NULL, 0, 0, 1, 0, 'language.lithuanian', ''),
('language', 'ltg', 'latgalian', NULL, 0, 0, 1, 0, 'language.latgalian', ''),
('language', 'lu', 'luba.katanga', NULL, 0, 0, 1, 0, 'language.luba.katanga', ''),
('language', 'lua', 'luba.lulua', NULL, 0, 0, 1, 0, 'language.luba.lulua', ''),
('language', 'lui', 'luiseno', NULL, 0, 0, 1, 0, 'language.luiseno', ''),
('language', 'lun', 'lunda', NULL, 0, 0, 1, 0, 'language.lunda', ''),
('language', 'luo', 'luo', NULL, 0, 0, 1, 0, 'language.luo', ''),
('language', 'lus', 'mizo', NULL, 0, 0, 1, 0, 'language.mizo', ''),
('language', 'luy', 'luyia', NULL, 0, 0, 1, 0, 'language.luyia', ''),
('language', 'lv', 'latvian', NULL, 0, 0, 1, 0, 'language.latvian', ''),
('language', 'lzh', 'chinese.literary', NULL, 0, 0, 1, 0, 'language.chinese.literary', ''),
('language', 'lzz', 'laz', NULL, 0, 0, 1, 0, 'language.laz', ''),
('language', 'mad', 'madurese', NULL, 0, 0, 1, 0, 'language.madurese', ''),
('language', 'maf', 'mafa', NULL, 0, 0, 1, 0, 'language.mafa', ''),
('language', 'mag', 'magahi', NULL, 0, 0, 1, 0, 'language.magahi', ''),
('language', 'mai', 'maithili', NULL, 0, 0, 1, 0, 'language.maithili', ''),
('language', 'mak', 'makasar', NULL, 0, 0, 1, 0, 'language.makasar', ''),
('language', 'man', 'mandingo', NULL, 0, 0, 1, 0, 'language.mandingo', ''),
('language', 'mas', 'masai', NULL, 0, 0, 1, 0, 'language.masai', ''),
('language', 'mde', 'maba', NULL, 0, 0, 1, 0, 'language.maba', ''),
('language', 'mdf', 'moksha', NULL, 0, 0, 1, 0, 'language.moksha', ''),
('language', 'mdr', 'mandar', NULL, 0, 0, 1, 0, 'language.mandar', ''),
('language', 'men', 'mende', NULL, 0, 0, 1, 0, 'language.mende', ''),
('language', 'mer', 'meru', NULL, 0, 0, 1, 0, 'language.meru', ''),
('language', 'mfe', 'morisyen', NULL, 0, 0, 1, 0, 'language.morisyen', ''),
('language', 'mg', 'malagasy', NULL, 0, 0, 1, 0, 'language.malagasy', ''),
('language', 'mga', 'irish.middle', NULL, 0, 0, 1, 0, 'language.irish.middle', ''),
('language', 'mgh', 'makhuwameetto', NULL, 0, 0, 1, 0, 'language.makhuwameetto', ''),
('language', 'mgo', 'meta', NULL, 0, 0, 1, 0, 'language.meta', ''),
('language', 'mh', 'marshallese', NULL, 0, 0, 1, 0, 'language.marshallese', ''),
('language', 'mi', 'maori', NULL, 0, 0, 1, 0, 'language.maori', ''),
('language', 'mic', 'micmac', NULL, 0, 0, 1, 0, 'language.micmac', ''),
('language', 'min', 'minangkabau', NULL, 0, 0, 1, 0, 'language.minangkabau', ''),
('language', 'mk', 'macedonian', NULL, 0, 0, 1, 0, 'language.macedonian', ''),
('language', 'ml', 'malayalam', NULL, 0, 0, 1, 0, 'language.malayalam', ''),
('language', 'mn', 'mongolian', NULL, 0, 0, 1, 0, 'language.mongolian', ''),
('language', 'mnc', 'manchu', NULL, 0, 0, 1, 0, 'language.manchu', ''),
('language', 'mni', 'manipuri', NULL, 0, 0, 1, 0, 'language.manipuri', ''),
('language', 'moh', 'mohawk', NULL, 0, 0, 1, 0, 'language.mohawk', '');
INSERT INTO `ark_vocabulary_term` (`concept`, `term`, `alias`, `seq`, `is_default`, `root`, `enabled`, `deprecated`, `keyword`, `description`) VALUES
('language', 'mos', 'mossi', NULL, 0, 0, 1, 0, 'language.mossi', ''),
('language', 'mr', 'marathi', NULL, 0, 0, 1, 0, 'language.marathi', ''),
('language', 'mrj', 'mari.western', NULL, 0, 0, 1, 0, 'language.mari.western', ''),
('language', 'ms', 'malay', NULL, 0, 0, 1, 0, 'language.malay', ''),
('language', 'mt', 'maltese', NULL, 0, 0, 1, 0, 'language.maltese', ''),
('language', 'mua', 'mundang', NULL, 0, 0, 1, 0, 'language.mundang', ''),
('language', 'mul', 'multiple', NULL, 0, 0, 1, 0, 'language.multiple', ''),
('language', 'mus', 'creek', NULL, 0, 0, 1, 0, 'language.creek', ''),
('language', 'mwl', 'mirandese', NULL, 0, 0, 1, 0, 'language.mirandese', ''),
('language', 'mwr', 'marwari', NULL, 0, 0, 1, 0, 'language.marwari', ''),
('language', 'mwv', 'mentawai', NULL, 0, 0, 1, 0, 'language.mentawai', ''),
('language', 'my', 'burmese', NULL, 0, 0, 1, 0, 'language.burmese', ''),
('language', 'mye', 'myene', NULL, 0, 0, 1, 0, 'language.myene', ''),
('language', 'myv', 'erzya', NULL, 0, 0, 1, 0, 'language.erzya', ''),
('language', 'mzn', 'mazanderani', NULL, 0, 0, 1, 0, 'language.mazanderani', ''),
('language', 'na', 'nauru', NULL, 0, 0, 1, 0, 'language.nauru', ''),
('language', 'nan', 'chinese.minnan', NULL, 0, 0, 1, 0, 'language.chinese.minnan', ''),
('language', 'nap', 'neapolitan', NULL, 0, 0, 1, 0, 'language.neapolitan', ''),
('language', 'naq', 'nama', NULL, 0, 0, 1, 0, 'language.nama', ''),
('language', 'nb', 'norwegian.bokml', NULL, 0, 0, 1, 0, 'language.norwegian.bokml', ''),
('language', 'nd', 'ndebele.north', NULL, 0, 0, 1, 0, 'language.ndebele.north', ''),
('language', 'nds', 'german.low', NULL, 0, 0, 1, 0, 'language.german.low', ''),
('language', 'nds-NL', 'saxon.low', NULL, 0, 0, 1, 0, 'language.saxon.low', ''),
('language', 'ne', 'nepali', NULL, 0, 0, 1, 0, 'language.nepali', ''),
('language', 'new', 'newari', NULL, 0, 0, 1, 0, 'language.newari', ''),
('language', 'ng', 'ndonga', NULL, 0, 0, 1, 0, 'language.ndonga', ''),
('language', 'nia', 'nias', NULL, 0, 0, 1, 0, 'language.nias', ''),
('language', 'niu', 'niuean', NULL, 0, 0, 1, 0, 'language.niuean', ''),
('language', 'njo', 'aonaga', NULL, 0, 0, 1, 0, 'language.aonaga', ''),
('language', 'nl', 'dutch', NULL, 0, 0, 1, 0, 'language.dutch', ''),
('language', 'nl-BE', 'flemish', NULL, 0, 0, 1, 0, 'language.flemish', ''),
('language', 'nmg', 'kwasio', NULL, 0, 0, 1, 0, 'language.kwasio', ''),
('language', 'nn', 'norwegian.nynorsk', NULL, 0, 0, 1, 0, 'language.norwegian.nynorsk', ''),
('language', 'nnh', 'ngiemboon', NULL, 0, 0, 1, 0, 'language.ngiemboon', ''),
('language', 'no', 'norwegian', NULL, 0, 0, 1, 0, 'language.norwegian', ''),
('language', 'nog', 'nogai', NULL, 0, 0, 1, 0, 'language.nogai', ''),
('language', 'non', 'norse.old', NULL, 0, 0, 1, 0, 'language.norse.old', ''),
('language', 'nov', 'novial', NULL, 0, 0, 1, 0, 'language.novial', ''),
('language', 'nqo', 'nko', NULL, 0, 0, 1, 0, 'language.nko', ''),
('language', 'nr', 'ndebele.south', NULL, 0, 0, 1, 0, 'language.ndebele.south', ''),
('language', 'nso', 'sotho.northern', NULL, 0, 0, 1, 0, 'language.sotho.northern', ''),
('language', 'nus', 'nuer', NULL, 0, 0, 1, 0, 'language.nuer', ''),
('language', 'nv', 'navajo', NULL, 0, 0, 1, 0, 'language.navajo', ''),
('language', 'nwc', 'newari.classical', NULL, 0, 0, 1, 0, 'language.newari.classical', ''),
('language', 'ny', 'nyanja', NULL, 0, 0, 1, 0, 'language.nyanja', ''),
('language', 'nym', 'nyamwezi', NULL, 0, 0, 1, 0, 'language.nyamwezi', ''),
('language', 'nyn', 'nyankole', NULL, 0, 0, 1, 0, 'language.nyankole', ''),
('language', 'nyo', 'nyoro', NULL, 0, 0, 1, 0, 'language.nyoro', ''),
('language', 'nzi', 'nzima', NULL, 0, 0, 1, 0, 'language.nzima', ''),
('language', 'oc', 'occitan', NULL, 0, 0, 1, 0, 'language.occitan', ''),
('language', 'oj', 'ojibwa', NULL, 0, 0, 1, 0, 'language.ojibwa', ''),
('language', 'om', 'oromo', NULL, 0, 0, 1, 0, 'language.oromo', ''),
('language', 'or', 'oriya', NULL, 0, 0, 1, 0, 'language.oriya', ''),
('language', 'os', 'ossetic', NULL, 0, 0, 1, 0, 'language.ossetic', ''),
('language', 'osa', 'osage', NULL, 0, 0, 1, 0, 'language.osage', ''),
('language', 'ota', 'turkish.ottoman', NULL, 0, 0, 1, 0, 'language.turkish.ottoman', ''),
('language', 'pa', 'punjabi', NULL, 0, 0, 1, 0, 'language.punjabi', ''),
('language', 'pag', 'pangasinan', NULL, 0, 0, 1, 0, 'language.pangasinan', ''),
('language', 'pal', 'pahlavi', NULL, 0, 0, 1, 0, 'language.pahlavi', ''),
('language', 'pam', 'pampanga', NULL, 0, 0, 1, 0, 'language.pampanga', ''),
('language', 'pap', 'papiamento', NULL, 0, 0, 1, 0, 'language.papiamento', ''),
('language', 'pau', 'palauan', NULL, 0, 0, 1, 0, 'language.palauan', ''),
('language', 'pcd', 'picard', NULL, 0, 0, 1, 0, 'language.picard', ''),
('language', 'pdc', 'german.pennsylvania', NULL, 0, 0, 1, 0, 'language.german.pennsylvania', ''),
('language', 'pdt', 'plautdietsch', NULL, 0, 0, 1, 0, 'language.plautdietsch', ''),
('language', 'peo', 'persian.old', NULL, 0, 0, 1, 0, 'language.persian.old', ''),
('language', 'pfl', 'german.palatine', NULL, 0, 0, 1, 0, 'language.german.palatine', ''),
('language', 'phn', 'phoenician', NULL, 0, 0, 1, 0, 'language.phoenician', ''),
('language', 'pi', 'pali', NULL, 0, 0, 1, 0, 'language.pali', ''),
('language', 'pl', 'polish', NULL, 0, 0, 1, 0, 'language.polish', ''),
('language', 'pms', 'piedmontese', NULL, 0, 0, 1, 0, 'language.piedmontese', ''),
('language', 'pnt', 'pontic', NULL, 0, 0, 1, 0, 'language.pontic', ''),
('language', 'pon', 'pohnpeian', NULL, 0, 0, 1, 0, 'language.pohnpeian', ''),
('language', 'prg', 'prussian', NULL, 0, 0, 1, 0, 'language.prussian', ''),
('language', 'pro', 'provenal.old', NULL, 0, 0, 1, 0, 'language.provenal.old', ''),
('language', 'ps', 'pashto', NULL, 0, 0, 1, 0, 'language.pashto', ''),
('language', 'pt', 'portuguese', NULL, 0, 0, 1, 0, 'language.portuguese', ''),
('language', 'pt-BR', 'portuguese.brazilian', NULL, 0, 0, 1, 0, 'language.portuguese.brazilian', ''),
('language', 'pt-PT', 'portuguese.european', NULL, 0, 0, 1, 0, 'language.portuguese.european', ''),
('language', 'qu', 'quechua', NULL, 0, 0, 1, 0, 'language.quechua', ''),
('language', 'quc', 'kiche', NULL, 0, 0, 1, 0, 'language.kiche', ''),
('language', 'qug', 'quichua.chimborazohighland', NULL, 0, 0, 1, 0, 'language.quichua.chimborazohighland', ''),
('language', 'raj', 'rajasthani', NULL, 0, 0, 1, 0, 'language.rajasthani', ''),
('language', 'rap', 'rapanui', NULL, 0, 0, 1, 0, 'language.rapanui', ''),
('language', 'rar', 'rarotongan', NULL, 0, 0, 1, 0, 'language.rarotongan', ''),
('language', 'rgn', 'romagnol', NULL, 0, 0, 1, 0, 'language.romagnol', ''),
('language', 'rif', 'riffian', NULL, 0, 0, 1, 0, 'language.riffian', ''),
('language', 'rm', 'romansh', NULL, 0, 0, 1, 0, 'language.romansh', ''),
('language', 'rn', 'rundi', NULL, 0, 0, 1, 0, 'language.rundi', ''),
('language', 'ro', 'romanian', NULL, 0, 0, 1, 0, 'language.romanian', ''),
('language', 'ro-MD', 'moldavian', NULL, 0, 0, 1, 0, 'language.moldavian', ''),
('language', 'rof', 'rombo', NULL, 0, 0, 1, 0, 'language.rombo', ''),
('language', 'rom', 'romany', NULL, 0, 0, 1, 0, 'language.romany', ''),
('language', 'root', 'root', NULL, 0, 0, 1, 0, 'language.root', ''),
('language', 'rtm', 'rotuman', NULL, 0, 0, 1, 0, 'language.rotuman', ''),
('language', 'ru', 'russian', NULL, 0, 0, 1, 0, 'language.russian', ''),
('language', 'rue', 'rusyn', NULL, 0, 0, 1, 0, 'language.rusyn', ''),
('language', 'rug', 'roviana', NULL, 0, 0, 1, 0, 'language.roviana', ''),
('language', 'rup', 'aromanian', NULL, 0, 0, 1, 0, 'language.aromanian', ''),
('language', 'rw', 'kinyarwanda', NULL, 0, 0, 1, 0, 'language.kinyarwanda', ''),
('language', 'rwk', 'rwa', NULL, 0, 0, 1, 0, 'language.rwa', ''),
('language', 'sa', 'sanskrit', NULL, 0, 0, 1, 0, 'language.sanskrit', ''),
('language', 'sad', 'sandawe', NULL, 0, 0, 1, 0, 'language.sandawe', ''),
('language', 'sah', 'sakha', NULL, 0, 0, 1, 0, 'language.sakha', ''),
('language', 'sam', 'aramaic.samaritan', NULL, 0, 0, 1, 0, 'language.aramaic.samaritan', ''),
('language', 'saq', 'samburu', NULL, 0, 0, 1, 0, 'language.samburu', ''),
('language', 'sas', 'sasak', NULL, 0, 0, 1, 0, 'language.sasak', ''),
('language', 'sat', 'santali', NULL, 0, 0, 1, 0, 'language.santali', ''),
('language', 'saz', 'saurashtra', NULL, 0, 0, 1, 0, 'language.saurashtra', ''),
('language', 'sba', 'ngambay', NULL, 0, 0, 1, 0, 'language.ngambay', ''),
('language', 'sbp', 'sangu', NULL, 0, 0, 1, 0, 'language.sangu', ''),
('language', 'sc', 'sardinian', NULL, 0, 0, 1, 0, 'language.sardinian', ''),
('language', 'scn', 'sicilian', NULL, 0, 0, 1, 0, 'language.sicilian', ''),
('language', 'sco', 'scots', NULL, 0, 0, 1, 0, 'language.scots', ''),
('language', 'sd', 'sindhi', NULL, 0, 0, 1, 0, 'language.sindhi', ''),
('language', 'sdc', 'sardinian.sassarese', NULL, 0, 0, 1, 0, 'language.sardinian.sassarese', ''),
('language', 'sdh', 'southern kurdish', NULL, 0, 0, 1, 0, 'language.southern kurdish', ''),
('language', 'se', 'northern sami', NULL, 0, 0, 1, 0, 'language.northern sami', ''),
('language', 'see', 'seneca', NULL, 0, 0, 1, 0, 'language.seneca', ''),
('language', 'seh', 'sena', NULL, 0, 0, 1, 0, 'language.sena', ''),
('language', 'sei', 'seri', NULL, 0, 0, 1, 0, 'language.seri', ''),
('language', 'sel', 'selkup', NULL, 0, 0, 1, 0, 'language.selkup', ''),
('language', 'ses', 'senni.koyraboro', NULL, 0, 0, 1, 0, 'language.senni.koyraboro', ''),
('language', 'sg', 'sango', NULL, 0, 0, 1, 0, 'language.sango', ''),
('language', 'sga', 'irish.old', NULL, 0, 0, 1, 0, 'language.irish.old', ''),
('language', 'sgs', 'samogitian', NULL, 0, 0, 1, 0, 'language.samogitian', ''),
('language', 'sh', 'serbocroatian', NULL, 0, 0, 1, 0, 'language.serbocroatian', ''),
('language', 'shi', 'tachelhit', NULL, 0, 0, 1, 0, 'language.tachelhit', ''),
('language', 'shn', 'shan', NULL, 0, 0, 1, 0, 'language.shan', ''),
('language', 'shu', 'arabic.chadian', NULL, 0, 0, 1, 0, 'language.arabic.chadian', ''),
('language', 'si', 'sinhala', NULL, 0, 0, 1, 0, 'language.sinhala', ''),
('language', 'sid', 'sidamo', NULL, 0, 0, 1, 0, 'language.sidamo', ''),
('language', 'sk', 'slovak', NULL, 0, 0, 1, 0, 'language.slovak', ''),
('language', 'sl', 'slovenian', NULL, 0, 0, 1, 0, 'language.slovenian', ''),
('language', 'sli', 'silesian.lower', NULL, 0, 0, 1, 0, 'language.silesian.lower', ''),
('language', 'sly', 'selayar', NULL, 0, 0, 1, 0, 'language.selayar', ''),
('language', 'sm', 'samoan', NULL, 0, 0, 1, 0, 'language.samoan', ''),
('language', 'sma', 'sami.southern', NULL, 0, 0, 1, 0, 'language.sami.southern', ''),
('language', 'smj', 'sami.lule', NULL, 0, 0, 1, 0, 'language.sami.lule', ''),
('language', 'smn', 'sami.inari', NULL, 0, 0, 1, 0, 'language.sami.inari', ''),
('language', 'sms', 'sami.skolt', NULL, 0, 0, 1, 0, 'language.sami.skolt', ''),
('language', 'sn', 'shona', NULL, 0, 0, 1, 0, 'language.shona', ''),
('language', 'snk', 'soninke', NULL, 0, 0, 1, 0, 'language.soninke', ''),
('language', 'so', 'somali', NULL, 0, 0, 1, 0, 'language.somali', ''),
('language', 'sog', 'sogdien', NULL, 0, 0, 1, 0, 'language.sogdien', ''),
('language', 'sq', 'albanian', NULL, 0, 0, 1, 0, 'language.albanian', ''),
('language', 'sr', 'serbian', NULL, 0, 0, 1, 0, 'language.serbian', ''),
('language', 'srn', 'tongo.sranan', NULL, 0, 0, 1, 0, 'language.tongo.sranan', ''),
('language', 'srr', 'serer', NULL, 0, 0, 1, 0, 'language.serer', ''),
('language', 'ss', 'swati', NULL, 0, 0, 1, 0, 'language.swati', ''),
('language', 'ssy', 'saho', NULL, 0, 0, 1, 0, 'language.saho', ''),
('language', 'st', 'sotho.southern', NULL, 0, 0, 1, 0, 'language.sotho.southern', ''),
('language', 'stq', 'frisian.saterland', NULL, 0, 0, 1, 0, 'language.frisian.saterland', ''),
('language', 'su', 'sundanese', NULL, 0, 0, 1, 0, 'language.sundanese', ''),
('language', 'suk', 'sukuma', NULL, 0, 0, 1, 0, 'language.sukuma', ''),
('language', 'sus', 'susu', NULL, 0, 0, 1, 0, 'language.susu', ''),
('language', 'sux', 'sumerian', NULL, 0, 0, 1, 0, 'language.sumerian', ''),
('language', 'sv', 'swedish', NULL, 0, 0, 1, 0, 'language.swedish', ''),
('language', 'sw', 'swahili', NULL, 0, 0, 1, 0, 'language.swahili', ''),
('language', 'sw-CD', 'swahili.congo', NULL, 0, 0, 1, 0, 'language.swahili.congo', ''),
('language', 'swb', 'comorian', NULL, 0, 0, 1, 0, 'language.comorian', ''),
('language', 'syc', 'syriac.classical', NULL, 0, 0, 1, 0, 'language.syriac.classical', ''),
('language', 'syr', 'syriac', NULL, 0, 0, 1, 0, 'language.syriac', ''),
('language', 'szl', 'silesian', NULL, 0, 0, 1, 0, 'language.silesian', ''),
('language', 'ta', 'tamil', NULL, 0, 0, 1, 0, 'language.tamil', ''),
('language', 'tcy', 'tulu', NULL, 0, 0, 1, 0, 'language.tulu', ''),
('language', 'te', 'telugu', NULL, 0, 0, 1, 0, 'language.telugu', ''),
('language', 'tem', 'timne', NULL, 0, 0, 1, 0, 'language.timne', ''),
('language', 'teo', 'teso', NULL, 0, 0, 1, 0, 'language.teso', ''),
('language', 'ter', 'tereno', NULL, 0, 0, 1, 0, 'language.tereno', ''),
('language', 'tet', 'tetum', NULL, 0, 0, 1, 0, 'language.tetum', ''),
('language', 'tg', 'tajik', NULL, 0, 0, 1, 0, 'language.tajik', ''),
('language', 'th', 'thai', NULL, 0, 0, 1, 0, 'language.thai', ''),
('language', 'ti', 'tigrinya', NULL, 0, 0, 1, 0, 'language.tigrinya', ''),
('language', 'tig', 'tigre', NULL, 0, 0, 1, 0, 'language.tigre', ''),
('language', 'tiv', 'tiv', NULL, 0, 0, 1, 0, 'language.tiv', ''),
('language', 'tk', 'turkmen', NULL, 0, 0, 1, 0, 'language.turkmen', ''),
('language', 'tkl', 'tokelau', NULL, 0, 0, 1, 0, 'language.tokelau', ''),
('language', 'tkr', 'tsakhur', NULL, 0, 0, 1, 0, 'language.tsakhur', ''),
('language', 'tl', 'tagalog', NULL, 0, 0, 1, 0, 'language.tagalog', ''),
('language', 'tlh', 'klingon', NULL, 0, 0, 1, 0, 'language.klingon', ''),
('language', 'tli', 'tlingit', NULL, 0, 0, 1, 0, 'language.tlingit', ''),
('language', 'tly', 'talysh', NULL, 0, 0, 1, 0, 'language.talysh', ''),
('language', 'tmh', 'tamashek', NULL, 0, 0, 1, 0, 'language.tamashek', ''),
('language', 'tn', 'tswana', NULL, 0, 0, 1, 0, 'language.tswana', ''),
('language', 'to', 'tongan', NULL, 0, 0, 1, 0, 'language.tongan', ''),
('language', 'tog', 'tonga.nyasa', NULL, 0, 0, 1, 0, 'language.tonga.nyasa', ''),
('language', 'tpi', 'pisin.tok', NULL, 0, 0, 1, 0, 'language.pisin.tok', ''),
('language', 'tr', 'turkish', NULL, 0, 0, 1, 0, 'language.turkish', ''),
('language', 'tru', 'turoyo', NULL, 0, 0, 1, 0, 'language.turoyo', ''),
('language', 'trv', 'taroko', NULL, 0, 0, 1, 0, 'language.taroko', ''),
('language', 'ts', 'tsonga', NULL, 0, 0, 1, 0, 'language.tsonga', ''),
('language', 'tsd', 'tsakonian', NULL, 0, 0, 1, 0, 'language.tsakonian', ''),
('language', 'tsi', 'tsimshian', NULL, 0, 0, 1, 0, 'language.tsimshian', ''),
('language', 'tt', 'tatar', NULL, 0, 0, 1, 0, 'language.tatar', ''),
('language', 'ttt', 'tat.muslim', NULL, 0, 0, 1, 0, 'language.tat.muslim', ''),
('language', 'tum', 'tumbuka', NULL, 0, 0, 1, 0, 'language.tumbuka', ''),
('language', 'tvl', 'tuvalu', NULL, 0, 0, 1, 0, 'language.tuvalu', ''),
('language', 'tw', 'twi', NULL, 0, 0, 1, 0, 'language.twi', ''),
('language', 'twq', 'tasawaq', NULL, 0, 0, 1, 0, 'language.tasawaq', ''),
('language', 'ty', 'tahitian', NULL, 0, 0, 1, 0, 'language.tahitian', ''),
('language', 'tyv', 'tuvinian', NULL, 0, 0, 1, 0, 'language.tuvinian', ''),
('language', 'tzm', 'tamazight.centralatlas', NULL, 0, 0, 1, 0, 'language.tamazight.centralatlas', ''),
('language', 'udm', 'udmurt', NULL, 0, 0, 1, 0, 'language.udmurt', ''),
('language', 'ug', 'uyghur', NULL, 0, 0, 1, 0, 'language.uyghur', ''),
('language', 'uga', 'ugaritic', NULL, 0, 0, 1, 0, 'language.ugaritic', ''),
('language', 'uk', 'ukrainian', NULL, 0, 0, 1, 0, 'language.ukrainian', ''),
('language', 'umb', 'umbundu', NULL, 0, 0, 1, 0, 'language.umbundu', ''),
('language', 'und', 'unknown', NULL, 0, 0, 1, 0, 'language.unknown', ''),
('language', 'ur', 'urdu', NULL, 0, 0, 1, 0, 'language.urdu', ''),
('language', 'uz', 'uzbek', NULL, 0, 0, 1, 0, 'language.uzbek', ''),
('language', 'vai', 'vai', NULL, 0, 0, 1, 0, 'language.vai', ''),
('language', 've', 'venda', NULL, 0, 0, 1, 0, 'language.venda', ''),
('language', 'vec', 'venetian', NULL, 0, 0, 1, 0, 'language.venetian', ''),
('language', 'vep', 'veps', NULL, 0, 0, 1, 0, 'language.veps', ''),
('language', 'vi', 'vietnamese', NULL, 0, 0, 1, 0, 'language.vietnamese', ''),
('language', 'vls', 'flemish.west', NULL, 0, 0, 1, 0, 'language.flemish.west', ''),
('language', 'vmf', 'franconian.main', NULL, 0, 0, 1, 0, 'language.franconian.main', ''),
('language', 'vo', 'volapk', NULL, 0, 0, 1, 0, 'language.volapk', ''),
('language', 'vot', 'votic', NULL, 0, 0, 1, 0, 'language.votic', ''),
('language', 'vro', 'vro', NULL, 0, 0, 1, 0, 'language.vro', ''),
('language', 'vun', 'vunjo', NULL, 0, 0, 1, 0, 'language.vunjo', ''),
('language', 'wa', 'walloon', NULL, 0, 0, 1, 0, 'language.walloon', ''),
('language', 'wae', 'walser', NULL, 0, 0, 1, 0, 'language.walser', ''),
('language', 'wal', 'wolaytta', NULL, 0, 0, 1, 0, 'language.wolaytta', ''),
('language', 'war', 'waray', NULL, 0, 0, 1, 0, 'language.waray', ''),
('language', 'was', 'washo', NULL, 0, 0, 1, 0, 'language.washo', ''),
('language', 'wbp', 'warlpiri', NULL, 0, 0, 1, 0, 'language.warlpiri', ''),
('language', 'wo', 'wolof', NULL, 0, 0, 1, 0, 'language.wolof', ''),
('language', 'wuu', 'chinese.wu', NULL, 0, 0, 1, 0, 'language.chinese.wu', ''),
('language', 'xal', 'kalmyk', NULL, 0, 0, 1, 0, 'language.kalmyk', ''),
('language', 'xh', 'xhosa', NULL, 0, 0, 1, 0, 'language.xhosa', ''),
('language', 'xmf', 'mingrelian', NULL, 0, 0, 1, 0, 'language.mingrelian', ''),
('language', 'xog', 'soga', NULL, 0, 0, 1, 0, 'language.soga', ''),
('language', 'yao', 'yao', NULL, 0, 0, 1, 0, 'language.yao', ''),
('language', 'yap', 'yapese', NULL, 0, 0, 1, 0, 'language.yapese', ''),
('language', 'yav', 'yangben', NULL, 0, 0, 1, 0, 'language.yangben', ''),
('language', 'ybb', 'yemba', NULL, 0, 0, 1, 0, 'language.yemba', ''),
('language', 'yi', 'yiddish', NULL, 0, 0, 1, 0, 'language.yiddish', ''),
('language', 'yo', 'yoruba', NULL, 0, 0, 1, 0, 'language.yoruba', ''),
('language', 'yrl', 'nheengatu', NULL, 0, 0, 1, 0, 'language.nheengatu', ''),
('language', 'yue', 'cantonese', NULL, 0, 0, 1, 0, 'language.cantonese', ''),
('language', 'za', 'zhuang', NULL, 0, 0, 1, 0, 'language.zhuang', ''),
('language', 'zap', 'zapotec', NULL, 0, 0, 1, 0, 'language.zapotec', ''),
('language', 'zbl', 'blissymbols', NULL, 0, 0, 1, 0, 'language.blissymbols', ''),
('language', 'zea', 'zeelandic', NULL, 0, 0, 1, 0, 'language.zeelandic', ''),
('language', 'zen', 'zenaga', NULL, 0, 0, 1, 0, 'language.zenaga', ''),
('language', 'zgh', 'tamazight.standardmoroccan', NULL, 0, 0, 1, 0, 'language.tamazight.standardmoroccan', ''),
('language', 'zh', 'chinese', NULL, 0, 0, 1, 0, 'language.chinese', ''),
('language', 'zh-Hans', 'chinese.simplified', NULL, 0, 0, 1, 0, 'language.chinese.simplified', ''),
('language', 'zh-Hant', 'chinese.traditional', NULL, 0, 0, 1, 0, 'language.chinese.traditional', ''),
('language', 'zu', 'zulu', NULL, 0, 0, 1, 0, 'language.zulu', ''),
('language', 'zun', 'zuni', NULL, 0, 0, 1, 0, 'language.zuni', ''),
('language', 'zxx', 'none', NULL, 0, 0, 1, 0, 'language.none', ''),
('language', 'zza', 'zaza', NULL, 0, 0, 1, 0, 'language.zaza', ''),
('mass', 'g', 'gram', NULL, 1, 0, 1, 0, 'mass.gram', ''),
('mass', 'kg', 'kilogram', NULL, 0, 0, 1, 0, 'mass.kilogram', ''),
('mass', 'mg', 'milligram', NULL, 0, 0, 1, 0, 'mass.milligram', ''),
('mass', 't', 'tonne', NULL, 0, 0, 1, 0, 'mass.tonne', ''),
('mass', 'g', 'microgram', NULL, 0, 0, 1, 0, 'mass.microgram', ''),
('mediatype', 'image/jpeg', 'jpeg', NULL, 0, 0, 1, 0, 'core.mediatype.image.jpeg', ''),
('mediatype', 'image/png', 'png', NULL, 0, 0, 1, 0, 'core.mediatype.image.png', ''),
('mediatype', 'text/html', 'html', NULL, 0, 0, 1, 0, 'core.mediatype.text.html', ''),
('mediatype', 'text/plain', 'plain', NULL, 0, 0, 1, 0, 'core.mediatype.text.plain', ''),
('spatial.crs', '4326', 'WGS84', NULL, 0, 0, 1, 0, 'spatial.crs.wgs84', ''),
('spatial.format', 'geojson', '', NULL, 0, 0, 1, 0, 'spatial.format.geojson', ''),
('spatial.format', 'gpx', '', NULL, 0, 0, 1, 0, 'spatial.format.gpx', ''),
('spatial.format', 'wkt', '', NULL, 0, 0, 1, 0, 'spatial.format.wkt', '');

--
-- Dumping data for table `ark_vocabulary_type`
--

INSERT INTO `ark_vocabulary_type` (`type`, `equivalence`, `hierarchy`, `association`, `enabled`, `deprecated`, `keyword`, `description`) VALUES
('list', 0, 0, 0, 1, 0, 'core.vocabulary.type.list', 'A list of valid terms'),
('ring', 1, 0, 0, 0, 0, 'core.vocabulary.type.ring', 'A list of equivalent terms'),
('taxonomy', 0, 1, 0, 1, 0, 'core.vocabulary.type.taxonomy', 'A hierarchy of related terms'),
('thesaurus', 1, 1, 1, 0, 0, 'core.vocabulary.type.thesaurus', 'A collection of related terms');

--
-- Dumping data for table `ark_workflow_action`
--

INSERT INTO `ark_workflow_action` (`schma`, `action`, `event_vocabulary`, `event_term`, `agent`, `actionable`, `default_permission`, `default_agency`, `default_allowance`, `enabled`, `keyword`, `description`) VALUES
('core.actor', 'activate', 'core.event.class', 'activated', NULL, 1, 0, 1, 0, 1, 'core.action.activate', NULL),
('core.actor', 'approve', 'core.event.class', 'approved', NULL, 1, 0, 1, 0, 1, 'core.action.approve', NULL),
('core.actor', 'cancel', 'core.event.class', 'cancelled', NULL, 1, 0, 1, 0, 1, 'core.action.cancel', NULL),
('core.actor', 'edit', 'core.event.class', 'edited', NULL, 0, 0, 1, 0, 1, 'core.action.edit', NULL),
('core.actor', 'lock', 'core.event.class', 'locked', NULL, 1, 0, 1, 0, 1, 'core.action.activate', NULL),
('core.actor', 'register', 'core.event.class', 'registered', NULL, 0, 1, 1, 1, 1, 'core.action.register', NULL),
('core.actor', 'restore', 'core.event.class', 'restored', NULL, 1, 0, 1, 0, 1, 'core.action.restore', NULL),
('core.actor', 'suspend', 'core.event.class', 'suspended', NULL, 1, 0, 1, 0, 1, 'core.action.suspend', NULL),
('core.actor', 'unlock', 'core.event.class', 'unlocked', NULL, 1, 0, 1, 0, 1, 'core.action.activate', NULL),
('core.actor', 'view', 'core.event.class', 'viewed', NULL, 0, 0, 1, 0, 1, 'core.action.view1', NULL),
('core.event', 'edit', 'core.event.class', 'edited', NULL, 0, 0, 0, 0, 1, 'dime.action.edit', 'Edit find record'),
('core.event', 'view', 'core.event.class', 'viewed', NULL, 0, 0, 0, 0, 1, 'dime.action.view', 'View find record'),
('core.file', 'edit', 'core.event.class', 'edited', NULL, 0, 0, 0, 0, 1, 'dime.action.edit', 'Edit find record'),
('core.file', 'view', 'core.event.class', 'viewed', NULL, 0, 0, 1, 0, 1, 'dime.action.view', 'View find record'),
('core.message', 'edit', 'core.event.class', 'edited', NULL, 0, 0, 1, 0, 1, 'dime.action.edit', 'Edit find record'),
('core.message', 'view', 'core.event.class', 'viewed', NULL, 0, 0, 1, 0, 1, 'dime.action.view', 'View find record'),
('core.page', 'edit', 'core.event.class', 'edited', NULL, 0, 0, 1, 0, 1, 'dime.action.edit', 'Edit find record'),
('core.page', 'view', 'core.event.class', 'viewed', NULL, 0, 0, 1, 0, 1, 'dime.action.view', 'View find record');

--
-- Dumping data for table `ark_workflow_allow`
--

INSERT INTO `ark_workflow_allow` (`schma`, `action`, `role`, `operator`) VALUES
('core.actor', 'activate', 'admin', 'is'),
('core.actor', 'activate', 'sysadmin', 'is'),
('core.actor', 'approve', 'admin', 'is'),
('core.actor', 'approve', 'sysadmin', 'is'),
('core.actor', 'cancel', 'admin', 'is'),
('core.actor', 'cancel', 'sysadmin', 'is'),
('core.actor', 'edit', 'admin', 'is'),
('core.actor', 'edit', 'sysadmin', 'is'),
('core.actor', 'restore', 'admin', 'is'),
('core.actor', 'restore', 'sysadmin', 'is'),
('core.actor', 'suspend', 'admin', 'is'),
('core.actor', 'suspend', 'sysadmin', 'is'),
('core.actor', 'view', 'admin', 'is'),
('core.actor', 'view', 'anonymous', 'is'),
('core.actor', 'view', 'sysadmin', 'is'),
('core.actor', 'view', 'user', 'is'),
('core.page', 'edit', 'admin', 'is'),
('core.page', 'edit', 'sysadmin', 'is'),
('core.page', 'view', 'admin', 'is'),
('core.page', 'view', 'anonymous', 'is'),
('core.page', 'view', 'sysadmin', 'is');

--
-- Dumping data for table `ark_workflow_condition`
--

INSERT INTO `ark_workflow_condition` (`schma`, `action`, `class`, `attribute`, `grp`, `operator`, `value`) VALUES
('core.actor', 'approve', 'person', 'status', 0, 'eq', 'registered'),
('core.actor', 'approve', 'person', 'status', 1, 'eq', 'verified'),
('core.actor', 'lock', 'person', 'status', 0, 'eq', 'approved'),
('core.actor', 'suspend', 'person', 'status', 0, 'eq', 'approved');

--
-- Dumping data for table `ark_workflow_grant`
--

INSERT INTO `ark_workflow_grant` (`role`, `permission`) VALUES
('admin', 'core.actor.read'),
('admin', 'core.actor.update'),
('admin', 'core.admin'),
('admin', 'core.admin.user'),
('admin', 'core.message.read'),
('admin', 'core.message.update'),
('admin', 'core.page.read'),
('anonymous', 'core.actor.read'),
('anonymous', 'core.page.read'),
('anonymous', 'core.user.confirm'),
('anonymous', 'core.user.login'),
('anonymous', 'core.user.register'),
('anonymous', 'core.user.reset'),
('sysadmin', 'core.actor.read'),
('sysadmin', 'core.actor.update'),
('sysadmin', 'core.admin'),
('sysadmin', 'core.admin.system'),
('sysadmin', 'core.admin.user'),
('sysadmin', 'core.message.read'),
('sysadmin', 'core.message.update'),
('sysadmin', 'core.page.read'),
('user', 'core.actor.read'),
('user', 'core.actor.update'),
('user', 'core.file.read'),
('user', 'core.message.read'),
('user', 'core.message.update'),
('user', 'core.page.read');

--
-- Dumping data for table `ark_workflow_notify`
--

INSERT INTO `ark_workflow_notify` (`id`, `schma`, `action`, `class`, `attribute`, `role`, `keyword`) VALUES
(1, 'core.actor', 'register', 'person', NULL, 'admin', NULL);

--
-- Dumping data for table `ark_workflow_permission`
--

INSERT INTO `ark_workflow_permission` (`permission`, `enabled`, `keyword`, `description`) VALUES
('core.actor.create', 1, NULL, NULL),
('core.actor.delete', 1, NULL, NULL),
('core.actor.read', 1, NULL, NULL),
('core.actor.register', 1, NULL, NULL),
('core.actor.update', 1, NULL, NULL),
('core.admin', 1, NULL, NULL),
('core.admin.system', 1, NULL, NULL),
('core.admin.user', 1, NULL, NULL),
('core.event.create', 1, NULL, NULL),
('core.event.delete', 1, NULL, NULL),
('core.event.read', 1, NULL, NULL),
('core.event.update', 1, NULL, NULL),
('core.file.create', 1, NULL, NULL),
('core.file.delete', 1, NULL, NULL),
('core.file.read', 1, NULL, NULL),
('core.file.update', 1, NULL, NULL),
('core.message.create', 1, NULL, NULL),
('core.message.delete', 1, NULL, NULL),
('core.message.read', 1, NULL, NULL),
('core.message.update', 1, NULL, NULL),
('core.page.create', 1, NULL, NULL),
('core.page.delete', 1, NULL, NULL),
('core.page.read', 1, NULL, NULL),
('core.page.update', 1, NULL, NULL),
('core.user.confirm', 1, NULL, NULL),
('core.user.login', 1, NULL, NULL),
('core.user.logout', 1, NULL, NULL),
('core.user.register', 1, NULL, NULL),
('core.user.reset', 1, NULL, NULL);

--
-- Dumping data for table `ark_workflow_role`
--

INSERT INTO `ark_workflow_role` (`role`, `agent_for`, `level`, `enabled`, `keyword`) VALUES
('admin', NULL, 'ROLE_ADMIN', 1, 'core.role.admin'),
('anonymous', NULL, 'ROLE_ANON', 1, 'core.role.anon'),
('sysadmin', NULL, 'ROLE_SUPER_ADMIN', 1, 'core.role.admin'),
('user', NULL, 'ROLE_USER', 1, 'core.role.user');

--
-- Dumping data for table `ark_workflow_update`
--

INSERT INTO `ark_workflow_update` (`schma`, `action`, `class`, `attribute`, `actor`, `subject`, `clear`, `term`, `id`, `source`) VALUES
('core.actor', 'approve', 'person', 'status', NULL, NULL, NULL, 'approved', NULL, NULL),
('core.actor', 'cancel', 'person', 'status', NULL, NULL, NULL, 'closed', NULL, NULL),
('core.actor', 'lock', 'person', 'status', NULL, NULL, NULL, 'locked', NULL, NULL),
('core.actor', 'register', 'person', 'status', NULL, NULL, NULL, 'registered', NULL, NULL),
('core.actor', 'suspend', 'person', 'status', NULL, NULL, NULL, 'suspended', NULL, NULL),
('core.actor', 'unlock', 'person', 'status', NULL, NULL, NULL, 'approved', NULL, NULL);

SET FOREIGN_KEY_CHECKS=1;
COMMIT;

/*!40101 SET CHARACTER_SET_CLIENT=@OLD_CHARACTER_SET_CLIENT */;
/*!40101 SET CHARACTER_SET_RESULTS=@OLD_CHARACTER_SET_RESULTS */;
/*!40101 SET COLLATION_CONNECTION=@OLD_COLLATION_CONNECTION */;
