-- phpMyAdmin SQL Dump
-- version 4.4.10
-- http://www.phpmyadmin.net
--
-- Host: localhost:8889
-- Generation Time: Apr 27, 2016 at 01:36 PM
-- Server version: 5.5.42
-- PHP Version: 5.6.10

SET SQL_MODE = "NO_AUTO_VALUE_ON_ZERO";
SET time_zone = "+00:00";

--
-- ARK Single Context Recording configuration
--

--
-- Truncate table before insert `cor_conf_alias`
--

TRUNCATE TABLE `cor_conf_alias`;
--
-- Dumping data for table `cor_conf_alias`
--

INSERT INTO `cor_conf_alias` (`element_id`, `tbl`, `col`, `src_key`, `type`, `lang`) VALUES
('conf_field_abk_cd', 'cor_tbl_module', 'itemkey', 'abk_cd', 1, NULL),
('conf_field_abktype', 'cor_tbl_col', 'dbname', 'abktype', 1, NULL),
('conf_field_cxt_cd', 'cor_tbl_module', 'itemkey', 'cxt_cd', 1, NULL),
('conf_field_cxttype', 'cor_tbl_col', 'dbname', 'cxttype', 1, NULL),
('conf_field_cxtxmipln', 'cor_tbl_module', 'itemkey', 'cxt_cd', 1, NULL),
('conf_field_cxtxmirgf', 'cor_tbl_module', 'itemkey', 'cxt_cd', 1, NULL),
('conf_field_cxtxmisec', 'cor_tbl_module', 'itemkey', 'cxt_cd', 1, NULL),
('conf_field_cxtxmismp', 'cor_tbl_module', 'itemkey', 'cxt_cd', 1, NULL),
('conf_field_cxtxmisph', 'cor_tbl_module', 'itemkey', 'cxt_cd', 1, NULL),
('conf_field_cxtxmitmb', 'cor_tbl_module', 'itemkey', 'cxt_cd', 1, NULL),
('conf_field_file_drawing', 'cor_lut_filetype', 'filetype', 'drawing', 1, NULL),
('conf_field_flotrec', 'cor_lut_attribute', 'attribute', 'lghfrac_rec', 1, NULL),
('conf_field_hfass', 'cor_lut_attribute', 'attribute', 'hfass', 1, NULL),
('conf_field_pln_cd', 'cor_tbl_module', 'itemkey', 'tmb_cd', 1, NULL),
('conf_field_plnxmicxt', 'cor_tbl_module', 'itemkey', 'pln_cd', 1, NULL),
('conf_field_plnxmitmb', 'cor_tbl_module', 'itemkey', 'pln_cd', 1, NULL),
('conf_field_process', 'cor_lut_attributetype', 'attributetype', 'process', 1, NULL),
('conf_field_rgf_cd', 'cor_tbl_module', 'itemkey', 'rgf_cd', 1, NULL),
('conf_field_rgftype', 'cor_tbl_col', 'dbname', 'rgftype', 1, NULL),
('conf_field_rgfxmicxt', 'cor_tbl_module', 'itemkey', 'rgf_cd', 1, NULL),
('conf_field_sec_cd', 'cor_tbl_module', 'itemkey', 'sec_cd', 1, NULL),
('conf_field_secxmicxt', 'cor_tbl_module', 'itemkey', 'sec_cd', 1, NULL),
('conf_field_secxmipln', 'cor_tbl_module', 'itemkey', 'pln_cd', 1, NULL),
('conf_field_sgr_cd', 'cor_tbl_module', 'itemkey', 'sgr_cd', 1, NULL),
('conf_field_sgrcxtxmi', 'cor_tbl_module', 'itemkey', 'cxt_cd', 1, NULL),
('conf_field_smp_cd', 'cor_tbl_module', 'itemkey', 'smp_cd', 1, NULL),
('conf_field_smpxmicxt', 'cor_tbl_module', 'itemkey', 'smp_cd', 1, NULL),
('conf_field_sph_cd', 'cor_tbl_module', 'itemkey', 'sph_cd', 1, NULL),
('conf_field_sphxmicxt', 'cor_tbl_module', 'itemkey', 'sph_cd', 1, NULL),
('conf_field_sphxmitmb', 'cor_tbl_module', 'itemkey', 'sph_cd', 1, NULL),
('conf_field_tmbxmipln', 'cor_tbl_module', 'itemkey', 'tmb_cd', 1, NULL),
('conf_field_tmbxmisph', 'cor_tbl_module', 'itemkey', 'tmb_cd', 1, NULL);

--
-- Truncate table before insert `cor_conf_ark`
--

TRUNCATE TABLE `cor_conf_ark`;
--
-- Dumping data for table `cor_conf_ark`
--

INSERT INTO `cor_conf_ark` (`id`, `name`, `markup`, `site_code`, `display_errors`, `log_ins`, `log_upd`, `log_del`, `search_mode`, `search_ftx_mode`, `anon_login`, `anon_user`, `anon_password`, `skin`, `skin_mobile`, `form_method`, `language`, `arkthumb_width`, `arkthumb_height`, `webthumb_width`, `webthumb_height`, `max_upload_size`, `version_original`, `version_database`) VALUES
(1, 'ark', 'ark', 'ARK2', 1, 0, 0, 0, 'live', 'fancy', 0, 'anon', 'anon', 'arkologik', 'arkemical', 'post', 'en', 240, 240, 1000, 1000, '10M', '2.0', '2.0');

--
-- Truncate table before insert `cor_conf_condition`
--

TRUNCATE TABLE `cor_conf_condition`;
--
-- Dumping data for table `cor_conf_condition`
--

INSERT INTO `cor_conf_condition` (`element_id`, `seq`, `func`, `args`) VALUES
('cxt_other_matrix', 0, 'chkFragPresence', 'span,sameas'),
('cxt_pln_display', 0, 'chkFragPresence', 'xmi,pln'),
('cxt_rgf_display', 0, 'chkFragPresence', 'xmi,rgf'),
('cxt_sec_display', 0, 'chkFragPresence', 'xmi,sec'),
('cxt_sph_display', 0, 'chkFragPresence', 'xmi,sph'),
('cxt_timberframe', 0, 'chkModTypeCond', '5'),
('cxt_tmb_display', 0, 'chkFragPresence', 'xmi,tmb'),
('pln_tmb_display', 0, 'chkFragPresence', 'xmi,tmb');

--
-- Truncate table before insert `cor_conf_element`
--

TRUNCATE TABLE `cor_conf_element`;
--
-- Dumping data for table `cor_conf_element`
--

INSERT INTO `cor_conf_element` (`element_id`, `element_type`, `description`) VALUES
('abk_cd_register', 'subform', 'Subform abk_cd_register'),
('abk_desc', 'subform', 'Subform abk_desc'),
('conf_event_checked', 'event', 'Event checked'),
('conf_event_compiled', 'event', 'Event compiled'),
('conf_event_drawn', 'event', 'Event drawn'),
('conf_event_issued', 'event', 'Event issued'),
('conf_event_taken', 'event', 'Event taken'),
('conf_field_abk_cd', 'field', 'Field conf_field_abk_cd'),
('conf_field_abktype', 'field', 'Field conf_field_abktype'),
('conf_field_checkedby', 'field', 'Field conf_field_checkedby'),
('conf_field_compiledby', 'field', 'Field conf_field_compiledby'),
('conf_field_compiledon', 'field', 'Field conf_field_compiledon'),
('conf_field_contamination', 'field', 'Field conf_field_contamination'),
('conf_field_cxt_cd', 'field', 'Field conf_field_cxt_cd'),
('conf_field_cxt_schm_geos', 'field', 'Field conf_field_cxt_schm_geos'),
('conf_field_cxtbasicinterp', 'field', 'Field conf_field_cxtbasicinterp'),
('conf_field_cxttype', 'field', 'Field conf_field_cxttype'),
('conf_field_cxtxmipln', 'field', 'Field conf_field_cxtxmipln'),
('conf_field_cxtxmirgf', 'field', 'Field conf_field_cxtxmirgf'),
('conf_field_cxtxmisec', 'field', 'Field conf_field_cxtxmisec'),
('conf_field_cxtxmismp', 'field', 'Field conf_field_cxtxmismp'),
('conf_field_cxtxmisph', 'field', 'Field conf_field_cxtxmisph'),
('conf_field_cxtxmitmb', 'field', 'Field conf_field_cxtxmitmb'),
('conf_field_delete', 'field', 'Field conf_field_delete'),
('conf_field_drawnby', 'field', 'Field conf_field_drawnby'),
('conf_field_drawnon', 'field', 'Field conf_field_drawnon'),
('conf_field_facing', 'field', 'Field conf_field_facing'),
('conf_field_file', 'field', 'Field conf_field_file'),
('conf_field_file_drawing', 'field', 'Field conf_field_file_drawing'),
('conf_field_file_sheet', 'field', 'Field conf_field_file_sheet'),
('conf_field_findtype', 'field', 'Field conf_field_findtype'),
('conf_field_flotrec', 'field', 'Field conf_field_flotrec'),
('conf_field_hf_bags', 'field', 'Field conf_field_hf_bags'),
('conf_field_hf_status', 'field', 'Field conf_field_hf_status'),
('conf_field_hfass', 'field', 'Field conf_field_hfass'),
('conf_field_hfextrac', 'field', 'Field conf_field_hfextrac'),
('conf_field_initials', 'field', 'Field conf_field_initials'),
('conf_field_interp', 'field', 'Field conf_field_interp'),
('conf_field_interpretedby', 'field', 'Field conf_field_interpretedby'),
('conf_field_interpretedon', 'field', 'Field conf_field_interpretedon'),
('conf_field_issuedon', 'field', 'Field conf_field_issuedon'),
('conf_field_issuedto', 'field', 'Field conf_field_issuedto'),
('conf_field_lf_status', 'field', 'Field conf_field_lf_status'),
('conf_field_lflocn', 'field', 'Field conf_field_lflocn'),
('conf_field_locn', 'field', 'Field conf_field_locn'),
('conf_field_name', 'field', 'Field conf_field_name'),
('conf_field_othercomments', 'field', 'Field conf_field_othercomments'),
('conf_field_pln_cd', 'field', 'Field conf_field_pln_cd'),
('conf_field_plnxmicxt', 'field', 'Field conf_field_plnxmicxt'),
('conf_field_plnxmitmb', 'field', 'Field conf_field_plnxmitmb'),
('conf_field_position', 'field', 'Field conf_field_position'),
('conf_field_priority', 'field', 'Field conf_field_priority'),
('conf_field_process', 'field', 'Field conf_field_process'),
('conf_field_reuseattr', 'field', 'Field conf_field_reuseattr'),
('conf_field_reusetxt', 'field', 'Field conf_field_reusetxt'),
('conf_field_rgf_cd', 'field', 'Field conf_field_rgf_cd'),
('conf_field_rgfbasicinterp', 'field', 'Field conf_field_rgfbasicinterp'),
('conf_field_rgfcomment', 'field', 'Field conf_field_rgfcomment'),
('conf_field_rgfcompleteness', 'field', 'Field conf_field_rgfcompleteness'),
('conf_field_rgfdisplay', 'field', 'Field conf_field_rgfdisplay'),
('conf_field_rgfmaterial', 'field', 'Field conf_field_rgfmaterial'),
('conf_field_rgfperiod', 'field', 'Field conf_field_rgfperiod'),
('conf_field_rgftype', 'field', 'Field conf_field_rgftype'),
('conf_field_rgfxmicxt', 'field', 'Field conf_field_rgfxmicxt'),
('conf_field_sameas', 'field', 'Field conf_field_sameas'),
('conf_field_samplecondition', 'field', 'Field conf_field_samplecondition'),
('conf_field_samplequestions', 'field', 'Field conf_field_samplequestions'),
('conf_field_samplesize', 'field', 'Field conf_field_samplesize'),
('conf_field_samplestatus', 'field', 'Field conf_field_samplestatus'),
('conf_field_sampletype', 'field', 'Field conf_field_sampletype'),
('conf_field_scale', 'field', 'Field conf_field_scale'),
('conf_field_scalebar', 'field', 'Field conf_field_scalebar'),
('conf_field_sec_cd', 'field', 'Field conf_field_sec_cd'),
('conf_field_seclevel', 'field', 'Field conf_field_seclevel'),
('conf_field_secxmicxt', 'field', 'Field conf_field_secxmicxt'),
('conf_field_secxmipln', 'field', 'Field conf_field_secxmipln'),
('conf_field_sgr_cd', 'field', 'Field conf_field_sgr_cd'),
('conf_field_sgrcxtxmi', 'field', 'Field conf_field_sgrcxtxmi'),
('conf_field_sgrnarrative', 'field', 'Field conf_field_sgrnarrative'),
('conf_field_sgrnarrativeby', 'field', 'Field conf_field_sgrnarrativeby'),
('conf_field_sgrnarrativeon', 'field', 'Field conf_field_sgrnarrativeon'),
('conf_field_short_desc', 'field', 'Field conf_field_short_desc'),
('conf_field_smp_cd', 'field', 'Field conf_field_smp_cd'),
('conf_field_smpxmicxt', 'field', 'Field conf_field_smpxmicxt'),
('conf_field_sph_cd', 'field', 'Field conf_field_sph_cd'),
('conf_field_sphxmicxt', 'field', 'Field conf_field_sphxmicxt'),
('conf_field_sphxmitmb', 'field', 'Field conf_field_sphxmitmb'),
('conf_field_statusnotes', 'field', 'Field conf_field_statusnotes'),
('conf_field_subsamples', 'field', 'Field conf_field_subsamples'),
('conf_field_takenby', 'field', 'Field conf_field_takenby'),
('conf_field_takenon', 'field', 'Field conf_field_takenon'),
('conf_field_tmbcomment', 'field', 'Field conf_field_tmbcomment'),
('conf_field_tmbrxsec', 'field', 'Field conf_field_tmbrxsec'),
('conf_field_tmbstatus', 'field', 'Field conf_field_tmbstatus'),
('conf_field_tmbxmipln', 'field', 'Field conf_field_tmbxmipln'),
('conf_field_tmbxmisph', 'field', 'Field conf_field_tmbxmisph'),
('conf_field_typenotes', 'field', 'Field conf_field_typenotes'),
('conf_field_volume', 'field', 'Field conf_field_volume'),
('conf_field_xrayid', 'field', 'Field conf_field_xrayid'),
('conf_reg_op', 'field', 'Field conf_reg_op'),
('conf_reg_op_no_enter', 'field', 'Field conf_reg_op_no_enter'),
('cxt_bark', 'subform', 'Subform cxt_bark'),
('cxt_basicinterp', 'subform', 'Subform cxt_basicinterp'),
('cxt_cd_register', 'subform', 'Subform cxt_cd_register'),
('cxt_events', 'subform', 'Subform cxt_events'),
('cxt_file_display', 'subform', 'Subform cxt_file_display'),
('cxt_findtypes', 'subform', 'Subform cxt_findtypes'),
('cxt_interp', 'subform', 'Subform cxt_interp'),
('cxt_locn', 'subform', 'Subform cxt_locn'),
('cxt_matrix', 'subform', 'Subform cxt_matrix'),
('cxt_matrixframe', 'subform', 'Subform cxt_matrixframe'),
('cxt_other_matrix', 'subform', 'Subform cxt_other_matrix'),
('cxt_pln_display', 'subform', 'Subform cxt_pln_display'),
('cxt_reuseattr', 'subform', 'Subform cxt_reuseattr'),
('cxt_reusetxt', 'subform', 'Subform cxt_reusetxt'),
('cxt_rgf_display', 'subform', 'Subform cxt_rgf_display'),
('cxt_sec_display', 'subform', 'Subform cxt_sec_display'),
('cxt_sgr_display', 'subform', 'Subform cxt_sgr_display'),
('cxt_short_desc', 'subform', 'Subform cxt_short_desc'),
('cxt_smp_display', 'subform', 'Subform cxt_smp_display'),
('cxt_spat_display', 'subform', 'Subform cxt_spat_display'),
('cxt_sph_display', 'subform', 'Subform cxt_sph_display'),
('cxt_timberframe', 'subform', 'Subform cxt_timberframe'),
('cxt_tmb_display', 'subform', 'Subform cxt_tmb_display'),
('data_entry_abk_body', 'layout', 'Address Book Register Body Layout'),
('data_entry_abk_body_col', 'column', 'Address Book Register Body Column'),
('data_entry_cxt_body', 'layout', 'Context Register Body Layout'),
('data_entry_cxt_body_col', 'column', 'Context Register Body Column'),
('data_entry_grp_body', 'layout', 'Group Register Body Layout'),
('data_entry_grp_body_col', 'column', 'Group Register Body Column'),
('data_entry_pln_body', 'layout', 'Plan Register Body Layout'),
('data_entry_pln_body_col', 'column', 'Plan Register Body Column'),
('data_entry_rgf_body', 'layout', 'Registered Find Register Body Layout'),
('data_entry_rgf_body_col', 'column', 'Registered Find Register Body Column'),
('data_entry_sec_body', 'layout', 'Section Register Body Layout'),
('data_entry_sec_body_col', 'column', 'Section Register Body Column'),
('data_entry_sgr_body', 'layout', 'Subgroup Register Body Layout'),
('data_entry_sgr_body_col', 'column', 'Subgroup Register Body Column'),
('data_entry_smp_body', 'layout', 'Sample Register Body Layout'),
('data_entry_smp_body_col', 'column', 'Sample Register Body Column'),
('data_entry_sph_body', 'layout', 'Site Photo Register Body Layout'),
('data_entry_sph_body_col', 'column', 'Site Photo Register Body Column'),
('data_entry_tmb_body', 'layout', 'Timber Register Body Layout'),
('data_entry_tmb_body_col', 'column', 'Timber Register Body Column'),
('grp_message', 'subform', 'Subform grp_message'),
('micro_view_abk_body', 'layout', 'Address Book Record View Body Layout'),
('micro_view_abk_body_col_1', 'column', 'Address Book Record View Body Column 1'),
('micro_view_cxt_body', 'layout', 'Context Record View Body Layout'),
('micro_view_cxt_body_col_1', 'column', 'Context Record View Body Column 1'),
('micro_view_cxt_body_col_2', 'column', 'Context Record View Body Column 2'),
('micro_view_cxt_body_col_3', 'column', 'Context Record View Body Column 3'),
('micro_view_grp_body', 'layout', 'Group Record View Body Layout'),
('micro_view_grp_body_col_1', 'column', 'Group Record View Body Column 1'),
('micro_view_grp_body_col_2', 'column', 'Group Record View Body Column 2'),
('micro_view_pln_body', 'layout', 'Plan Record View Body Layout'),
('micro_view_pln_body_col_1', 'column', 'Plan Record View Body Column 1'),
('micro_view_pln_body_col_2', 'column', 'Plan Record View Body Column 2'),
('micro_view_rgf_body', 'layout', 'Registered Find Record View Body Layout'),
('micro_view_rgf_body_col_1', 'column', 'Registered Find Record View Body Column 1'),
('micro_view_rgf_body_col_2', 'column', 'Registered Find Record View Body Column 2'),
('micro_view_sec_body', 'layout', 'Section Record View Body Layout'),
('micro_view_sec_body_col_1', 'column', 'Section Record View Body Column 1'),
('micro_view_sec_body_col_2', 'column', 'Section Record View Body Column 2'),
('micro_view_sgr_body', 'layout', 'Subgroup Record View Body Layout'),
('micro_view_sgr_body_col_1', 'column', 'Subgroup Record View Body Column 1'),
('micro_view_sgr_body_col_2', 'column', 'Subgroup Record View Body Column 2'),
('micro_view_sgr_body_col_3', 'column', 'Subgroup Record View Body Column 3'),
('micro_view_smp_body', 'layout', 'Sample Record View Body Layout'),
('micro_view_smp_body_col_1', 'column', 'Sample Record View Body Column 1'),
('micro_view_smp_body_col_2', 'column', 'Sample Record View Body Column 2'),
('micro_view_sph_body', 'layout', 'Site Photo Record View Body Layout'),
('micro_view_sph_body_col_1', 'column', 'Site Photo Record View Body Column 1'),
('micro_view_sph_body_col_2', 'column', 'Site Photo Record View Body Column 2'),
('micro_view_tmb_body', 'layout', 'Timber Record View Body Layout'),
('micro_view_tmb_body_col_1', 'column', 'Timber Record View Body Column 1'),
('micro_view_tmb_body_col_2', 'column', 'Timber Record View Body Column 2'),
('pln_attr', 'subform', 'Subform pln_attr'),
('pln_cd_register', 'subform', 'Subform pln_cd_register'),
('pln_cxt_display', 'subform', 'Subform pln_cxt_display'),
('pln_drawings_display', 'subform', 'Subform pln_drawings_display'),
('pln_img_desc', 'subform', 'Subform pln_img_desc'),
('pln_meta', 'subform', 'Subform pln_meta'),
('pln_tmb_display', 'subform', 'Subform pln_tmb_display'),
('rgf_basicinterp', 'subform', 'Subform rgf_basicinterp'),
('rgf_cd_register', 'subform', 'Subform rgf_cd_register'),
('rgf_comment', 'subform', 'Subform rgf_comment'),
('rgf_dispchars', 'subform', 'Subform rgf_dispchars'),
('rgf_events', 'subform', 'Subform rgf_events'),
('rgf_img_desc', 'subform', 'Subform rgf_img_desc'),
('rgf_xmi_cxts', 'subform', 'Subform rgf_xmi_cxts'),
('sec_attributes', 'subform', 'Subform sec_attributes'),
('sec_cd_register', 'subform', 'Subform sec_cd_register'),
('sec_cxt_display', 'subform', 'Subform sec_cxt_display'),
('sec_desc', 'subform', 'Subform sec_desc'),
('sec_meta', 'subform', 'Subform sec_meta'),
('sec_plan_link', 'subform', 'Subform sec_plan_link'),
('sgr_cd_register', 'subform', 'Subform sgr_cd_register'),
('sgr_cxttbl', 'subform', 'Subform sgr_cxttbl'),
('sgr_matrix', 'subform', 'Subform sgr_matrix'),
('sgr_narrative', 'subform', 'Subform sgr_narrative'),
('sgr_su_description', 'subform', 'Subform sgr_su_description'),
('smp_cd_register', 'subform', 'Subform smp_cd_register'),
('smp_cond', 'subform', 'Subform smp_cond'),
('smp_desc_frame', 'subform', 'Subform smp_desc_frame'),
('smp_events', 'subform', 'Subform smp_events'),
('smp_hfextrac', 'subform', 'Subform smp_hfextrac'),
('smp_hfstatus', 'subform', 'Subform smp_hfstatus'),
('smp_hvy_fr_ass', 'subform', 'Subform smp_hvy_fr_ass'),
('smp_hvy_fracfrm', 'subform', 'Subform smp_hvy_fracfrm'),
('smp_lflocn', 'subform', 'Subform smp_lflocn'),
('smp_lfstatus', 'subform', 'Subform smp_lfstatus'),
('smp_lgh_fr_rec', 'subform', 'Subform smp_lgh_fr_rec'),
('smp_lgh_fracfrm', 'subform', 'Subform smp_lgh_fracfrm'),
('smp_numofbags', 'subform', 'Subform smp_numofbags'),
('smp_othercomments', 'subform', 'Subform smp_othercomments'),
('smp_questions', 'subform', 'Subform smp_questions'),
('smp_samplestatus', 'subform', 'Subform smp_samplestatus'),
('smp_short_desc', 'subform', 'Subform smp_short_desc'),
('smp_status_frame', 'subform', 'Subform smp_status_frame'),
('smp_statusnotes', 'subform', 'Subform smp_statusnotes'),
('smp_volume', 'subform', 'Subform smp_volume'),
('smp_xmi_cxts', 'subform', 'Subform smp_xmi_cxts'),
('sph_cd_register', 'subform', 'Subform sph_cd_register'),
('sph_cxt_display', 'subform', 'Subform sph_cxt_display'),
('sph_events', 'subform', 'Subform sph_events'),
('sph_img_desc', 'subform', 'Subform sph_img_desc'),
('sph_img_display', 'subform', 'Subform sph_img_display'),
('sph_phoattributes', 'subform', 'Subform sph_phoattributes'),
('sph_tmb_display', 'subform', 'Subform sph_tmb_display'),
('tbm_locn', 'subform', 'Subform tbm_locn'),
('tmb_cd_register', 'subform', 'Subform tmb_cd_register'),
('tmb_comment', 'subform', 'Subform tmb_comment'),
('tmb_events', 'subform', 'Subform tmb_events'),
('tmb_file_display', 'subform', 'Subform tmb_file_display'),
('tmb_img_desc', 'subform', 'Subform tmb_img_desc'),
('tmb_status', 'subform', 'Subform tmb_status'),
('tmb_xmi_cxts', 'subform', 'Subform tmb_xmi_cxts'),
('tmb_xmi_photos', 'subform', 'Subform tmb_xmi_photos'),
('tmb_xmi_pln', 'subform', 'Subform tmb_xmi_pln');

--
-- Truncate table before insert `cor_conf_element_type`
--

TRUNCATE TABLE `cor_conf_element_type`;
--
-- Dumping data for table `cor_conf_element_type`
--

INSERT INTO `cor_conf_element_type` (`element_type`, `conf_table`, `conf_key`, `description`) VALUES
('column', '', '', 'Column'),
('event', '', '', 'Event'),
('field', 'cor_conf_field', 'field_id', 'Field'),
('layout', '', '', 'Layout'),
('nav', 'cor_conf_nav', 'nav_id', 'Navigation'),
('page', 'cor_conf_page', 'page_id', 'Page'),
('subform', 'cor_conf_subform', 'subform_id', 'Subform');

--
-- Truncate table before insert `cor_conf_element_vld`
--

TRUNCATE TABLE `cor_conf_element_vld`;
--
-- Dumping data for table `cor_conf_element_vld`
--

INSERT INTO `cor_conf_element_vld` (`element_id`, `vld_role`, `vld_group_id`) VALUES
('conf_field_abk_cd', 'add', 'key_add_validation'),
('conf_field_abk_cd', 'edt', 'key_edt_validation'),
('conf_field_checkedby', 'add', 'action_add_validation'),
('conf_field_checkedby', 'edt', 'action_edt_validation'),
('conf_field_compiledby', 'add', 'action_add_validation'),
('conf_field_compiledby', 'edt', 'action_edt_validation'),
('conf_field_compiledon', 'add', 'date_add_validation'),
('conf_field_compiledon', 'edt', 'date_edt_validation'),
('conf_field_contamination', 'add', 'attr_add_validation'),
('conf_field_contamination', 'edt', 'attr_edt_validation'),
('conf_field_cxt_cd', 'add', 'key_add_validation'),
('conf_field_cxt_cd', 'edt', 'key_edt_validation'),
('conf_field_cxtbasicinterp', 'add', 'attr_add_validation'),
('conf_field_cxtbasicinterp', 'edt', 'attr_edt_validation'),
('conf_field_cxtxmipln', 'add', 'xmi_add_validation'),
('conf_field_cxtxmipln', 'edt', 'xmi_edt_validation'),
('conf_field_cxtxmirgf', 'add', 'xmi_add_validation'),
('conf_field_cxtxmirgf', 'edt', 'xmi_edt_validation'),
('conf_field_cxtxmisec', 'add', 'xmi_add_validation'),
('conf_field_cxtxmisec', 'edt', 'xmi_edt_validation'),
('conf_field_cxtxmismp', 'add', 'xmi_add_validation'),
('conf_field_cxtxmismp', 'edt', 'xmi_edt_validation'),
('conf_field_cxtxmisph', 'add', 'xmi_add_validation'),
('conf_field_cxtxmisph', 'edt', 'xmi_edt_validation'),
('conf_field_cxtxmitmb', 'add', 'xmi_add_validation'),
('conf_field_cxtxmitmb', 'edt', 'xmi_edt_validation'),
('conf_field_delete', 'del', 'del_validation'),
('conf_field_drawnby', 'add', 'action_add_validation'),
('conf_field_drawnby', 'edt', 'action_edt_validation'),
('conf_field_drawnon', 'add', 'date_add_validation'),
('conf_field_drawnon', 'edt', 'date_edt_validation'),
('conf_field_facing', 'add', 'attr_add_validation'),
('conf_field_facing', 'edt', 'attr_edt_validation'),
('conf_field_file', 'add', 'file_add_validation'),
('conf_field_file', 'edt', 'file_edt_validation'),
('conf_field_file_drawing', 'add', 'file_add_validation'),
('conf_field_file_drawing', 'edt', 'file_edt_validation'),
('conf_field_file_sheet', 'add', 'file_add_validation'),
('conf_field_file_sheet', 'edt', 'file_edt_validation'),
('conf_field_findtype', 'add', 'attr_add_validation'),
('conf_field_findtype', 'edt', 'attr_edt_validation'),
('conf_field_flotrec', 'add', 'attr_add_validation'),
('conf_field_flotrec', 'edt', 'attr_edt_validation'),
('conf_field_hf_bags', 'add', 'number_add_validation'),
('conf_field_hf_bags', 'edt', 'number_edt_validation'),
('conf_field_hf_status', 'add', 'attr_add_validation'),
('conf_field_hf_status', 'edt', 'attr_edt_validation'),
('conf_field_hfass', 'add', 'attr_add_validation'),
('conf_field_hfass', 'edt', 'attr_edt_validation'),
('conf_field_hfextrac', 'add', 'attr_add_validation'),
('conf_field_hfextrac', 'edt', 'attr_edt_validation'),
('conf_field_initials', 'add', 'txt_add_validation'),
('conf_field_initials', 'edt', 'txt_edt_validation'),
('conf_field_interp', 'add', 'txt_add_validation'),
('conf_field_interp', 'edt', 'txt_edt_validation'),
('conf_field_interpretedby', 'add', 'custom_action_add_vd'),
('conf_field_interpretedby', 'edt', 'custom_action_edt_vd'),
('conf_field_interpretedon', 'add', 'custom_date_add_vd'),
('conf_field_interpretedon', 'edt', 'custom_date_edt_vd'),
('conf_field_issuedon', 'add', 'date_add_validation'),
('conf_field_issuedon', 'edt', 'date_edt_validation'),
('conf_field_issuedto', 'add', 'action_add_validation'),
('conf_field_issuedto', 'edt', 'action_edt_validation'),
('conf_field_lf_status', 'add', 'attr_add_validation'),
('conf_field_lf_status', 'edt', 'attr_edt_validation'),
('conf_field_lflocn', 'add', 'attr_add_validation'),
('conf_field_lflocn', 'edt', 'attr_edt_validation'),
('conf_field_locn', 'add', 'attr_add_validation'),
('conf_field_locn', 'edt', 'attr_edt_validation'),
('conf_field_name', 'add', 'txt_add_validation'),
('conf_field_name', 'edt', 'txt_edt_validation'),
('conf_field_othercomments', 'add', 'txt_add_validation'),
('conf_field_othercomments', 'edt', 'txt_edt_validation'),
('conf_field_pln_cd', 'add', 'key_add_validation'),
('conf_field_pln_cd', 'edt', 'key_edt_validation'),
('conf_field_plnxmicxt', 'add', 'xmi_add_validation'),
('conf_field_plnxmicxt', 'edt', 'xmi_edt_validation'),
('conf_field_plnxmitmb', 'add', 'xmi_add_validation'),
('conf_field_plnxmitmb', 'edt', 'xmi_edt_validation'),
('conf_field_position', 'add', 'txt_add_validation'),
('conf_field_position', 'edt', 'txt_edt_validation'),
('conf_field_priority', 'add', 'attr_add_validation'),
('conf_field_priority', 'edt', 'attr_edt_validation'),
('conf_field_process', 'add', 'attr_add_validation'),
('conf_field_process', 'edt', 'attr_edt_validation'),
('conf_field_reuseattr', 'add', 'attr_add_validation'),
('conf_field_reuseattr', 'edt', 'attr_edt_validation'),
('conf_field_reusetxt', 'add', 'txt_add_validation'),
('conf_field_reusetxt', 'edt', 'txt_edt_validation'),
('conf_field_rgf_cd', 'add', 'key_add_validation'),
('conf_field_rgf_cd', 'edt', 'key_edt_validation'),
('conf_field_rgfbasicinterp', 'add', 'attr_add_validation'),
('conf_field_rgfbasicinterp', 'edt', 'attr_edt_validation'),
('conf_field_rgfcomment', 'add', 'txt_add_validation'),
('conf_field_rgfcomment', 'edt', 'txt_edt_validation'),
('conf_field_rgfcompleteness', 'add', 'attr_add_validation'),
('conf_field_rgfcompleteness', 'edt', 'attr_edt_validation'),
('conf_field_rgfdisplay', 'add', 'attr_add_validation'),
('conf_field_rgfdisplay', 'edt', 'attr_edt_validation'),
('conf_field_rgfmaterial', 'add', 'attr_add_validation'),
('conf_field_rgfmaterial', 'edt', 'attr_edt_validation'),
('conf_field_rgfperiod', 'add', 'attr_add_validation'),
('conf_field_rgfperiod', 'edt', 'attr_edt_validation'),
('conf_field_rgfxmicxt', 'add', 'xmi_add_validation'),
('conf_field_rgfxmicxt', 'edt', 'xmi_edt_validation'),
('conf_field_sameas', 'add', 'span_add_validation'),
('conf_field_sameas', 'edt', 'span_edt_validation'),
('conf_field_samplecondition', 'add', 'attr_add_validation'),
('conf_field_samplecondition', 'edt', 'attr_edt_validation'),
('conf_field_samplequestions', 'add', 'txt_add_validation'),
('conf_field_samplequestions', 'edt', 'txt_edt_validation'),
('conf_field_samplesize', 'add', 'attr_add_validation'),
('conf_field_samplesize', 'edt', 'attr_edt_validation'),
('conf_field_samplestatus', 'add', 'attr_add_validation'),
('conf_field_samplestatus', 'edt', 'attr_edt_validation'),
('conf_field_sampletype', 'add', 'attr_add_validation'),
('conf_field_sampletype', 'edt', 'attr_edt_validation'),
('conf_field_scale', 'add', 'attr_add_validation'),
('conf_field_scale', 'edt', 'attr_edt_validation'),
('conf_field_scalebar', 'add', 'attr_add_validation'),
('conf_field_scalebar', 'edt', 'attr_edt_validation'),
('conf_field_sec_cd', 'add', 'key_add_validation_loose'),
('conf_field_sec_cd', 'edt', 'key_edt_validation'),
('conf_field_seclevel', 'add', 'txt_add_validation'),
('conf_field_seclevel', 'edt', 'txt_edt_validation'),
('conf_field_secxmicxt', 'add', 'xmi_add_validation'),
('conf_field_secxmicxt', 'edt', 'xmi_edt_validation'),
('conf_field_secxmipln', 'add', 'xmi_add_validation'),
('conf_field_secxmipln', 'edt', 'xmi_edt_validation'),
('conf_field_sgr_cd', 'add', 'key_add_validation_loose'),
('conf_field_sgr_cd', 'edt', 'key_edt_validation'),
('conf_field_sgrcxtxmi', 'add', 'cxtsgr_add_validation'),
('conf_field_sgrcxtxmi', 'edt', 'xmi_edt_validation'),
('conf_field_sgrnarrative', 'add', 'txt_add_validation'),
('conf_field_sgrnarrative', 'edt', 'txt_edt_validation'),
('conf_field_sgrnarrativeby', 'add', 'custom_action_add_vd'),
('conf_field_sgrnarrativeby', 'edt', 'custom_action_edt_vd'),
('conf_field_sgrnarrativeon', 'add', 'custom_date_add_vd'),
('conf_field_sgrnarrativeon', 'edt', 'custom_date_edt_vd'),
('conf_field_short_desc', 'add', 'txt_add_validation'),
('conf_field_short_desc', 'edt', 'txt_edt_validation'),
('conf_field_smp_cd', 'add', 'key_add_validation'),
('conf_field_smp_cd', 'edt', 'key_edt_validation'),
('conf_field_smpxmicxt', 'add', 'chain_xmi_add_validation'),
('conf_field_smpxmicxt', 'edt', 'chain_xmi_edt_validation'),
('conf_field_sph_cd', 'add', 'key_add_validation'),
('conf_field_sph_cd', 'edt', 'key_edt_validation'),
('conf_field_sphxmicxt', 'add', 'xmi_add_validation'),
('conf_field_sphxmicxt', 'edt', 'xmi_edt_validation'),
('conf_field_sphxmitmb', 'add', 'xmi_add_validation'),
('conf_field_sphxmitmb', 'edt', 'xmi_edt_validation'),
('conf_field_statusnotes', 'add', 'txt_add_validation'),
('conf_field_statusnotes', 'edt', 'txt_edt_validation'),
('conf_field_subsamples', 'add', 'attr_add_validation'),
('conf_field_subsamples', 'edt', 'attr_edt_validation'),
('conf_field_takenby', 'add', 'action_add_validation'),
('conf_field_takenby', 'edt', 'action_edt_validation'),
('conf_field_takenon', 'add', 'date_add_validation'),
('conf_field_takenon', 'edt', 'date_edt_validation'),
('conf_field_tmbcomment', 'add', 'txt_add_validation'),
('conf_field_tmbcomment', 'edt', 'txt_edt_validation'),
('conf_field_tmbrxsec', 'add', 'attr_add_validation'),
('conf_field_tmbrxsec', 'edt', 'attr_edt_validation'),
('conf_field_tmbstatus', 'add', 'attr_add_validation'),
('conf_field_tmbstatus', 'edt', 'attr_edt_validation'),
('conf_field_tmbxmipln', 'add', 'xmi_add_validation'),
('conf_field_tmbxmipln', 'edt', 'xmi_edt_validation'),
('conf_field_tmbxmisph', 'add', 'xmi_add_validation'),
('conf_field_tmbxmisph', 'edt', 'xmi_edt_validation'),
('conf_field_typenotes', 'add', 'txt_add_validation'),
('conf_field_typenotes', 'edt', 'txt_edt_validation'),
('conf_field_volume', 'add', 'number_add_validation'),
('conf_field_volume', 'edt', 'number_edt_validation'),
('conf_field_xrayid', 'add', 'txt_add_validation'),
('conf_field_xrayid', 'edt', 'txt_edt_validation');

--
-- Truncate table before insert `cor_conf_field`
--

TRUNCATE TABLE `cor_conf_field`;
--
-- Dumping data for table `cor_conf_field`
--

INSERT INTO `cor_conf_field` (`field_id`, `dataclass`, `classtype`, `editable`, `hidden`) VALUES
('conf_field_abk_cd', 'itemkey', 'abk_cd', 1, 0),
('conf_field_abktype', 'modtype', 'abktype', 1, 0),
('conf_field_checkedby', 'action', 'checkedby', 1, 0),
('conf_field_compiledby', 'action', 'compiledby', 1, 0),
('conf_field_compiledon', 'date', 'compiledon', 1, 0),
('conf_field_contamination', 'attribute', 'contamination', 1, 0),
('conf_field_cxt_cd', 'itemkey', 'cxt_cd', 1, 0),
('conf_field_cxt_schm_geos', 'geom', '', 0, 1),
('conf_field_cxtbasicinterp', 'attribute', 'cxtbasicinterp', 1, 0),
('conf_field_cxttype', 'modtype', 'cxttype', 1, 0),
('conf_field_cxtxmipln', 'xmi', 'xmi_list', 1, 0),
('conf_field_cxtxmirgf', 'xmi', 'xmi_list', 1, 0),
('conf_field_cxtxmisec', 'xmi', 'xmi_list', 1, 0),
('conf_field_cxtxmismp', 'xmi', 'xmi_list', 1, 0),
('conf_field_cxtxmisph', 'xmi', 'xmi_list', 1, 0),
('conf_field_cxtxmitmb', 'xmi', 'xmi_list', 1, 0),
('conf_field_delete', 'delete', 'delete', 1, 1),
('conf_field_drawnby', 'action', 'drawnby', 1, 0),
('conf_field_drawnon', 'date', 'drawnon', 1, 0),
('conf_field_facing', 'attribute', 'facing', 1, 0),
('conf_field_file', 'file', 'images', 1, 0),
('conf_field_file_drawing', 'file', 'drawing', 1, 0),
('conf_field_file_sheet', 'file', 'sheet', 1, 0),
('conf_field_findtype', 'attribute', 'findtype', 1, 0),
('conf_field_flotrec', 'attribute', 'smpflag', 1, 0),
('conf_field_hf_bags', 'number', 'hf_numofbags', 1, 0),
('conf_field_hf_status', 'attribute', 'hfstatus', 1, 0),
('conf_field_hfass', 'attribute', 'smpflag', 1, 0),
('conf_field_hfextrac', 'attribute', 'hfextrac', 1, 0),
('conf_field_initials', 'txt', 'initials', 1, 0),
('conf_field_interp', 'txt', 'interp', 1, 0),
('conf_field_interpretedby', 'action', 'interpretedby', 1, 0),
('conf_field_interpretedon', 'date', 'interpretedon', 1, 0),
('conf_field_issuedon', 'date', 'issuedon', 1, 0),
('conf_field_issuedto', 'action', 'issuedto', 1, 0),
('conf_field_lf_status', 'attribute', 'lfstatus', 1, 0),
('conf_field_lflocn', 'attribute', 'lflocn', 1, 0),
('conf_field_locn', 'attribute', 'toponymattr', 1, 0),
('conf_field_name', 'txt', 'name', 1, 0),
('conf_field_othercomments', 'txt', 'othercomments', 1, 0),
('conf_field_pln_cd', 'itemkey', 'tmb_cd', 1, 0),
('conf_field_plnxmicxt', 'xmi', 'xmi_list', 1, 0),
('conf_field_plnxmitmb', 'xmi', 'xmi_list', 1, 0),
('conf_field_position', 'txt', 'smpposition', 1, 0),
('conf_field_priority', 'attribute', 'priority', 1, 0),
('conf_field_process', 'attribute', 'process', 1, 0),
('conf_field_reuseattr', 'attribute', 'reuseattr', 1, 0),
('conf_field_reusetxt', 'txt', 'reusetxt', 1, 0),
('conf_field_rgf_cd', 'itemkey', 'rgf_cd', 1, 0),
('conf_field_rgfbasicinterp', 'attribute', 'objectmaterial', 1, 0),
('conf_field_rgfcomment', 'txt', 'objectcomments', 1, 0),
('conf_field_rgfcompleteness', 'attribute', 'objectcompleteness', 1, 0),
('conf_field_rgfdisplay', 'attribute', 'objectdisplay', 1, 0),
('conf_field_rgfmaterial', 'attribute', 'objectinterptype', 1, 0),
('conf_field_rgfperiod', 'attribute', 'objectperiod', 1, 0),
('conf_field_rgftype', 'modtype', 'rgftype', 1, 0),
('conf_field_rgfxmicxt', 'xmi', 'xmi_list', 1, 0),
('conf_field_sameas', 'span', 'sameas', 1, 0),
('conf_field_samplecondition', 'attribute', 'samplecondition', 1, 0),
('conf_field_samplequestions', 'txt', 'smpques', 1, 0),
('conf_field_samplesize', 'attribute', 'samplesize', 1, 0),
('conf_field_samplestatus', 'attribute', 'samplestatus', 1, 0),
('conf_field_sampletype', 'attribute', 'sampletype', 1, 0),
('conf_field_scale', 'attribute', 'scale', 1, 0),
('conf_field_scalebar', 'attribute', 'scalebar', 1, 0),
('conf_field_sec_cd', 'itemkey', 'sec_cd', 1, 0),
('conf_field_seclevel', 'txt', 'seclevel', 1, 0),
('conf_field_secxmicxt', 'xmi', 'xmi_list', 1, 0),
('conf_field_secxmipln', 'xmi', 'xmi_list', 1, 0),
('conf_field_sgr_cd', 'itemkey', 'sgr_cd', 1, 0),
('conf_field_sgrcxtxmi', 'xmi', 'xmi_list', 1, 0),
('conf_field_sgrnarrative', 'txt', 'sgrnarrative', 1, 0),
('conf_field_sgrnarrativeby', 'action', 'sgrnarrativeby', 1, 0),
('conf_field_sgrnarrativeon', 'date', 'sgrnarrativeon', 1, 0),
('conf_field_short_desc', 'txt', 'short_desc', 1, 0),
('conf_field_smp_cd', 'itemkey', 'smp_cd', 1, 0),
('conf_field_smpxmicxt', 'xmi', 'xmi_list', 1, 0),
('conf_field_sph_cd', 'itemkey', 'sph_cd', 1, 0),
('conf_field_sphxmicxt', 'xmi', 'xmi_list', 1, 0),
('conf_field_sphxmitmb', 'xmi', 'xmi_list', 1, 0),
('conf_field_statusnotes', 'txt', 'statusnotes', 1, 0),
('conf_field_subsamples', 'attribute', 'subsamples', 1, 0),
('conf_field_takenby', 'action', 'takenby', 1, 0),
('conf_field_takenon', 'date', 'takenon', 1, 0),
('conf_field_tmbcomment', 'txt', 'tmbcomment', 1, 0),
('conf_field_tmbrxsec', 'attribute', 'tmbrxsec', 1, 0),
('conf_field_tmbstatus', 'attribute', 'tmbstatus', 1, 0),
('conf_field_tmbxmipln', 'xmi', 'xmi_list', 1, 0),
('conf_field_tmbxmisph', 'xmi', 'xmi_list', 1, 0),
('conf_field_typenotes', 'txt', 'typenotes', 1, 0),
('conf_field_volume', 'number', 'volume', 1, 0),
('conf_field_xrayid', 'txt', 'xrayid', 1, 0),
('conf_reg_op', 'op', 'none', 0, 0),
('conf_reg_op_no_enter', 'op', 'none', 0, 0);

--
-- Truncate table before insert `cor_conf_group`
--

TRUNCATE TABLE `cor_conf_group`;
--
-- Dumping data for table `cor_conf_group`
--

INSERT INTO `cor_conf_group` (`element_id`, `seq`, `enabled`, `child_id`) VALUES
('abk_cd_register', 0, 1, 'conf_field_abk_cd'),
('abk_cd_register', 1, 1, 'conf_field_abktype'),
('abk_cd_register', 2, 1, 'conf_field_name'),
('abk_cd_register', 3, 1, 'conf_field_initials'),
('abk_desc', 0, 1, 'conf_field_name'),
('abk_desc', 1, 1, 'conf_field_initials'),
('conf_event_checked', 0, 1, 'conf_field_checkedby'),
('conf_event_compiled', 0, 1, 'conf_field_compiledon'),
('conf_event_compiled', 1, 1, 'conf_field_compiledby'),
('conf_event_drawn', 0, 1, 'conf_field_drawnon'),
('conf_event_drawn', 1, 1, 'conf_field_drawnby'),
('conf_event_issued', 0, 1, 'conf_field_issuedon'),
('conf_event_issued', 1, 1, 'conf_field_issuedto'),
('conf_event_taken', 0, 1, 'conf_field_takenon'),
('conf_event_taken', 1, 1, 'conf_field_takenby'),
('cxt_bark', 0, 1, 'conf_field_tmbrxsec'),
('cxt_basicinterp', 0, 1, 'conf_field_cxtbasicinterp'),
('cxt_basicinterp', 1, 1, 'conf_field_process'),
('cxt_cd_register', 0, 1, 'conf_field_locn'),
('cxt_cd_register', 1, 1, 'conf_field_cxt_cd'),
('cxt_cd_register', 2, 1, 'conf_field_short_desc'),
('cxt_cd_register', 3, 1, 'conf_field_cxttype'),
('cxt_cd_register', 4, 1, 'conf_field_issuedto'),
('cxt_cd_register', 5, 1, 'conf_field_issuedon'),
('cxt_cd_register', 6, 1, 'conf_reg_op_no_enter'),
('cxt_events', 0, 1, 'conf_event_issued'),
('cxt_events', 1, 1, 'conf_event_compiled'),
('cxt_events', 2, 1, 'conf_event_checked'),
('cxt_file_display', 0, 1, 'conf_field_file'),
('cxt_file_display', 1, 1, 'conf_field_file_sheet'),
('cxt_file_display', 2, 1, 'conf_field_file_drawing'),
('cxt_findtypes', 0, 1, 'conf_field_findtype'),
('cxt_interp', 0, 1, 'conf_field_interp'),
('cxt_interp', 1, 1, 'conf_field_interpretedby'),
('cxt_interp', 2, 1, 'conf_field_interpretedon'),
('cxt_locn', 0, 1, 'conf_field_locn'),
('cxt_matrixframe', 0, 1, 'cxt_matrix'),
('cxt_matrixframe', 1, 1, 'cxt_other_matrix'),
('cxt_other_matrix', 0, 1, 'conf_field_sameas'),
('cxt_pln_display', 0, 1, 'conf_field_plnxmicxt'),
('cxt_reuseattr', 0, 1, 'conf_field_reuseattr'),
('cxt_reusetxt', 0, 1, 'conf_field_reusetxt'),
('cxt_rgf_display', 0, 1, 'conf_field_rgfxmicxt'),
('cxt_sec_display', 0, 1, 'conf_field_secxmicxt'),
('cxt_sgr_display', 0, 1, 'conf_field_smpxmicxt'),
('cxt_short_desc', 0, 1, 'conf_field_short_desc'),
('cxt_smp_display', 0, 1, 'conf_field_smpxmicxt'),
('cxt_spat_display', 0, 1, 'conf_field_cxt_schm_geos'),
('cxt_sph_display', 0, 1, 'conf_field_sphxmicxt'),
('cxt_timberframe', 0, 1, 'cxt_reuseattr'),
('cxt_timberframe', 1, 1, 'cxt_reusetxt'),
('cxt_timberframe', 2, 1, 'cxt_bark'),
('cxt_tmb_display', 0, 1, 'conf_field_cxtxmisph'),
('data_entry_abk_body', 0, 1, 'data_entry_abk_body_col'),
('data_entry_abk_body_col', 0, 1, 'abk_cd_register'),
('data_entry_cxt_body', 0, 1, 'data_entry_cxt_body_col'),
('data_entry_cxt_body_col', 0, 1, 'cxt_cd_register'),
('data_entry_grp_body', 0, 1, 'data_entry_grp_body_col'),
('data_entry_grp_body_col', 0, 1, 'grp_message'),
('data_entry_pln_body', 0, 1, 'data_entry_pln_body_col'),
('data_entry_pln_body_col', 0, 1, 'pln_cd_register'),
('data_entry_rgf_body', 0, 1, 'data_entry_rgf_body_col'),
('data_entry_rgf_body_col', 0, 1, 'rgf_cd_register'),
('data_entry_sec_body', 0, 1, 'data_entry_sec_body_col'),
('data_entry_sec_body_col', 0, 1, 'sec_cd_register'),
('data_entry_sgr_body', 0, 1, 'data_entry_sgr_body_col'),
('data_entry_sgr_body_col', 0, 1, 'sgr_cd_register'),
('data_entry_smp_body', 0, 1, 'data_entry_smp_body_col'),
('data_entry_smp_body_col', 0, 1, 'smp_cd_register'),
('data_entry_sph_body', 0, 1, 'data_entry_sph_body_col'),
('data_entry_sph_body_col', 0, 1, 'sph_cd_register'),
('data_entry_tmb_body', 0, 1, 'data_entry_tmb_body_col'),
('data_entry_tmb_body_col', 0, 1, 'tmb_cd_register'),
('micro_view_abk_body', 0, 1, 'micro_view_abk_body_col_1'),
('micro_view_abk_body_col_1', 0, 1, 'abk_desc'),
('micro_view_cxt_body', 0, 1, 'micro_view_cxt_body_col_1'),
('micro_view_cxt_body', 1, 1, 'micro_view_cxt_body_col_2'),
('micro_view_cxt_body', 2, 1, 'micro_view_cxt_body_col_3'),
('micro_view_cxt_body_col_1', 0, 1, 'cxt_basicinterp'),
('micro_view_cxt_body_col_1', 1, 1, 'cxt_matrixframe'),
('micro_view_cxt_body_col_1', 2, 1, 'cxt_interp'),
('micro_view_cxt_body_col_1', 3, 1, 'cxt_timberframe'),
('micro_view_cxt_body_col_1', 4, 1, 'cxt_findtypes'),
('micro_view_cxt_body_col_1', 5, 1, 'cxt_events'),
('micro_view_cxt_body_col_2', 0, 1, 'cxt_short_desc'),
('micro_view_cxt_body_col_2', 1, 1, 'cxt_locn'),
('micro_view_cxt_body_col_2', 2, 1, 'cxt_sgr_display'),
('micro_view_cxt_body_col_2', 3, 1, 'cxt_spat_display'),
('micro_view_cxt_body_col_2', 4, 1, 'cxt_sec_display'),
('micro_view_cxt_body_col_2', 5, 1, 'cxt_tmb_display'),
('micro_view_cxt_body_col_2', 6, 1, 'cxt_rgf_display'),
('micro_view_cxt_body_col_2', 7, 1, 'cxt_smp_display'),
('micro_view_cxt_body_col_2', 8, 1, 'cxt_file_display'),
('micro_view_cxt_body_col_3', 0, 1, 'cxt_pln_display'),
('micro_view_cxt_body_col_3', 1, 1, 'cxt_sph_display'),
('micro_view_grp_body', 0, 1, 'micro_view_grp_body_col_1'),
('micro_view_grp_body', 1, 1, 'micro_view_grp_body_col_2'),
('micro_view_grp_body_col_1', 0, 1, 'grp_message'),
('micro_view_pln_body', 0, 1, 'micro_view_pln_body_col_1'),
('micro_view_pln_body', 1, 1, 'micro_view_pln_body_col_2'),
('micro_view_pln_body_col_1', 0, 1, 'pln_img_desc'),
('micro_view_pln_body_col_1', 1, 1, 'pln_attr'),
('micro_view_pln_body_col_1', 2, 1, 'pln_drawings_display'),
('micro_view_pln_body_col_1', 3, 1, 'pln_meta'),
('micro_view_pln_body_col_2', 0, 1, 'pln_tmb_display'),
('micro_view_pln_body_col_2', 1, 1, 'pln_cxt_display'),
('micro_view_rgf_body', 0, 1, 'micro_view_rgf_body_col_1'),
('micro_view_rgf_body', 1, 1, 'micro_view_rgf_body_col_2'),
('micro_view_rgf_body_col_1', 0, 1, 'rgf_img_desc'),
('micro_view_rgf_body_col_1', 1, 1, 'rgf_basicinterp'),
('micro_view_rgf_body_col_1', 2, 1, 'rgf_dispchars'),
('micro_view_rgf_body_col_1', 3, 1, 'rgf_comment'),
('micro_view_rgf_body_col_1', 4, 1, 'rgf_events'),
('micro_view_rgf_body_col_2', 0, 1, 'rgf_xmi_cxts'),
('micro_view_sec_body', 0, 1, 'micro_view_sec_body_col_1'),
('micro_view_sec_body', 1, 1, 'micro_view_sec_body_col_2'),
('micro_view_sec_body_col_1', 0, 1, 'sec_desc'),
('micro_view_sec_body_col_1', 1, 1, 'sec_attributes'),
('micro_view_sec_body_col_1', 2, 1, 'sec_cxt_display'),
('micro_view_sec_body_col_1', 3, 1, 'sec_meta'),
('micro_view_sec_body_col_2', 0, 1, 'sec_plan_link'),
('micro_view_sgr_body', 0, 1, 'micro_view_sgr_body_col_1'),
('micro_view_sgr_body', 1, 1, 'micro_view_sgr_body_col_2'),
('micro_view_sgr_body', 2, 1, 'micro_view_sgr_body_col_3'),
('micro_view_sgr_body_col_1', 0, 1, 'sgr_su_description'),
('micro_view_sgr_body_col_1', 1, 1, 'sgr_narrative'),
('micro_view_sgr_body_col_2', 0, 1, 'sgr_matrix'),
('micro_view_sgr_body_col_3', 0, 1, 'sgr_cxttbl'),
('micro_view_smp_body', 0, 1, 'micro_view_smp_body_col_1'),
('micro_view_smp_body', 1, 1, 'micro_view_smp_body_col_2'),
('micro_view_smp_body_col_1', 0, 1, 'smp_short_desc'),
('micro_view_smp_body_col_1', 1, 1, 'smp_othercomments'),
('micro_view_smp_body_col_1', 2, 1, 'smp_desc_frame'),
('micro_view_smp_body_col_1', 3, 1, 'smp_volume'),
('micro_view_smp_body_col_1', 4, 1, 'smp_events'),
('micro_view_smp_body_col_1', 5, 1, 'smp_lgh_fracfrm'),
('micro_view_smp_body_col_1', 6, 1, 'smp_hvy_fracfrm'),
('micro_view_smp_body_col_2', 0, 1, 'smp_xmi_cxts'),
('micro_view_smp_body_col_2', 1, 1, 'smp_status_frame'),
('micro_view_sph_body', 0, 1, 'micro_view_sph_body_col_1'),
('micro_view_sph_body', 1, 1, 'micro_view_sph_body_col_2'),
('micro_view_sph_body_col_1', 0, 1, 'sph_img_desc'),
('micro_view_sph_body_col_1', 1, 1, 'sph_img_display'),
('micro_view_sph_body_col_1', 2, 1, 'sph_phoattributes'),
('micro_view_sph_body_col_1', 3, 1, 'sph_events'),
('micro_view_sph_body_col_2', 0, 1, 'sph_cxt_display'),
('micro_view_sph_body_col_2', 1, 1, 'sph_tmb_display'),
('micro_view_tmb_body', 0, 1, 'micro_view_tmb_body_col_1'),
('micro_view_tmb_body', 1, 1, 'micro_view_tmb_body_col_2'),
('micro_view_tmb_body_col_1', 0, 1, 'tmb_img_desc'),
('micro_view_tmb_body_col_1', 1, 1, 'tmb_comment'),
('micro_view_tmb_body_col_1', 2, 1, 'tmb_xmi_pln'),
('micro_view_tmb_body_col_1', 3, 1, 'tmb_xmi_photos'),
('micro_view_tmb_body_col_2', 0, 1, 'tmb_status'),
('micro_view_tmb_body_col_2', 1, 1, 'tbm_locn'),
('micro_view_tmb_body_col_2', 2, 1, 'tmb_events'),
('micro_view_tmb_body_col_2', 3, 1, 'tmb_xmi_cxts'),
('micro_view_tmb_body_col_2', 4, 1, 'tmb_file_display'),
('pln_attr', 0, 1, 'conf_field_locn'),
('pln_attr', 1, 1, 'conf_field_scale'),
('pln_cd_register', 0, 1, 'conf_field_pln_cd'),
('pln_cd_register', 1, 1, 'conf_field_locn'),
('pln_cd_register', 2, 1, 'conf_field_short_desc'),
('pln_cd_register', 3, 1, 'conf_field_cxtxmipln'),
('pln_cd_register', 4, 1, 'conf_field_scale'),
('pln_cd_register', 5, 1, 'conf_field_drawnby'),
('pln_cd_register', 6, 1, 'conf_field_drawnon'),
('pln_cd_register', 7, 1, 'conf_reg_op'),
('pln_cxt_display', 0, 1, 'conf_field_cxtxmipln'),
('pln_drawings_display', 0, 1, 'conf_field_file_drawing'),
('pln_img_desc', 0, 1, 'conf_field_short_desc'),
('pln_meta', 0, 1, 'conf_event_drawn'),
('pln_tmb_display', 0, 1, 'conf_field_tmbxmipln'),
('rgf_basicinterp', 0, 1, 'conf_field_rgfbasicinterp'),
('rgf_basicinterp', 1, 1, 'conf_field_rgfmaterial'),
('rgf_basicinterp', 2, 1, 'conf_field_rgfperiod'),
('rgf_cd_register', 0, 1, 'conf_field_rgf_cd'),
('rgf_cd_register', 1, 1, 'conf_field_rgftype'),
('rgf_cd_register', 2, 1, 'conf_field_cxtxmirgf'),
('rgf_cd_register', 3, 1, 'conf_field_short_desc'),
('rgf_cd_register', 4, 1, 'conf_field_issuedto'),
('rgf_cd_register', 5, 1, 'conf_field_issuedon'),
('rgf_comment', 0, 1, 'conf_field_xrayid'),
('rgf_comment', 1, 1, 'conf_field_rgfcomment'),
('rgf_dispchars', 0, 1, 'conf_field_rgfcompleteness'),
('rgf_dispchars', 1, 1, 'conf_field_rgfdisplay'),
('rgf_events', 0, 1, 'conf_event_issued'),
('rgf_img_desc', 0, 1, 'conf_field_short_desc'),
('rgf_xmi_cxts', 0, 1, 'conf_field_cxtxmirgf'),
('sec_attributes', 0, 1, 'conf_field_locn'),
('sec_attributes', 1, 1, 'conf_field_scale'),
('sec_cd_register', 0, 1, 'conf_field_sec_cd'),
('sec_cd_register', 1, 1, 'conf_field_short_desc'),
('sec_cd_register', 2, 1, 'conf_field_locn'),
('sec_cd_register', 3, 1, 'conf_field_scale'),
('sec_cd_register', 4, 1, 'conf_field_cxtxmisec'),
('sec_cd_register', 5, 1, 'conf_field_secxmipln'),
('sec_cd_register', 6, 1, 'conf_field_drawnby'),
('sec_cd_register', 7, 1, 'conf_field_drawnon'),
('sec_cd_register', 8, 1, 'conf_reg_op'),
('sec_cxt_display', 0, 1, 'conf_field_cxtxmisec'),
('sec_desc', 0, 1, 'conf_field_short_desc'),
('sec_desc', 1, 1, 'conf_field_seclevel'),
('sec_meta', 0, 1, 'conf_event_drawn'),
('sec_plan_link', 0, 1, 'conf_field_secxmipln'),
('sgr_cd_register', 0, 1, 'conf_field_sgr_cd'),
('sgr_cd_register', 1, 1, 'conf_field_short_desc'),
('sgr_cd_register', 2, 1, 'conf_field_sgrcxtxmi'),
('sgr_cd_register', 3, 1, 'conf_reg_op_no_enter'),
('sgr_cxttbl', 0, 1, 'conf_field_sgrcxtxmi'),
('sgr_cxttbl', 1, 1, 'conf_field_cxtbasicinterp'),
('sgr_cxttbl', 2, 1, 'conf_field_process'),
('sgr_cxttbl', 3, 1, 'conf_field_interp'),
('sgr_narrative', 0, 1, 'conf_field_sgrnarrative'),
('sgr_narrative', 1, 1, 'conf_field_sgrnarrativeby'),
('sgr_narrative', 2, 1, 'conf_field_sgrnarrativeon'),
('sgr_su_description', 0, 1, 'conf_field_short_desc'),
('smp_cd_register', 0, 1, 'conf_field_smp_cd'),
('smp_cd_register', 1, 1, 'conf_field_short_desc'),
('smp_cd_register', 2, 1, 'conf_field_cxtxmismp'),
('smp_cd_register', 3, 1, 'conf_field_takenby'),
('smp_cd_register', 4, 1, 'conf_field_takenon'),
('smp_cond', 0, 1, 'conf_field_samplecondition'),
('smp_cond', 1, 1, 'conf_field_contamination'),
('smp_cond', 2, 1, 'conf_field_samplesize'),
('smp_cond', 3, 1, 'conf_field_subsamples'),
('smp_desc_frame', 0, 1, 'smp_questions'),
('smp_desc_frame', 1, 1, 'smp_cond'),
('smp_events', 0, 1, 'conf_event_taken'),
('smp_events', 1, 1, 'conf_event_checked'),
('smp_hfextrac', 0, 1, 'conf_field_hfextrac'),
('smp_hfstatus', 0, 1, 'conf_field_hf_status'),
('smp_hvy_fr_ass', 0, 1, 'conf_field_hfass'),
('smp_hvy_fracfrm', 0, 1, 'smp_hvy_fr_ass'),
('smp_hvy_fracfrm', 1, 1, 'smp_hfstatus'),
('smp_hvy_fracfrm', 2, 1, 'smp_hfextrac'),
('smp_hvy_fracfrm', 3, 1, 'smp_numofbags'),
('smp_lflocn', 0, 1, 'conf_field_lflocn'),
('smp_lfstatus', 0, 1, 'conf_field_lf_status'),
('smp_lgh_fr_rec', 0, 1, 'conf_field_flotrec'),
('smp_lgh_fracfrm', 0, 1, 'smp_lgh_fr_rec'),
('smp_lgh_fracfrm', 1, 1, 'smp_lfstatus'),
('smp_lgh_fracfrm', 2, 1, 'smp_numofbags'),
('smp_lgh_fracfrm', 3, 1, 'smp_lflocn'),
('smp_numofbags', 0, 1, 'conf_field_hf_bags'),
('smp_othercomments', 0, 1, 'conf_field_othercomments'),
('smp_questions', 0, 1, 'conf_field_position'),
('smp_questions', 1, 1, 'conf_field_samplequestions'),
('smp_samplestatus', 0, 1, 'conf_field_samplestatus'),
('smp_samplestatus', 1, 1, 'conf_field_priority'),
('smp_samplestatus', 2, 1, 'conf_field_sampletype'),
('smp_short_desc', 0, 1, 'conf_field_short_desc'),
('smp_status_frame', 0, 1, 'smp_samplestatus'),
('smp_status_frame', 1, 1, 'smp_statusnotes'),
('smp_statusnotes', 0, 1, 'conf_field_statusnotes'),
('smp_statusnotes', 1, 1, 'conf_field_typenotes'),
('smp_volume', 0, 1, 'conf_field_volume'),
('smp_xmi_cxts', 0, 1, 'conf_field_cxtxmismp'),
('sph_cd_register', 0, 1, 'conf_field_sph_cd'),
('sph_cd_register', 1, 1, 'conf_field_facing'),
('sph_cd_register', 2, 1, 'conf_field_short_desc'),
('sph_cd_register', 3, 1, 'conf_field_scalebar'),
('sph_cd_register', 4, 1, 'conf_field_cxtxmisph'),
('sph_cd_register', 5, 1, 'conf_field_takenby'),
('sph_cd_register', 6, 1, 'conf_field_takenon'),
('sph_cxt_display', 0, 1, 'conf_field_cxtxmisph'),
('sph_events', 0, 1, 'conf_event_taken'),
('sph_img_desc', 0, 1, 'conf_field_short_desc'),
('sph_img_display', 0, 1, 'conf_field_file'),
('sph_phoattributes', 0, 1, 'conf_field_facing'),
('sph_phoattributes', 1, 1, 'conf_field_scalebar'),
('sph_tmb_display', 0, 1, 'conf_field_tmbxmisph'),
('tbm_locn', 0, 1, 'conf_field_locn'),
('tmb_cd_register', 0, 1, 'conf_field_pln_cd'),
('tmb_cd_register', 1, 1, 'conf_field_locn'),
('tmb_cd_register', 2, 1, 'conf_field_cxtxmitmb'),
('tmb_cd_register', 3, 1, 'conf_field_short_desc'),
('tmb_cd_register', 4, 1, 'conf_field_tmbstatus'),
('tmb_cd_register', 5, 1, 'conf_field_issuedto'),
('tmb_cd_register', 6, 1, 'conf_field_issuedon'),
('tmb_comment', 0, 1, 'conf_field_tmbcomment'),
('tmb_events', 0, 1, 'conf_event_issued'),
('tmb_file_display', 0, 1, 'conf_field_file'),
('tmb_file_display', 1, 1, 'conf_field_file_sheet'),
('tmb_file_display', 2, 1, 'conf_field_file_drawing'),
('tmb_img_desc', 0, 1, 'conf_field_short_desc'),
('tmb_status', 0, 1, 'conf_field_tmbstatus'),
('tmb_xmi_cxts', 0, 1, 'conf_field_cxtxmitmb'),
('tmb_xmi_photos', 0, 1, 'conf_field_sphxmitmb'),
('tmb_xmi_pln', 0, 1, 'conf_field_plnxmitmb');

--
-- Truncate table before insert `cor_conf_layout`
--

TRUNCATE TABLE `cor_conf_layout`;
--
-- Dumping data for table `cor_conf_layout`
--

INSERT INTO `cor_conf_layout` (`page_id`, `module_id`, `layout_role`, `layout_id`) VALUES
('data_entry', 'abk', 'body', 'data_entry_abk_body'),
('data_entry', 'cxt', 'body', 'data_entry_cxt_body'),
('data_entry', 'grp', 'body', 'data_entry_grp_body'),
('data_entry', 'pln', 'body', 'data_entry_pln_body'),
('data_entry', 'rgf', 'body', 'data_entry_rgf_body'),
('data_entry', 'sec', 'body', 'data_entry_sec_body'),
('data_entry', 'sgr', 'body', 'data_entry_sgr_body'),
('data_entry', 'smp', 'body', 'data_entry_smp_body'),
('data_entry', 'sph', 'body', 'data_entry_sph_body'),
('data_entry', 'tmb', 'body', 'data_entry_tmb_body'),
('micro_view', 'abk', 'body', 'micro_view_abk_body'),
('micro_view', 'cxt', 'body', 'micro_view_cxt_body'),
('micro_view', 'grp', 'body', 'micro_view_grp_body'),
('micro_view', 'pln', 'body', 'micro_view_pln_body'),
('micro_view', 'rgf', 'body', 'micro_view_rgf_body'),
('micro_view', 'sec', 'body', 'micro_view_sec_body'),
('micro_view', 'sgr', 'body', 'micro_view_sgr_body'),
('micro_view', 'smp', 'body', 'micro_view_smp_body'),
('micro_view', 'sph', 'body', 'micro_view_sph_body'),
('micro_view', 'tmb', 'body', 'micro_view_tmb_body');

--
-- Truncate table before insert `cor_conf_modtype`
--

TRUNCATE TABLE `cor_conf_modtype`;
--
-- Dumping data for table `cor_conf_modtype`
--

INSERT INTO `cor_conf_modtype` (`module_id`, `modtype`, `description`, `markup`, `schema_group_id`) VALUES
('abk', 'abk', 'Default', '', ''),
('cxt', 'cxt', 'Default', '', ''),
('grp', 'grp', 'Default', '', ''),
('pln', 'pln', 'Default', '', ''),
('rgf', 'rgf', 'Default', '', ''),
('sec', 'sec', 'Default', '', ''),
('sgr', 'sgr', 'Default', '', ''),
('smp', 'smp', 'Default', '', ''),
('sph', 'sph', 'Default', '', ''),
('tmb', 'tmb', 'Default', '', '');

--
-- Truncate table before insert `cor_conf_module`
--

TRUNCATE TABLE `cor_conf_module`;
--
-- Dumping data for table `cor_conf_module`
--

INSERT INTO `cor_conf_module` (`module_id`, `itemkey`, `name`, `markup`, `tbl`, `type_lut_tbl`, `enabled`, `description`) VALUES
('abk', 'abk_cd', 'mod_abk', '', 'abk_tbl_abk', 'abk_lut_abktype', 1, 'Address Book Module'),
('cxt', 'cxt_cd', 'mod_cxt', '', 'cxt_tbl_cxt', 'cxt_lut_cxttype', 1, 'Context Module'),
('grp', 'grp_cd', 'mod_grp', '', 'grp_tbl_grp', '', 1, 'Group Module'),
('pln', 'pln_cd', 'mod_pln', '', 'pln_tbl_pln', '', 1, 'Plan Module'),
('rgf', 'rgf_cd', 'mod_rgf', '', 'rgf_tbl_rgf', 'rgf_lut_rgftype', 1, 'Registered Finds Module'),
('sec', 'sec_cd', 'mod_sec', '', 'sec_tbl_sec', '', 1, 'Section Module'),
('sgr', 'sgr_cd', 'mod_sgr', '', 'sgr_tbl_sgr', '', 1, 'Sub-group Module'),
('smp', 'smp_cd', 'mod_smp', '', 'smp_tbl_smp', '', 1, 'Sample Module'),
('sph', 'sph_cd', 'mod_sph', '', 'sph_tbl_sph', '', 1, 'Site Photo Module'),
('tmb', 'tmb_cd', 'mod_tmb', '', 'tmb_tbl_tmb', '', 1, 'Timber Module');

--
-- Truncate table before insert `cor_conf_nav`
--

TRUNCATE TABLE `cor_conf_nav`;
--
-- Truncate table before insert `cor_conf_option`
--

TRUNCATE TABLE `cor_conf_option`;
--
-- Dumping data for table `cor_conf_option`
--

INSERT INTO `cor_conf_option` (`element_id`, `option_id`, `type`, `value`) VALUES
('abk_cd_register', 'op_reg_mode', '', 's:3:"tbl";'),
('abk_cd_register', 'op_sf_cssclass', '', 's:8:"register";'),
('conf_event_checked', 'type', '', 's:7:"checked";'),
('conf_event_compiled', 'type', '', 's:8:"compiled";'),
('conf_event_drawn', 'type', '', 's:5:"drawn";'),
('conf_event_issued', 'type', '', 's:6:"issued";'),
('conf_event_taken', 'type', '', 's:5:"taken";'),
('conf_field_abk_cd', 'field_op_default', '', 's:4:"next";'),
('conf_field_abk_cd', 'module', '', 's:3:"abk";'),
('conf_field_checkedby', 'actors_element', '', 's:4:"name";'),
('conf_field_checkedby', 'actors_elementclass', '', 's:3:"txt";'),
('conf_field_checkedby', 'actors_grp', '', 'N;'),
('conf_field_checkedby', 'actors_mod', '', 's:3:"abk";'),
('conf_field_checkedby', 'actors_style', '', 's:4:"list";'),
('conf_field_checkedby', 'actors_type', '', 's:6:"people";'),
('conf_field_compiledby', 'actors_element', '', 's:4:"name";'),
('conf_field_compiledby', 'actors_elementclass', '', 's:3:"txt";'),
('conf_field_compiledby', 'actors_grp', '', 'N;'),
('conf_field_compiledby', 'actors_mod', '', 's:3:"abk";'),
('conf_field_compiledby', 'actors_style', '', 's:4:"list";'),
('conf_field_compiledby', 'actors_type', '', 's:6:"people";'),
('conf_field_compiledon', 'datestyle', '', 's:8:"dd,mm,yr";'),
('conf_field_cxt_cd', 'field_op_default', '', 's:4:"next";'),
('conf_field_cxt_cd', 'module', '', 's:3:"cxt";'),
('conf_field_cxt_schm_geos', 'format', '', 's:3:"wfs";'),
('conf_field_cxt_schm_geos', 'id', '', 's:24:"conf_field_cxt_schm_geos";'),
('conf_field_cxt_schm_geos', 'layeruri', '', 's:61:"http://100minories.lparchaeology.com/lpmapserver/Minories/wfs";'),
('conf_field_cxt_schm_geos', 'module', '', 's:3:"cxt";'),
('conf_field_cxt_schm_geos', 'name', '', 's:17:"MNO12_context_mpg";'),
('conf_field_cxt_schm_geos', 'op_buffer', '', 'd:0.5;'),
('conf_field_cxt_schm_geos', 'op_layer', '', 's:13:"MNO12_plan_pg";'),
('conf_field_cxt_schm_geos', 'op_zoomtolayer', '', 'b:1;'),
('conf_field_cxt_schm_geos', 'projection', '', 's:11:"epsg:900913";'),
('conf_field_cxt_schm_geos', 'remotename', '', 's:13:"MNO12_plan_pg";'),
('conf_field_cxt_schm_geos', 'selectable', '', 'b:1;'),
('conf_field_cxt_schm_geos', 'serverType', '', 's:9:"geoserver";'),
('conf_field_cxtbasicinterp', 'op_display_mode', '', 's:6:"dyn_dd";'),
('conf_field_cxtxmipln', 'force_var_itemkey', '', 's:6:"cxt_cd";'),
('conf_field_cxtxmipln', 'module', '', 's:3:"pln";'),
('conf_field_cxtxmipln', 'op_xmi_itemkey', '', 's:6:"cxt_cd";'),
('conf_field_cxtxmipln', 'xmi_mod', '', 's:3:"cxt";'),
('conf_field_cxtxmirgf', 'force_var_itemkey', '', 's:6:"cxt_cd";'),
('conf_field_cxtxmirgf', 'module', '', 's:3:"rgf";'),
('conf_field_cxtxmirgf', 'op_xmi_itemkey', '', 's:6:"cxt_cd";'),
('conf_field_cxtxmirgf', 'xmi_mod', '', 's:3:"cxt";'),
('conf_field_cxtxmisec', 'force_var_itemkey', '', 's:6:"cxt_cd";'),
('conf_field_cxtxmisec', 'module', '', 's:3:"sec";'),
('conf_field_cxtxmisec', 'op_xmi_itemkey', '', 's:6:"cxt_cd";'),
('conf_field_cxtxmisec', 'xmi_mod', '', 's:3:"cxt";'),
('conf_field_cxtxmismp', 'force_var_itemkey', '', 's:6:"cxt_cd";'),
('conf_field_cxtxmismp', 'module', '', 's:3:"smp";'),
('conf_field_cxtxmismp', 'op_xmi_itemkey', '', 's:6:"cxt_cd";'),
('conf_field_cxtxmismp', 'xmi_mod', '', 's:3:"cxt";'),
('conf_field_cxtxmisph', 'force_var_itemkey', '', 's:6:"cxt_cd";'),
('conf_field_cxtxmisph', 'module', '', 's:3:"sph";'),
('conf_field_cxtxmisph', 'op_pattern', '', 's:33:"pattern = "[0-9 ]*" type="number"";'),
('conf_field_cxtxmisph', 'op_xmi_itemkey', '', 's:6:"cxt_cd";'),
('conf_field_cxtxmisph', 'xmi_mod', '', 's:3:"cxt";'),
('conf_field_cxtxmitmb', 'force_var_itemkey', '', 's:6:"cxt_cd";'),
('conf_field_cxtxmitmb', 'module', '', 's:3:"tmb";'),
('conf_field_cxtxmitmb', 'op_pattern', '', 's:33:"pattern = "[0-9 ]*" type="number"";'),
('conf_field_cxtxmitmb', 'op_xmi_itemkey', '', 's:6:"cxt_cd";'),
('conf_field_cxtxmitmb', 'xmi_mod', '', 's:3:"cxt";'),
('conf_field_drawnby', 'actors_element', '', 's:4:"name";'),
('conf_field_drawnby', 'actors_elementclass', '', 's:3:"txt";'),
('conf_field_drawnby', 'actors_grp', '', 'N;'),
('conf_field_drawnby', 'actors_mod', '', 's:3:"abk";'),
('conf_field_drawnby', 'actors_style', '', 's:4:"list";'),
('conf_field_drawnby', 'actors_type', '', 's:6:"people";'),
('conf_field_drawnon', 'datestyle', '', 's:8:"dd,mm,yr";'),
('conf_field_file', 'op_hrname', '', 'b:1;'),
('conf_field_file_drawing', 'op_hrname', '', 'b:1;'),
('conf_field_file_sheet', 'op_hrname', '', 'b:1;'),
('conf_field_flotrec', 'attribute', '', 's:11:"lghfrac_rec";'),
('conf_field_flotrec', 'op_show_bv_aliases', '', 'b:1;'),
('conf_field_hf_status', 'op_display_mode', '', 's:5:"radio";'),
('conf_field_hfass', 'attribute', '', 's:5:"hfass";'),
('conf_field_hfass', 'op_show_bv_aliases', '', 'b:1;'),
('conf_field_hfextrac', 'op_display_mode', '', 's:8:"checkbox";'),
('conf_field_interpretedby', 'actors_element', '', 's:4:"name";'),
('conf_field_interpretedby', 'actors_elementclass', '', 's:3:"txt";'),
('conf_field_interpretedby', 'actors_grp', '', 'N;'),
('conf_field_interpretedby', 'actors_mod', '', 's:3:"abk";'),
('conf_field_interpretedby', 'actors_style', '', 's:4:"list";'),
('conf_field_interpretedby', 'actors_type', '', 's:6:"people";'),
('conf_field_interpretedon', 'datestyle', '', 's:8:"dd,mm,yr";'),
('conf_field_interpretedon', 'field_op_default', '', 's:3:"now";'),
('conf_field_issuedon', 'datestyle', '', 's:8:"dd,mm,yr";'),
('conf_field_issuedon', 'field_op_default', '', 's:3:"now";'),
('conf_field_issuedto', 'actors_element', '', 's:4:"name";'),
('conf_field_issuedto', 'actors_elementclass', '', 's:3:"txt";'),
('conf_field_issuedto', 'actors_grp', '', 'N;'),
('conf_field_issuedto', 'actors_mod', '', 's:3:"abk";'),
('conf_field_issuedto', 'actors_style', '', 's:6:"single";'),
('conf_field_issuedto', 'actors_type', '', 's:6:"people";'),
('conf_field_lf_status', 'op_display_mode', '', 's:5:"radio";'),
('conf_field_pln_cd', 'module', '', 's:3:"tmb";'),
('conf_field_plnxmicxt', 'force_var_itemkey', '', 's:6:"pln_cd";'),
('conf_field_plnxmicxt', 'module', '', 's:3:"cxt";'),
('conf_field_plnxmicxt', 'op_xmi_itemkey', '', 's:6:"pln_cd";'),
('conf_field_plnxmicxt', 'xmi_mod', '', 's:3:"pln";'),
('conf_field_plnxmitmb', 'force_var_itemkey', '', 's:6:"pln_cd";'),
('conf_field_plnxmitmb', 'module', '', 's:3:"tmb";'),
('conf_field_plnxmitmb', 'op_xmi_itemkey', '', 's:6:"pln_cd";'),
('conf_field_plnxmitmb', 'xmi_mod', '', 's:3:"pln";'),
('conf_field_process', 'op_display_mode', '', 's:6:"dyn_dd";'),
('conf_field_reuseattr', 'op_display_mode', '', 's:5:"radio";'),
('conf_field_rgf_cd', 'module', '', 's:3:"rgf";'),
('conf_field_rgfxmicxt', 'force_var_itemkey', '', 's:6:"rgf_cd";'),
('conf_field_rgfxmicxt', 'module', '', 's:3:"cxt";'),
('conf_field_rgfxmicxt', 'op_xmi_itemkey', '', 's:6:"rgf_cd";'),
('conf_field_rgfxmicxt', 'xmi_mod', '', 's:3:"rgf";'),
('conf_field_sec_cd', 'field_op_default', '', 's:4:"next";'),
('conf_field_sec_cd', 'module', '', 's:3:"sec";'),
('conf_field_secxmicxt', 'force_var_itemkey', '', 's:6:"sec_cd";'),
('conf_field_secxmicxt', 'module', '', 's:3:"cxt";'),
('conf_field_secxmicxt', 'op_xmi_itemkey', '', 's:6:"sec_cd";'),
('conf_field_secxmicxt', 'xmi_mod', '', 's:3:"sec";'),
('conf_field_secxmipln', 'force_var_itemkey', '', 's:6:"pln_cd";'),
('conf_field_secxmipln', 'module', '', 's:3:"sec";'),
('conf_field_secxmipln', 'op_xmi_itemkey', '', 's:6:"pln_cd";'),
('conf_field_secxmipln', 'xmi_mod', '', 's:3:"pln";'),
('conf_field_sgr_cd', 'module', '', 's:3:"sgr";'),
('conf_field_sgrcxtxmi', 'module', '', 's:3:"sgr";'),
('conf_field_sgrcxtxmi', 'op_xmi_itemkey', '', 's:6:"cxt_cd";'),
('conf_field_sgrcxtxmi', 'xmi_mod', '', 's:3:"cxt";'),
('conf_field_sgrnarrativeby', 'actors_element', '', 's:4:"name";'),
('conf_field_sgrnarrativeby', 'actors_elementclass', '', 's:3:"txt";'),
('conf_field_sgrnarrativeby', 'actors_grp', '', 'N;'),
('conf_field_sgrnarrativeby', 'actors_mod', '', 's:3:"abk";'),
('conf_field_sgrnarrativeby', 'actors_style', '', 's:4:"list";'),
('conf_field_sgrnarrativeby', 'actors_type', '', 's:6:"people";'),
('conf_field_sgrnarrativeon', 'datestyle', '', 's:8:"dd,mm,yr";'),
('conf_field_sgrnarrativeon', 'field_op_default', '', 's:3:"now";'),
('conf_field_smp_cd', 'field_op_default', '', 's:4:"next";'),
('conf_field_smp_cd', 'module', '', 's:3:"smp";'),
('conf_field_smpxmicxt', 'force_var_itemkey', '', 's:6:"smp_cd";'),
('conf_field_smpxmicxt', 'module', '', 's:3:"cxt";'),
('conf_field_smpxmicxt', 'op_xmi_itemkey', '', 's:6:"smp_cd";'),
('conf_field_smpxmicxt', 'xmi_mod', '', 's:3:"smp";'),
('conf_field_sph_cd', 'field_op_default', '', 's:4:"next";'),
('conf_field_sph_cd', 'module', '', 's:3:"sph";'),
('conf_field_sphxmicxt', 'force_var_itemkey', '', 's:6:"sph_cd";'),
('conf_field_sphxmicxt', 'module', '', 's:3:"cxt";'),
('conf_field_sphxmicxt', 'op_xmi_itemkey', '', 's:6:"sph_cd";'),
('conf_field_sphxmicxt', 'xmi_mod', '', 's:3:"sph";'),
('conf_field_sphxmitmb', 'force_var_itemkey', '', 's:6:"sph_cd";'),
('conf_field_sphxmitmb', 'module', '', 's:3:"tmb";'),
('conf_field_sphxmitmb', 'op_xmi_itemkey', '', 's:6:"sph_cd";'),
('conf_field_sphxmitmb', 'xmi_mod', '', 's:3:"sph";'),
('conf_field_takenby', 'actors_element', '', 's:4:"name";'),
('conf_field_takenby', 'actors_elementclass', '', 's:3:"txt";'),
('conf_field_takenby', 'actors_grp', '', 'N;'),
('conf_field_takenby', 'actors_mod', '', 's:3:"abk";'),
('conf_field_takenby', 'actors_style', '', 's:6:"single";'),
('conf_field_takenby', 'actors_type', '', 's:6:"people";'),
('conf_field_takenon', 'datestyle', '', 's:8:"dd,mm,yr";'),
('conf_field_takenon', 'field_op_default', '', 's:3:"now";'),
('conf_field_tmbstatus', 'op_display_mode', '', 's:9:"static_dd";'),
('conf_field_tmbxmipln', 'force_var_itemkey', '', 's:6:"tmb_cd";'),
('conf_field_tmbxmipln', 'module', '', 's:3:"pln";'),
('conf_field_tmbxmipln', 'op_xmi_itemkey', '', 's:6:"tmb_cd";'),
('conf_field_tmbxmipln', 'xmi_mod', '', 's:3:"tmb";'),
('conf_field_tmbxmisph', 'force_var_itemkey', '', 's:6:"tmb_cd";'),
('conf_field_tmbxmisph', 'module', '', 's:3:"sph";'),
('conf_field_tmbxmisph', 'op_pattern', '', 's:33:"pattern = "[0-9 ]*" type="number"";'),
('conf_field_tmbxmisph', 'op_xmi_itemkey', '', 's:6:"tmb_cd";'),
('conf_field_tmbxmisph', 'xmi_mod', '', 's:3:"tmb";'),
('conf_reg_op', 'options', '', 's:14:"view,enter,qed";'),
('conf_reg_op_no_enter', 'options', '', 's:8:"view,qed";'),
('cxt_basicinterp', 'op_moddif', '', 'b:1;'),
('cxt_cd_register', 'op_num_rows', '', 'i:5;'),
('cxt_cd_register', 'op_sf_cssclass', '', 's:8:"register";'),
('cxt_file_display', 'op_default_dir', '', 's:10:"data/files";'),
('cxt_file_display', 'op_lightbox', '', 'b:1;'),
('cxt_file_display', 'op_moddif', '', 'N;'),
('cxt_findtypes', 'op_moddif', '', 'b:1;'),
('cxt_interp', 'op_copy_button', '', 's:12:"cxt_reg_desc";'),
('cxt_matrix', 'op_fancylabel_dir', '', 's:7:"topdown";'),
('cxt_matrix', 'op_fancylabels', '', 's:3:"off";'),
('cxt_matrix', 'op_spantype', '', 's:7:"tvector";'),
('cxt_pln_display', 'op_lightbox', '', 'b:1;'),
('cxt_pln_display', 'xmi_mod', '', 's:3:"pln";'),
('cxt_pln_display', 'xmi_mode', '', 's:4:"live";'),
('cxt_reusetxt', 'op_emptyfielddisp', '', 'b:1;'),
('cxt_rgf_display', 'xmi_mod', '', 's:3:"rgf";'),
('cxt_rgf_display', 'xmi_mode', '', 's:4:"live";'),
('cxt_sec_display', 'xmi_mod', '', 's:3:"sec";'),
('cxt_sec_display', 'xmi_mode', '', 's:4:"live";'),
('cxt_sgr_display', 'op_lightbox', '', 'b:1;'),
('cxt_sgr_display', 'xmi_mod', '', 's:3:"sgr";'),
('cxt_sgr_display', 'xmi_mode', '', 's:4:"live";'),
('cxt_smp_display', 'op_lightbox', '', 'b:1;'),
('cxt_smp_display', 'xmi_mod', '', 's:3:"smp";'),
('cxt_smp_display', 'xmi_mode', '', 's:4:"live";'),
('cxt_spat_display', 'op_buffer', '', 'd:0.5;'),
('cxt_spat_display', 'op_map', '', 'i:2;'),
('cxt_spat_display', 'op_shrgeom_spantype', '', 's:7:"shrgeom";'),
('cxt_spat_display', 'selectInteraction', '', 's:25:"genSelectMultiInteraction";'),
('cxt_sph_display', 'op_lightbox', '', 'b:1;'),
('cxt_sph_display', 'xmi_mod', '', 's:3:"sph";'),
('cxt_sph_display', 'xmi_mode', '', 's:4:"live";'),
('cxt_tmb_display', 'op_lightbox', '', 'b:1;'),
('cxt_tmb_display', 'xmi_mod', '', 's:3:"tmb";'),
('cxt_tmb_display', 'xmi_mode', '', 's:4:"live";'),
('data_entry_abk_body', 'op_display_type', '', 's:4:"cols";'),
('data_entry_abk_body', 'op_top_col', '', 's:11:"main_column";'),
('data_entry_abk_body_col', 'col_id', '', 's:11:"main_column";'),
('data_entry_abk_body_col', 'col_type', '', 's:12:"register_col";'),
('data_entry_cxt_body', 'op_display_type', '', 's:4:"cols";'),
('data_entry_cxt_body', 'op_top_col', '', 's:11:"main_column";'),
('data_entry_cxt_body_col', 'col_id', '', 's:11:"main_column";'),
('data_entry_cxt_body_col', 'col_type', '', 's:12:"register_col";'),
('data_entry_grp_body', 'op_display_type', '', 's:4:"cols";'),
('data_entry_grp_body', 'op_top_col', '', 's:11:"main_column";'),
('data_entry_grp_body_col', 'col_id', '', 's:11:"main_column";'),
('data_entry_grp_body_col', 'col_type', '', 's:12:"register_col";'),
('data_entry_pln_body', 'op_display_type', '', 's:4:"cols";'),
('data_entry_pln_body', 'op_top_col', '', 's:11:"main_column";'),
('data_entry_pln_body_col', 'col_id', '', 's:11:"main_column";'),
('data_entry_pln_body_col', 'col_type', '', 's:12:"register_col";'),
('data_entry_rgf_body', 'op_display_type', '', 's:4:"cols";'),
('data_entry_rgf_body', 'op_top_col', '', 's:11:"main_column";'),
('data_entry_rgf_body_col', 'col_id', '', 's:11:"main_column";'),
('data_entry_rgf_body_col', 'col_type', '', 's:12:"register_col";'),
('data_entry_sec_body', 'op_display_type', '', 's:4:"cols";'),
('data_entry_sec_body', 'op_top_col', '', 's:11:"main_column";'),
('data_entry_sec_body_col', 'col_id', '', 's:11:"main_column";'),
('data_entry_sec_body_col', 'col_type', '', 's:12:"register_col";'),
('data_entry_sgr_body', 'op_display_type', '', 's:4:"cols";'),
('data_entry_sgr_body', 'op_top_col', '', 's:11:"main_column";'),
('data_entry_sgr_body_col', 'col_id', '', 's:11:"main_column";'),
('data_entry_sgr_body_col', 'col_type', '', 's:12:"register_col";'),
('data_entry_smp_body', 'op_display_type', '', 's:4:"cols";'),
('data_entry_smp_body', 'op_top_col', '', 's:11:"main_column";'),
('data_entry_smp_body_col', 'col_id', '', 's:11:"main_column";'),
('data_entry_smp_body_col', 'col_type', '', 's:12:"register_col";'),
('data_entry_sph_body', 'op_display_type', '', 's:4:"cols";'),
('data_entry_sph_body', 'op_top_col', '', 's:11:"main_column";'),
('data_entry_sph_body_col', 'col_id', '', 's:11:"main_column";'),
('data_entry_sph_body_col', 'col_type', '', 's:12:"register_col";'),
('data_entry_tmb_body', 'op_display_type', '', 's:4:"cols";'),
('data_entry_tmb_body', 'op_top_col', '', 's:11:"main_column";'),
('data_entry_tmb_body_col', 'col_id', '', 's:11:"main_column";'),
('data_entry_tmb_body_col', 'col_type', '', 's:12:"register_col";'),
('grp_message', 'op_message', '', 's:18:"under_construction";'),
('micro_view_abk_body', 'op_display_type', '', 's:4:"cols";'),
('micro_view_abk_body', 'op_top_col', '', 's:11:"main_column";'),
('micro_view_abk_body_col_1', 'col_id', '', 's:11:"main_column";'),
('micro_view_abk_body_col_1', 'col_type', '', 's:11:"primary_col";'),
('micro_view_cxt_body', 'op_display_type', '', 's:4:"cols";'),
('micro_view_cxt_body', 'op_top_col', '', 's:11:"main_column";'),
('micro_view_cxt_body_col_1', 'col_id', '', 's:11:"main_column";'),
('micro_view_cxt_body_col_1', 'col_type', '', 's:11:"primary_col";'),
('micro_view_cxt_body_col_2', 'col_id', '', 's:13:"second_column";'),
('micro_view_cxt_body_col_2', 'col_type', '', 's:13:"secondary_col";'),
('micro_view_cxt_body_col_3', 'col_id', '', 's:12:"third_column";'),
('micro_view_cxt_body_col_3', 'col_type', '', 's:12:"tertiary_col";'),
('micro_view_grp_body', 'op_display_type', '', 's:4:"cols";'),
('micro_view_grp_body', 'op_top_col', '', 's:11:"main_column";'),
('micro_view_grp_body_col_1', 'col_id', '', 's:11:"main_column";'),
('micro_view_grp_body_col_1', 'col_type', '', 's:11:"primary_col";'),
('micro_view_grp_body_col_2', 'col_id', '', 's:13:"second_column";'),
('micro_view_grp_body_col_2', 'col_type', '', 's:13:"secondary_col";'),
('micro_view_pln_body', 'op_display_type', '', 's:4:"cols";'),
('micro_view_pln_body', 'op_top_col', '', 's:11:"main_column";'),
('micro_view_pln_body_col_1', 'col_id', '', 's:11:"main_column";'),
('micro_view_pln_body_col_1', 'col_type', '', 's:11:"primary_col";'),
('micro_view_pln_body_col_2', 'col_id', '', 's:13:"second_column";'),
('micro_view_pln_body_col_2', 'col_type', '', 's:13:"secondary_col";'),
('micro_view_rgf_body', 'op_display_type', '', 's:4:"cols";'),
('micro_view_rgf_body', 'op_top_col', '', 's:11:"main_column";'),
('micro_view_rgf_body_col_1', 'col_id', '', 's:11:"main_column";'),
('micro_view_rgf_body_col_1', 'col_type', '', 's:11:"primary_col";'),
('micro_view_rgf_body_col_2', 'col_id', '', 's:13:"second_column";'),
('micro_view_rgf_body_col_2', 'col_type', '', 's:13:"secondary_col";'),
('micro_view_sec_body', 'op_display_type', '', 's:4:"cols";'),
('micro_view_sec_body', 'op_top_col', '', 's:11:"main_column";'),
('micro_view_sec_body_col_1', 'col_id', '', 's:11:"main_column";'),
('micro_view_sec_body_col_1', 'col_type', '', 's:11:"primary_col";'),
('micro_view_sec_body_col_2', 'col_id', '', 's:13:"second_column";'),
('micro_view_sec_body_col_2', 'col_type', '', 's:13:"secondary_col";'),
('micro_view_sgr_body', 'op_display_type', '', 's:4:"cols";'),
('micro_view_sgr_body', 'op_top_col', '', 's:11:"main_column";'),
('micro_view_sgr_body_col_1', 'col_id', '', 's:11:"main_column";'),
('micro_view_sgr_body_col_1', 'col_type', '', 's:11:"primary_col";'),
('micro_view_sgr_body_col_2', 'col_id', '', 's:13:"second_column";'),
('micro_view_sgr_body_col_2', 'col_type', '', 's:13:"secondary_col";'),
('micro_view_sgr_body_col_3', 'col_id', '', 's:13:"second_column";'),
('micro_view_sgr_body_col_3', 'col_type', '', 's:12:"tertiary_col";'),
('micro_view_smp_body', 'op_display_type', '', 's:4:"cols";'),
('micro_view_smp_body', 'op_top_col', '', 's:11:"main_column";'),
('micro_view_smp_body_col_1', 'col_id', '', 's:11:"main_column";'),
('micro_view_smp_body_col_1', 'col_type', '', 's:11:"primary_col";'),
('micro_view_smp_body_col_2', 'col_id', '', 's:13:"second_column";'),
('micro_view_smp_body_col_2', 'col_type', '', 's:13:"secondary_col";'),
('micro_view_sph_body', 'op_display_type', '', 's:4:"cols";'),
('micro_view_sph_body', 'op_top_col', '', 's:11:"main_column";'),
('micro_view_sph_body_col_1', 'col_id', '', 's:11:"main_column";'),
('micro_view_sph_body_col_1', 'col_type', '', 's:11:"primary_col";'),
('micro_view_sph_body_col_2', 'col_id', '', 's:16:"secondary_column";'),
('micro_view_sph_body_col_2', 'col_type', '', 's:13:"secondary_col";'),
('micro_view_tmb_body', 'op_display_type', '', 's:4:"cols";'),
('micro_view_tmb_body', 'op_top_col', '', 's:11:"main_column";'),
('micro_view_tmb_body_col_1', 'col_id', '', 's:11:"main_column";'),
('micro_view_tmb_body_col_1', 'col_type', '', 's:11:"primary_col";'),
('micro_view_tmb_body_col_2', 'col_id', '', 's:13:"second_column";'),
('micro_view_tmb_body_col_2', 'col_type', '', 's:13:"secondary_col";'),
('pln_cd_register', 'op_no_rows', '', 'i:5;'),
('pln_cd_register', 'op_reg_mode', '', 's:3:"tbl";'),
('pln_cd_register', 'op_sf_cssclass', '', 's:8:"register";'),
('pln_cxt_display', 'xmi_mod', '', 's:3:"cxt";'),
('pln_cxt_display', 'xmi_mode', '', 's:4:"auto";'),
('pln_drawings_display', 'op_default_dir', '', 's:10:"data/files";'),
('pln_drawings_display', 'op_lightbox', '', 'b:1;'),
('pln_drawings_display', 'op_moddif', '', 'N;'),
('pln_tmb_display', 'op_lightbox', '', 'b:1;'),
('pln_tmb_display', 'xmi_mod', '', 's:3:"tmb";'),
('pln_tmb_display', 'xmi_mode', '', 's:4:"auto";'),
('rgf_basicinterp', 'op_moddif', '', 'b:1;'),
('rgf_cd_register', 'op_no_rows', '', 'i:5;'),
('rgf_cd_register', 'op_sf_cssclass', '', 's:8:"register";'),
('rgf_dispchars', 'op_moddif', '', 'b:1;'),
('rgf_img_desc', 'op_emptyfielddisp', '', 'b:1;'),
('rgf_xmi_cxts', 'xmi_mod', '', 's:3:"cxt";'),
('rgf_xmi_cxts', 'xmi_mode', '', 's:4:"live";'),
('sec_attributes', 'op_sf_cssclass', '', 's:20:"mc_subform attribute";'),
('sec_cd_register', 'op_no_rows', '', 'i:5;'),
('sec_cd_register', 'op_reg_mode', '', 's:3:"tbl";'),
('sec_cd_register', 'op_sf_cssclass', '', 's:8:"register";'),
('sec_cxt_display', 'op_xmi_sorting', '', 's:7:"natural";'),
('sec_cxt_display', 'xmi_mod', '', 's:3:"cxt";'),
('sec_cxt_display', 'xmi_mode', '', 's:4:"auto";'),
('sec_plan_link', 'xmi_mod', '', 's:3:"pln";'),
('sec_plan_link', 'xmi_mode', '', 's:4:"auto";'),
('sgr_cd_register', 'op_no_rows', '', 'i:5;'),
('sgr_cd_register', 'op_reg_mode', '', 's:3:"tbl";'),
('sgr_cxttbl', 'default', '', 'N;'),
('sgr_cxttbl', 'op_assemblage_type', 'field', 'conf_field_sgrcxtxmi'),
('sgr_cxttbl', 'op_xmi_field', 'field', 'conf_field_sgrcxtxmi'),
('sgr_matrix', 'op_fancylabel_dir', '', 's:7:"topdown";'),
('sgr_matrix', 'op_fancylabels', '', 's:3:"off";'),
('sgr_matrix', 'op_spantype', '', 's:7:"tvector";'),
('sgr_narrative', 'op_copy_button', '', 's:18:"sgr_su_description";'),
('smp_cd_register', 'op_no_rows', '', 'i:5;'),
('smp_cd_register', 'op_sf_cssclass', '', 's:8:"register";'),
('smp_othercomments', 'op_emptyfielddisp', '', 'b:1;'),
('smp_status_frame', 'op_sf_cssclass', '', 's:20:"officeuse mc_subform";'),
('smp_statusnotes', 'op_emptyfielddisp', '', 'b:1;'),
('smp_xmi_cxts', 'xmi_mod', '', 's:3:"cxt";'),
('smp_xmi_cxts', 'xmi_mode', '', 's:4:"live";'),
('sph_cd_register', 'op_no_rows', '', 'i:5;'),
('sph_cd_register', 'op_sf_cssclass', '', 's:8:"register";'),
('sph_cxt_display', 'op_lightbox', '', 'b:1;'),
('sph_cxt_display', 'xmi_mod', '', 's:3:"cxt";'),
('sph_cxt_display', 'xmi_mode', '', 's:4:"live";'),
('sph_img_display', 'op_default_dir', '', 's:10:"data/files";'),
('sph_img_display', 'op_lightbox', '', 'b:1;'),
('sph_img_display', 'op_moddif', '', 'N;'),
('sph_phoattributes', 'op_sf_cssclass', '', 's:20:"mc_subform attribute";'),
('sph_tmb_display', 'op_lightbox', '', 'b:1;'),
('sph_tmb_display', 'xmi_mod', '', 's:3:"tmb";'),
('sph_tmb_display', 'xmi_mode', '', 's:4:"live";'),
('tmb_cd_register', 'op_no_rows', '', 'i:5;'),
('tmb_cd_register', 'op_sf_cssclass', '', 's:8:"register";'),
('tmb_comment', 'op_emptyfielddisp', '', 'b:1;'),
('tmb_file_display', 'op_default_dir', '', 's:10:"data/files";'),
('tmb_file_display', 'op_lightbox', '', 'b:1;'),
('tmb_file_display', 'op_moddif', '', 'N;'),
('tmb_img_desc', 'op_emptyfielddisp', '', 'b:1;'),
('tmb_xmi_cxts', 'xmi_mod', '', 's:3:"cxt";'),
('tmb_xmi_cxts', 'xmi_mode', '', 's:4:"auto";'),
('tmb_xmi_photos', 'xmi_mod', '', 's:3:"sph";'),
('tmb_xmi_photos', 'xmi_mode', '', 's:4:"auto";'),
('tmb_xmi_pln', 'xmi_mod', '', 's:3:"pln";'),
('tmb_xmi_pln', 'xmi_mode', '', 's:4:"auto";');

--
-- Truncate table before insert `cor_conf_page`
--

TRUNCATE TABLE `cor_conf_page`;
--
-- Dumping data for table `cor_conf_page`
--

INSERT INTO `cor_conf_page` (`page_id`, `name`, `title`, `enabled`, `visible`, `sgrp`, `file`, `code_dir`, `nav_seq`, `navname`, `nav_link_vars`) VALUES
('alias_admin', 'Alias Admin', 'Alias Admin Page', 1, 1, '2', 'alias_admin.php', 'php/alias_admin/', 7, 'aliasnav', '?view=home'),
('api', 'api', 'api', 1, 0, '3', 'api.php', 'api/', 0, 'api', '?view=home'),
('data_entry', 'Data Entry', 'Data Entry Page', 0, 1, '1', 'data_entry.php', 'php/data_entry/', 3, 'dataentrynav', '?view=regist'),
('data_view', 'Search', 'Search Page', 1, 1, '3', 'data_view.php', 'php/data_view/', 4, 'searchnav', ''),
('download', 'Download', 'Download Page', 1, 0, '3', 'download.php', '', 13, 'downloadnav', '?view=home'),
('feed', 'Feed', 'Feed Page', 1, 0, '1', 'feed.php', '', 14, 'feednav', '?view=home'),
('import', 'Import', 'Import Page', 1, 1, '2', 'import.php', 'php/import/', 10, 'importnav', '?view=home'),
('logout', 'logout', 'logout', 1, 0, '3', 'logout.php', 'php/tablet/', 0, 'logout', '?view=home'),
('map_admin', 'Map Admin', 'Map Admin Page', 1, 1, '1', 'map_admin.php', 'php/map_admin/', 0, 'mapadminnav', '?view=home'),
('map_view', 'Map View', 'Map View Page', 1, 1, '1', 'map_view.php', 'php/map_view/', 9, 'mapviewnav', '?view=home'),
('markup_admin', 'Markup Admin', 'Markup Admin Page', 1, 1, '2', 'markup_admin.php', 'php/markup_admin/', 8, 'markupnav', '?view=home'),
('micro_view', 'Record View', 'Record View Page', 1, 1, '3', 'micro_view.php', 'php/micro_view/', 5, 'recordviewnav', '?view=home'),
('overlay_holder', 'Overlay Holder', 'Overlay Holder', 1, 0, '1', 'overlay_holder.php', '', 12, 'overlayholder', '?view=home'),
('resultsmicro_view', 'Results Micro View', 'Results Micro View Page', 1, 0, '1', 'resultsmicro_view.php', '', 11, 'results_mvnav', '?view=home'),
('sgr_view', 'SubGroup View', 'SubGroup View Page', 1, 1, '1', 'sgr_view.php', 'php/sgr_view/', 6, 'sgrviewnav', '?view=home'),
('transclude_object', 'Transclude', 'Transclude Page', 1, 0, '1', 'transclude_object.php', '', 15, 'transcludenav', '?view=home'),
('user_admin', 'User Admin', 'User Admin Page', 1, 1, '2', 'user_admin.php', 'php/user_admin/', 2, 'usersnav', '?view=home'),
('user_home', 'User Home', 'User Home Page', 1, 1, '1', 'user_home.php', 'php/common/', 1, 'userhomenav', '?view=home');

--
-- Truncate table before insert `cor_conf_subform`
--

TRUNCATE TABLE `cor_conf_subform`;
--
-- Dumping data for table `cor_conf_subform`
--

INSERT INTO `cor_conf_subform` (`subform_id`, `view_state`, `edit_state`, `nav_type`, `title`, `script`, `label`, `input`) VALUES
('abk_cd_register', 'max', 'edit', 'none', 'register', 'php/subforms/sf_register_tablet.php', 'save', 'save'),
('abk_desc', 'max', 'view', 'name', 'desc', 'php/subforms/sf_txt.php', 'space', 'save'),
('cxt_bark', 'max', 'view', 'none', 'bark', 'php/subforms/sf_attr_bytype.php', 'space', 'save'),
('cxt_basicinterp', 'max', 'view', 'nmedit', 'basicinterp', 'php/subforms/sf_attr_bytype.php', 'space', 'save'),
('cxt_cd_register', 'max', 'ent', 'none', 'register', 'php/subforms/sf_register_tbl.php', 'save', 'save'),
('cxt_events', 'max', 'view', 'nmedit', 'meta', 'php/subforms/sf_event.php', 'space', 'save'),
('cxt_file_display', 'max', 'view', 'nmedit', 'cxt_files', 'php/subforms/sf_file.php', NULL, NULL),
('cxt_findtypes', 'max', 'view', 'nmedit', 'finds', 'php/subforms/sf_attr_bytype.php', 'space', 'save'),
('cxt_interp', 'max', 'edit', 'nmedit', 'cxt_desc', 'php/sgr_view/subforms/sf_interp.php', 'space', 'save'),
('cxt_locn', 'max', 'view', 'nmedit', 'cxtlocn', 'php/subforms/sf_attr_bytype.php', 'space', 'save'),
('cxt_matrix', 'max', 'view', 'nmedit', 'matrix', 'php/subforms/sf_spanmatrix.php', 'space', 'plus_sign'),
('cxt_matrixframe', 'max', 'view', 'nmedit', 'matrix', 'php/subforms/sf_frame.php', 'space', 'save'),
('cxt_other_matrix', 'max', 'view', 'nmedit', 'othermatrix', 'php/subforms/sf_span_rel.php', 'space', 'plus_sign'),
('cxt_pln_display', 'max', 'view', 'nmedit', 'plan', 'php/subforms/sf_xmi.php', NULL, NULL),
('cxt_reuseattr', 'max', 'view', 'none', 'reuseattr', 'php/subforms/sf_attr_bytype.php', 'space', 'save'),
('cxt_reusetxt', 'max', 'view', 'full', 'reusetxt', 'php/subforms/sf_txt.php', 'space', 'save'),
('cxt_rgf_display', 'max', 'view', 'nmedit', 'objects', 'php/subforms/sf_xmi.php', NULL, NULL),
('cxt_sec_display', 'max', 'view', 'nmedit', 'sections', 'php/subforms/sf_xmi.php', NULL, NULL),
('cxt_sgr_display', 'max', 'view', 'nmedit', 'subgroup', 'php/subforms/sf_xmi.php', NULL, NULL),
('cxt_short_desc', 'max', 'view', 'nmedit', 'cxt_reg_text', 'php/subforms/sf_txt.php', 'space', 'save'),
('cxt_smp_display', 'max', 'view', 'nmedit', 'samples', 'php/subforms/sf_xmi.php', NULL, NULL),
('cxt_spat_display', 'max', 'view', 'nmedit', 'cxt_plan', 'php/map/subforms/sf_ol3map.php', NULL, NULL),
('cxt_sph_display', 'max', 'view', 'nmedit', 'site_photo', 'php/subforms/sf_xmi.php', NULL, NULL),
('cxt_timberframe', 'max', 'view', 'nmedit', 'timber', 'php/subforms/sf_frame.php', 'space', 'save'),
('cxt_tmb_display', 'max', 'view', 'nmedit', 'timbers', 'php/subforms/sf_xmi.php', NULL, NULL),
('grp_message', 'max', 'view', 'none', 'message', 'php/subforms/sf_message.php', NULL, NULL),
('pln_attr', 'max', 'view', 'nmedit', 'plnattr', 'php/subforms/sf_attr_bytype.php', 'space', 'save'),
('pln_cd_register', 'max', 'edit', 'none', 'register', 'php/subforms/sf_register_tbl.php', 'save', 'save'),
('pln_cxt_display', 'max', 'view', 'nmedit', 'cxts', 'php/subforms/sf_xmi.php', NULL, NULL),
('pln_drawings_display', 'max', 'view', 'nmedit', 'pln_drawings', 'php/subforms/sf_file.php', NULL, NULL),
('pln_img_desc', 'max', 'view', 'nmedit', 'desc', 'php/subforms/sf_txt.php', 'space', 'edit'),
('pln_meta', 'max', 'view', 'nmedit', 'meta', 'php/subforms/sf_event.php', 'space', 'edit'),
('pln_tmb_display', 'max', 'view', 'nmedit', 'timbers', 'php/subforms/sf_xmi.php', NULL, NULL),
('rgf_basicinterp', 'max', 'view', 'nmedit', 'rgfbasicinterp', 'php/subforms/sf_attr_bytype.php', 'space', 'save'),
('rgf_cd_register', 'max', 'edit', 'none', 'register', 'php/subforms/sf_register_tbl.php', 'save', 'save'),
('rgf_comment', 'max', 'view', 'nmedit', 'rgfcomment', 'php/subforms/sf_txt.php', 'space', 'edit'),
('rgf_dispchars', 'max', 'view', 'nmedit', 'rgfdispchars', 'php/subforms/sf_attr_bytype.php', 'space', 'save'),
('rgf_events', 'max', 'view', 'none', 'meta', 'php/subforms/sf_event.php', 'space', 'save'),
('rgf_img_desc', 'max', 'view', 'nmedit', 'desc', 'php/subforms/sf_txt.php', 'space', 'edit'),
('rgf_xmi_cxts', 'max', 'view', 'nmedit', 'rgfxmicxt', 'php/subforms/sf_xmi.php', 'link', 'add'),
('sec_attributes', 'max', 'view', 'nmedit', 'secattributes', 'php/subforms/sf_attr_bytype.php', 'space', 'save'),
('sec_cd_register', 'max', 'edit', 'none', 'register', 'php/subforms/sf_register_tbl.php', 'save', 'save'),
('sec_cxt_display', 'max', 'view', 'nmedit', 'cxts', 'php/subforms/sf_xmi.php', NULL, NULL),
('sec_desc', 'max', 'view', 'nmedit', 'desc', 'php/subforms/sf_txt.php', 'space', 'save'),
('sec_meta', 'max', 'view', 'nmedit', 'meta', 'php/subforms/sf_event.php', 'space', 'save'),
('sec_plan_link', 'max', 'view', 'nmedit', 'secplns', 'php/subforms/sf_xmi.php', NULL, NULL),
('sgr_cd_register', 'max', 'edit', 'none', 'register', 'php/subforms/sf_register_tbl.php', 'save', 'save'),
('sgr_cxttbl', 'max', 'edit', 'nmedit', 'cxttbl', 'php/subforms/sf_xmitable.php', 'space', 'save'),
('sgr_matrix', 'max', 'view', 'nmedit', 'sgrmatrix', 'php/subforms/sf_spanmatrix.php', 'space', 'plus_sign'),
('sgr_narrative', 'max', 'edit', 'nmedit', 'sgrnarrative', 'php/sgr_view/subforms/sf_interp.php', 'space', 'save'),
('sgr_su_description', 'max', 'view', 'nmedit', 'sgr_reg_desc', 'php/subforms/sf_txt.php', 'space', 'save'),
('smp_cd_register', 'max', 'edit', 'none', 'register', 'php/subforms/sf_register_tbl.php', 'save', 'save'),
('smp_cond', 'max', 'view', 'nmedit', 'samplecondition', 'php/subforms/sf_attr_bytype.php', 'space', 'save'),
('smp_desc_frame', 'max', 'view', 'nmedit', 'desc', 'php/subforms/sf_frame.php', 'space', 'save'),
('smp_events', 'max', 'view', 'nmedit', 'meta', 'php/subforms/sf_event.php', 'space', 'save'),
('smp_hfextrac', 'max', 'view', 'nmedit', 'smp_hfextrac', 'php/subforms/sf_attr_bytype.php', 'space', 'save'),
('smp_hfstatus', 'max', 'view', 'nmedit', 'fractionstatus', 'php/subforms/sf_attr_bytype.php', 'space', 'save'),
('smp_hvy_fr_ass', 'max', 'edit', 'none', 'blank', 'php/subforms/sf_attr_boolean.php', 'link', 'add'),
('smp_hvy_fracfrm', 'max', 'view', 'nmedit', 'hvyfrac', 'php/subforms/sf_frame.php', 'space', 'save'),
('smp_lflocn', 'max', 'view', 'nmedit', 'lightfractionlocn', 'php/subforms/sf_attr_bytype.php', 'space', 'save'),
('smp_lfstatus', 'max', 'view', 'nmedit', 'fractionstatus', 'php/subforms/sf_attr_bytype.php', 'space', 'save'),
('smp_lgh_fr_rec', 'max', 'edit', 'none', 'blank', 'php/subforms/sf_attr_boolean.php', 'link', 'add'),
('smp_lgh_fracfrm', 'max', 'view', 'nmedit', 'lghfrac', 'php/subforms/sf_frame.php', 'space', 'save'),
('smp_numofbags', 'max', 'view', 'nmedit', 'numofbags', 'php/subforms/sf_number.php', 'space', 'save'),
('smp_othercomments', 'max', 'view', 'nmedit', 'other', 'php/subforms/sf_txt.php', 'space', 'save'),
('smp_questions', 'max', 'view', 'nmedit', 'samplequestions', 'php/subforms/sf_txt.php', 'space', 'save'),
('smp_samplestatus', 'max', 'view', 'nmedit', 'samplestatus', 'php/subforms/sf_attr_bytype.php', 'space', 'save'),
('smp_short_desc', 'max', 'view', 'nmedit', 'regdesc', 'php/subforms/sf_txt.php', 'space', 'save'),
('smp_status_frame', 'max', 'view', 'nmedit', 'samplestatus', 'php/subforms/sf_frame.php', 'space', 'save'),
('smp_statusnotes', 'max', 'view', 'nmedit', 'notes', 'php/subforms/sf_txt.php', 'space', 'save'),
('smp_volume', 'max', 'view', 'nmedit', 'volume', 'php/subforms/sf_number.php', 'space', 'save'),
('smp_xmi_cxts', 'max', 'view', 'nmedit', 'cxts', 'php/subforms/sf_xmi.php', 'link', 'add'),
('sph_cd_register', 'max', 'edit', 'none', 'register', 'php/subforms/sf_register_tbl.php', 'save', 'save'),
('sph_cxt_display', 'max', 'view', 'nmedit', 'cxts', 'php/subforms/sf_xmi.php', NULL, NULL),
('sph_events', 'max', 'view', 'nmedit', 'sphmeta', 'php/subforms/sf_event.php', 'space', 'save'),
('sph_img_desc', 'max', 'view', 'nmedit', 'regdesc', 'php/subforms/sf_txt.php', 'space', 'save'),
('sph_img_display', 'max', 'view', 'nmedit', 'site_photo', 'php/subforms/sf_file.php', NULL, NULL),
('sph_phoattributes', 'max', 'view', 'nmedit', 'phoattributes', 'php/subforms/sf_attr_bytype.php', 'space', 'save'),
('sph_tmb_display', 'max', 'view', 'nmedit', 'sph_timbers', 'php/subforms/sf_xmi.php', NULL, NULL),
('tbm_locn', 'max', 'view', 'nmedit', 'tbmlocn', 'php/subforms/sf_attr_bytype.php', 'space', 'save'),
('tmb_cd_register', 'max', 'edit', 'none', 'register', 'php/subforms/sf_register_tbl.php', 'save', 'save'),
('tmb_comment', 'max', 'edit', 'nmedit', 'tmb_comment', 'php/subforms/sf_txt.php', 'space', 'save'),
('tmb_events', 'max', 'view', 'nmedit', 'meta', 'php/subforms/sf_event.php', 'space', 'save'),
('tmb_file_display', 'max', 'view', 'nmedit', 'tmb_files', 'php/subforms/sf_file.php', NULL, NULL),
('tmb_img_desc', 'max', 'view', 'nmedit', 'regdesc', 'php/subforms/sf_txt.php', 'space', 'edit'),
('tmb_status', 'max', 'view', 'nmedit', 'tmb_status', 'php/sgr_view/subforms/sf_attr_bytype.php', 'tmb_status', 'edt'),
('tmb_xmi_cxts', 'max', 'view', 'nmedit', 'tmbxmicxt', 'php/subforms/sf_xmi.php', 'link', 'add'),
('tmb_xmi_photos', 'max', 'view', 'nmedit', 'tmb_photos', 'php/subforms/sf_xmi.php', 'link', 'add'),
('tmb_xmi_pln', 'max', 'view', 'nmedit', 'tmbxmipln', 'php/subforms/sf_xmi.php', 'link', 'add');

--
-- Truncate table before insert `cor_conf_ user_role`
--

TRUNCATE TABLE `cor_conf_ user_role`;
--
-- Truncate table before insert `cor_conf_vld_group`
--

TRUNCATE TABLE `cor_conf_vld_group`;
--
-- Dumping data for table `cor_conf_vld_group`
--

INSERT INTO `cor_conf_vld_group` (`vld_group_id`, `seq`, `vld_rule_id`) VALUES
('action_add_validation', 0, 'vd_cre_on'),
('action_add_validation', 1, 'vd_log'),
('action_add_validation', 2, 'vd_ste_cd'),
('action_add_validation', 3, 'vd_cre_by'),
('action_add_validation', 4, 'action_vd_actor_itemkey'),
('action_add_validation', 5, 'action_vd_5'),
('action_add_validation', 6, 'action_vd_valid'),
('action_add_validation', 7, 'action_vd_6'),
('action_add_validation', 8, 'action_vd_7'),
('action_add_validation', 9, 'action_vd_8'),
('action_edt_validation', 0, 'vd_cre_on'),
('action_edt_validation', 1, 'vd_log'),
('action_edt_validation', 2, 'vd_ste_cd'),
('action_edt_validation', 3, 'vd_cre_by'),
('action_edt_validation', 4, 'action_vd_actor_itemkey'),
('action_edt_validation', 5, 'action_vd_5'),
('action_edt_validation', 6, 'action_vd_valid'),
('action_edt_validation', 7, 'action_vd_6'),
('action_edt_validation', 8, 'action_vd_7'),
('action_edt_validation', 9, 'vd_frag_id'),
('action_edt_validation', 10, 'action_vd_8'),
('attr_add_validation', 0, 'vd_cre_on'),
('attr_add_validation', 1, 'vd_log'),
('attr_add_validation', 2, 'vd_ste_cd'),
('attr_add_validation', 3, 'vd_cre_by'),
('attr_add_validation', 4, 'attr_vd_attributetype'),
('attr_add_validation', 5, 'attr_vd_attribute'),
('attr_add_validation', 6, 'attr_vd_bv'),
('attr_add_validation', 7, 'attr_vd_key'),
('attr_add_validation', 8, 'attr_vd_val'),
('attr_edt_validation', 0, 'vd_cre_on'),
('attr_edt_validation', 1, 'vd_log'),
('attr_edt_validation', 2, 'vd_ste_cd'),
('attr_edt_validation', 3, 'vd_cre_by'),
('attr_edt_validation', 4, 'attr_vd_attributetype'),
('attr_edt_validation', 5, 'attr_vd_attribute'),
('attr_edt_validation', 6, 'attr_vd_bv'),
('attr_edt_validation', 7, 'attr_vd_key'),
('attr_edt_validation', 8, 'attr_vd_val'),
('attr_edt_validation', 9, 'vd_frag_id'),
('chain_xmi_add_validation', 0, 'vd_attrchainkey'),
('chain_xmi_add_validation', 1, 'vd_chainval'),
('chain_xmi_add_validation', 2, 'xmi_vd_xmi_itemkey'),
('chain_xmi_add_validation', 3, 'xmi_vd_xmi_itemlist'),
('chain_xmi_add_validation', 4, 'vd_log'),
('chain_xmi_add_validation', 5, 'vd_ste_cd'),
('chain_xmi_add_validation', 6, 'vd_cre_on'),
('chain_xmi_add_validation', 7, 'vd_cre_by'),
('chain_xmi_edt_validation', 0, 'vd_attrchainkey'),
('chain_xmi_edt_validation', 1, 'vd_chainval'),
('chain_xmi_edt_validation', 2, 'xmi_vd_xmi_itemkey'),
('chain_xmi_edt_validation', 3, 'xmi_vd_xmi_itemlist'),
('chain_xmi_edt_validation', 4, 'vd_log'),
('chain_xmi_edt_validation', 5, 'vd_ste_cd'),
('chain_xmi_edt_validation', 6, 'vd_cre_on'),
('chain_xmi_edt_validation', 7, 'vd_cre_by'),
('custom_action_add_vd', 0, 'vd_cre_on'),
('custom_action_add_vd', 1, 'vd_cre_by'),
('custom_action_add_vd', 2, 'action_vd_actor_itemkey'),
('custom_action_add_vd', 3, 'action_vd_5'),
('custom_action_add_vd', 4, 'action_vd_valid'),
('custom_action_add_vd', 5, 'action_vd_6'),
('custom_action_add_vd', 6, 'vd_txtchainkey'),
('custom_action_add_vd', 7, 'vd_chainval'),
('custom_action_edt_vd', 0, 'vd_cre_on'),
('custom_action_edt_vd', 1, 'vd_cre_by'),
('custom_action_edt_vd', 2, 'action_vd_actor_itemkey'),
('custom_action_edt_vd', 3, 'action_vd_5'),
('custom_action_edt_vd', 4, 'action_vd_valid'),
('custom_action_edt_vd', 5, 'action_vd_6'),
('custom_action_edt_vd', 6, 'vd_txtchainkey'),
('custom_action_edt_vd', 7, 'vd_frag_id'),
('custom_action_edt_vd', 8, 'vd_chainval'),
('custom_date_add_vd', 0, 'vd_cre_on'),
('custom_date_add_vd', 1, 'vd_cre_by'),
('custom_date_add_vd', 2, 'date_vd_datetype'),
('custom_date_add_vd', 3, 'date_vd_date'),
('custom_date_add_vd', 4, 'date_vd_dateset'),
('custom_date_add_vd', 5, 'vd_txtchainkey'),
('custom_date_add_vd', 6, 'vd_chainval'),
('custom_date_edt_vd', 0, 'vd_cre_on'),
('custom_date_edt_vd', 1, 'vd_cre_by'),
('custom_date_edt_vd', 2, 'date_vd_datetype'),
('custom_date_edt_vd', 3, 'date_vd_date'),
('custom_date_edt_vd', 4, 'vd_txtchainkey'),
('custom_date_edt_vd', 5, 'vd_frag_id'),
('custom_date_edt_vd', 6, 'vd_chainval'),
('cxtsgr_add_validation', 0, 'xmi_vd_itemkey'),
('cxtsgr_add_validation', 1, 'xmi_vd_itemval'),
('cxtsgr_add_validation', 2, 'xmi_vd_xmi_itemkey'),
('cxtsgr_add_validation', 3, 'vd_log'),
('cxtsgr_add_validation', 4, 'vd_cxtsgr'),
('cxtsgr_add_validation', 5, 'vd_ste_cd'),
('cxtsgr_add_validation', 6, 'vd_cre_on'),
('cxtsgr_add_validation', 7, 'vd_cre_by'),
('date_add_validation', 0, 'vd_cre_on'),
('date_add_validation', 1, 'vd_cre_by'),
('date_add_validation', 2, 'date_vd_datetype'),
('date_add_validation', 3, 'date_vd_date'),
('date_add_validation', 4, 'date_vd_dateset'),
('date_add_validation', 5, 'date_vd_key'),
('date_add_validation', 6, 'date_vd_val'),
('date_edt_validation', 0, 'vd_cre_on'),
('date_edt_validation', 1, 'vd_log'),
('date_edt_validation', 2, 'vd_ste_cd'),
('date_edt_validation', 3, 'vd_cre_by'),
('date_edt_validation', 4, 'date_vd_datetype'),
('date_edt_validation', 5, 'date_vd_date'),
('date_edt_validation', 6, 'date_vd_key'),
('date_edt_validation', 7, 'vd_frag_id'),
('date_edt_validation', 8, 'date_vd_val'),
('del_validation', 0, 'del_vd_frag_id'),
('del_validation', 1, 'del_vd_frag_id_2'),
('del_validation', 2, 'vd_cre_on'),
('del_validation', 3, 'vd_cre_by'),
('file_add_validation', 0, 'vd_cre_on'),
('file_add_validation', 1, 'vd_log'),
('file_add_validation', 2, 'vd_ste_cd'),
('file_add_validation', 3, 'vd_cre_by'),
('file_add_validation', 4, 'file_vd_file'),
('file_add_validation', 5, 'file_vd_key'),
('file_add_validation', 6, 'file_vd_val'),
('file_edt_validation', 0, 'vd_cre_on'),
('file_edt_validation', 1, 'vd_log'),
('file_edt_validation', 2, 'vd_ste_cd'),
('file_edt_validation', 3, 'vd_cre_by'),
('file_edt_validation', 4, 'file_vd_file'),
('file_edt_validation', 5, 'file_vd_key'),
('file_edt_validation', 6, 'file_vd_val'),
('key_add_validation', 0, 'vd_ste_cd'),
('key_add_validation', 1, 'key_vd_mod_short'),
('key_add_validation', 2, 'key_vd_itemval_a'),
('key_add_validation', 3, 'key_vd_itemval_b'),
('key_add_validation', 4, 'key_vd_mod_no_val_a'),
('key_add_validation', 5, 'key_vd_mod_no_val_b'),
('key_add_validation', 6, 'vd_cre_by'),
('key_add_validation', 7, 'vd_cre_on'),
('key_add_validation_loose', 0, 'vd_ste_cd'),
('key_add_validation_loose', 1, 'key_vd_mod_short'),
('key_add_validation_loose', 2, 'key_vd_itemval_a'),
('key_add_validation_loose', 3, 'key_vd_itemval_b'),
('key_add_validation_loose', 4, 'key_vd_mod_no_val_a'),
('key_add_validation_loose', 5, 'vd_cre_by'),
('key_add_validation_loose', 6, 'vd_cre_on'),
('key_edt_validation', 0, 'vd_ste_cd'),
('key_edt_validation', 1, 'key_vd_mod_short'),
('key_edt_validation', 2, 'key_vd_itemval_a'),
('key_edt_validation', 3, 'key_vd_mod_no_val_a'),
('key_edt_validation', 4, 'vd_cre_by'),
('key_edt_validation', 5, 'vd_cre_on'),
('key_edt_validation', 6, 'vd_log'),
('number_add_validation', 0, 'vd_cre_on'),
('number_add_validation', 1, 'vd_log'),
('number_add_validation', 2, 'vd_ste_cd'),
('number_add_validation', 3, 'vd_cre_by'),
('number_add_validation', 4, 'number_vd_numbertype'),
('number_add_validation', 5, 'number_vd_number'),
('number_add_validation', 6, 'number_vd_key'),
('number_add_validation', 7, 'number_vd_val'),
('number_edt_validation', 0, 'vd_cre_on'),
('number_edt_validation', 1, 'vd_log'),
('number_edt_validation', 2, 'vd_ste_cd'),
('number_edt_validation', 3, 'vd_cre_by'),
('number_edt_validation', 4, 'number_vd_numbertype'),
('number_edt_validation', 5, 'number_vd_number'),
('number_edt_validation', 6, 'number_vd_key'),
('number_edt_validation', 7, 'number_vd_val'),
('number_edt_validation', 8, 'vd_frag_id'),
('span_add_validation', 0, 'vd_cre_on'),
('span_add_validation', 1, 'vd_log'),
('span_add_validation', 2, 'vd_cre_by'),
('span_add_validation', 3, 'span_vd_spantype'),
('span_add_validation', 4, 'span_vd_dr_beg'),
('span_add_validation', 5, 'span_vd_dr_end'),
('span_add_validation', 6, 'span_vd_key'),
('span_add_validation', 7, 'span_vd_val'),
('span_edt_validation', 0, 'vd_cre_on'),
('span_edt_validation', 1, 'vd_log'),
('span_edt_validation', 2, 'vd_ste_cd'),
('span_edt_validation', 3, 'vd_cre_by'),
('span_edt_validation', 4, 'span_vd_spantype'),
('span_edt_validation', 5, 'span_vd_dr_beg'),
('span_edt_validation', 6, 'span_vd_dr_end'),
('span_edt_validation', 7, 'vd_frag_id'),
('txt_add_validation', 0, 'vd_cre_on'),
('txt_add_validation', 1, 'vd_log'),
('txt_add_validation', 2, 'vd_ste_cd'),
('txt_add_validation', 3, 'vd_cre_by'),
('txt_add_validation', 4, 'txt_vd_txttype'),
('txt_add_validation', 5, 'txt_vd_txt'),
('txt_add_validation', 6, 'txt_vd_key'),
('txt_add_validation', 7, 'txt_vd_val'),
('txt_add_validation', 8, 'vd_live_lang'),
('txt_edt_validation', 0, 'vd_cre_on'),
('txt_edt_validation', 1, 'vd_log'),
('txt_edt_validation', 2, 'vd_ste_cd'),
('txt_edt_validation', 3, 'vd_cre_by'),
('txt_edt_validation', 4, 'txt_vd_txttype'),
('txt_edt_validation', 5, 'txt_vd_txt'),
('txt_edt_validation', 6, 'txt_vd_key'),
('txt_edt_validation', 7, 'txt_vd_val'),
('txt_edt_validation', 8, 'vd_frag_id'),
('txt_edt_validation', 9, 'vd_live_lang'),
('xmi_add_validation', 0, 'xmi_vd_itemkey'),
('xmi_add_validation', 1, 'xmi_vd_itemval'),
('xmi_add_validation', 2, 'xmi_vd_xmi_itemkey'),
('xmi_add_validation', 3, 'xmi_vd_xmi_itemlist'),
('xmi_add_validation', 4, 'vd_log'),
('xmi_add_validation', 5, 'vd_ste_cd'),
('xmi_add_validation', 6, 'vd_cre_on'),
('xmi_add_validation', 7, 'vd_cre_by'),
('xmi_edt_validation', 0, 'xmi_vd_itemkey'),
('xmi_edt_validation', 1, 'xmi_vd_itemval'),
('xmi_edt_validation', 2, 'xmi_vd_xmi_itemkey'),
('xmi_edt_validation', 3, 'xmi_vd_xmi_itemlist'),
('xmi_edt_validation', 4, 'vd_log'),
('xmi_edt_validation', 5, 'vd_ste_cd'),
('xmi_edt_validation', 6, 'vd_cre_on'),
('xmi_edt_validation', 7, 'vd_cre_by');

--
-- Truncate table before insert `cor_conf_vld_role`
--

TRUNCATE TABLE `cor_conf_vld_role`;
--
-- Dumping data for table `cor_conf_vld_role`
--

INSERT INTO `cor_conf_vld_role` (`vld_role`, `description`) VALUES
('add', 'Add Validation'),
('del', 'Deletion Validation'),
('edt', 'Edit Validation');

--
-- Truncate table before insert `cor_conf_vld_rule`
--

TRUNCATE TABLE `cor_conf_vld_rule`;
--
-- Dumping data for table `cor_conf_vld_rule`
--

INSERT INTO `cor_conf_vld_rule` (`vld_rule_id`, `rq_func`, `vd_func`, `var_name`, `lv_name`, `var_locn`, `force_var`, `req_keytype`, `ret_keytype`) VALUES
('action_vd_5', 'reqClassType', 'chkSet', 'actiontype', 'classtype', 'field', NULL, NULL, NULL),
('action_vd_6', 'reqMulti', 'chkSet', 'actor', 'dyn_field', 'request', NULL, NULL, NULL),
('action_vd_7', 'reqMulti', 'chkSet', 'itemkey', 'item_key', 'live', NULL, NULL, NULL),
('action_vd_8', 'reqItemVal', 'chkSet', 'itemval', 'itemval', 'request', NULL, 'auto', 'cd'),
('action_vd_actor_itemkey', 'reqManual', 'chkSet', 'actor_itemkey', NULL, NULL, 'abk_cd', NULL, NULL),
('action_vd_valid', 'reqMulti', 'chkAbk', 'actor', 'dyn_field', 'request', NULL, NULL, NULL),
('attr_vd_attribute', 'reqMulti', 'chkSet', 'attribute', 'dyn_field', 'request', NULL, NULL, NULL),
('attr_vd_attributetype', 'reqClassType', 'chkSet', 'attributetype', 'classtype', 'field', NULL, NULL, NULL),
('attr_vd_bv', 'reqMulti', 'chkSet', 'bv', 'dyn_field_suffix', 'request', NULL, NULL, NULL),
('attr_vd_key', 'reqMulti', 'chkSet', 'itemkey', 'item_key', 'live', NULL, NULL, NULL),
('attr_vd_val', 'reqItemVal', 'chkSet', 'itemval', 'itemval', 'request', NULL, 'auto', 'cd'),
('date_vd_date', 'reqDate', 'chkDate', 'date', 'dyn_field', 'request', NULL, NULL, NULL),
('date_vd_dateset', 'reqDate', 'chkDateSet', 'date', 'dyn_field', 'request', NULL, NULL, NULL),
('date_vd_datetype', 'reqClassType', 'chkSet', 'datetype', 'classtype', 'field', NULL, NULL, NULL),
('date_vd_key', 'reqMulti', 'chkSet', 'itemkey', 'item_key', 'live', NULL, NULL, NULL),
('date_vd_val', 'reqItemVal', 'chkSet', 'itemval', 'itemval', 'request', NULL, 'auto', 'cd'),
('del_vd_frag_id', 'reqMulti', 'chkSet', 'frag_id', 'frag_id', 'request', NULL, NULL, NULL),
('del_vd_frag_id_2', 'reqMulti', 'chkChDown', 'frag_id', 'frag_id', 'request', NULL, NULL, NULL),
('file_vd_file', 'reqMulti', 'chkSkipBlank', 'file', 'dyn_field', 'request', NULL, NULL, NULL),
('file_vd_key', 'reqMulti', 'chkSet', 'itemkey', 'item_key', 'live', NULL, NULL, NULL),
('file_vd_val', 'reqItemVal', 'chkSet', 'itemval', 'itemval', 'request', NULL, 'auto', 'cd'),
('key_vd_itemval_a', 'reqItemVal', 'chkSet', 'itemval', 'itemval', 'request', NULL, 'auto', 'cd'),
('key_vd_itemval_b', 'reqItemVal', 'chkDuplicate', 'itemval', 'itemval', 'request', NULL, 'auto', 'cd'),
('key_vd_mod_no_val_a', 'reqItemVal', 'chkSet', 'mod_no_val', 'itemval', 'request', NULL, 'auto', 'no'),
('key_vd_mod_no_val_b', 'reqItemVal', 'chkNumeric', 'mod_no_val', 'itemval', 'request', NULL, 'auto', 'no'),
('key_vd_mod_short', 'reqMulti', 'chkSet', 'itemkey', 'item_key', 'live', NULL, NULL, NULL),
('number_vd_key', 'reqMulti', 'chkSet', 'itemkey', 'item_key', 'live', NULL, NULL, NULL),
('number_vd_number', 'reqMulti', 'chkSet', 'number', 'dyn_field', 'request', NULL, NULL, NULL),
('number_vd_numbertype', 'reqClassType', 'chkSet', 'numbertype', 'classtype', 'field', NULL, NULL, NULL),
('number_vd_val', 'reqItemVal', 'chkSet', 'itemval', 'itemval', 'request', NULL, 'auto', 'cd'),
('span_vd_dr_beg', 'reqDateRange', 'chkSet', 'beg', 'beg', 'request', NULL, NULL, NULL),
('span_vd_dr_end', 'reqDateRange', 'chkSet', 'end', 'end', 'request', NULL, NULL, NULL),
('span_vd_key', 'reqMulti', 'chkSet', 'itemkey', 'item_key', 'live', NULL, NULL, NULL),
('span_vd_spantype', 'reqClassType', 'chkSet', 'spantype', 'classtype', 'field', NULL, NULL, NULL),
('span_vd_val', 'reqItemVal', 'chkSet', 'itemval', 'itemval', 'request', NULL, 'auto', 'cd'),
('txt_vd_key', 'reqMulti', 'chkSet', 'itemkey', 'item_key', 'live', NULL, NULL, NULL),
('txt_vd_txt', 'reqMulti', 'chkSkipBlankAndDup', 'txt', 'dyn_field', 'request', NULL, NULL, NULL),
('txt_vd_txttype', 'reqClassType', 'chkSet', 'txttype', 'classtype', 'field', NULL, NULL, NULL),
('txt_vd_val', 'reqItemVal', 'chkSet', 'itemval', 'itemval', 'request', NULL, 'auto', 'cd'),
('vd_attrchainkey', 'reqManual', 'chkSet', 'itemkey', NULL, NULL, 'cor_tbl_attribute', NULL, NULL),
('vd_chainval', 'reqMulti', 'chkSet', 'itemval', 'interp_id', 'request', NULL, NULL, NULL),
('vd_cre_by', 'reqMulti', 'chkSet', 'cre_by', 'user_id', 'live', NULL, NULL, NULL),
('vd_cre_on', 'reqManual', 'chkSet', 'cre_on', NULL, NULL, 'NOW()', NULL, NULL),
('vd_cxtsgr', 'reqItemList', 'chkCxtSgrList', 'xmi_list', 'xmi_list', 'request', NULL, 'auto', 'cd'),
('vd_frag_id', 'reqFragId', 'chkSet', 'frag_id', 'id', 'request', NULL, NULL, NULL),
('vd_live_lang', 'reqMulti', 'chkSet', 'lang', 'lang', 'live', NULL, NULL, NULL),
('vd_log', 'reqMulti', 'chkSet', 'log', 'log_ins', 'live', NULL, NULL, NULL),
('vd_ste_cd', 'reqMulti', 'chkSet', 'ste_cd', 'ste_cd', 'session', NULL, NULL, NULL),
('vd_txtchainkey', 'reqManual', 'chkSet', 'itemkey', NULL, NULL, 'cor_tbl_txt', NULL, NULL),
('xmi_vd_itemkey', 'reqMulti', 'chkSet', 'itemkey', 'item_key', 'live', NULL, NULL, NULL),
('xmi_vd_itemval', 'reqItemVal', 'chkSet', 'itemval', 'itemval', 'request', NULL, 'auto', 'cd'),
('xmi_vd_xmi_itemkey', 'reqField', 'chkSet', 'xmi_itemkey', NULL, NULL, 'op_xmi_itemkey', NULL, NULL),
('xmi_vd_xmi_itemlist', 'reqItemList', 'chkItemListAllowBlank', 'xmi_list', 'xmi_list', 'request', NULL, 'auto', 'cd');
